[2026-09-22T02:20:16.884+0000] {manager.py:470} INFO - Processing files using up to 2 processes at a time 
[2026-09-22T02:20:16.887+0000] {manager.py:471} INFO - Process each file at most once every 30 seconds
[2026-09-22T02:20:16.889+0000] {manager.py:472} INFO - Checking for new files in /opt/airflow/dags every 300 seconds
[2026-09-22T02:20:16.892+0000] {manager.py:737} INFO - Searching for files in /opt/airflow/dags
[2026-09-22T02:20:16.942+0000] {manager.py:740} INFO - There are 1 files in /opt/airflow/dags
[2026-09-22T02:20:17.130+0000] {manager.py:878} INFO - 
================================================================================
DAG File Processing Stats

File Path                                  PID  Runtime      # DAGs    # Errors  Last Runtime    Last Run
---------------------------------------  -----  ---------  --------  ----------  --------------  ----------
/opt/airflow/dags/lakehouse_pipeline.py    164  0.09s             0           0
================================================================================
[2026-09-22T02:20:47.303+0000] {manager.py:878} INFO - 
================================================================================
DAG File Processing Stats

File Path                                PID    Runtime      # DAGs    # Errors  Last Runtime    Last Run
---------------------------------------  -----  ---------  --------  ----------  --------------  -------------------
/opt/airflow/dags/lakehouse_pipeline.py                           1           0  0.60s           2026-09-22T02:20:17
================================================================================
[2026-09-22T02:21:18.051+0000] {manager.py:878} INFO - 
================================================================================
DAG File Processing Stats

File Path                                  PID  Runtime      # DAGs    # Errors  Last Runtime    Last Run
---------------------------------------  -----  ---------  --------  ----------  --------------  -------------------
/opt/airflow/dags/lakehouse_pipeline.py    174  0.01s             1           0  0.16s           2026-09-22T02:20:48
================================================================================
[2026-09-22T02:21:48.267+0000] {manager.py:878} INFO - 
================================================================================
DAG File Processing Stats

File Path                                  PID  Runtime      # DAGs    # Errors  Last Runtime    Last Run
---------------------------------------  -----  ---------  --------  ----------  --------------  -------------------
/opt/airflow/dags/lakehouse_pipeline.py    179  0.01s             1           0  0.14s           2026-09-22T02:21:18
================================================================================
[2026-09-22T02:22:18.608+0000] {manager.py:878} INFO - 
================================================================================
DAG File Processing Stats

File Path                                  PID  Runtime      # DAGs    # Errors  Last Runtime    Last Run
---------------------------------------  -----  ---------  --------  ----------  --------------  -------------------
/opt/airflow/dags/lakehouse_pipeline.py    184  0.00s             1           0  0.30s           2026-09-22T02:21:48
================================================================================
[2026-09-22T02:22:48.801+0000] {manager.py:878} INFO - 
================================================================================
DAG File Processing Stats

File Path                                  PID  Runtime      # DAGs    # Errors  Last Runtime    Last Run
---------------------------------------  -----  ---------  --------  ----------  --------------  -------------------
/opt/airflow/dags/lakehouse_pipeline.py    189  0.01s             1           0  0.15s           2026-09-22T02:22:18
================================================================================
[2026-09-22T02:23:20.069+0000] {manager.py:878} INFO - 
================================================================================
DAG File Processing Stats

File Path                                  PID  Runtime      # DAGs    # Errors  Last Runtime    Last Run
---------------------------------------  -----  ---------  --------  ----------  --------------  -------------------
/opt/airflow/dags/lakehouse_pipeline.py    200  0.05s             1           0  0.18s           2026-09-22T02:22:48
================================================================================
[2026-09-22T02:23:50.474+0000] {manager.py:878} INFO - 
================================================================================
DAG File Processing Stats

File Path                                PID    Runtime      # DAGs    # Errors  Last Runtime    Last Run
---------------------------------------  -----  ---------  --------  ----------  --------------  -------------------
/opt/airflow/dags/lakehouse_pipeline.py                           1           0  1.78s           2026-09-22T02:23:21
================================================================================
[2026-09-22T02:24:20.713+0000] {manager.py:878} INFO - 
================================================================================
DAG File Processing Stats

File Path                                PID    Runtime      # DAGs    # Errors  Last Runtime    Last Run
---------------------------------------  -----  ---------  --------  ----------  --------------  -------------------
/opt/airflow/dags/lakehouse_pipeline.py                           1           0  0.52s           2026-09-22T02:23:53
================================================================================
[2026-09-22T02:24:51.307+0000] {manager.py:878} INFO - 
================================================================================
DAG File Processing Stats

File Path                                PID    Runtime      # DAGs    # Errors  Last Runtime    Last Run
---------------------------------------  -----  ---------  --------  ----------  --------------  -------------------
/opt/airflow/dags/lakehouse_pipeline.py                           1           0  0.31s           2026-09-22T02:24:24
================================================================================
[2026-09-22T02:25:16.935+0000] {manager.py:737} INFO - Searching for files in /opt/airflow/dags
[2026-09-22T02:25:17.093+0000] {manager.py:740} INFO - There are 1 files in /opt/airflow/dags
[2026-09-22T02:25:21.636+0000] {manager.py:878} INFO - 
================================================================================
DAG File Processing Stats

File Path                                PID    Runtime      # DAGs    # Errors  Last Runtime    Last Run
---------------------------------------  -----  ---------  --------  ----------  --------------  -------------------
/opt/airflow/dags/lakehouse_pipeline.py                           1           0  0.28s           2026-09-22T02:24:54
================================================================================
[2026-09-22T02:25:51.638+0000] {manager.py:878} INFO - 
================================================================================
DAG File Processing Stats

File Path                                PID    Runtime      # DAGs    # Errors  Last Runtime    Last Run
---------------------------------------  -----  ---------  --------  ----------  --------------  -------------------
/opt/airflow/dags/lakehouse_pipeline.py                           1           0  0.54s           2026-09-22T02:25:25
================================================================================
[2026-09-22T02:26:22.328+0000] {manager.py:878} INFO - 
================================================================================
DAG File Processing Stats

File Path                                PID    Runtime      # DAGs    # Errors  Last Runtime    Last Run
---------------------------------------  -----  ---------  --------  ----------  --------------  -------------------
/opt/airflow/dags/lakehouse_pipeline.py                           1           0  0.39s           2026-09-22T02:25:56
================================================================================
[2026-09-22T02:26:53.026+0000] {manager.py:878} INFO - 
================================================================================
DAG File Processing Stats

File Path                                PID    Runtime      # DAGs    # Errors  Last Runtime    Last Run
---------------------------------------  -----  ---------  --------  ----------  --------------  -------------------
/opt/airflow/dags/lakehouse_pipeline.py                           1           0  0.25s           2026-09-22T02:26:26
================================================================================
[2026-09-22T02:27:23.191+0000] {manager.py:878} INFO - 
================================================================================
DAG File Processing Stats

File Path                                PID    Runtime      # DAGs    # Errors  Last Runtime    Last Run
---------------------------------------  -----  ---------  --------  ----------  --------------  -------------------
/opt/airflow/dags/lakehouse_pipeline.py                           1           0  0.83s           2026-09-22T02:26:57
================================================================================
[2026-09-22T02:27:53.376+0000] {manager.py:878} INFO - 
================================================================================
DAG File Processing Stats

File Path                                PID    Runtime      # DAGs    # Errors  Last Runtime    Last Run
---------------------------------------  -----  ---------  --------  ----------  --------------  -------------------
/opt/airflow/dags/lakehouse_pipeline.py                           1           0  0.13s           2026-09-22T02:27:28
================================================================================
[2026-09-22T02:28:23.638+0000] {manager.py:878} INFO - 
================================================================================
DAG File Processing Stats

File Path                                PID    Runtime      # DAGs    # Errors  Last Runtime    Last Run
---------------------------------------  -----  ---------  --------  ----------  --------------  -------------------
/opt/airflow/dags/lakehouse_pipeline.py                           1           0  0.14s           2026-09-22T02:27:58
================================================================================
[2026-09-22T02:28:53.848+0000] {manager.py:878} INFO - 
================================================================================
DAG File Processing Stats

File Path                                PID    Runtime      # DAGs    # Errors  Last Runtime    Last Run
---------------------------------------  -----  ---------  --------  ----------  --------------  -------------------
/opt/airflow/dags/lakehouse_pipeline.py                           1           0  0.12s           2026-09-22T02:28:28
================================================================================
[2026-09-22T02:29:24.107+0000] {manager.py:878} INFO - 
================================================================================
DAG File Processing Stats

File Path                                PID    Runtime      # DAGs    # Errors  Last Runtime    Last Run
---------------------------------------  -----  ---------  --------  ----------  --------------  -------------------
/opt/airflow/dags/lakehouse_pipeline.py                           1           0  0.17s           2026-09-22T02:28:59
================================================================================
[2026-09-22T02:29:54.510+0000] {manager.py:878} INFO - 
================================================================================
DAG File Processing Stats

File Path                                PID    Runtime      # DAGs    # Errors  Last Runtime    Last Run
---------------------------------------  -----  ---------  --------  ----------  --------------  -------------------
/opt/airflow/dags/lakehouse_pipeline.py                           1           0  0.24s           2026-09-22T02:29:29
================================================================================
[2026-09-22T02:30:17.667+0000] {manager.py:737} INFO - Searching for files in /opt/airflow/dags
[2026-09-22T02:30:17.696+0000] {manager.py:740} INFO - There are 1 files in /opt/airflow/dags
[2026-09-22T02:30:24.750+0000] {manager.py:878} INFO - 
================================================================================
DAG File Processing Stats

File Path                                PID    Runtime      # DAGs    # Errors  Last Runtime    Last Run
---------------------------------------  -----  ---------  --------  ----------  --------------  -------------------
/opt/airflow/dags/lakehouse_pipeline.py                           1           0  0.14s           2026-09-22T02:29:59
================================================================================
[2026-09-22T02:30:54.967+0000] {manager.py:878} INFO - 
================================================================================
DAG File Processing Stats

File Path                                PID    Runtime      # DAGs    # Errors  Last Runtime    Last Run
---------------------------------------  -----  ---------  --------  ----------  --------------  -------------------
/opt/airflow/dags/lakehouse_pipeline.py                           1           0  0.13s           2026-09-22T02:30:29
================================================================================
[2026-09-22T02:31:25.832+0000] {manager.py:878} INFO - 
================================================================================
DAG File Processing Stats

File Path                                PID    Runtime      # DAGs    # Errors  Last Runtime    Last Run
---------------------------------------  -----  ---------  --------  ----------  --------------  -------------------
/opt/airflow/dags/lakehouse_pipeline.py                           1           0  0.21s           2026-09-22T02:31:00
================================================================================
[2026-09-22T02:31:56.367+0000] {manager.py:878} INFO - 
================================================================================
DAG File Processing Stats

File Path                                PID    Runtime      # DAGs    # Errors  Last Runtime    Last Run
---------------------------------------  -----  ---------  --------  ----------  --------------  -------------------
/opt/airflow/dags/lakehouse_pipeline.py                           1           0  0.40s           2026-09-22T02:31:31
================================================================================
[2026-09-22T02:32:26.693+0000] {manager.py:878} INFO - 
================================================================================
DAG File Processing Stats

File Path                                PID    Runtime      # DAGs    # Errors  Last Runtime    Last Run
---------------------------------------  -----  ---------  --------  ----------  --------------  -------------------
/opt/airflow/dags/lakehouse_pipeline.py                           1           0  0.16s           2026-09-22T02:32:01
================================================================================
[2026-09-22T02:32:56.957+0000] {manager.py:878} INFO - 
================================================================================
DAG File Processing Stats

File Path                                PID    Runtime      # DAGs    # Errors  Last Runtime    Last Run
---------------------------------------  -----  ---------  --------  ----------  --------------  -------------------
/opt/airflow/dags/lakehouse_pipeline.py                           1           0  0.30s           2026-09-22T02:32:32
================================================================================
[2026-09-22T02:33:27.414+0000] {manager.py:878} INFO - 
================================================================================
DAG File Processing Stats

File Path                                PID    Runtime      # DAGs    # Errors  Last Runtime    Last Run
---------------------------------------  -----  ---------  --------  ----------  --------------  -------------------
/opt/airflow/dags/lakehouse_pipeline.py                           1           0  0.76s           2026-09-22T02:33:06
================================================================================
[2026-09-22T02:33:57.976+0000] {manager.py:878} INFO - 
================================================================================
DAG File Processing Stats

File Path                                PID    Runtime      # DAGs    # Errors  Last Runtime    Last Run
---------------------------------------  -----  ---------  --------  ----------  --------------  -------------------
/opt/airflow/dags/lakehouse_pipeline.py                           1           0  2.13s           2026-09-22T02:33:40
================================================================================
[2026-09-22T02:34:28.108+0000] {manager.py:878} INFO - 
================================================================================
DAG File Processing Stats

File Path                                PID    Runtime      # DAGs    # Errors  Last Runtime    Last Run
---------------------------------------  -----  ---------  --------  ----------  --------------  -------------------
/opt/airflow/dags/lakehouse_pipeline.py                           1           0  0.47s           2026-09-22T02:34:10
================================================================================
[2026-09-22T02:34:58.607+0000] {manager.py:878} INFO - 
================================================================================
DAG File Processing Stats

File Path                                PID    Runtime      # DAGs    # Errors  Last Runtime    Last Run
---------------------------------------  -----  ---------  --------  ----------  --------------  -------------------
/opt/airflow/dags/lakehouse_pipeline.py                           1           0  0.45s           2026-09-22T02:34:41
================================================================================
[2026-09-22T02:35:17.826+0000] {manager.py:737} INFO - Searching for files in /opt/airflow/dags
[2026-09-22T02:35:18.692+0000] {manager.py:740} INFO - There are 1 files in /opt/airflow/dags
[2026-09-22T02:35:28.849+0000] {manager.py:878} INFO - 
================================================================================
DAG File Processing Stats

File Path                                PID    Runtime      # DAGs    # Errors  Last Runtime    Last Run
---------------------------------------  -----  ---------  --------  ----------  --------------  -------------------
/opt/airflow/dags/lakehouse_pipeline.py                           1           0  0.32s           2026-09-22T02:35:12
================================================================================
[2026-09-22T02:35:59.409+0000] {manager.py:878} INFO - 
================================================================================
DAG File Processing Stats

File Path                                PID    Runtime      # DAGs    # Errors  Last Runtime    Last Run
---------------------------------------  -----  ---------  --------  ----------  --------------  -------------------
/opt/airflow/dags/lakehouse_pipeline.py                           1           0  0.75s           2026-09-22T02:35:43
================================================================================
[2026-09-22T02:36:29.659+0000] {manager.py:878} INFO - 
================================================================================
DAG File Processing Stats

File Path                                PID    Runtime      # DAGs    # Errors  Last Runtime    Last Run
---------------------------------------  -----  ---------  --------  ----------  --------------  -------------------
/opt/airflow/dags/lakehouse_pipeline.py                           1           0  1.15s           2026-09-22T02:36:15
================================================================================
[2026-09-22T02:36:59.660+0000] {manager.py:878} INFO - 
================================================================================
DAG File Processing Stats

File Path                                PID    Runtime      # DAGs    # Errors  Last Runtime    Last Run
---------------------------------------  -----  ---------  --------  ----------  --------------  -------------------
/opt/airflow/dags/lakehouse_pipeline.py                           1           0  0.46s           2026-09-22T02:36:46
================================================================================
[2026-09-22T02:37:30.025+0000] {manager.py:878} INFO - 
================================================================================
DAG File Processing Stats

File Path                                PID    Runtime      # DAGs    # Errors  Last Runtime    Last Run
---------------------------------------  -----  ---------  --------  ----------  --------------  -------------------
/opt/airflow/dags/lakehouse_pipeline.py                           1           0  0.22s           2026-09-22T02:37:17
================================================================================
[2026-09-22T02:38:00.427+0000] {manager.py:878} INFO - 
================================================================================
DAG File Processing Stats

File Path                                PID    Runtime      # DAGs    # Errors  Last Runtime    Last Run
---------------------------------------  -----  ---------  --------  ----------  --------------  -------------------
/opt/airflow/dags/lakehouse_pipeline.py                           1           0  0.33s           2026-09-22T02:37:47
================================================================================
[2026-09-22T02:38:30.770+0000] {manager.py:878} INFO - 
================================================================================
DAG File Processing Stats

File Path                                PID    Runtime      # DAGs    # Errors  Last Runtime    Last Run
---------------------------------------  -----  ---------  --------  ----------  --------------  -------------------
/opt/airflow/dags/lakehouse_pipeline.py                           1           0  0.19s           2026-09-22T02:38:17
================================================================================
[2026-09-22T02:39:01.064+0000] {manager.py:878} INFO - 
================================================================================
DAG File Processing Stats

File Path                                PID    Runtime      # DAGs    # Errors  Last Runtime    Last Run
---------------------------------------  -----  ---------  --------  ----------  --------------  -------------------
/opt/airflow/dags/lakehouse_pipeline.py                           1           0  0.13s           2026-09-22T02:38:48
================================================================================
[2026-09-22T02:39:31.258+0000] {manager.py:878} INFO - 
================================================================================
DAG File Processing Stats

File Path                                PID    Runtime      # DAGs    # Errors  Last Runtime    Last Run
---------------------------------------  -----  ---------  --------  ----------  --------------  -------------------
/opt/airflow/dags/lakehouse_pipeline.py                           1           0  0.13s           2026-09-22T02:39:18
================================================================================
[2026-09-22T02:40:01.517+0000] {manager.py:878} INFO - 
================================================================================
DAG File Processing Stats

File Path                                PID    Runtime      # DAGs    # Errors  Last Runtime    Last Run
---------------------------------------  -----  ---------  --------  ----------  --------------  -------------------
/opt/airflow/dags/lakehouse_pipeline.py                           1           0  0.13s           2026-09-22T02:39:48
================================================================================
[2026-09-22T02:40:18.615+0000] {manager.py:737} INFO - Searching for files in /opt/airflow/dags
[2026-09-22T02:40:18.634+0000] {manager.py:740} INFO - There are 1 files in /opt/airflow/dags
[2026-09-22T02:40:31.735+0000] {manager.py:878} INFO - 
================================================================================
DAG File Processing Stats

File Path                                PID    Runtime      # DAGs    # Errors  Last Runtime    Last Run
---------------------------------------  -----  ---------  --------  ----------  --------------  -------------------
/opt/airflow/dags/lakehouse_pipeline.py                           1           0  0.12s           2026-09-22T02:40:18
================================================================================
[2026-09-22T02:41:01.996+0000] {manager.py:878} INFO - 
================================================================================
DAG File Processing Stats

File Path                                PID    Runtime      # DAGs    # Errors  Last Runtime    Last Run
---------------------------------------  -----  ---------  --------  ----------  --------------  -------------------
/opt/airflow/dags/lakehouse_pipeline.py                           1           0  0.13s           2026-09-22T02:40:48
================================================================================
[2026-09-22T02:41:32.192+0000] {manager.py:878} INFO - 
================================================================================
DAG File Processing Stats

File Path                                PID    Runtime      # DAGs    # Errors  Last Runtime    Last Run
---------------------------------------  -----  ---------  --------  ----------  --------------  -------------------
/opt/airflow/dags/lakehouse_pipeline.py                           1           0  0.13s           2026-09-22T02:41:19
================================================================================
[2026-09-22T02:42:02.481+0000] {manager.py:878} INFO - 
================================================================================
DAG File Processing Stats

File Path                                PID    Runtime      # DAGs    # Errors  Last Runtime    Last Run
---------------------------------------  -----  ---------  --------  ----------  --------------  -------------------
/opt/airflow/dags/lakehouse_pipeline.py                           1           0  0.33s           2026-09-22T02:41:49
================================================================================
[2026-09-22T02:42:32.958+0000] {manager.py:878} INFO - 
================================================================================
DAG File Processing Stats

File Path                                PID    Runtime      # DAGs    # Errors  Last Runtime    Last Run
---------------------------------------  -----  ---------  --------  ----------  --------------  -------------------
/opt/airflow/dags/lakehouse_pipeline.py                           1           0  0.18s           2026-09-22T02:42:20
================================================================================
[2026-09-22T02:43:03.395+0000] {manager.py:878} INFO - 
================================================================================
DAG File Processing Stats

File Path                                PID    Runtime      # DAGs    # Errors  Last Runtime    Last Run
---------------------------------------  -----  ---------  --------  ----------  --------------  -------------------
/opt/airflow/dags/lakehouse_pipeline.py                           1           0  0.28s           2026-09-22T02:42:50
================================================================================
[2026-09-22T02:43:33.849+0000] {manager.py:878} INFO - 
================================================================================
DAG File Processing Stats

File Path                                PID    Runtime      # DAGs    # Errors  Last Runtime    Last Run
---------------------------------------  -----  ---------  --------  ----------  --------------  -------------------
/opt/airflow/dags/lakehouse_pipeline.py                           1           0  0.31s           2026-09-22T02:43:20
================================================================================
[2026-09-22T02:44:04.275+0000] {manager.py:878} INFO - 
================================================================================
DAG File Processing Stats

File Path                                PID    Runtime      # DAGs    # Errors  Last Runtime    Last Run
---------------------------------------  -----  ---------  --------  ----------  --------------  -------------------
/opt/airflow/dags/lakehouse_pipeline.py                           1           0  0.34s           2026-09-22T02:43:51
================================================================================
[2026-09-22T02:44:34.655+0000] {manager.py:878} INFO - 
================================================================================
DAG File Processing Stats

File Path                                PID    Runtime      # DAGs    # Errors  Last Runtime    Last Run
---------------------------------------  -----  ---------  --------  ----------  --------------  -------------------
/opt/airflow/dags/lakehouse_pipeline.py                           1           0  0.12s           2026-09-22T02:44:21
================================================================================
[2026-09-22T02:45:04.925+0000] {manager.py:878} INFO - 
================================================================================
DAG File Processing Stats

File Path                                PID    Runtime      # DAGs    # Errors  Last Runtime    Last Run
---------------------------------------  -----  ---------  --------  ----------  --------------  -------------------
/opt/airflow/dags/lakehouse_pipeline.py                           1           0  0.16s           2026-09-22T02:44:51
================================================================================
[2026-09-22T02:45:19.002+0000] {manager.py:737} INFO - Searching for files in /opt/airflow/dags
[2026-09-22T02:45:19.025+0000] {manager.py:740} INFO - There are 1 files in /opt/airflow/dags
[2026-09-22T02:45:35.160+0000] {manager.py:878} INFO - 
================================================================================
DAG File Processing Stats

File Path                                PID    Runtime      # DAGs    # Errors  Last Runtime    Last Run
---------------------------------------  -----  ---------  --------  ----------  --------------  -------------------
/opt/airflow/dags/lakehouse_pipeline.py                           1           0  0.13s           2026-09-22T02:45:22
================================================================================
[2026-09-22T02:46:05.396+0000] {manager.py:878} INFO - 
================================================================================
DAG File Processing Stats

File Path                                PID    Runtime      # DAGs    # Errors  Last Runtime    Last Run
---------------------------------------  -----  ---------  --------  ----------  --------------  -------------------
/opt/airflow/dags/lakehouse_pipeline.py                           1           0  0.15s           2026-09-22T02:45:52
================================================================================
[2026-09-22T02:46:35.667+0000] {manager.py:878} INFO - 
================================================================================
DAG File Processing Stats

File Path                                PID    Runtime      # DAGs    # Errors  Last Runtime    Last Run
---------------------------------------  -----  ---------  --------  ----------  --------------  -------------------
/opt/airflow/dags/lakehouse_pipeline.py                           1           0  0.14s           2026-09-22T02:46:22
================================================================================
[2026-09-22T02:47:06.062+0000] {manager.py:878} INFO - 
================================================================================
DAG File Processing Stats

File Path                                PID    Runtime      # DAGs    # Errors  Last Runtime    Last Run
---------------------------------------  -----  ---------  --------  ----------  --------------  -------------------
/opt/airflow/dags/lakehouse_pipeline.py                           1           0  0.15s           2026-09-22T02:46:52
================================================================================
[2026-09-22T02:47:36.337+0000] {manager.py:878} INFO - 
================================================================================
DAG File Processing Stats

File Path                                PID    Runtime      # DAGs    # Errors  Last Runtime    Last Run
---------------------------------------  -----  ---------  --------  ----------  --------------  -------------------
/opt/airflow/dags/lakehouse_pipeline.py                           1           0  0.13s           2026-09-22T02:47:23
================================================================================
[2026-09-22T02:48:06.581+0000] {manager.py:878} INFO - 
================================================================================
DAG File Processing Stats

File Path                                PID    Runtime      # DAGs    # Errors  Last Runtime    Last Run
---------------------------------------  -----  ---------  --------  ----------  --------------  -------------------
/opt/airflow/dags/lakehouse_pipeline.py                           1           0  0.13s           2026-09-22T02:47:53
================================================================================
[2026-09-22T02:48:36.790+0000] {manager.py:878} INFO - 
================================================================================
DAG File Processing Stats

File Path                                PID    Runtime      # DAGs    # Errors  Last Runtime    Last Run
---------------------------------------  -----  ---------  --------  ----------  --------------  -------------------
/opt/airflow/dags/lakehouse_pipeline.py                           1           0  0.13s           2026-09-22T02:48:23
================================================================================
[2026-09-22T02:49:07.038+0000] {manager.py:878} INFO - 
================================================================================
DAG File Processing Stats

File Path                                PID    Runtime      # DAGs    # Errors  Last Runtime    Last Run
---------------------------------------  -----  ---------  --------  ----------  --------------  -------------------
/opt/airflow/dags/lakehouse_pipeline.py                           1           0  0.13s           2026-09-22T02:48:54
================================================================================
[2026-09-22T02:49:37.232+0000] {manager.py:878} INFO - 
================================================================================
DAG File Processing Stats

File Path                                PID    Runtime      # DAGs    # Errors  Last Runtime    Last Run
---------------------------------------  -----  ---------  --------  ----------  --------------  -------------------
/opt/airflow/dags/lakehouse_pipeline.py                           1           0  0.12s           2026-09-22T02:49:24
================================================================================
[2026-09-22T02:50:07.472+0000] {manager.py:878} INFO - 
================================================================================
DAG File Processing Stats

File Path                                PID    Runtime      # DAGs    # Errors  Last Runtime    Last Run
---------------------------------------  -----  ---------  --------  ----------  --------------  -------------------
/opt/airflow/dags/lakehouse_pipeline.py                           1           0  0.13s           2026-09-22T02:49:54
================================================================================
[2026-09-22T02:50:19.552+0000] {manager.py:737} INFO - Searching for files in /opt/airflow/dags
[2026-09-22T02:50:19.576+0000] {manager.py:740} INFO - There are 1 files in /opt/airflow/dags
[2026-09-22T02:50:37.714+0000] {manager.py:878} INFO - 
================================================================================
DAG File Processing Stats

File Path                                PID    Runtime      # DAGs    # Errors  Last Runtime    Last Run
---------------------------------------  -----  ---------  --------  ----------  --------------  -------------------
/opt/airflow/dags/lakehouse_pipeline.py                           1           0  0.15s           2026-09-22T02:50:24
================================================================================
[2026-09-22T02:51:07.998+0000] {manager.py:878} INFO - 
================================================================================
DAG File Processing Stats

File Path                                PID    Runtime      # DAGs    # Errors  Last Runtime    Last Run
---------------------------------------  -----  ---------  --------  ----------  --------------  -------------------
/opt/airflow/dags/lakehouse_pipeline.py                           1           0  0.14s           2026-09-22T02:50:54
================================================================================
[2026-09-22T02:51:38.202+0000] {manager.py:878} INFO - 
================================================================================
DAG File Processing Stats

File Path                                PID    Runtime      # DAGs    # Errors  Last Runtime    Last Run
---------------------------------------  -----  ---------  --------  ----------  --------------  -------------------
/opt/airflow/dags/lakehouse_pipeline.py                           1           0  0.15s           2026-09-22T02:51:25
================================================================================
[2026-09-22T02:52:08.851+0000] {manager.py:878} INFO - 
================================================================================
DAG File Processing Stats

File Path                                PID    Runtime      # DAGs    # Errors  Last Runtime    Last Run
---------------------------------------  -----  ---------  --------  ----------  --------------  -------------------
/opt/airflow/dags/lakehouse_pipeline.py                           1           0  0.20s           2026-09-22T02:51:55
================================================================================
[2026-09-22T02:52:39.222+0000] {manager.py:878} INFO - 
================================================================================
DAG File Processing Stats

File Path                                PID    Runtime      # DAGs    # Errors  Last Runtime    Last Run
---------------------------------------  -----  ---------  --------  ----------  --------------  -------------------
/opt/airflow/dags/lakehouse_pipeline.py                           1           0  0.35s           2026-09-22T02:52:26
================================================================================
[2026-09-22T02:53:09.283+0000] {manager.py:878} INFO - 
================================================================================
DAG File Processing Stats

File Path                                PID    Runtime      # DAGs    # Errors  Last Runtime    Last Run
---------------------------------------  -----  ---------  --------  ----------  --------------  -------------------
/opt/airflow/dags/lakehouse_pipeline.py                           1           0  0.35s           2026-09-22T02:52:57
================================================================================
[2026-09-22T02:53:39.641+0000] {manager.py:878} INFO - 
================================================================================
DAG File Processing Stats

File Path                                PID    Runtime      # DAGs    # Errors  Last Runtime    Last Run
---------------------------------------  -----  ---------  --------  ----------  --------------  -------------------
/opt/airflow/dags/lakehouse_pipeline.py                           1           0  0.32s           2026-09-22T02:53:27
================================================================================
[2026-09-22T02:54:10.133+0000] {manager.py:878} INFO - 
================================================================================
DAG File Processing Stats

File Path                                PID    Runtime      # DAGs    # Errors  Last Runtime    Last Run
---------------------------------------  -----  ---------  --------  ----------  --------------  -------------------
/opt/airflow/dags/lakehouse_pipeline.py                           1           0  0.13s           2026-09-22T02:53:58
================================================================================
[2026-09-22T02:54:40.416+0000] {manager.py:878} INFO - 
================================================================================
DAG File Processing Stats

File Path                                PID    Runtime      # DAGs    # Errors  Last Runtime    Last Run
---------------------------------------  -----  ---------  --------  ----------  --------------  -------------------
/opt/airflow/dags/lakehouse_pipeline.py                           1           0  0.14s           2026-09-22T02:54:28
================================================================================
[2026-09-22T02:55:10.616+0000] {manager.py:878} INFO - 
================================================================================
DAG File Processing Stats

File Path                                PID    Runtime      # DAGs    # Errors  Last Runtime    Last Run
---------------------------------------  -----  ---------  --------  ----------  --------------  -------------------
/opt/airflow/dags/lakehouse_pipeline.py                           1           0  0.13s           2026-09-22T02:54:58
================================================================================
[2026-09-22T02:55:19.667+0000] {manager.py:737} INFO - Searching for files in /opt/airflow/dags
[2026-09-22T02:55:19.694+0000] {manager.py:740} INFO - There are 1 files in /opt/airflow/dags
[2026-09-22T02:55:40.880+0000] {manager.py:878} INFO - 
================================================================================
DAG File Processing Stats

File Path                                PID    Runtime      # DAGs    # Errors  Last Runtime    Last Run
---------------------------------------  -----  ---------  --------  ----------  --------------  -------------------
/opt/airflow/dags/lakehouse_pipeline.py                           1           0  0.13s           2026-09-22T02:55:28
================================================================================
[2026-09-22T02:56:11.100+0000] {manager.py:878} INFO - 
================================================================================
DAG File Processing Stats

File Path                                PID    Runtime      # DAGs    # Errors  Last Runtime    Last Run
---------------------------------------  -----  ---------  --------  ----------  --------------  -------------------
/opt/airflow/dags/lakehouse_pipeline.py                           1           0  0.13s           2026-09-22T02:55:59
================================================================================
[2026-09-22T02:56:41.347+0000] {manager.py:878} INFO - 
================================================================================
DAG File Processing Stats

File Path                                PID    Runtime      # DAGs    # Errors  Last Runtime    Last Run
---------------------------------------  -----  ---------  --------  ----------  --------------  -------------------
/opt/airflow/dags/lakehouse_pipeline.py                           1           0  0.13s           2026-09-22T02:56:29
================================================================================
[2026-09-22T02:57:11.566+0000] {manager.py:878} INFO - 
================================================================================
DAG File Processing Stats

File Path                                PID    Runtime      # DAGs    # Errors  Last Runtime    Last Run
---------------------------------------  -----  ---------  --------  ----------  --------------  -------------------
/opt/airflow/dags/lakehouse_pipeline.py                           1           0  0.14s           2026-09-22T02:56:59
================================================================================
[2026-09-22T02:57:41.808+0000] {manager.py:878} INFO - 
================================================================================
DAG File Processing Stats

File Path                                PID    Runtime      # DAGs    # Errors  Last Runtime    Last Run
---------------------------------------  -----  ---------  --------  ----------  --------------  -------------------
/opt/airflow/dags/lakehouse_pipeline.py                           1           0  0.13s           2026-09-22T02:57:29
================================================================================
[2026-09-22T02:58:12.038+0000] {manager.py:878} INFO - 
================================================================================
DAG File Processing Stats

File Path                                PID    Runtime      # DAGs    # Errors  Last Runtime    Last Run
---------------------------------------  -----  ---------  --------  ----------  --------------  -------------------
/opt/airflow/dags/lakehouse_pipeline.py                           1           0  0.14s           2026-09-22T02:58:00
================================================================================
[2026-09-22T02:58:42.293+0000] {manager.py:878} INFO - 
================================================================================
DAG File Processing Stats

File Path                                PID    Runtime      # DAGs    # Errors  Last Runtime    Last Run
---------------------------------------  -----  ---------  --------  ----------  --------------  -------------------
/opt/airflow/dags/lakehouse_pipeline.py                           1           0  0.14s           2026-09-22T02:58:30
================================================================================
[2026-09-22T02:59:12.533+0000] {manager.py:878} INFO - 
================================================================================
DAG File Processing Stats

File Path                                PID    Runtime      # DAGs    # Errors  Last Runtime    Last Run
---------------------------------------  -----  ---------  --------  ----------  --------------  -------------------
/opt/airflow/dags/lakehouse_pipeline.py                           1           0  0.13s           2026-09-22T02:59:00
================================================================================
[2026-09-22T02:59:42.746+0000] {manager.py:878} INFO - 
================================================================================
DAG File Processing Stats

File Path                                PID    Runtime      # DAGs    # Errors  Last Runtime    Last Run
---------------------------------------  -----  ---------  --------  ----------  --------------  -------------------
/opt/airflow/dags/lakehouse_pipeline.py                           1           0  0.13s           2026-09-22T02:59:30
================================================================================
[2026-09-22T03:00:12.991+0000] {manager.py:878} INFO - 
================================================================================
DAG File Processing Stats

File Path                                PID    Runtime      # DAGs    # Errors  Last Runtime    Last Run
---------------------------------------  -----  ---------  --------  ----------  --------------  -------------------
/opt/airflow/dags/lakehouse_pipeline.py                           1           0  0.13s           2026-09-22T03:00:00
================================================================================
[2026-09-22T03:00:20.030+0000] {manager.py:737} INFO - Searching for files in /opt/airflow/dags
[2026-09-22T03:00:20.059+0000] {manager.py:740} INFO - There are 1 files in /opt/airflow/dags
[2026-09-22T03:00:43.233+0000] {manager.py:878} INFO - 
================================================================================
DAG File Processing Stats

File Path                                PID    Runtime      # DAGs    # Errors  Last Runtime    Last Run
---------------------------------------  -----  ---------  --------  ----------  --------------  -------------------
/opt/airflow/dags/lakehouse_pipeline.py                           1           0  0.13s           2026-09-22T03:00:31
================================================================================
[2026-09-22T03:01:13.506+0000] {manager.py:878} INFO - 
================================================================================
DAG File Processing Stats

File Path                                PID    Runtime      # DAGs    # Errors  Last Runtime    Last Run
---------------------------------------  -----  ---------  --------  ----------  --------------  -------------------
/opt/airflow/dags/lakehouse_pipeline.py                           1           0  0.13s           2026-09-22T03:01:01
================================================================================
[2026-09-22T03:01:43.697+0000] {manager.py:878} INFO - 
================================================================================
DAG File Processing Stats

File Path                                PID    Runtime      # DAGs    # Errors  Last Runtime    Last Run
---------------------------------------  -----  ---------  --------  ----------  --------------  -------------------
/opt/airflow/dags/lakehouse_pipeline.py                           1           0  0.13s           2026-09-22T03:01:31
================================================================================
[2026-09-22T03:02:13.973+0000] {manager.py:878} INFO - 
================================================================================
DAG File Processing Stats

File Path                                PID    Runtime      # DAGs    # Errors  Last Runtime    Last Run
---------------------------------------  -----  ---------  --------  ----------  --------------  -------------------
/opt/airflow/dags/lakehouse_pipeline.py                           1           0  0.12s           2026-09-22T03:02:01
================================================================================
[2026-09-22T03:02:44.167+0000] {manager.py:878} INFO - 
================================================================================
DAG File Processing Stats

File Path                                PID    Runtime      # DAGs    # Errors  Last Runtime    Last Run
---------------------------------------  -----  ---------  --------  ----------  --------------  -------------------
/opt/airflow/dags/lakehouse_pipeline.py                           1           0  0.15s           2026-09-22T03:02:32
================================================================================
[2026-09-22T03:03:14.452+0000] {manager.py:878} INFO - 
================================================================================
DAG File Processing Stats

File Path                                PID    Runtime      # DAGs    # Errors  Last Runtime    Last Run
---------------------------------------  -----  ---------  --------  ----------  --------------  -------------------
/opt/airflow/dags/lakehouse_pipeline.py                           1           0  0.15s           2026-09-22T03:03:02
================================================================================
[2026-09-22T03:03:44.646+0000] {manager.py:878} INFO - 
================================================================================
DAG File Processing Stats

File Path                                PID    Runtime      # DAGs    # Errors  Last Runtime    Last Run
---------------------------------------  -----  ---------  --------  ----------  --------------  -------------------
/opt/airflow/dags/lakehouse_pipeline.py                           1           0  0.13s           2026-09-22T03:03:32
================================================================================
[2026-09-22T03:04:14.906+0000] {manager.py:878} INFO - 
================================================================================
DAG File Processing Stats

File Path                                PID    Runtime      # DAGs    # Errors  Last Runtime    Last Run
---------------------------------------  -----  ---------  --------  ----------  --------------  -------------------
/opt/airflow/dags/lakehouse_pipeline.py                           1           0  0.15s           2026-09-22T03:04:02
================================================================================
[2026-09-22T03:04:45.226+0000] {manager.py:878} INFO - 
================================================================================
DAG File Processing Stats

File Path                                PID    Runtime      # DAGs    # Errors  Last Runtime    Last Run
---------------------------------------  -----  ---------  --------  ----------  --------------  -------------------
/opt/airflow/dags/lakehouse_pipeline.py                           1           0  0.17s           2026-09-22T03:04:33
================================================================================
[2026-09-22T03:05:15.510+0000] {manager.py:878} INFO - 
================================================================================
DAG File Processing Stats

File Path                                PID    Runtime      # DAGs    # Errors  Last Runtime    Last Run
---------------------------------------  -----  ---------  --------  ----------  --------------  -------------------
/opt/airflow/dags/lakehouse_pipeline.py                           1           0  0.15s           2026-09-22T03:05:03
================================================================================
[2026-09-22T03:05:20.542+0000] {manager.py:737} INFO - Searching for files in /opt/airflow/dags
[2026-09-22T03:05:20.574+0000] {manager.py:740} INFO - There are 1 files in /opt/airflow/dags
[2026-09-22T03:05:45.749+0000] {manager.py:878} INFO - 
================================================================================
DAG File Processing Stats

File Path                                PID    Runtime      # DAGs    # Errors  Last Runtime    Last Run
---------------------------------------  -----  ---------  --------  ----------  --------------  -------------------
/opt/airflow/dags/lakehouse_pipeline.py                           1           0  0.13s           2026-09-22T03:05:33
================================================================================
[2026-09-22T03:06:16.024+0000] {manager.py:878} INFO - 
================================================================================
DAG File Processing Stats

File Path                                PID    Runtime      # DAGs    # Errors  Last Runtime    Last Run
---------------------------------------  -----  ---------  --------  ----------  --------------  -------------------
/opt/airflow/dags/lakehouse_pipeline.py                           1           0  0.29s           2026-09-22T03:06:04
================================================================================
[2026-09-22T03:06:46.387+0000] {manager.py:878} INFO - 
================================================================================
DAG File Processing Stats

File Path                                PID    Runtime      # DAGs    # Errors  Last Runtime    Last Run
---------------------------------------  -----  ---------  --------  ----------  --------------  -------------------
/opt/airflow/dags/lakehouse_pipeline.py                           1           0  0.14s           2026-09-22T03:06:34
================================================================================
[2026-09-22T03:07:16.665+0000] {manager.py:878} INFO - 
================================================================================
DAG File Processing Stats

File Path                                PID    Runtime      # DAGs    # Errors  Last Runtime    Last Run
---------------------------------------  -----  ---------  --------  ----------  --------------  -------------------
/opt/airflow/dags/lakehouse_pipeline.py                           1           0  0.14s           2026-09-22T03:07:04
================================================================================
[2026-09-22T03:07:46.860+0000] {manager.py:878} INFO - 
================================================================================
DAG File Processing Stats

File Path                                PID    Runtime      # DAGs    # Errors  Last Runtime    Last Run
---------------------------------------  -----  ---------  --------  ----------  --------------  -------------------
/opt/airflow/dags/lakehouse_pipeline.py                           1           0  0.13s           2026-09-22T03:07:34
================================================================================
[2026-09-22T03:08:17.117+0000] {manager.py:878} INFO - 
================================================================================
DAG File Processing Stats

File Path                                PID    Runtime      # DAGs    # Errors  Last Runtime    Last Run
---------------------------------------  -----  ---------  --------  ----------  --------------  -------------------
/opt/airflow/dags/lakehouse_pipeline.py                           1           0  0.13s           2026-09-22T03:08:05
================================================================================
[2026-09-22T03:08:47.376+0000] {manager.py:878} INFO - 
================================================================================
DAG File Processing Stats

File Path                                PID    Runtime      # DAGs    # Errors  Last Runtime    Last Run
---------------------------------------  -----  ---------  --------  ----------  --------------  -------------------
/opt/airflow/dags/lakehouse_pipeline.py                           1           0  0.12s           2026-09-22T03:08:35
================================================================================
[2026-09-22T03:09:17.602+0000] {manager.py:878} INFO - 
================================================================================
DAG File Processing Stats

File Path                                PID    Runtime      # DAGs    # Errors  Last Runtime    Last Run
---------------------------------------  -----  ---------  --------  ----------  --------------  -------------------
/opt/airflow/dags/lakehouse_pipeline.py                           1           0  0.13s           2026-09-22T03:09:05
================================================================================
[2026-09-22T03:09:47.855+0000] {manager.py:878} INFO - 
================================================================================
DAG File Processing Stats

File Path                                PID    Runtime      # DAGs    # Errors  Last Runtime    Last Run
---------------------------------------  -----  ---------  --------  ----------  --------------  -------------------
/opt/airflow/dags/lakehouse_pipeline.py                           1           0  0.13s           2026-09-22T03:09:35
================================================================================
[2026-09-22T03:10:18.094+0000] {manager.py:878} INFO - 
================================================================================
DAG File Processing Stats

File Path                                PID    Runtime      # DAGs    # Errors  Last Runtime    Last Run
---------------------------------------  -----  ---------  --------  ----------  --------------  -------------------
/opt/airflow/dags/lakehouse_pipeline.py                           1           0  0.16s           2026-09-22T03:10:06
================================================================================
[2026-09-22T03:10:21.109+0000] {manager.py:737} INFO - Searching for files in /opt/airflow/dags
[2026-09-22T03:10:21.134+0000] {manager.py:740} INFO - There are 1 files in /opt/airflow/dags
[2026-09-22T03:10:48.422+0000] {manager.py:878} INFO - 
================================================================================
DAG File Processing Stats

File Path                                PID    Runtime      # DAGs    # Errors  Last Runtime    Last Run
---------------------------------------  -----  ---------  --------  ----------  --------------  -------------------
/opt/airflow/dags/lakehouse_pipeline.py                           1           0  0.31s           2026-09-22T03:10:36
================================================================================
[2026-09-22T03:11:18.492+0000] {manager.py:878} INFO - 
================================================================================
DAG File Processing Stats

File Path                                PID    Runtime      # DAGs    # Errors  Last Runtime    Last Run
---------------------------------------  -----  ---------  --------  ----------  --------------  -------------------
/opt/airflow/dags/lakehouse_pipeline.py                           1           0  0.31s           2026-09-22T03:11:07
================================================================================
[2026-09-22T03:11:48.807+0000] {manager.py:878} INFO - 
================================================================================
DAG File Processing Stats

File Path                                PID    Runtime      # DAGs    # Errors  Last Runtime    Last Run
---------------------------------------  -----  ---------  --------  ----------  --------------  -------------------
/opt/airflow/dags/lakehouse_pipeline.py                           1           0  0.24s           2026-09-22T03:11:37
================================================================================
[2026-09-22T03:12:19.228+0000] {manager.py:878} INFO - 
================================================================================
DAG File Processing Stats

File Path                                PID    Runtime      # DAGs    # Errors  Last Runtime    Last Run
---------------------------------------  -----  ---------  --------  ----------  --------------  -------------------
/opt/airflow/dags/lakehouse_pipeline.py                           1           0  0.24s           2026-09-22T03:12:08
================================================================================
[2026-09-22T03:12:49.526+0000] {manager.py:878} INFO - 
================================================================================
DAG File Processing Stats

File Path                                PID    Runtime      # DAGs    # Errors  Last Runtime    Last Run
---------------------------------------  -----  ---------  --------  ----------  --------------  -------------------
/opt/airflow/dags/lakehouse_pipeline.py                           1           0  0.24s           2026-09-22T03:12:38
================================================================================
[2026-09-22T03:13:19.917+0000] {manager.py:878} INFO - 
================================================================================
DAG File Processing Stats

File Path                                PID    Runtime      # DAGs    # Errors  Last Runtime    Last Run
---------------------------------------  -----  ---------  --------  ----------  --------------  -------------------
/opt/airflow/dags/lakehouse_pipeline.py                           1           0  0.13s           2026-09-22T03:13:08
================================================================================
[2026-09-22T03:13:50.204+0000] {manager.py:878} INFO - 
================================================================================
DAG File Processing Stats

File Path                                PID    Runtime      # DAGs    # Errors  Last Runtime    Last Run
---------------------------------------  -----  ---------  --------  ----------  --------------  -------------------
/opt/airflow/dags/lakehouse_pipeline.py                           1           0  0.14s           2026-09-22T03:13:39
================================================================================
[2026-09-22T03:14:20.399+0000] {manager.py:878} INFO - 
================================================================================
DAG File Processing Stats

File Path                                PID    Runtime      # DAGs    # Errors  Last Runtime    Last Run
---------------------------------------  -----  ---------  --------  ----------  --------------  -------------------
/opt/airflow/dags/lakehouse_pipeline.py                           1           0  0.13s           2026-09-22T03:14:09
================================================================================
[2026-09-22T03:14:50.653+0000] {manager.py:878} INFO - 
================================================================================
DAG File Processing Stats

File Path                                PID    Runtime      # DAGs    # Errors  Last Runtime    Last Run
---------------------------------------  -----  ---------  --------  ----------  --------------  -------------------
/opt/airflow/dags/lakehouse_pipeline.py                           1           0  0.12s           2026-09-22T03:14:39
================================================================================
[2026-09-22T03:15:20.896+0000] {manager.py:878} INFO - 
================================================================================
DAG File Processing Stats

File Path                                PID    Runtime      # DAGs    # Errors  Last Runtime    Last Run
---------------------------------------  -----  ---------  --------  ----------  --------------  -------------------
/opt/airflow/dags/lakehouse_pipeline.py                           1           0  0.13s           2026-09-22T03:15:09
================================================================================
[2026-09-22T03:15:21.903+0000] {manager.py:737} INFO - Searching for files in /opt/airflow/dags
[2026-09-22T03:15:21.924+0000] {manager.py:740} INFO - There are 1 files in /opt/airflow/dags
[2026-09-22T03:15:51.122+0000] {manager.py:878} INFO - 
================================================================================
DAG File Processing Stats

File Path                                PID    Runtime      # DAGs    # Errors  Last Runtime    Last Run
---------------------------------------  -----  ---------  --------  ----------  --------------  -------------------
/opt/airflow/dags/lakehouse_pipeline.py                           1           0  0.13s           2026-09-22T03:15:40
================================================================================
[2026-09-22T03:16:21.396+0000] {manager.py:878} INFO - 
================================================================================
DAG File Processing Stats

File Path                                PID    Runtime      # DAGs    # Errors  Last Runtime    Last Run
---------------------------------------  -----  ---------  --------  ----------  --------------  -------------------
/opt/airflow/dags/lakehouse_pipeline.py                           1           0  0.20s           2026-09-22T03:16:10
================================================================================
[2026-09-22T03:16:51.660+0000] {manager.py:878} INFO - 
================================================================================
DAG File Processing Stats

File Path                                PID    Runtime      # DAGs    # Errors  Last Runtime    Last Run
---------------------------------------  -----  ---------  --------  ----------  --------------  -------------------
/opt/airflow/dags/lakehouse_pipeline.py                           1           0  0.18s           2026-09-22T03:16:40
================================================================================
[2026-09-22T03:17:21.959+0000] {manager.py:878} INFO - 
================================================================================
DAG File Processing Stats

File Path                                PID    Runtime      # DAGs    # Errors  Last Runtime    Last Run
---------------------------------------  -----  ---------  --------  ----------  --------------  -------------------
/opt/airflow/dags/lakehouse_pipeline.py                           1           0  0.13s           2026-09-22T03:17:10
================================================================================
[2026-09-22T03:17:52.032+0000] {manager.py:878} INFO - 
================================================================================
DAG File Processing Stats

File Path                                PID    Runtime      # DAGs    # Errors  Last Runtime    Last Run
---------------------------------------  -----  ---------  --------  ----------  --------------  -------------------
/opt/airflow/dags/lakehouse_pipeline.py                           1           0  0.83s           2026-09-22T03:17:23
================================================================================
[2026-09-22T03:18:22.451+0000] {manager.py:878} INFO - 
================================================================================
DAG File Processing Stats

File Path                                PID    Runtime      # DAGs    # Errors  Last Runtime    Last Run
---------------------------------------  -----  ---------  --------  ----------  --------------  -------------------
/opt/airflow/dags/lakehouse_pipeline.py                           1           0  0.17s           2026-09-22T03:17:54
================================================================================
[2026-09-22T03:18:52.669+0000] {manager.py:878} INFO - 
================================================================================
DAG File Processing Stats

File Path                                PID    Runtime      # DAGs    # Errors  Last Runtime    Last Run
---------------------------------------  -----  ---------  --------  ----------  --------------  -------------------
/opt/airflow/dags/lakehouse_pipeline.py                           1           0  0.15s           2026-09-22T03:18:24
================================================================================
[2026-09-22T03:19:23.006+0000] {manager.py:878} INFO - 
================================================================================
DAG File Processing Stats

File Path                                PID    Runtime      # DAGs    # Errors  Last Runtime    Last Run
---------------------------------------  -----  ---------  --------  ----------  --------------  -------------------
/opt/airflow/dags/lakehouse_pipeline.py                           1           0  0.15s           2026-09-22T03:18:54
================================================================================
[2026-09-22T03:19:53.213+0000] {manager.py:878} INFO - 
================================================================================
DAG File Processing Stats

File Path                                PID    Runtime      # DAGs    # Errors  Last Runtime    Last Run
---------------------------------------  -----  ---------  --------  ----------  --------------  -------------------
/opt/airflow/dags/lakehouse_pipeline.py                           1           0  0.17s           2026-09-22T03:19:25
================================================================================
[2026-09-22T03:20:22.604+0000] {manager.py:737} INFO - Searching for files in /opt/airflow/dags
[2026-09-22T03:20:22.632+0000] {manager.py:740} INFO - There are 1 files in /opt/airflow/dags
[2026-09-22T03:20:23.654+0000] {manager.py:878} INFO - 
================================================================================
DAG File Processing Stats

File Path                                PID    Runtime      # DAGs    # Errors  Last Runtime    Last Run
---------------------------------------  -----  ---------  --------  ----------  --------------  -------------------
/opt/airflow/dags/lakehouse_pipeline.py                           1           0  0.18s           2026-09-22T03:19:55
================================================================================
[2026-09-22T03:20:53.970+0000] {manager.py:878} INFO - 
================================================================================
DAG File Processing Stats

File Path                                PID    Runtime      # DAGs    # Errors  Last Runtime    Last Run
---------------------------------------  -----  ---------  --------  ----------  --------------  -------------------
/opt/airflow/dags/lakehouse_pipeline.py                           1           0  0.16s           2026-09-22T03:20:25
================================================================================
[2026-09-22T03:21:24.281+0000] {manager.py:878} INFO - 
================================================================================
DAG File Processing Stats

File Path                                PID    Runtime      # DAGs    # Errors  Last Runtime    Last Run
---------------------------------------  -----  ---------  --------  ----------  --------------  -------------------
/opt/airflow/dags/lakehouse_pipeline.py                           1           0  0.16s           2026-09-22T03:20:56
================================================================================
[2026-09-22T03:21:54.722+0000] {manager.py:878} INFO - 
================================================================================
DAG File Processing Stats

File Path                                PID    Runtime      # DAGs    # Errors  Last Runtime    Last Run
---------------------------------------  -----  ---------  --------  ----------  --------------  -------------------
/opt/airflow/dags/lakehouse_pipeline.py                           1           0  0.33s           2026-09-22T03:21:26
================================================================================
[2026-09-22T03:22:25.205+0000] {manager.py:878} INFO - 
================================================================================
DAG File Processing Stats

File Path                                PID    Runtime      # DAGs    # Errors  Last Runtime    Last Run
---------------------------------------  -----  ---------  --------  ----------  --------------  -------------------
/opt/airflow/dags/lakehouse_pipeline.py                           1           0  0.39s           2026-09-22T03:21:57
================================================================================
[2026-09-22T03:22:55.293+0000] {manager.py:878} INFO - 
================================================================================
DAG File Processing Stats

File Path                                PID    Runtime      # DAGs    # Errors  Last Runtime    Last Run
---------------------------------------  -----  ---------  --------  ----------  --------------  -------------------
/opt/airflow/dags/lakehouse_pipeline.py                           1           0  0.79s           2026-09-22T03:22:28
================================================================================
[2026-09-22T03:23:25.513+0000] {manager.py:878} INFO - 
================================================================================
DAG File Processing Stats

File Path                                PID    Runtime      # DAGs    # Errors  Last Runtime    Last Run
---------------------------------------  -----  ---------  --------  ----------  --------------  -------------------
/opt/airflow/dags/lakehouse_pipeline.py                           1           0  0.19s           2026-09-22T03:22:58
================================================================================
[2026-09-22T03:23:55.760+0000] {manager.py:878} INFO - 
================================================================================
DAG File Processing Stats

File Path                                PID    Runtime      # DAGs    # Errors  Last Runtime    Last Run
---------------------------------------  -----  ---------  --------  ----------  --------------  -------------------
/opt/airflow/dags/lakehouse_pipeline.py                           1           0  0.15s           2026-09-22T03:23:28
================================================================================
[2026-09-22T03:24:26.081+0000] {manager.py:878} INFO - 
================================================================================
DAG File Processing Stats

File Path                                PID    Runtime      # DAGs    # Errors  Last Runtime    Last Run
---------------------------------------  -----  ---------  --------  ----------  --------------  -------------------
/opt/airflow/dags/lakehouse_pipeline.py                           1           0  0.19s           2026-09-22T03:23:58
================================================================================
[2026-09-22T03:24:56.418+0000] {manager.py:878} INFO - 
================================================================================
DAG File Processing Stats

File Path                                PID    Runtime      # DAGs    # Errors  Last Runtime    Last Run
---------------------------------------  -----  ---------  --------  ----------  --------------  -------------------
/opt/airflow/dags/lakehouse_pipeline.py                           1           0  0.15s           2026-09-22T03:24:29
================================================================================
[2026-09-22T03:25:22.674+0000] {manager.py:737} INFO - Searching for files in /opt/airflow/dags
[2026-09-22T03:25:22.728+0000] {manager.py:740} INFO - There are 1 files in /opt/airflow/dags
[2026-09-22T03:25:26.778+0000] {manager.py:878} INFO - 
================================================================================
DAG File Processing Stats

File Path                                PID    Runtime      # DAGs    # Errors  Last Runtime    Last Run
---------------------------------------  -----  ---------  --------  ----------  --------------  -------------------
/opt/airflow/dags/lakehouse_pipeline.py                           1           0  0.18s           2026-09-22T03:24:59
================================================================================
[2026-09-22T03:25:57.026+0000] {manager.py:878} INFO - 
================================================================================
DAG File Processing Stats

File Path                                PID    Runtime      # DAGs    # Errors  Last Runtime    Last Run
---------------------------------------  -----  ---------  --------  ----------  --------------  -------------------
/opt/airflow/dags/lakehouse_pipeline.py                           1           0  0.14s           2026-09-22T03:25:29
================================================================================
[2026-09-22T03:26:27.309+0000] {manager.py:878} INFO - 
================================================================================
DAG File Processing Stats

File Path                                PID    Runtime      # DAGs    # Errors  Last Runtime    Last Run
---------------------------------------  -----  ---------  --------  ----------  --------------  -------------------
/opt/airflow/dags/lakehouse_pipeline.py                           1           0  0.15s           2026-09-22T03:26:00
================================================================================
[2026-09-22T03:26:57.673+0000] {manager.py:878} INFO - 
================================================================================
DAG File Processing Stats

File Path                                PID    Runtime      # DAGs    # Errors  Last Runtime    Last Run
---------------------------------------  -----  ---------  --------  ----------  --------------  -------------------
/opt/airflow/dags/lakehouse_pipeline.py                           1           0  0.19s           2026-09-22T03:26:30
================================================================================
[2026-09-22T03:27:27.993+0000] {manager.py:878} INFO - 
================================================================================
DAG File Processing Stats

File Path                                PID    Runtime      # DAGs    # Errors  Last Runtime    Last Run
---------------------------------------  -----  ---------  --------  ----------  --------------  -------------------
/opt/airflow/dags/lakehouse_pipeline.py                           1           0  0.15s           2026-09-22T03:27:00
================================================================================
[2026-09-22T03:27:58.243+0000] {manager.py:878} INFO - 
================================================================================
DAG File Processing Stats

File Path                                PID    Runtime      # DAGs    # Errors  Last Runtime    Last Run
---------------------------------------  -----  ---------  --------  ----------  --------------  -------------------
/opt/airflow/dags/lakehouse_pipeline.py                           1           0  0.26s           2026-09-22T03:27:31
================================================================================
[2026-09-22T03:28:28.682+0000] {manager.py:878} INFO - 
================================================================================
DAG File Processing Stats

File Path                                PID    Runtime      # DAGs    # Errors  Last Runtime    Last Run
---------------------------------------  -----  ---------  --------  ----------  --------------  -------------------
/opt/airflow/dags/lakehouse_pipeline.py                           1           0  0.17s           2026-09-22T03:28:01
================================================================================
[2026-09-22T03:28:59.043+0000] {manager.py:878} INFO - 
================================================================================
DAG File Processing Stats

File Path                                PID    Runtime      # DAGs    # Errors  Last Runtime    Last Run
---------------------------------------  -----  ---------  --------  ----------  --------------  -------------------
/opt/airflow/dags/lakehouse_pipeline.py                           1           0  0.15s           2026-09-22T03:28:31
================================================================================
[2026-09-22T03:29:29.271+0000] {manager.py:878} INFO - 
================================================================================
DAG File Processing Stats

File Path                                PID    Runtime      # DAGs    # Errors  Last Runtime    Last Run
---------------------------------------  -----  ---------  --------  ----------  --------------  -------------------
/opt/airflow/dags/lakehouse_pipeline.py                           1           0  0.17s           2026-09-22T03:29:02
================================================================================
[2026-09-22T03:29:59.630+0000] {manager.py:878} INFO - 
================================================================================
DAG File Processing Stats

File Path                                PID    Runtime      # DAGs    # Errors  Last Runtime    Last Run
---------------------------------------  -----  ---------  --------  ----------  --------------  -------------------
/opt/airflow/dags/lakehouse_pipeline.py                           1           0  0.21s           2026-09-22T03:29:32
================================================================================
[2026-09-22T03:30:22.887+0000] {manager.py:737} INFO - Searching for files in /opt/airflow/dags
[2026-09-22T03:30:22.921+0000] {manager.py:740} INFO - There are 1 files in /opt/airflow/dags
[2026-09-22T03:30:29.988+0000] {manager.py:878} INFO - 
================================================================================
DAG File Processing Stats

File Path                                PID    Runtime      # DAGs    # Errors  Last Runtime    Last Run
---------------------------------------  -----  ---------  --------  ----------  --------------  -------------------
/opt/airflow/dags/lakehouse_pipeline.py                           1           0  0.17s           2026-09-22T03:30:02
================================================================================
[2026-09-22T03:31:00.323+0000] {manager.py:878} INFO - 
================================================================================
DAG File Processing Stats

File Path                                PID    Runtime      # DAGs    # Errors  Last Runtime    Last Run
---------------------------------------  -----  ---------  --------  ----------  --------------  -------------------
/opt/airflow/dags/lakehouse_pipeline.py                           1           0  0.34s           2026-09-22T03:30:33
================================================================================
[2026-09-22T03:31:30.861+0000] {manager.py:878} INFO - 
================================================================================
DAG File Processing Stats

File Path                                PID    Runtime      # DAGs    # Errors  Last Runtime    Last Run
---------------------------------------  -----  ---------  --------  ----------  --------------  -------------------
/opt/airflow/dags/lakehouse_pipeline.py                           1           0  0.19s           2026-09-22T03:31:03
================================================================================
[2026-09-22T03:32:01.088+0000] {manager.py:878} INFO - 
================================================================================
DAG File Processing Stats

File Path                                PID    Runtime      # DAGs    # Errors  Last Runtime    Last Run
---------------------------------------  -----  ---------  --------  ----------  --------------  -------------------
/opt/airflow/dags/lakehouse_pipeline.py                           1           0  0.17s           2026-09-22T03:31:34
================================================================================
[2026-09-22T03:32:31.410+0000] {manager.py:878} INFO - 
================================================================================
DAG File Processing Stats

File Path                                PID    Runtime      # DAGs    # Errors  Last Runtime    Last Run
---------------------------------------  -----  ---------  --------  ----------  --------------  -------------------
/opt/airflow/dags/lakehouse_pipeline.py                           1           0  0.16s           2026-09-22T03:32:04
================================================================================
[2026-09-22T03:33:01.642+0000] {manager.py:878} INFO - 
================================================================================
DAG File Processing Stats

File Path                                PID    Runtime      # DAGs    # Errors  Last Runtime    Last Run
---------------------------------------  -----  ---------  --------  ----------  --------------  -------------------
/opt/airflow/dags/lakehouse_pipeline.py                           1           0  0.16s           2026-09-22T03:32:34
================================================================================
[2026-09-22T03:33:31.981+0000] {manager.py:878} INFO - 
================================================================================
DAG File Processing Stats

File Path                                PID    Runtime      # DAGs    # Errors  Last Runtime    Last Run
---------------------------------------  -----  ---------  --------  ----------  --------------  -------------------
/opt/airflow/dags/lakehouse_pipeline.py                           1           0  0.23s           2026-09-22T03:33:04
================================================================================
[2026-09-22T03:34:02.312+0000] {manager.py:878} INFO - 
================================================================================
DAG File Processing Stats

File Path                                PID    Runtime      # DAGs    # Errors  Last Runtime    Last Run
---------------------------------------  -----  ---------  --------  ----------  --------------  -------------------
/opt/airflow/dags/lakehouse_pipeline.py                           1           0  0.19s           2026-09-22T03:33:35
================================================================================
[2026-09-22T03:34:32.587+0000] {manager.py:878} INFO - 
================================================================================
DAG File Processing Stats

File Path                                PID    Runtime      # DAGs    # Errors  Last Runtime    Last Run
---------------------------------------  -----  ---------  --------  ----------  --------------  -------------------
/opt/airflow/dags/lakehouse_pipeline.py                           1           0  0.14s           2026-09-22T03:34:05
================================================================================
[2026-09-22T03:35:02.893+0000] {manager.py:878} INFO - 
================================================================================
DAG File Processing Stats

File Path                                PID    Runtime      # DAGs    # Errors  Last Runtime    Last Run
---------------------------------------  -----  ---------  --------  ----------  --------------  -------------------
/opt/airflow/dags/lakehouse_pipeline.py                           1           0  0.14s           2026-09-22T03:34:35
================================================================================
[2026-09-22T03:35:23.083+0000] {manager.py:737} INFO - Searching for files in /opt/airflow/dags
[2026-09-22T03:35:23.115+0000] {manager.py:740} INFO - There are 1 files in /opt/airflow/dags
[2026-09-22T03:35:33.200+0000] {manager.py:878} INFO - 
================================================================================
DAG File Processing Stats

File Path                                PID    Runtime      # DAGs    # Errors  Last Runtime    Last Run
---------------------------------------  -----  ---------  --------  ----------  --------------  -------------------
/opt/airflow/dags/lakehouse_pipeline.py                           1           0  0.15s           2026-09-22T03:35:06
================================================================================
[2026-09-22T03:36:03.456+0000] {manager.py:878} INFO - 
================================================================================
DAG File Processing Stats

File Path                                PID    Runtime      # DAGs    # Errors  Last Runtime    Last Run
---------------------------------------  -----  ---------  --------  ----------  --------------  -------------------
/opt/airflow/dags/lakehouse_pipeline.py                           1           0  0.17s           2026-09-22T03:35:36
================================================================================
[2026-09-22T03:36:33.791+0000] {manager.py:878} INFO - 
================================================================================
DAG File Processing Stats

File Path                                PID    Runtime      # DAGs    # Errors  Last Runtime    Last Run
---------------------------------------  -----  ---------  --------  ----------  --------------  -------------------
/opt/airflow/dags/lakehouse_pipeline.py                           1           0  0.16s           2026-09-22T03:36:06
================================================================================
[2026-09-22T03:37:04.061+0000] {manager.py:878} INFO - 
================================================================================
DAG File Processing Stats

File Path                                PID    Runtime      # DAGs    # Errors  Last Runtime    Last Run
---------------------------------------  -----  ---------  --------  ----------  --------------  -------------------
/opt/airflow/dags/lakehouse_pipeline.py                           1           0  0.22s           2026-09-22T03:36:37
================================================================================
[2026-09-22T03:37:34.431+0000] {manager.py:878} INFO - 
================================================================================
DAG File Processing Stats

File Path                                PID    Runtime      # DAGs    # Errors  Last Runtime    Last Run
---------------------------------------  -----  ---------  --------  ----------  --------------  -------------------
/opt/airflow/dags/lakehouse_pipeline.py                           1           0  0.17s           2026-09-22T03:37:07
================================================================================
[2026-09-22T03:38:04.753+0000] {manager.py:878} INFO - 
================================================================================
DAG File Processing Stats

File Path                                PID    Runtime      # DAGs    # Errors  Last Runtime    Last Run
---------------------------------------  -----  ---------  --------  ----------  --------------  -------------------
/opt/airflow/dags/lakehouse_pipeline.py                           1           0  0.14s           2026-09-22T03:37:37
================================================================================
[2026-09-22T03:38:35.057+0000] {manager.py:878} INFO - 
================================================================================
DAG File Processing Stats

File Path                                PID    Runtime      # DAGs    # Errors  Last Runtime    Last Run
---------------------------------------  -----  ---------  --------  ----------  --------------  -------------------
/opt/airflow/dags/lakehouse_pipeline.py                           1           0  0.21s           2026-09-22T03:38:07
================================================================================
[2026-09-22T03:39:05.391+0000] {manager.py:878} INFO - 
================================================================================
DAG File Processing Stats

File Path                                PID    Runtime      # DAGs    # Errors  Last Runtime    Last Run
---------------------------------------  -----  ---------  --------  ----------  --------------  -------------------
/opt/airflow/dags/lakehouse_pipeline.py                           1           0  0.20s           2026-09-22T03:38:38
================================================================================
[2026-09-22T03:39:35.672+0000] {manager.py:878} INFO - 
================================================================================
DAG File Processing Stats

File Path                                PID    Runtime      # DAGs    # Errors  Last Runtime    Last Run
---------------------------------------  -----  ---------  --------  ----------  --------------  -------------------
/opt/airflow/dags/lakehouse_pipeline.py                           1           0  0.19s           2026-09-22T03:39:08
================================================================================
[2026-09-22T03:40:06.026+0000] {manager.py:878} INFO - 
================================================================================
DAG File Processing Stats

File Path                                PID    Runtime      # DAGs    # Errors  Last Runtime    Last Run
---------------------------------------  -----  ---------  --------  ----------  --------------  -------------------
/opt/airflow/dags/lakehouse_pipeline.py                           1           0  0.17s           2026-09-22T03:39:38
================================================================================
[2026-09-22T03:40:23.185+0000] {manager.py:737} INFO - Searching for files in /opt/airflow/dags
[2026-09-22T03:40:23.223+0000] {manager.py:740} INFO - There are 1 files in /opt/airflow/dags
[2026-09-22T03:40:36.328+0000] {manager.py:878} INFO - 
================================================================================
DAG File Processing Stats

File Path                                PID    Runtime      # DAGs    # Errors  Last Runtime    Last Run
---------------------------------------  -----  ---------  --------  ----------  --------------  -------------------
/opt/airflow/dags/lakehouse_pipeline.py                           1           0  0.17s           2026-09-22T03:40:09
================================================================================
[2026-09-22T03:41:06.626+0000] {manager.py:878} INFO - 
================================================================================
DAG File Processing Stats

File Path                                PID    Runtime      # DAGs    # Errors  Last Runtime    Last Run
---------------------------------------  -----  ---------  --------  ----------  --------------  -------------------
/opt/airflow/dags/lakehouse_pipeline.py                           1           0  0.17s           2026-09-22T03:40:39
================================================================================
[2026-09-22T03:41:36.932+0000] {manager.py:878} INFO - 
================================================================================
DAG File Processing Stats

File Path                                PID    Runtime      # DAGs    # Errors  Last Runtime    Last Run
---------------------------------------  -----  ---------  --------  ----------  --------------  -------------------
/opt/airflow/dags/lakehouse_pipeline.py                           1           0  0.16s           2026-09-22T03:41:09
================================================================================
[2026-09-22T03:42:07.221+0000] {manager.py:878} INFO - 
================================================================================
DAG File Processing Stats

File Path                                PID    Runtime      # DAGs    # Errors  Last Runtime    Last Run
---------------------------------------  -----  ---------  --------  ----------  --------------  -------------------
/opt/airflow/dags/lakehouse_pipeline.py                           1           0  0.17s           2026-09-22T03:41:40
================================================================================
[2026-09-22T03:42:37.533+0000] {manager.py:878} INFO - 
================================================================================
DAG File Processing Stats

File Path                                PID    Runtime      # DAGs    # Errors  Last Runtime    Last Run
---------------------------------------  -----  ---------  --------  ----------  --------------  -------------------
/opt/airflow/dags/lakehouse_pipeline.py                           1           0  0.15s           2026-09-22T03:42:10
================================================================================
[2026-09-22T03:43:07.819+0000] {manager.py:878} INFO - 
================================================================================
DAG File Processing Stats

File Path                                PID    Runtime      # DAGs    # Errors  Last Runtime    Last Run
---------------------------------------  -----  ---------  --------  ----------  --------------  -------------------
/opt/airflow/dags/lakehouse_pipeline.py                           1           0  0.19s           2026-09-22T03:42:40
================================================================================
[2026-09-22T03:43:38.180+0000] {manager.py:878} INFO - 
================================================================================
DAG File Processing Stats

File Path                                PID    Runtime      # DAGs    # Errors  Last Runtime    Last Run
---------------------------------------  -----  ---------  --------  ----------  --------------  -------------------
/opt/airflow/dags/lakehouse_pipeline.py                           1           0  0.14s           2026-09-22T03:43:10
================================================================================
[2026-09-22T03:44:08.441+0000] {manager.py:878} INFO - 
================================================================================
DAG File Processing Stats

File Path                                PID    Runtime      # DAGs    # Errors  Last Runtime    Last Run
---------------------------------------  -----  ---------  --------  ----------  --------------  -------------------
/opt/airflow/dags/lakehouse_pipeline.py                           1           0  0.20s           2026-09-22T03:43:41
================================================================================
[2026-09-22T03:44:38.685+0000] {manager.py:878} INFO - 
================================================================================
DAG File Processing Stats

File Path                                PID    Runtime      # DAGs    # Errors  Last Runtime    Last Run
---------------------------------------  -----  ---------  --------  ----------  --------------  -------------------
/opt/airflow/dags/lakehouse_pipeline.py                           1           0  0.14s           2026-09-22T03:44:11
================================================================================
[2026-09-22T03:45:09.067+0000] {manager.py:878} INFO - 
================================================================================
DAG File Processing Stats

File Path                                PID    Runtime      # DAGs    # Errors  Last Runtime    Last Run
---------------------------------------  -----  ---------  --------  ----------  --------------  -------------------
/opt/airflow/dags/lakehouse_pipeline.py                           1           0  0.19s           2026-09-22T03:44:41
================================================================================
[2026-09-22T03:45:23.206+0000] {manager.py:737} INFO - Searching for files in /opt/airflow/dags
[2026-09-22T03:45:23.249+0000] {manager.py:740} INFO - There are 1 files in /opt/airflow/dags
[2026-09-22T03:45:39.372+0000] {manager.py:878} INFO - 
================================================================================
DAG File Processing Stats

File Path                                PID    Runtime      # DAGs    # Errors  Last Runtime    Last Run
---------------------------------------  -----  ---------  --------  ----------  --------------  -------------------
/opt/airflow/dags/lakehouse_pipeline.py                           1           0  0.17s           2026-09-22T03:45:12
================================================================================
[2026-09-22T03:46:09.678+0000] {manager.py:878} INFO - 
================================================================================
DAG File Processing Stats

File Path                                PID    Runtime      # DAGs    # Errors  Last Runtime    Last Run
---------------------------------------  -----  ---------  --------  ----------  --------------  -------------------
/opt/airflow/dags/lakehouse_pipeline.py                           1           0  0.14s           2026-09-22T03:45:42
================================================================================
[2026-09-22T03:46:39.920+0000] {manager.py:878} INFO - 
================================================================================
DAG File Processing Stats

File Path                                PID    Runtime      # DAGs    # Errors  Last Runtime    Last Run
---------------------------------------  -----  ---------  --------  ----------  --------------  -------------------
/opt/airflow/dags/lakehouse_pipeline.py                           1           0  0.22s           2026-09-22T03:46:12
================================================================================
[2026-09-22T03:47:10.149+0000] {manager.py:878} INFO - 
================================================================================
DAG File Processing Stats

File Path                                PID    Runtime      # DAGs    # Errors  Last Runtime    Last Run
---------------------------------------  -----  ---------  --------  ----------  --------------  -------------------
/opt/airflow/dags/lakehouse_pipeline.py                           1           0  0.15s           2026-09-22T03:46:43
================================================================================
[2026-09-22T03:47:40.501+0000] {manager.py:878} INFO - 
================================================================================
DAG File Processing Stats

File Path                                PID    Runtime      # DAGs    # Errors  Last Runtime    Last Run
---------------------------------------  -----  ---------  --------  ----------  --------------  -------------------
/opt/airflow/dags/lakehouse_pipeline.py                           1           0  0.16s           2026-09-22T03:47:13
================================================================================
[2026-09-22T03:48:10.771+0000] {manager.py:878} INFO - 
================================================================================
DAG File Processing Stats

File Path                                PID    Runtime      # DAGs    # Errors  Last Runtime    Last Run
---------------------------------------  -----  ---------  --------  ----------  --------------  -------------------
/opt/airflow/dags/lakehouse_pipeline.py                           1           0  0.23s           2026-09-22T03:47:43
================================================================================
[2026-09-22T03:48:40.993+0000] {manager.py:878} INFO - 
================================================================================
DAG File Processing Stats

File Path                                PID    Runtime      # DAGs    # Errors  Last Runtime    Last Run
---------------------------------------  -----  ---------  --------  ----------  --------------  -------------------
/opt/airflow/dags/lakehouse_pipeline.py                           1           0  0.15s           2026-09-22T03:48:13
================================================================================
[2026-09-22T03:49:11.383+0000] {manager.py:878} INFO - 
================================================================================
DAG File Processing Stats

File Path                                PID    Runtime      # DAGs    # Errors  Last Runtime    Last Run
---------------------------------------  -----  ---------  --------  ----------  --------------  -------------------
/opt/airflow/dags/lakehouse_pipeline.py                           1           0  0.17s           2026-09-22T03:48:44
================================================================================
[2026-09-22T03:49:41.613+0000] {manager.py:878} INFO - 
================================================================================
DAG File Processing Stats

File Path                                PID    Runtime      # DAGs    # Errors  Last Runtime    Last Run
---------------------------------------  -----  ---------  --------  ----------  --------------  -------------------
/opt/airflow/dags/lakehouse_pipeline.py                           1           0  0.16s           2026-09-22T03:49:14
================================================================================
[2026-09-22T03:50:11.966+0000] {manager.py:878} INFO - 
================================================================================
DAG File Processing Stats

File Path                                PID    Runtime      # DAGs    # Errors  Last Runtime    Last Run
---------------------------------------  -----  ---------  --------  ----------  --------------  -------------------
/opt/airflow/dags/lakehouse_pipeline.py                           1           0  0.17s           2026-09-22T03:49:44
================================================================================
[2026-09-22T03:50:24.096+0000] {manager.py:737} INFO - Searching for files in /opt/airflow/dags
[2026-09-22T03:50:24.137+0000] {manager.py:740} INFO - There are 1 files in /opt/airflow/dags
[2026-09-22T03:50:42.272+0000] {manager.py:878} INFO - 
================================================================================
DAG File Processing Stats

File Path                                PID    Runtime      # DAGs    # Errors  Last Runtime    Last Run
---------------------------------------  -----  ---------  --------  ----------  --------------  -------------------
/opt/airflow/dags/lakehouse_pipeline.py                           1           0  0.14s           2026-09-22T03:50:15
================================================================================
[2026-09-22T03:51:12.625+0000] {manager.py:878} INFO - 
================================================================================
DAG File Processing Stats

File Path                                PID    Runtime      # DAGs    # Errors  Last Runtime    Last Run
---------------------------------------  -----  ---------  --------  ----------  --------------  -------------------
/opt/airflow/dags/lakehouse_pipeline.py                           1           0  0.17s           2026-09-22T03:50:45
================================================================================
[2026-09-22T03:51:42.887+0000] {manager.py:878} INFO - 
================================================================================
DAG File Processing Stats

File Path                                PID    Runtime      # DAGs    # Errors  Last Runtime    Last Run
---------------------------------------  -----  ---------  --------  ----------  --------------  -------------------
/opt/airflow/dags/lakehouse_pipeline.py                           1           0  0.16s           2026-09-22T03:51:15
================================================================================
[2026-09-22T03:52:13.239+0000] {manager.py:878} INFO - 
================================================================================
DAG File Processing Stats

File Path                                PID    Runtime      # DAGs    # Errors  Last Runtime    Last Run
---------------------------------------  -----  ---------  --------  ----------  --------------  -------------------
/opt/airflow/dags/lakehouse_pipeline.py                           1           0  0.18s           2026-09-22T03:51:46
================================================================================
[2026-09-22T03:52:43.539+0000] {manager.py:878} INFO - 
================================================================================
DAG File Processing Stats

File Path                                PID    Runtime      # DAGs    # Errors  Last Runtime    Last Run
---------------------------------------  -----  ---------  --------  ----------  --------------  -------------------
/opt/airflow/dags/lakehouse_pipeline.py                           1           0  0.29s           2026-09-22T03:52:16
================================================================================
[2026-09-22T03:53:14.141+0000] {manager.py:878} INFO - 
================================================================================
DAG File Processing Stats

File Path                                PID    Runtime      # DAGs    # Errors  Last Runtime    Last Run
---------------------------------------  -----  ---------  --------  ----------  --------------  -------------------
/opt/airflow/dags/lakehouse_pipeline.py                           1           0  0.24s           2026-09-22T03:52:47
================================================================================
[2026-09-22T03:53:44.366+0000] {manager.py:878} INFO - 
================================================================================
DAG File Processing Stats

File Path                                PID    Runtime      # DAGs    # Errors  Last Runtime    Last Run
---------------------------------------  -----  ---------  --------  ----------  --------------  -------------------
/opt/airflow/dags/lakehouse_pipeline.py                           1           0  0.13s           2026-09-22T03:53:17
================================================================================
[2026-09-22T03:54:14.717+0000] {manager.py:878} INFO - 
================================================================================
DAG File Processing Stats

File Path                                PID    Runtime      # DAGs    # Errors  Last Runtime    Last Run
---------------------------------------  -----  ---------  --------  ----------  --------------  -------------------
/opt/airflow/dags/lakehouse_pipeline.py                           1           0  0.19s           2026-09-22T03:53:47
================================================================================
[2026-09-22T03:54:45.122+0000] {manager.py:878} INFO - 
================================================================================
DAG File Processing Stats

File Path                                PID    Runtime      # DAGs    # Errors  Last Runtime    Last Run
---------------------------------------  -----  ---------  --------  ----------  --------------  -------------------
/opt/airflow/dags/lakehouse_pipeline.py                           1           0  0.18s           2026-09-22T03:54:17
================================================================================
[2026-09-22T03:55:15.652+0000] {manager.py:878} INFO - 
================================================================================
DAG File Processing Stats

File Path                                PID    Runtime      # DAGs    # Errors  Last Runtime    Last Run
---------------------------------------  -----  ---------  --------  ----------  --------------  -------------------
/opt/airflow/dags/lakehouse_pipeline.py                           1           0  0.18s           2026-09-22T03:54:48
================================================================================
[2026-09-22T03:55:24.760+0000] {manager.py:737} INFO - Searching for files in /opt/airflow/dags
[2026-09-22T03:55:24.801+0000] {manager.py:740} INFO - There are 1 files in /opt/airflow/dags
[2026-09-22T03:55:45.951+0000] {manager.py:878} INFO - 
================================================================================
DAG File Processing Stats

File Path                                PID    Runtime      # DAGs    # Errors  Last Runtime    Last Run
---------------------------------------  -----  ---------  --------  ----------  --------------  -------------------
/opt/airflow/dags/lakehouse_pipeline.py                           1           0  0.17s           2026-09-22T03:55:18
================================================================================
[2026-09-22T03:56:16.257+0000] {manager.py:878} INFO - 
================================================================================
DAG File Processing Stats

File Path                                PID    Runtime      # DAGs    # Errors  Last Runtime    Last Run
---------------------------------------  -----  ---------  --------  ----------  --------------  -------------------
/opt/airflow/dags/lakehouse_pipeline.py                           1           0  0.17s           2026-09-22T03:55:49
================================================================================
[2026-09-22T06:27:51.550+0000] {manager.py:470} INFO - Processing files using up to 2 processes at a time 
[2026-09-22T06:27:51.555+0000] {manager.py:471} INFO - Process each file at most once every 30 seconds
[2026-09-22T06:27:51.557+0000] {manager.py:472} INFO - Checking for new files in /opt/airflow/dags every 300 seconds
[2026-09-22T06:27:51.559+0000] {manager.py:737} INFO - Searching for files in /opt/airflow/dags
[2026-09-22T06:27:51.777+0000] {manager.py:740} INFO - There are 1 files in /opt/airflow/dags
[2026-09-22T06:27:52.205+0000] {manager.py:878} INFO - 
================================================================================
DAG File Processing Stats

File Path                                  PID  Runtime      # DAGs    # Errors  Last Runtime    Last Run
---------------------------------------  -----  ---------  --------  ----------  --------------  ----------
/opt/airflow/dags/lakehouse_pipeline.py    164  0.14s             0           0
================================================================================
[2026-09-22T06:28:22.670+0000] {manager.py:878} INFO - 
================================================================================
DAG File Processing Stats

File Path                                PID    Runtime      # DAGs    # Errors  Last Runtime    Last Run
---------------------------------------  -----  ---------  --------  ----------  --------------  -------------------
/opt/airflow/dags/lakehouse_pipeline.py                           1           0  1.67s           2026-09-22T06:27:53
================================================================================
[2026-09-22T06:28:53.594+0000] {manager.py:878} INFO - 
================================================================================
DAG File Processing Stats

File Path                                PID    Runtime      # DAGs    # Errors  Last Runtime    Last Run
---------------------------------------  -----  ---------  --------  ----------  --------------  -------------------
/opt/airflow/dags/lakehouse_pipeline.py                           1           0  1.13s           2026-09-22T06:28:26
================================================================================
[2026-09-22T06:29:23.865+0000] {manager.py:878} INFO - 
================================================================================
DAG File Processing Stats

File Path                                PID    Runtime      # DAGs    # Errors  Last Runtime    Last Run
---------------------------------------  -----  ---------  --------  ----------  --------------  -------------------
/opt/airflow/dags/lakehouse_pipeline.py                           1           0  0.31s           2026-09-22T06:28:56
================================================================================
[2026-09-22T06:29:54.253+0000] {manager.py:878} INFO - 
================================================================================
DAG File Processing Stats

File Path                                PID    Runtime      # DAGs    # Errors  Last Runtime    Last Run
---------------------------------------  -----  ---------  --------  ----------  --------------  -------------------
/opt/airflow/dags/lakehouse_pipeline.py                           1           0  0.59s           2026-09-22T06:29:27
================================================================================
[2026-09-22T06:30:24.877+0000] {manager.py:878} INFO - 
================================================================================
DAG File Processing Stats

File Path                                PID    Runtime      # DAGs    # Errors  Last Runtime    Last Run
---------------------------------------  -----  ---------  --------  ----------  --------------  -------------------
/opt/airflow/dags/lakehouse_pipeline.py                           1           0  0.53s           2026-09-22T06:29:58
================================================================================
[2026-09-22T06:30:55.478+0000] {manager.py:878} INFO - 
================================================================================
DAG File Processing Stats

File Path                                PID    Runtime      # DAGs    # Errors  Last Runtime    Last Run
---------------------------------------  -----  ---------  --------  ----------  --------------  -------------------
/opt/airflow/dags/lakehouse_pipeline.py                           1           0  0.37s           2026-09-22T06:30:29
================================================================================
[2026-09-22T06:31:26.019+0000] {manager.py:878} INFO - 
================================================================================
DAG File Processing Stats

File Path                                PID    Runtime      # DAGs    # Errors  Last Runtime    Last Run
---------------------------------------  -----  ---------  --------  ----------  --------------  -------------------
/opt/airflow/dags/lakehouse_pipeline.py                           1           0  0.29s           2026-09-22T06:30:59
================================================================================
[2026-09-22T06:31:56.054+0000] {manager.py:878} INFO - 
================================================================================
DAG File Processing Stats

File Path                                PID    Runtime      # DAGs    # Errors  Last Runtime    Last Run
---------------------------------------  -----  ---------  --------  ----------  --------------  -------------------
/opt/airflow/dags/lakehouse_pipeline.py                           1           0  1.43s           2026-09-22T06:31:31
================================================================================
[2026-09-22T06:32:26.593+0000] {manager.py:878} INFO - 
================================================================================
DAG File Processing Stats

File Path                                PID    Runtime      # DAGs    # Errors  Last Runtime    Last Run
---------------------------------------  -----  ---------  --------  ----------  --------------  -------------------
/opt/airflow/dags/lakehouse_pipeline.py                           1           0  0.98s           2026-09-22T06:32:02
================================================================================
[2026-09-22T06:32:52.096+0000] {manager.py:737} INFO - Searching for files in /opt/airflow/dags
[2026-09-22T06:32:52.121+0000] {manager.py:740} INFO - There are 1 files in /opt/airflow/dags
[2026-09-22T06:32:57.173+0000] {manager.py:878} INFO - 
================================================================================
DAG File Processing Stats

File Path                                PID    Runtime      # DAGs    # Errors  Last Runtime    Last Run
---------------------------------------  -----  ---------  --------  ----------  --------------  -------------------
/opt/airflow/dags/lakehouse_pipeline.py                           1           0  0.13s           2026-09-22T06:32:33
================================================================================
[2026-09-22T06:33:27.420+0000] {manager.py:878} INFO - 
================================================================================
DAG File Processing Stats

File Path                                PID    Runtime      # DAGs    # Errors  Last Runtime    Last Run
---------------------------------------  -----  ---------  --------  ----------  --------------  -------------------
/opt/airflow/dags/lakehouse_pipeline.py                           1           0  0.13s           2026-09-22T06:33:03
================================================================================
[2026-09-22T06:33:57.649+0000] {manager.py:878} INFO - 
================================================================================
DAG File Processing Stats

File Path                                PID    Runtime      # DAGs    # Errors  Last Runtime    Last Run
---------------------------------------  -----  ---------  --------  ----------  --------------  -------------------
/opt/airflow/dags/lakehouse_pipeline.py                           1           0  0.13s           2026-09-22T06:33:33
================================================================================
[2026-09-22T06:34:27.920+0000] {manager.py:878} INFO - 
================================================================================
DAG File Processing Stats

File Path                                PID    Runtime      # DAGs    # Errors  Last Runtime    Last Run
---------------------------------------  -----  ---------  --------  ----------  --------------  -------------------
/opt/airflow/dags/lakehouse_pipeline.py                           1           0  0.12s           2026-09-22T06:34:03
================================================================================
[2026-09-22T06:34:58.110+0000] {manager.py:878} INFO - 
================================================================================
DAG File Processing Stats

File Path                                PID    Runtime      # DAGs    # Errors  Last Runtime    Last Run
---------------------------------------  -----  ---------  --------  ----------  --------------  -------------------
/opt/airflow/dags/lakehouse_pipeline.py                           1           0  0.11s           2026-09-22T06:34:34
================================================================================
[2026-09-22T06:35:28.417+0000] {manager.py:878} INFO - 
================================================================================
DAG File Processing Stats

File Path                                PID    Runtime      # DAGs    # Errors  Last Runtime    Last Run
---------------------------------------  -----  ---------  --------  ----------  --------------  -------------------
/opt/airflow/dags/lakehouse_pipeline.py                           1           0  0.11s           2026-09-22T06:35:04
================================================================================
[2026-09-22T06:35:58.630+0000] {manager.py:878} INFO - 
================================================================================
DAG File Processing Stats

File Path                                PID    Runtime      # DAGs    # Errors  Last Runtime    Last Run
---------------------------------------  -----  ---------  --------  ----------  --------------  -------------------
/opt/airflow/dags/lakehouse_pipeline.py                           1           0  0.11s           2026-09-22T06:35:34
================================================================================
[2026-09-22T06:36:28.868+0000] {manager.py:878} INFO - 
================================================================================
DAG File Processing Stats

File Path                                PID    Runtime      # DAGs    # Errors  Last Runtime    Last Run
---------------------------------------  -----  ---------  --------  ----------  --------------  -------------------
/opt/airflow/dags/lakehouse_pipeline.py                           1           0  0.12s           2026-09-22T06:36:04
================================================================================
[2026-09-22T06:36:59.074+0000] {manager.py:878} INFO - 
================================================================================
DAG File Processing Stats

File Path                                PID    Runtime      # DAGs    # Errors  Last Runtime    Last Run
---------------------------------------  -----  ---------  --------  ----------  --------------  -------------------
/opt/airflow/dags/lakehouse_pipeline.py                           1           0  0.12s           2026-09-22T06:36:35
================================================================================
[2026-09-22T06:37:29.312+0000] {manager.py:878} INFO - 
================================================================================
DAG File Processing Stats

File Path                                PID    Runtime      # DAGs    # Errors  Last Runtime    Last Run
---------------------------------------  -----  ---------  --------  ----------  --------------  -------------------
/opt/airflow/dags/lakehouse_pipeline.py                           1           0  0.12s           2026-09-22T06:37:05
================================================================================
[2026-09-22T06:37:52.490+0000] {manager.py:737} INFO - Searching for files in /opt/airflow/dags
[2026-09-22T06:37:52.516+0000] {manager.py:740} INFO - There are 1 files in /opt/airflow/dags
[2026-09-22T06:37:59.578+0000] {manager.py:878} INFO - 
================================================================================
DAG File Processing Stats

File Path                                PID    Runtime      # DAGs    # Errors  Last Runtime    Last Run
---------------------------------------  -----  ---------  --------  ----------  --------------  -------------------
/opt/airflow/dags/lakehouse_pipeline.py                           1           0  0.13s           2026-09-22T06:37:35
================================================================================
[2026-09-22T06:38:29.777+0000] {manager.py:878} INFO - 
================================================================================
DAG File Processing Stats

File Path                                PID    Runtime      # DAGs    # Errors  Last Runtime    Last Run
---------------------------------------  -----  ---------  --------  ----------  --------------  -------------------
/opt/airflow/dags/lakehouse_pipeline.py                           1           0  0.12s           2026-09-22T06:38:05
================================================================================
[2026-09-22T06:39:00.046+0000] {manager.py:878} INFO - 
================================================================================
DAG File Processing Stats

File Path                                PID    Runtime      # DAGs    # Errors  Last Runtime    Last Run
---------------------------------------  -----  ---------  --------  ----------  --------------  -------------------
/opt/airflow/dags/lakehouse_pipeline.py                           1           0  0.11s           2026-09-22T06:38:35
================================================================================
[2026-09-22T06:39:30.264+0000] {manager.py:878} INFO - 
================================================================================
DAG File Processing Stats

File Path                                PID    Runtime      # DAGs    # Errors  Last Runtime    Last Run
---------------------------------------  -----  ---------  --------  ----------  --------------  -------------------
/opt/airflow/dags/lakehouse_pipeline.py                           1           0  0.11s           2026-09-22T06:39:06
================================================================================
[2026-09-22T06:40:00.524+0000] {manager.py:878} INFO - 
================================================================================
DAG File Processing Stats

File Path                                PID    Runtime      # DAGs    # Errors  Last Runtime    Last Run
---------------------------------------  -----  ---------  --------  ----------  --------------  -------------------
/opt/airflow/dags/lakehouse_pipeline.py                           1           0  0.13s           2026-09-22T06:39:36
================================================================================
[2026-09-22T06:40:30.732+0000] {manager.py:878} INFO - 
================================================================================
DAG File Processing Stats

File Path                                PID    Runtime      # DAGs    # Errors  Last Runtime    Last Run
---------------------------------------  -----  ---------  --------  ----------  --------------  -------------------
/opt/airflow/dags/lakehouse_pipeline.py                           1           0  0.12s           2026-09-22T06:40:06
================================================================================
[2026-09-22T06:41:00.968+0000] {manager.py:878} INFO - 
================================================================================
DAG File Processing Stats

File Path                                PID    Runtime      # DAGs    # Errors  Last Runtime    Last Run
---------------------------------------  -----  ---------  --------  ----------  --------------  -------------------
/opt/airflow/dags/lakehouse_pipeline.py                           1           0  0.12s           2026-09-22T06:40:36
================================================================================
[2026-09-22T06:41:31.219+0000] {manager.py:878} INFO - 
================================================================================
DAG File Processing Stats

File Path                                PID    Runtime      # DAGs    # Errors  Last Runtime    Last Run
---------------------------------------  -----  ---------  --------  ----------  --------------  -------------------
/opt/airflow/dags/lakehouse_pipeline.py                           1           0  0.18s           2026-09-22T06:41:07
================================================================================
[2026-09-22T06:42:01.477+0000] {manager.py:878} INFO - 
================================================================================
DAG File Processing Stats

File Path                                PID    Runtime      # DAGs    # Errors  Last Runtime    Last Run
---------------------------------------  -----  ---------  --------  ----------  --------------  -------------------
/opt/airflow/dags/lakehouse_pipeline.py                           1           0  0.13s           2026-09-22T06:41:37
================================================================================
[2026-09-22T06:42:31.664+0000] {manager.py:878} INFO - 
================================================================================
DAG File Processing Stats

File Path                                PID    Runtime      # DAGs    # Errors  Last Runtime    Last Run
---------------------------------------  -----  ---------  --------  ----------  --------------  -------------------
/opt/airflow/dags/lakehouse_pipeline.py                           1           0  0.14s           2026-09-22T06:42:07
================================================================================
[2026-09-22T06:42:52.962+0000] {manager.py:737} INFO - Searching for files in /opt/airflow/dags
[2026-09-22T06:42:52.986+0000] {manager.py:740} INFO - There are 1 files in /opt/airflow/dags
[2026-09-22T06:43:02.050+0000] {manager.py:878} INFO - 
================================================================================
DAG File Processing Stats

File Path                                PID    Runtime      # DAGs    # Errors  Last Runtime    Last Run
---------------------------------------  -----  ---------  --------  ----------  --------------  -------------------
/opt/airflow/dags/lakehouse_pipeline.py                           1           0  0.31s           2026-09-22T06:42:38
================================================================================
[2026-09-22T06:43:32.343+0000] {manager.py:878} INFO - 
================================================================================
DAG File Processing Stats

File Path                                PID    Runtime      # DAGs    # Errors  Last Runtime    Last Run
---------------------------------------  -----  ---------  --------  ----------  --------------  -------------------
/opt/airflow/dags/lakehouse_pipeline.py                           1           0  0.13s           2026-09-22T06:43:08
================================================================================
[2026-09-22T06:44:02.533+0000] {manager.py:878} INFO - 
================================================================================
DAG File Processing Stats

File Path                                PID    Runtime      # DAGs    # Errors  Last Runtime    Last Run
---------------------------------------  -----  ---------  --------  ----------  --------------  -------------------
/opt/airflow/dags/lakehouse_pipeline.py                           1           0  0.11s           2026-09-22T06:43:38
================================================================================
[2026-09-22T06:44:32.786+0000] {manager.py:878} INFO - 
================================================================================
DAG File Processing Stats

File Path                                PID    Runtime      # DAGs    # Errors  Last Runtime    Last Run
---------------------------------------  -----  ---------  --------  ----------  --------------  -------------------
/opt/airflow/dags/lakehouse_pipeline.py                           1           0  0.14s           2026-09-22T06:44:08
================================================================================
[2026-09-22T06:45:03.058+0000] {manager.py:878} INFO - 
================================================================================
DAG File Processing Stats

File Path                                PID    Runtime      # DAGs    # Errors  Last Runtime    Last Run
---------------------------------------  -----  ---------  --------  ----------  --------------  -------------------
/opt/airflow/dags/lakehouse_pipeline.py                           1           0  0.14s           2026-09-22T06:44:38
================================================================================
[2026-09-22T06:45:33.258+0000] {manager.py:878} INFO - 
================================================================================
DAG File Processing Stats

File Path                                PID    Runtime      # DAGs    # Errors  Last Runtime    Last Run
---------------------------------------  -----  ---------  --------  ----------  --------------  -------------------
/opt/airflow/dags/lakehouse_pipeline.py                           1           0  0.14s           2026-09-22T06:45:09
================================================================================
[2026-09-22T06:46:03.537+0000] {manager.py:878} INFO - 
================================================================================
DAG File Processing Stats

File Path                                PID    Runtime      # DAGs    # Errors  Last Runtime    Last Run
---------------------------------------  -----  ---------  --------  ----------  --------------  -------------------
/opt/airflow/dags/lakehouse_pipeline.py                           1           0  0.14s           2026-09-22T06:45:39
================================================================================
[2026-09-22T06:46:33.731+0000] {manager.py:878} INFO - 
================================================================================
DAG File Processing Stats

File Path                                PID    Runtime      # DAGs    # Errors  Last Runtime    Last Run
---------------------------------------  -----  ---------  --------  ----------  --------------  -------------------
/opt/airflow/dags/lakehouse_pipeline.py                           1           0  0.15s           2026-09-22T06:46:09
================================================================================
[2026-09-22T06:47:03.995+0000] {manager.py:878} INFO - 
================================================================================
DAG File Processing Stats

File Path                                PID    Runtime      # DAGs    # Errors  Last Runtime    Last Run
---------------------------------------  -----  ---------  --------  ----------  --------------  -------------------
/opt/airflow/dags/lakehouse_pipeline.py                           1           0  0.13s           2026-09-22T06:46:39
================================================================================
[2026-09-22T06:47:34.198+0000] {manager.py:878} INFO - 
================================================================================
DAG File Processing Stats

File Path                                PID    Runtime      # DAGs    # Errors  Last Runtime    Last Run
---------------------------------------  -----  ---------  --------  ----------  --------------  -------------------
/opt/airflow/dags/lakehouse_pipeline.py                           1           0  0.15s           2026-09-22T06:47:10
================================================================================
[2026-09-22T06:47:53.430+0000] {manager.py:737} INFO - Searching for files in /opt/airflow/dags
[2026-09-22T06:47:53.455+0000] {manager.py:740} INFO - There are 1 files in /opt/airflow/dags
[2026-09-22T06:48:04.530+0000] {manager.py:878} INFO - 
================================================================================
DAG File Processing Stats

File Path                                PID    Runtime      # DAGs    # Errors  Last Runtime    Last Run
---------------------------------------  -----  ---------  --------  ----------  --------------  -------------------
/opt/airflow/dags/lakehouse_pipeline.py                           1           0  0.12s           2026-09-22T06:47:40
================================================================================
[2026-09-22T06:48:34.742+0000] {manager.py:878} INFO - 
================================================================================
DAG File Processing Stats

File Path                                PID    Runtime      # DAGs    # Errors  Last Runtime    Last Run
---------------------------------------  -----  ---------  --------  ----------  --------------  -------------------
/opt/airflow/dags/lakehouse_pipeline.py                           1           0  0.13s           2026-09-22T06:48:10
================================================================================
[2026-09-22T06:49:05.031+0000] {manager.py:878} INFO - 
================================================================================
DAG File Processing Stats

File Path                                PID    Runtime      # DAGs    # Errors  Last Runtime    Last Run
---------------------------------------  -----  ---------  --------  ----------  --------------  -------------------
/opt/airflow/dags/lakehouse_pipeline.py                           1           0  0.13s           2026-09-22T06:48:40
================================================================================
[2026-09-22T06:49:35.220+0000] {manager.py:878} INFO - 
================================================================================
DAG File Processing Stats

File Path                                PID    Runtime      # DAGs    # Errors  Last Runtime    Last Run
---------------------------------------  -----  ---------  --------  ----------  --------------  -------------------
/opt/airflow/dags/lakehouse_pipeline.py                           1           0  0.12s           2026-09-22T06:49:11
================================================================================
[2026-09-22T06:50:05.513+0000] {manager.py:878} INFO - 
================================================================================
DAG File Processing Stats

File Path                                PID    Runtime      # DAGs    # Errors  Last Runtime    Last Run
---------------------------------------  -----  ---------  --------  ----------  --------------  -------------------
/opt/airflow/dags/lakehouse_pipeline.py                           1           0  0.13s           2026-09-22T06:49:41
================================================================================
[2026-09-22T06:50:35.706+0000] {manager.py:878} INFO - 
================================================================================
DAG File Processing Stats

File Path                                PID    Runtime      # DAGs    # Errors  Last Runtime    Last Run
---------------------------------------  -----  ---------  --------  ----------  --------------  -------------------
/opt/airflow/dags/lakehouse_pipeline.py                           1           0  0.12s           2026-09-22T06:50:11
================================================================================
[2026-09-22T06:51:05.987+0000] {manager.py:878} INFO - 
================================================================================
DAG File Processing Stats

File Path                                PID    Runtime      # DAGs    # Errors  Last Runtime    Last Run
---------------------------------------  -----  ---------  --------  ----------  --------------  -------------------
/opt/airflow/dags/lakehouse_pipeline.py                           1           0  0.12s           2026-09-22T06:50:41
================================================================================
[2026-09-22T06:51:36.187+0000] {manager.py:878} INFO - 
================================================================================
DAG File Processing Stats

File Path                                PID    Runtime      # DAGs    # Errors  Last Runtime    Last Run
---------------------------------------  -----  ---------  --------  ----------  --------------  -------------------
/opt/airflow/dags/lakehouse_pipeline.py                           1           0  0.12s           2026-09-22T06:51:12
================================================================================
[2026-09-22T06:52:06.464+0000] {manager.py:878} INFO - 
================================================================================
DAG File Processing Stats

File Path                                PID    Runtime      # DAGs    # Errors  Last Runtime    Last Run
---------------------------------------  -----  ---------  --------  ----------  --------------  -------------------
/opt/airflow/dags/lakehouse_pipeline.py                           1           0  0.11s           2026-09-22T06:51:42
================================================================================
[2026-09-22T06:52:36.660+0000] {manager.py:878} INFO - 
================================================================================
DAG File Processing Stats

File Path                                PID    Runtime      # DAGs    # Errors  Last Runtime    Last Run
---------------------------------------  -----  ---------  --------  ----------  --------------  -------------------
/opt/airflow/dags/lakehouse_pipeline.py                           1           0  0.12s           2026-09-22T06:52:12
================================================================================
[2026-09-22T06:52:53.837+0000] {manager.py:737} INFO - Searching for files in /opt/airflow/dags
[2026-09-22T06:52:53.861+0000] {manager.py:740} INFO - There are 1 files in /opt/airflow/dags
[2026-09-22T06:53:06.966+0000] {manager.py:878} INFO - 
================================================================================
DAG File Processing Stats

File Path                                PID    Runtime      # DAGs    # Errors  Last Runtime    Last Run
---------------------------------------  -----  ---------  --------  ----------  --------------  -------------------
/opt/airflow/dags/lakehouse_pipeline.py                           1           0  0.12s           2026-09-22T06:52:42
================================================================================
[2026-09-22T06:53:37.167+0000] {manager.py:878} INFO - 
================================================================================
DAG File Processing Stats

File Path                                PID    Runtime      # DAGs    # Errors  Last Runtime    Last Run
---------------------------------------  -----  ---------  --------  ----------  --------------  -------------------
/opt/airflow/dags/lakehouse_pipeline.py                           1           0  0.11s           2026-09-22T06:53:13
================================================================================
[2026-09-22T06:54:07.435+0000] {manager.py:878} INFO - 
================================================================================
DAG File Processing Stats

File Path                                PID    Runtime      # DAGs    # Errors  Last Runtime    Last Run
---------------------------------------  -----  ---------  --------  ----------  --------------  -------------------
/opt/airflow/dags/lakehouse_pipeline.py                           1           0  0.12s           2026-09-22T06:53:43
================================================================================
[2026-09-22T06:54:37.640+0000] {manager.py:878} INFO - 
================================================================================
DAG File Processing Stats

File Path                                PID    Runtime      # DAGs    # Errors  Last Runtime    Last Run
---------------------------------------  -----  ---------  --------  ----------  --------------  -------------------
/opt/airflow/dags/lakehouse_pipeline.py                           1           0  0.11s           2026-09-22T06:54:13
================================================================================
[2026-09-22T06:55:07.860+0000] {manager.py:878} INFO - 
================================================================================
DAG File Processing Stats

File Path                                PID    Runtime      # DAGs    # Errors  Last Runtime    Last Run
---------------------------------------  -----  ---------  --------  ----------  --------------  -------------------
/opt/airflow/dags/lakehouse_pipeline.py                           1           0  0.12s           2026-09-22T06:54:43
================================================================================
[2026-09-22T06:55:38.072+0000] {manager.py:878} INFO - 
================================================================================
DAG File Processing Stats

File Path                                PID    Runtime      # DAGs    # Errors  Last Runtime    Last Run
---------------------------------------  -----  ---------  --------  ----------  --------------  -------------------
/opt/airflow/dags/lakehouse_pipeline.py                           1           0  0.12s           2026-09-22T06:55:14
================================================================================
[2026-09-22T06:56:08.310+0000] {manager.py:878} INFO - 
================================================================================
DAG File Processing Stats

File Path                                PID    Runtime      # DAGs    # Errors  Last Runtime    Last Run
---------------------------------------  -----  ---------  --------  ----------  --------------  -------------------
/opt/airflow/dags/lakehouse_pipeline.py                           1           0  0.13s           2026-09-22T06:55:44
================================================================================
[2026-09-22T06:56:38.518+0000] {manager.py:878} INFO - 
================================================================================
DAG File Processing Stats

File Path                                PID    Runtime      # DAGs    # Errors  Last Runtime    Last Run
---------------------------------------  -----  ---------  --------  ----------  --------------  -------------------
/opt/airflow/dags/lakehouse_pipeline.py                           1           0  0.13s           2026-09-22T06:56:14
================================================================================
[2026-09-22T06:57:08.805+0000] {manager.py:878} INFO - 
================================================================================
DAG File Processing Stats

File Path                                PID    Runtime      # DAGs    # Errors  Last Runtime    Last Run
---------------------------------------  -----  ---------  --------  ----------  --------------  -------------------
/opt/airflow/dags/lakehouse_pipeline.py                           1           0  0.12s           2026-09-22T06:56:44
================================================================================
[2026-09-22T06:57:39.086+0000] {manager.py:878} INFO - 
================================================================================
DAG File Processing Stats

File Path                                PID    Runtime      # DAGs    # Errors  Last Runtime    Last Run
---------------------------------------  -----  ---------  --------  ----------  --------------  -------------------
/opt/airflow/dags/lakehouse_pipeline.py                           1           0  0.29s           2026-09-22T06:57:15
================================================================================
[2026-09-22T06:57:54.591+0000] {manager.py:737} INFO - Searching for files in /opt/airflow/dags
[2026-09-22T06:57:54.671+0000] {manager.py:740} INFO - There are 1 files in /opt/airflow/dags
[2026-09-22T06:58:09.785+0000] {manager.py:878} INFO - 
================================================================================
DAG File Processing Stats

File Path                                PID    Runtime      # DAGs    # Errors  Last Runtime    Last Run
---------------------------------------  -----  ---------  --------  ----------  --------------  -------------------
/opt/airflow/dags/lakehouse_pipeline.py                           1           0  0.30s           2026-09-22T06:57:45
================================================================================
[2026-09-22T06:58:40.018+0000] {manager.py:878} INFO - 
================================================================================
DAG File Processing Stats

File Path                                PID    Runtime      # DAGs    # Errors  Last Runtime    Last Run
---------------------------------------  -----  ---------  --------  ----------  --------------  -------------------
/opt/airflow/dags/lakehouse_pipeline.py                           1           0  0.41s           2026-09-22T06:58:16
================================================================================
[2026-09-22T06:59:10.713+0000] {manager.py:878} INFO - 
================================================================================
DAG File Processing Stats

File Path                                PID    Runtime      # DAGs    # Errors  Last Runtime    Last Run
---------------------------------------  -----  ---------  --------  ----------  --------------  -------------------
/opt/airflow/dags/lakehouse_pipeline.py                           1           0  0.21s           2026-09-22T06:58:46
================================================================================
[2026-09-22T06:59:41.086+0000] {manager.py:878} INFO - 
================================================================================
DAG File Processing Stats

File Path                                PID    Runtime      # DAGs    # Errors  Last Runtime    Last Run
---------------------------------------  -----  ---------  --------  ----------  --------------  -------------------
/opt/airflow/dags/lakehouse_pipeline.py                           1           0  0.18s           2026-09-22T06:59:16
================================================================================
[2026-09-22T07:00:11.276+0000] {manager.py:878} INFO - 
================================================================================
DAG File Processing Stats

File Path                                PID    Runtime      # DAGs    # Errors  Last Runtime    Last Run
---------------------------------------  -----  ---------  --------  ----------  --------------  -------------------
/opt/airflow/dags/lakehouse_pipeline.py                           1           0  0.16s           2026-09-22T06:59:47
================================================================================
[2026-09-22T07:00:41.477+0000] {manager.py:878} INFO - 
================================================================================
DAG File Processing Stats

File Path                                PID    Runtime      # DAGs    # Errors  Last Runtime    Last Run
---------------------------------------  -----  ---------  --------  ----------  --------------  -------------------
/opt/airflow/dags/lakehouse_pipeline.py                           1           0  0.12s           2026-09-22T07:00:17
================================================================================
[2026-09-22T07:01:11.750+0000] {manager.py:878} INFO - 
================================================================================
DAG File Processing Stats

File Path                                PID    Runtime      # DAGs    # Errors  Last Runtime    Last Run
---------------------------------------  -----  ---------  --------  ----------  --------------  -------------------
/opt/airflow/dags/lakehouse_pipeline.py                           1           0  0.14s           2026-09-22T07:00:47
================================================================================
[2026-09-22T07:01:41.950+0000] {manager.py:878} INFO - 
================================================================================
DAG File Processing Stats

File Path                                PID    Runtime      # DAGs    # Errors  Last Runtime    Last Run
---------------------------------------  -----  ---------  --------  ----------  --------------  -------------------
/opt/airflow/dags/lakehouse_pipeline.py                           1           0  0.14s           2026-09-22T07:01:17
================================================================================
[2026-09-22T07:02:12.217+0000] {manager.py:878} INFO - 
================================================================================
DAG File Processing Stats

File Path                                PID    Runtime      # DAGs    # Errors  Last Runtime    Last Run
---------------------------------------  -----  ---------  --------  ----------  --------------  -------------------
/opt/airflow/dags/lakehouse_pipeline.py                           1           0  0.19s           2026-09-22T07:01:48
================================================================================
[2026-09-22T07:02:42.478+0000] {manager.py:878} INFO - 
================================================================================
DAG File Processing Stats

File Path                                PID    Runtime      # DAGs    # Errors  Last Runtime    Last Run
---------------------------------------  -----  ---------  --------  ----------  --------------  -------------------
/opt/airflow/dags/lakehouse_pipeline.py                           1           0  0.15s           2026-09-22T07:02:18
================================================================================
[2026-09-22T07:02:54.595+0000] {manager.py:737} INFO - Searching for files in /opt/airflow/dags
[2026-09-22T07:02:54.621+0000] {manager.py:740} INFO - There are 1 files in /opt/airflow/dags
[2026-09-22T07:03:12.727+0000] {manager.py:878} INFO - 
================================================================================
DAG File Processing Stats

File Path                                PID    Runtime      # DAGs    # Errors  Last Runtime    Last Run
---------------------------------------  -----  ---------  --------  ----------  --------------  -------------------
/opt/airflow/dags/lakehouse_pipeline.py                           1           0  0.13s           2026-09-22T07:02:48
================================================================================
[2026-09-22T07:03:42.945+0000] {manager.py:878} INFO - 
================================================================================
DAG File Processing Stats

File Path                                PID    Runtime      # DAGs    # Errors  Last Runtime    Last Run
---------------------------------------  -----  ---------  --------  ----------  --------------  -------------------
/opt/airflow/dags/lakehouse_pipeline.py                           1           0  0.14s           2026-09-22T07:03:18
================================================================================
[2026-09-22T07:04:13.244+0000] {manager.py:878} INFO - 
================================================================================
DAG File Processing Stats

File Path                                PID    Runtime      # DAGs    # Errors  Last Runtime    Last Run
---------------------------------------  -----  ---------  --------  ----------  --------------  -------------------
/opt/airflow/dags/lakehouse_pipeline.py                           1           0  0.14s           2026-09-22T07:03:49
================================================================================
[2026-09-22T07:04:43.445+0000] {manager.py:878} INFO - 
================================================================================
DAG File Processing Stats

File Path                                PID    Runtime      # DAGs    # Errors  Last Runtime    Last Run
---------------------------------------  -----  ---------  --------  ----------  --------------  -------------------
/opt/airflow/dags/lakehouse_pipeline.py                           1           0  0.12s           2026-09-22T07:04:19
================================================================================
[2026-09-22T07:05:13.700+0000] {manager.py:878} INFO - 
================================================================================
DAG File Processing Stats

File Path                                PID    Runtime      # DAGs    # Errors  Last Runtime    Last Run
---------------------------------------  -----  ---------  --------  ----------  --------------  -------------------
/opt/airflow/dags/lakehouse_pipeline.py                           1           0  0.13s           2026-09-22T07:04:49
================================================================================
[2026-09-22T07:05:43.928+0000] {manager.py:878} INFO - 
================================================================================
DAG File Processing Stats

File Path                                PID    Runtime      # DAGs    # Errors  Last Runtime    Last Run
---------------------------------------  -----  ---------  --------  ----------  --------------  -------------------
/opt/airflow/dags/lakehouse_pipeline.py                           1           0  0.12s           2026-09-22T07:05:19
================================================================================
[2026-09-22T07:06:14.200+0000] {manager.py:878} INFO - 
================================================================================
DAG File Processing Stats

File Path                                PID    Runtime      # DAGs    # Errors  Last Runtime    Last Run
---------------------------------------  -----  ---------  --------  ----------  --------------  -------------------
/opt/airflow/dags/lakehouse_pipeline.py                           1           0  0.13s           2026-09-22T07:05:50
================================================================================
[2026-09-22T07:06:44.386+0000] {manager.py:878} INFO - 
================================================================================
DAG File Processing Stats

File Path                                PID    Runtime      # DAGs    # Errors  Last Runtime    Last Run
---------------------------------------  -----  ---------  --------  ----------  --------------  -------------------
/opt/airflow/dags/lakehouse_pipeline.py                           1           0  0.15s           2026-09-22T07:06:20
================================================================================
[2026-09-22T07:07:14.705+0000] {manager.py:878} INFO - 
================================================================================
DAG File Processing Stats

File Path                                PID    Runtime      # DAGs    # Errors  Last Runtime    Last Run
---------------------------------------  -----  ---------  --------  ----------  --------------  -------------------
/opt/airflow/dags/lakehouse_pipeline.py                           1           0  0.15s           2026-09-22T07:06:50
================================================================================
[2026-09-22T07:07:44.893+0000] {manager.py:878} INFO - 
================================================================================
DAG File Processing Stats

File Path                                PID    Runtime      # DAGs    # Errors  Last Runtime    Last Run
---------------------------------------  -----  ---------  --------  ----------  --------------  -------------------
/opt/airflow/dags/lakehouse_pipeline.py                           1           0  0.12s           2026-09-22T07:07:20
================================================================================
[2026-09-22T07:07:55.043+0000] {manager.py:737} INFO - Searching for files in /opt/airflow/dags
[2026-09-22T07:07:55.076+0000] {manager.py:740} INFO - There are 1 files in /opt/airflow/dags
[2026-09-22T07:08:15.222+0000] {manager.py:878} INFO - 
================================================================================
DAG File Processing Stats

File Path                                PID    Runtime      # DAGs    # Errors  Last Runtime    Last Run
---------------------------------------  -----  ---------  --------  ----------  --------------  -------------------
/opt/airflow/dags/lakehouse_pipeline.py                           1           0  0.13s           2026-09-22T07:07:51
================================================================================
[2026-09-22T07:08:45.425+0000] {manager.py:878} INFO - 
================================================================================
DAG File Processing Stats

File Path                                PID    Runtime      # DAGs    # Errors  Last Runtime    Last Run
---------------------------------------  -----  ---------  --------  ----------  --------------  -------------------
/opt/airflow/dags/lakehouse_pipeline.py                           1           0  0.12s           2026-09-22T07:08:21
================================================================================
[2026-09-22T07:09:15.683+0000] {manager.py:878} INFO - 
================================================================================
DAG File Processing Stats

File Path                                PID    Runtime      # DAGs    # Errors  Last Runtime    Last Run
---------------------------------------  -----  ---------  --------  ----------  --------------  -------------------
/opt/airflow/dags/lakehouse_pipeline.py                           1           0  0.13s           2026-09-22T07:08:51
================================================================================
[2026-09-22T07:09:45.923+0000] {manager.py:878} INFO - 
================================================================================
DAG File Processing Stats

File Path                                PID    Runtime      # DAGs    # Errors  Last Runtime    Last Run
---------------------------------------  -----  ---------  --------  ----------  --------------  -------------------
/opt/airflow/dags/lakehouse_pipeline.py                           1           0  0.13s           2026-09-22T07:09:21
================================================================================
[2026-09-22T07:10:16.156+0000] {manager.py:878} INFO - 
================================================================================
DAG File Processing Stats

File Path                                PID    Runtime      # DAGs    # Errors  Last Runtime    Last Run
---------------------------------------  -----  ---------  --------  ----------  --------------  -------------------
/opt/airflow/dags/lakehouse_pipeline.py                           1           0  0.11s           2026-09-22T07:09:52
================================================================================
[2026-09-22T07:10:46.370+0000] {manager.py:878} INFO - 
================================================================================
DAG File Processing Stats

File Path                                PID    Runtime      # DAGs    # Errors  Last Runtime    Last Run
---------------------------------------  -----  ---------  --------  ----------  --------------  -------------------
/opt/airflow/dags/lakehouse_pipeline.py                           1           0  0.13s           2026-09-22T07:10:22
================================================================================
[2026-09-22T07:11:16.639+0000] {manager.py:878} INFO - 
================================================================================
DAG File Processing Stats

File Path                                PID    Runtime      # DAGs    # Errors  Last Runtime    Last Run
---------------------------------------  -----  ---------  --------  ----------  --------------  -------------------
/opt/airflow/dags/lakehouse_pipeline.py                           1           0  0.14s           2026-09-22T07:10:52
================================================================================
[2026-09-22T07:11:46.929+0000] {manager.py:878} INFO - 
================================================================================
DAG File Processing Stats

File Path                                PID    Runtime      # DAGs    # Errors  Last Runtime    Last Run
---------------------------------------  -----  ---------  --------  ----------  --------------  -------------------
/opt/airflow/dags/lakehouse_pipeline.py                           1           0  0.13s           2026-09-22T07:11:22
================================================================================
[2026-09-22T07:12:17.135+0000] {manager.py:878} INFO - 
================================================================================
DAG File Processing Stats

File Path                                PID    Runtime      # DAGs    # Errors  Last Runtime    Last Run
---------------------------------------  -----  ---------  --------  ----------  --------------  -------------------
/opt/airflow/dags/lakehouse_pipeline.py                           1           0  0.17s           2026-09-22T07:11:53
================================================================================
[2026-09-22T07:12:47.445+0000] {manager.py:878} INFO - 
================================================================================
DAG File Processing Stats

File Path                                PID    Runtime      # DAGs    # Errors  Last Runtime    Last Run
---------------------------------------  -----  ---------  --------  ----------  --------------  -------------------
/opt/airflow/dags/lakehouse_pipeline.py                           1           0  0.11s           2026-09-22T07:12:23
================================================================================
[2026-09-22T07:12:55.510+0000] {manager.py:737} INFO - Searching for files in /opt/airflow/dags
[2026-09-22T07:12:55.531+0000] {manager.py:740} INFO - There are 1 files in /opt/airflow/dags
[2026-09-22T07:13:17.676+0000] {manager.py:878} INFO - 
================================================================================
DAG File Processing Stats

File Path                                PID    Runtime      # DAGs    # Errors  Last Runtime    Last Run
---------------------------------------  -----  ---------  --------  ----------  --------------  -------------------
/opt/airflow/dags/lakehouse_pipeline.py                           1           0  0.12s           2026-09-22T07:12:53
================================================================================
[2026-09-22T07:13:47.897+0000] {manager.py:878} INFO - 
================================================================================
DAG File Processing Stats

File Path                                PID    Runtime      # DAGs    # Errors  Last Runtime    Last Run
---------------------------------------  -----  ---------  --------  ----------  --------------  -------------------
/opt/airflow/dags/lakehouse_pipeline.py                           1           0  0.12s           2026-09-22T07:13:23
================================================================================
[2026-09-22T07:14:18.144+0000] {manager.py:878} INFO - 
================================================================================
DAG File Processing Stats

File Path                                PID    Runtime      # DAGs    # Errors  Last Runtime    Last Run
---------------------------------------  -----  ---------  --------  ----------  --------------  -------------------
/opt/airflow/dags/lakehouse_pipeline.py                           1           0  0.13s           2026-09-22T07:13:54
================================================================================
[2026-09-22T07:14:48.377+0000] {manager.py:878} INFO - 
================================================================================
DAG File Processing Stats

File Path                                PID    Runtime      # DAGs    # Errors  Last Runtime    Last Run
---------------------------------------  -----  ---------  --------  ----------  --------------  -------------------
/opt/airflow/dags/lakehouse_pipeline.py                           1           0  0.12s           2026-09-22T07:14:24
================================================================================
[2026-09-22T07:15:18.611+0000] {manager.py:878} INFO - 
================================================================================
DAG File Processing Stats

File Path                                PID    Runtime      # DAGs    # Errors  Last Runtime    Last Run
---------------------------------------  -----  ---------  --------  ----------  --------------  -------------------
/opt/airflow/dags/lakehouse_pipeline.py                           1           0  0.13s           2026-09-22T07:14:54
================================================================================
[2026-09-22T07:15:48.879+0000] {manager.py:878} INFO - 
================================================================================
DAG File Processing Stats

File Path                                PID    Runtime      # DAGs    # Errors  Last Runtime    Last Run
---------------------------------------  -----  ---------  --------  ----------  --------------  -------------------
/opt/airflow/dags/lakehouse_pipeline.py                           1           0  0.14s           2026-09-22T07:15:24
================================================================================
[2026-09-22T07:16:19.093+0000] {manager.py:878} INFO - 
================================================================================
DAG File Processing Stats

File Path                                PID    Runtime      # DAGs    # Errors  Last Runtime    Last Run
---------------------------------------  -----  ---------  --------  ----------  --------------  -------------------
/opt/airflow/dags/lakehouse_pipeline.py                           1           0  0.15s           2026-09-22T07:15:55
================================================================================
[2026-09-22T07:16:49.414+0000] {manager.py:878} INFO - 
================================================================================
DAG File Processing Stats

File Path                                PID    Runtime      # DAGs    # Errors  Last Runtime    Last Run
---------------------------------------  -----  ---------  --------  ----------  --------------  -------------------
/opt/airflow/dags/lakehouse_pipeline.py                           1           0  0.22s           2026-09-22T07:16:25
================================================================================
[2026-09-22T07:17:19.674+0000] {manager.py:878} INFO - 
================================================================================
DAG File Processing Stats

File Path                                PID    Runtime      # DAGs    # Errors  Last Runtime    Last Run
---------------------------------------  -----  ---------  --------  ----------  --------------  -------------------
/opt/airflow/dags/lakehouse_pipeline.py                           1           0  0.23s           2026-09-22T07:16:55
================================================================================
[2026-09-22T07:17:49.904+0000] {manager.py:878} INFO - 
================================================================================
DAG File Processing Stats

File Path                                PID    Runtime      # DAGs    # Errors  Last Runtime    Last Run
---------------------------------------  -----  ---------  --------  ----------  --------------  -------------------
/opt/airflow/dags/lakehouse_pipeline.py                           1           0  0.13s           2026-09-22T07:17:25
================================================================================
[2026-09-22T07:17:55.940+0000] {manager.py:737} INFO - Searching for files in /opt/airflow/dags
[2026-09-22T07:17:55.961+0000] {manager.py:740} INFO - There are 1 files in /opt/airflow/dags
[2026-09-22T07:18:20.163+0000] {manager.py:878} INFO - 
================================================================================
DAG File Processing Stats

File Path                                PID    Runtime      # DAGs    # Errors  Last Runtime    Last Run
---------------------------------------  -----  ---------  --------  ----------  --------------  -------------------
/opt/airflow/dags/lakehouse_pipeline.py                           1           0  0.13s           2026-09-22T07:17:56
================================================================================
[2026-09-22T07:18:50.420+0000] {manager.py:878} INFO - 
================================================================================
DAG File Processing Stats

File Path                                PID    Runtime      # DAGs    # Errors  Last Runtime    Last Run
---------------------------------------  -----  ---------  --------  ----------  --------------  -------------------
/opt/airflow/dags/lakehouse_pipeline.py                           1           0  0.13s           2026-09-22T07:18:26
================================================================================
[2026-09-22T07:19:20.633+0000] {manager.py:878} INFO - 
================================================================================
DAG File Processing Stats

File Path                                PID    Runtime      # DAGs    # Errors  Last Runtime    Last Run
---------------------------------------  -----  ---------  --------  ----------  --------------  -------------------
/opt/airflow/dags/lakehouse_pipeline.py                           1           0  0.14s           2026-09-22T07:18:56
================================================================================
[2026-09-22T07:19:50.886+0000] {manager.py:878} INFO - 
================================================================================
DAG File Processing Stats

File Path                                PID    Runtime      # DAGs    # Errors  Last Runtime    Last Run
---------------------------------------  -----  ---------  --------  ----------  --------------  -------------------
/opt/airflow/dags/lakehouse_pipeline.py                           1           0  0.12s           2026-09-22T07:19:26
================================================================================
[2026-09-22T07:20:21.090+0000] {manager.py:878} INFO - 
================================================================================
DAG File Processing Stats

File Path                                PID    Runtime      # DAGs    # Errors  Last Runtime    Last Run
---------------------------------------  -----  ---------  --------  ----------  --------------  -------------------
/opt/airflow/dags/lakehouse_pipeline.py                           1           0  0.12s           2026-09-22T07:19:57
================================================================================
[2026-09-22T07:20:51.351+0000] {manager.py:878} INFO - 
================================================================================
DAG File Processing Stats

File Path                                PID    Runtime      # DAGs    # Errors  Last Runtime    Last Run
---------------------------------------  -----  ---------  --------  ----------  --------------  -------------------
/opt/airflow/dags/lakehouse_pipeline.py                           1           0  0.13s           2026-09-22T07:20:27
================================================================================
[2026-09-22T07:21:21.565+0000] {manager.py:878} INFO - 
================================================================================
DAG File Processing Stats

File Path                                PID    Runtime      # DAGs    # Errors  Last Runtime    Last Run
---------------------------------------  -----  ---------  --------  ----------  --------------  -------------------
/opt/airflow/dags/lakehouse_pipeline.py                           1           0  0.13s           2026-09-22T07:20:57
================================================================================
[2026-09-22T07:21:51.842+0000] {manager.py:878} INFO - 
================================================================================
DAG File Processing Stats

File Path                                PID    Runtime      # DAGs    # Errors  Last Runtime    Last Run
---------------------------------------  -----  ---------  --------  ----------  --------------  -------------------
/opt/airflow/dags/lakehouse_pipeline.py                           1           0  0.11s           2026-09-22T07:21:27
================================================================================
[2026-09-22T07:22:22.039+0000] {manager.py:878} INFO - 
================================================================================
DAG File Processing Stats

File Path                                PID    Runtime      # DAGs    # Errors  Last Runtime    Last Run
---------------------------------------  -----  ---------  --------  ----------  --------------  -------------------
/opt/airflow/dags/lakehouse_pipeline.py                           1           0  0.11s           2026-09-22T07:21:57
================================================================================
[2026-09-22T07:22:52.285+0000] {manager.py:878} INFO - 
================================================================================
DAG File Processing Stats

File Path                                PID    Runtime      # DAGs    # Errors  Last Runtime    Last Run
---------------------------------------  -----  ---------  --------  ----------  --------------  -------------------
/opt/airflow/dags/lakehouse_pipeline.py                           1           0  0.12s           2026-09-22T07:22:28
================================================================================
[2026-09-22T07:22:56.309+0000] {manager.py:737} INFO - Searching for files in /opt/airflow/dags
[2026-09-22T07:22:56.332+0000] {manager.py:740} INFO - There are 1 files in /opt/airflow/dags
[2026-09-22T07:23:22.525+0000] {manager.py:878} INFO - 
================================================================================
DAG File Processing Stats

File Path                                PID    Runtime      # DAGs    # Errors  Last Runtime    Last Run
---------------------------------------  -----  ---------  --------  ----------  --------------  -------------------
/opt/airflow/dags/lakehouse_pipeline.py                           1           0  0.11s           2026-09-22T07:22:58
================================================================================
[2026-09-22T07:23:52.751+0000] {manager.py:878} INFO - 
================================================================================
DAG File Processing Stats

File Path                                PID    Runtime      # DAGs    # Errors  Last Runtime    Last Run
---------------------------------------  -----  ---------  --------  ----------  --------------  -------------------
/opt/airflow/dags/lakehouse_pipeline.py                           1           0  0.12s           2026-09-22T07:23:28
================================================================================
[2026-09-22T07:24:22.994+0000] {manager.py:878} INFO - 
================================================================================
DAG File Processing Stats

File Path                                PID    Runtime      # DAGs    # Errors  Last Runtime    Last Run
---------------------------------------  -----  ---------  --------  ----------  --------------  -------------------
/opt/airflow/dags/lakehouse_pipeline.py                           1           0  0.11s           2026-09-22T07:23:58
================================================================================
[2026-09-22T07:24:53.222+0000] {manager.py:878} INFO - 
================================================================================
DAG File Processing Stats

File Path                                PID    Runtime      # DAGs    # Errors  Last Runtime    Last Run
---------------------------------------  -----  ---------  --------  ----------  --------------  -------------------
/opt/airflow/dags/lakehouse_pipeline.py                           1           0  0.12s           2026-09-22T07:24:29
================================================================================
[2026-09-22T07:25:23.436+0000] {manager.py:878} INFO - 
================================================================================
DAG File Processing Stats

File Path                                PID    Runtime      # DAGs    # Errors  Last Runtime    Last Run
---------------------------------------  -----  ---------  --------  ----------  --------------  -------------------
/opt/airflow/dags/lakehouse_pipeline.py                           1           0  0.14s           2026-09-22T07:24:59
================================================================================
[2026-09-22T07:25:53.692+0000] {manager.py:878} INFO - 
================================================================================
DAG File Processing Stats

File Path                                PID    Runtime      # DAGs    # Errors  Last Runtime    Last Run
---------------------------------------  -----  ---------  --------  ----------  --------------  -------------------
/opt/airflow/dags/lakehouse_pipeline.py                           1           0  0.13s           2026-09-22T07:25:29
================================================================================
[2026-09-22T07:26:24.057+0000] {manager.py:878} INFO - 
================================================================================
DAG File Processing Stats

File Path                                PID    Runtime      # DAGs    # Errors  Last Runtime    Last Run
---------------------------------------  -----  ---------  --------  ----------  --------------  -------------------
/opt/airflow/dags/lakehouse_pipeline.py                           1           0  0.22s           2026-09-22T07:25:59
================================================================================
[2026-09-22T07:26:54.370+0000] {manager.py:878} INFO - 
================================================================================
DAG File Processing Stats

File Path                                PID    Runtime      # DAGs    # Errors  Last Runtime    Last Run
---------------------------------------  -----  ---------  --------  ----------  --------------  -------------------
/opt/airflow/dags/lakehouse_pipeline.py                           1           0  0.38s           2026-09-22T07:26:30
================================================================================
[2026-09-22T07:27:24.920+0000] {manager.py:878} INFO - 
================================================================================
DAG File Processing Stats

File Path                                PID    Runtime      # DAGs    # Errors  Last Runtime    Last Run
---------------------------------------  -----  ---------  --------  ----------  --------------  -------------------
/opt/airflow/dags/lakehouse_pipeline.py                           1           0  0.25s           2026-09-22T07:27:00
================================================================================
[2026-09-22T07:27:55.132+0000] {manager.py:878} INFO - 
================================================================================
DAG File Processing Stats

File Path                                PID    Runtime      # DAGs    # Errors  Last Runtime    Last Run
---------------------------------------  -----  ---------  --------  ----------  --------------  -------------------
/opt/airflow/dags/lakehouse_pipeline.py                           1           0  0.15s           2026-09-22T07:27:31
================================================================================
[2026-09-22T07:27:57.143+0000] {manager.py:737} INFO - Searching for files in /opt/airflow/dags
[2026-09-22T07:27:57.170+0000] {manager.py:740} INFO - There are 1 files in /opt/airflow/dags
[2026-09-22T07:28:25.418+0000] {manager.py:878} INFO - 
================================================================================
DAG File Processing Stats

File Path                                PID    Runtime      # DAGs    # Errors  Last Runtime    Last Run
---------------------------------------  -----  ---------  --------  ----------  --------------  -------------------
/opt/airflow/dags/lakehouse_pipeline.py                           1           0  0.17s           2026-09-22T07:28:01
================================================================================
[2026-09-22T07:28:55.676+0000] {manager.py:878} INFO - 
================================================================================
DAG File Processing Stats

File Path                                PID    Runtime      # DAGs    # Errors  Last Runtime    Last Run
---------------------------------------  -----  ---------  --------  ----------  --------------  -------------------
/opt/airflow/dags/lakehouse_pipeline.py                           1           0  0.18s           2026-09-22T07:28:31
================================================================================
[2026-09-22T07:29:25.875+0000] {manager.py:878} INFO - 
================================================================================
DAG File Processing Stats

File Path                                PID    Runtime      # DAGs    # Errors  Last Runtime    Last Run
---------------------------------------  -----  ---------  --------  ----------  --------------  -------------------
/opt/airflow/dags/lakehouse_pipeline.py                           1           0  0.14s           2026-09-22T07:29:01
================================================================================
[2026-09-22T07:29:56.153+0000] {manager.py:878} INFO - 
================================================================================
DAG File Processing Stats

File Path                                PID    Runtime      # DAGs    # Errors  Last Runtime    Last Run
---------------------------------------  -----  ---------  --------  ----------  --------------  -------------------
/opt/airflow/dags/lakehouse_pipeline.py                           1           0  0.11s           2026-09-22T07:29:32
================================================================================
[2026-09-22T07:30:26.370+0000] {manager.py:878} INFO - 
================================================================================
DAG File Processing Stats

File Path                                PID    Runtime      # DAGs    # Errors  Last Runtime    Last Run
---------------------------------------  -----  ---------  --------  ----------  --------------  -------------------
/opt/airflow/dags/lakehouse_pipeline.py                           1           0  0.14s           2026-09-22T07:30:02
================================================================================
[2026-09-22T07:30:56.674+0000] {manager.py:878} INFO - 
================================================================================
DAG File Processing Stats

File Path                                PID    Runtime      # DAGs    # Errors  Last Runtime    Last Run
---------------------------------------  -----  ---------  --------  ----------  --------------  -------------------
/opt/airflow/dags/lakehouse_pipeline.py                           1           0  0.15s           2026-09-22T07:30:32
================================================================================
[2026-09-22T07:31:26.891+0000] {manager.py:878} INFO - 
================================================================================
DAG File Processing Stats

File Path                                PID    Runtime      # DAGs    # Errors  Last Runtime    Last Run
---------------------------------------  -----  ---------  --------  ----------  --------------  -------------------
/opt/airflow/dags/lakehouse_pipeline.py                           1           0  0.20s           2026-09-22T07:31:02
================================================================================
[2026-09-22T07:31:57.204+0000] {manager.py:878} INFO - 
================================================================================
DAG File Processing Stats

File Path                                PID    Runtime      # DAGs    # Errors  Last Runtime    Last Run
---------------------------------------  -----  ---------  --------  ----------  --------------  -------------------
/opt/airflow/dags/lakehouse_pipeline.py                           1           0  0.15s           2026-09-22T07:31:33
================================================================================
[2026-09-22T07:32:27.392+0000] {manager.py:878} INFO - 
================================================================================
DAG File Processing Stats

File Path                                PID    Runtime      # DAGs    # Errors  Last Runtime    Last Run
---------------------------------------  -----  ---------  --------  ----------  --------------  -------------------
/opt/airflow/dags/lakehouse_pipeline.py                           1           0  0.13s           2026-09-22T07:32:03
================================================================================
[2026-09-22T07:32:57.673+0000] {manager.py:737} INFO - Searching for files in /opt/airflow/dags
[2026-09-22T07:32:57.696+0000] {manager.py:740} INFO - There are 1 files in /opt/airflow/dags
[2026-09-22T07:32:57.706+0000] {manager.py:878} INFO - 
================================================================================
DAG File Processing Stats

File Path                                PID    Runtime      # DAGs    # Errors  Last Runtime    Last Run
---------------------------------------  -----  ---------  --------  ----------  --------------  -------------------
/opt/airflow/dags/lakehouse_pipeline.py                           1           0  0.14s           2026-09-22T07:32:33
================================================================================
[2026-09-22T07:33:27.889+0000] {manager.py:878} INFO - 
================================================================================
DAG File Processing Stats

File Path                                PID    Runtime      # DAGs    # Errors  Last Runtime    Last Run
---------------------------------------  -----  ---------  --------  ----------  --------------  -------------------
/opt/airflow/dags/lakehouse_pipeline.py                           1           0  0.13s           2026-09-22T07:33:03
================================================================================
[2026-09-22T07:33:58.174+0000] {manager.py:878} INFO - 
================================================================================
DAG File Processing Stats

File Path                                PID    Runtime      # DAGs    # Errors  Last Runtime    Last Run
---------------------------------------  -----  ---------  --------  ----------  --------------  -------------------
/opt/airflow/dags/lakehouse_pipeline.py                           1           0  0.13s           2026-09-22T07:33:34
================================================================================
[2026-09-22T07:34:28.372+0000] {manager.py:878} INFO - 
================================================================================
DAG File Processing Stats

File Path                                PID    Runtime      # DAGs    # Errors  Last Runtime    Last Run
---------------------------------------  -----  ---------  --------  ----------  --------------  -------------------
/opt/airflow/dags/lakehouse_pipeline.py                           1           0  0.12s           2026-09-22T07:34:04
================================================================================
[2026-09-22T07:34:58.615+0000] {manager.py:878} INFO - 
================================================================================
DAG File Processing Stats

File Path                                PID    Runtime      # DAGs    # Errors  Last Runtime    Last Run
---------------------------------------  -----  ---------  --------  ----------  --------------  -------------------
/opt/airflow/dags/lakehouse_pipeline.py                           1           0  0.12s           2026-09-22T07:34:34
================================================================================
[2026-09-22T07:35:28.868+0000] {manager.py:878} INFO - 
================================================================================
DAG File Processing Stats

File Path                                PID    Runtime      # DAGs    # Errors  Last Runtime    Last Run
---------------------------------------  -----  ---------  --------  ----------  --------------  -------------------
/opt/airflow/dags/lakehouse_pipeline.py                           1           0  0.12s           2026-09-22T07:35:04
================================================================================
[2026-09-22T07:35:59.071+0000] {manager.py:878} INFO - 
================================================================================
DAG File Processing Stats

File Path                                PID    Runtime      # DAGs    # Errors  Last Runtime    Last Run
---------------------------------------  -----  ---------  --------  ----------  --------------  -------------------
/opt/airflow/dags/lakehouse_pipeline.py                           1           0  0.21s           2026-09-22T07:35:35
================================================================================
[2026-09-22T07:36:29.454+0000] {manager.py:878} INFO - 
================================================================================
DAG File Processing Stats

File Path                                PID    Runtime      # DAGs    # Errors  Last Runtime    Last Run
---------------------------------------  -----  ---------  --------  ----------  --------------  -------------------
/opt/airflow/dags/lakehouse_pipeline.py                           1           0  0.13s           2026-09-22T07:36:05
================================================================================
[2026-09-22T07:36:59.772+0000] {manager.py:878} INFO - 
================================================================================
DAG File Processing Stats

File Path                                PID    Runtime      # DAGs    # Errors  Last Runtime    Last Run
---------------------------------------  -----  ---------  --------  ----------  --------------  -------------------
/opt/airflow/dags/lakehouse_pipeline.py                           1           0  0.13s           2026-09-22T07:36:35
================================================================================
[2026-09-22T07:37:29.969+0000] {manager.py:878} INFO - 
================================================================================
DAG File Processing Stats

File Path                                PID    Runtime      # DAGs    # Errors  Last Runtime    Last Run
---------------------------------------  -----  ---------  --------  ----------  --------------  -------------------
/opt/airflow/dags/lakehouse_pipeline.py                           1           0  0.13s           2026-09-22T07:37:05
================================================================================
[2026-09-22T07:37:58.233+0000] {manager.py:737} INFO - Searching for files in /opt/airflow/dags
[2026-09-22T07:37:58.259+0000] {manager.py:740} INFO - There are 1 files in /opt/airflow/dags
[2026-09-22T07:38:00.280+0000] {manager.py:878} INFO - 
================================================================================
DAG File Processing Stats

File Path                                PID    Runtime      # DAGs    # Errors  Last Runtime    Last Run
---------------------------------------  -----  ---------  --------  ----------  --------------  -------------------
/opt/airflow/dags/lakehouse_pipeline.py                           1           0  0.28s           2026-09-22T07:37:36
================================================================================
[2026-09-22T07:38:30.611+0000] {manager.py:878} INFO - 
================================================================================
DAG File Processing Stats

File Path                                PID    Runtime      # DAGs    # Errors  Last Runtime    Last Run
---------------------------------------  -----  ---------  --------  ----------  --------------  -------------------
/opt/airflow/dags/lakehouse_pipeline.py                           1           0  0.18s           2026-09-22T07:38:06
================================================================================
[2026-09-22T07:39:00.805+0000] {manager.py:878} INFO - 
================================================================================
DAG File Processing Stats

File Path                                PID    Runtime      # DAGs    # Errors  Last Runtime    Last Run
---------------------------------------  -----  ---------  --------  ----------  --------------  -------------------
/opt/airflow/dags/lakehouse_pipeline.py                           1           0  0.13s           2026-09-22T07:38:36
================================================================================
[2026-09-22T07:39:31.087+0000] {manager.py:878} INFO - 
================================================================================
DAG File Processing Stats

File Path                                PID    Runtime      # DAGs    # Errors  Last Runtime    Last Run
---------------------------------------  -----  ---------  --------  ----------  --------------  -------------------
/opt/airflow/dags/lakehouse_pipeline.py                           1           0  0.15s           2026-09-22T07:39:06
================================================================================
[2026-09-22T07:40:01.313+0000] {manager.py:878} INFO - 
================================================================================
DAG File Processing Stats

File Path                                PID    Runtime      # DAGs    # Errors  Last Runtime    Last Run
---------------------------------------  -----  ---------  --------  ----------  --------------  -------------------
/opt/airflow/dags/lakehouse_pipeline.py                           1           0  0.13s           2026-09-22T07:39:37
================================================================================
[2026-09-22T07:40:31.625+0000] {manager.py:878} INFO - 
================================================================================
DAG File Processing Stats

File Path                                PID    Runtime      # DAGs    # Errors  Last Runtime    Last Run
---------------------------------------  -----  ---------  --------  ----------  --------------  -------------------
/opt/airflow/dags/lakehouse_pipeline.py                           1           0  0.14s           2026-09-22T07:40:07
================================================================================
[2026-09-22T07:41:01.832+0000] {manager.py:878} INFO - 
================================================================================
DAG File Processing Stats

File Path                                PID    Runtime      # DAGs    # Errors  Last Runtime    Last Run
---------------------------------------  -----  ---------  --------  ----------  --------------  -------------------
/opt/airflow/dags/lakehouse_pipeline.py                           1           0  0.11s           2026-09-22T07:40:37
================================================================================
[2026-09-22T07:41:32.117+0000] {manager.py:878} INFO - 
================================================================================
DAG File Processing Stats

File Path                                PID    Runtime      # DAGs    # Errors  Last Runtime    Last Run
---------------------------------------  -----  ---------  --------  ----------  --------------  -------------------
/opt/airflow/dags/lakehouse_pipeline.py                           1           0  0.12s           2026-09-22T07:41:07
================================================================================
[2026-09-22T07:42:02.343+0000] {manager.py:878} INFO - 
================================================================================
DAG File Processing Stats

File Path                                PID    Runtime      # DAGs    # Errors  Last Runtime    Last Run
---------------------------------------  -----  ---------  --------  ----------  --------------  -------------------
/opt/airflow/dags/lakehouse_pipeline.py                           1           0  0.12s           2026-09-22T07:41:38
================================================================================
[2026-09-22T07:42:32.623+0000] {manager.py:878} INFO - 
================================================================================
DAG File Processing Stats

File Path                                PID    Runtime      # DAGs    # Errors  Last Runtime    Last Run
---------------------------------------  -----  ---------  --------  ----------  --------------  -------------------
/opt/airflow/dags/lakehouse_pipeline.py                           1           0  0.14s           2026-09-22T07:42:08
================================================================================
[2026-09-22T07:42:58.803+0000] {manager.py:737} INFO - Searching for files in /opt/airflow/dags
[2026-09-22T07:42:58.824+0000] {manager.py:740} INFO - There are 1 files in /opt/airflow/dags
[2026-09-22T07:43:02.858+0000] {manager.py:878} INFO - 
================================================================================
DAG File Processing Stats

File Path                                PID    Runtime      # DAGs    # Errors  Last Runtime    Last Run
---------------------------------------  -----  ---------  --------  ----------  --------------  -------------------
/opt/airflow/dags/lakehouse_pipeline.py                           1           0  0.11s           2026-09-22T07:42:38
================================================================================
[2026-09-22T07:43:33.088+0000] {manager.py:878} INFO - 
================================================================================
DAG File Processing Stats

File Path                                PID    Runtime      # DAGs    # Errors  Last Runtime    Last Run
---------------------------------------  -----  ---------  --------  ----------  --------------  -------------------
/opt/airflow/dags/lakehouse_pipeline.py                           1           0  0.12s           2026-09-22T07:43:09
================================================================================
[2026-09-22T07:44:03.326+0000] {manager.py:878} INFO - 
================================================================================
DAG File Processing Stats

File Path                                PID    Runtime      # DAGs    # Errors  Last Runtime    Last Run
---------------------------------------  -----  ---------  --------  ----------  --------------  -------------------
/opt/airflow/dags/lakehouse_pipeline.py                           1           0  0.12s           2026-09-22T07:43:39
================================================================================
[2026-09-22T07:44:33.560+0000] {manager.py:878} INFO - 
================================================================================
DAG File Processing Stats

File Path                                PID    Runtime      # DAGs    # Errors  Last Runtime    Last Run
---------------------------------------  -----  ---------  --------  ----------  --------------  -------------------
/opt/airflow/dags/lakehouse_pipeline.py                           1           0  0.12s           2026-09-22T07:44:09
================================================================================
[2026-09-22T07:45:03.800+0000] {manager.py:878} INFO - 
================================================================================
DAG File Processing Stats

File Path                                PID    Runtime      # DAGs    # Errors  Last Runtime    Last Run
---------------------------------------  -----  ---------  --------  ----------  --------------  -------------------
/opt/airflow/dags/lakehouse_pipeline.py                           1           0  0.27s           2026-09-22T07:44:39
================================================================================
[2026-09-22T07:45:34.204+0000] {manager.py:878} INFO - 
================================================================================
DAG File Processing Stats

File Path                                PID    Runtime      # DAGs    # Errors  Last Runtime    Last Run
---------------------------------------  -----  ---------  --------  ----------  --------------  -------------------
/opt/airflow/dags/lakehouse_pipeline.py                           1           0  0.16s           2026-09-22T07:45:10
================================================================================
[2026-09-22T07:46:04.518+0000] {manager.py:878} INFO - 
================================================================================
DAG File Processing Stats

File Path                                PID    Runtime      # DAGs    # Errors  Last Runtime    Last Run
---------------------------------------  -----  ---------  --------  ----------  --------------  -------------------
/opt/airflow/dags/lakehouse_pipeline.py                           1           0  0.14s           2026-09-22T07:45:40
================================================================================
[2026-09-22T07:46:34.730+0000] {manager.py:878} INFO - 
================================================================================
DAG File Processing Stats

File Path                                PID    Runtime      # DAGs    # Errors  Last Runtime    Last Run
---------------------------------------  -----  ---------  --------  ----------  --------------  -------------------
/opt/airflow/dags/lakehouse_pipeline.py                           1           0  0.12s           2026-09-22T07:46:10
================================================================================
[2026-09-22T07:47:04.977+0000] {manager.py:878} INFO - 
================================================================================
DAG File Processing Stats

File Path                                PID    Runtime      # DAGs    # Errors  Last Runtime    Last Run
---------------------------------------  -----  ---------  --------  ----------  --------------  -------------------
/opt/airflow/dags/lakehouse_pipeline.py                           1           0  0.12s           2026-09-22T07:46:40
================================================================================
[2026-09-22T07:47:35.234+0000] {manager.py:878} INFO - 
================================================================================
DAG File Processing Stats

File Path                                PID    Runtime      # DAGs    # Errors  Last Runtime    Last Run
---------------------------------------  -----  ---------  --------  ----------  --------------  -------------------
/opt/airflow/dags/lakehouse_pipeline.py                           1           0  0.12s           2026-09-22T07:47:11
================================================================================
[2026-09-22T07:47:59.419+0000] {manager.py:737} INFO - Searching for files in /opt/airflow/dags
[2026-09-22T07:47:59.444+0000] {manager.py:740} INFO - There are 1 files in /opt/airflow/dags
[2026-09-22T07:48:05.489+0000] {manager.py:878} INFO - 
================================================================================
DAG File Processing Stats

File Path                                PID    Runtime      # DAGs    # Errors  Last Runtime    Last Run
---------------------------------------  -----  ---------  --------  ----------  --------------  -------------------
/opt/airflow/dags/lakehouse_pipeline.py                           1           0  0.26s           2026-09-22T07:47:41
================================================================================
[2026-09-22T07:48:35.917+0000] {manager.py:878} INFO - 
================================================================================
DAG File Processing Stats

File Path                                PID    Runtime      # DAGs    # Errors  Last Runtime    Last Run
---------------------------------------  -----  ---------  --------  ----------  --------------  -------------------
/opt/airflow/dags/lakehouse_pipeline.py                           1           0  0.14s           2026-09-22T07:48:11
================================================================================
[2026-09-22T07:49:06.181+0000] {manager.py:878} INFO - 
================================================================================
DAG File Processing Stats

File Path                                PID    Runtime      # DAGs    # Errors  Last Runtime    Last Run
---------------------------------------  -----  ---------  --------  ----------  --------------  -------------------
/opt/airflow/dags/lakehouse_pipeline.py                           1           0  0.11s           2026-09-22T07:48:42
================================================================================
[2026-09-22T07:49:36.389+0000] {manager.py:878} INFO - 
================================================================================
DAG File Processing Stats

File Path                                PID    Runtime      # DAGs    # Errors  Last Runtime    Last Run
---------------------------------------  -----  ---------  --------  ----------  --------------  -------------------
/opt/airflow/dags/lakehouse_pipeline.py                           1           0  0.16s           2026-09-22T07:49:12
================================================================================
[2026-09-22T07:50:06.678+0000] {manager.py:878} INFO - 
================================================================================
DAG File Processing Stats

File Path                                PID    Runtime      # DAGs    # Errors  Last Runtime    Last Run
---------------------------------------  -----  ---------  --------  ----------  --------------  -------------------
/opt/airflow/dags/lakehouse_pipeline.py                           1           0  0.13s           2026-09-22T07:49:42
================================================================================
[2026-09-22T07:50:36.878+0000] {manager.py:878} INFO - 
================================================================================
DAG File Processing Stats

File Path                                PID    Runtime      # DAGs    # Errors  Last Runtime    Last Run
---------------------------------------  -----  ---------  --------  ----------  --------------  -------------------
/opt/airflow/dags/lakehouse_pipeline.py                           1           0  0.11s           2026-09-22T07:50:12
================================================================================
[2026-09-22T07:51:07.156+0000] {manager.py:878} INFO - 
================================================================================
DAG File Processing Stats

File Path                                PID    Runtime      # DAGs    # Errors  Last Runtime    Last Run
---------------------------------------  -----  ---------  --------  ----------  --------------  -------------------
/opt/airflow/dags/lakehouse_pipeline.py                           1           0  0.29s           2026-09-22T07:50:43
================================================================================
[2026-09-22T07:51:37.547+0000] {manager.py:878} INFO - 
================================================================================
DAG File Processing Stats

File Path                                PID    Runtime      # DAGs    # Errors  Last Runtime    Last Run
---------------------------------------  -----  ---------  --------  ----------  --------------  -------------------
/opt/airflow/dags/lakehouse_pipeline.py                           1           0  0.15s           2026-09-22T07:51:13
================================================================================
[2026-09-22T07:52:07.815+0000] {manager.py:878} INFO - 
================================================================================
DAG File Processing Stats

File Path                                PID    Runtime      # DAGs    # Errors  Last Runtime    Last Run
---------------------------------------  -----  ---------  --------  ----------  --------------  -------------------
/opt/airflow/dags/lakehouse_pipeline.py                           1           0  0.12s           2026-09-22T07:51:43
================================================================================
[2026-09-22T07:52:38.018+0000] {manager.py:878} INFO - 
================================================================================
DAG File Processing Stats

File Path                                PID    Runtime      # DAGs    # Errors  Last Runtime    Last Run
---------------------------------------  -----  ---------  --------  ----------  --------------  -------------------
/opt/airflow/dags/lakehouse_pipeline.py                           1           0  0.11s           2026-09-22T07:52:13
================================================================================
[2026-09-22T07:53:00.218+0000] {manager.py:737} INFO - Searching for files in /opt/airflow/dags
[2026-09-22T07:53:00.242+0000] {manager.py:740} INFO - There are 1 files in /opt/airflow/dags
[2026-09-22T07:53:08.297+0000] {manager.py:878} INFO - 
================================================================================
DAG File Processing Stats

File Path                                PID    Runtime      # DAGs    # Errors  Last Runtime    Last Run
---------------------------------------  -----  ---------  --------  ----------  --------------  -------------------
/opt/airflow/dags/lakehouse_pipeline.py                           1           0  0.13s           2026-09-22T07:52:44
================================================================================
[2026-09-22T07:53:38.497+0000] {manager.py:878} INFO - 
================================================================================
DAG File Processing Stats

File Path                                PID    Runtime      # DAGs    # Errors  Last Runtime    Last Run
---------------------------------------  -----  ---------  --------  ----------  --------------  -------------------
/opt/airflow/dags/lakehouse_pipeline.py                           1           0  0.11s           2026-09-22T07:53:14
================================================================================
[2026-09-22T07:54:08.745+0000] {manager.py:878} INFO - 
================================================================================
DAG File Processing Stats

File Path                                PID    Runtime      # DAGs    # Errors  Last Runtime    Last Run
---------------------------------------  -----  ---------  --------  ----------  --------------  -------------------
/opt/airflow/dags/lakehouse_pipeline.py                           1           0  0.16s           2026-09-22T07:53:44
================================================================================
[2026-09-22T07:54:38.989+0000] {manager.py:878} INFO - 
================================================================================
DAG File Processing Stats

File Path                                PID    Runtime      # DAGs    # Errors  Last Runtime    Last Run
---------------------------------------  -----  ---------  --------  ----------  --------------  -------------------
/opt/airflow/dags/lakehouse_pipeline.py                           1           0  0.13s           2026-09-22T07:54:14
================================================================================
[2026-09-22T07:55:09.205+0000] {manager.py:878} INFO - 
================================================================================
DAG File Processing Stats

File Path                                PID    Runtime      # DAGs    # Errors  Last Runtime    Last Run
---------------------------------------  -----  ---------  --------  ----------  --------------  -------------------
/opt/airflow/dags/lakehouse_pipeline.py                           1           0  0.13s           2026-09-22T07:54:45
================================================================================
[2026-09-22T07:55:39.449+0000] {manager.py:878} INFO - 
================================================================================
DAG File Processing Stats

File Path                                PID    Runtime      # DAGs    # Errors  Last Runtime    Last Run
---------------------------------------  -----  ---------  --------  ----------  --------------  -------------------
/opt/airflow/dags/lakehouse_pipeline.py                           1           0  0.13s           2026-09-22T07:55:15
================================================================================
[2026-09-22T07:56:09.719+0000] {manager.py:878} INFO - 
================================================================================
DAG File Processing Stats

File Path                                PID    Runtime      # DAGs    # Errors  Last Runtime    Last Run
---------------------------------------  -----  ---------  --------  ----------  --------------  -------------------
/opt/airflow/dags/lakehouse_pipeline.py                           1           0  0.13s           2026-09-22T07:55:45
================================================================================
[2026-09-22T07:56:40.066+0000] {manager.py:878} INFO - 
================================================================================
DAG File Processing Stats

File Path                                PID    Runtime      # DAGs    # Errors  Last Runtime    Last Run
---------------------------------------  -----  ---------  --------  ----------  --------------  -------------------
/opt/airflow/dags/lakehouse_pipeline.py                           1           0  0.24s           2026-09-22T07:56:16
================================================================================
[2026-09-22T07:57:10.562+0000] {manager.py:878} INFO - 
================================================================================
DAG File Processing Stats

File Path                                PID    Runtime      # DAGs    # Errors  Last Runtime    Last Run
---------------------------------------  -----  ---------  --------  ----------  --------------  -------------------
/opt/airflow/dags/lakehouse_pipeline.py                           1           0  0.14s           2026-09-22T07:56:46
================================================================================
[2026-09-22T07:57:40.847+0000] {manager.py:878} INFO - 
================================================================================
DAG File Processing Stats

File Path                                PID    Runtime      # DAGs    # Errors  Last Runtime    Last Run
---------------------------------------  -----  ---------  --------  ----------  --------------  -------------------
/opt/airflow/dags/lakehouse_pipeline.py                           1           0  0.16s           2026-09-22T07:57:16
================================================================================
[2026-09-22T07:58:00.979+0000] {manager.py:737} INFO - Searching for files in /opt/airflow/dags
[2026-09-22T07:58:01.029+0000] {manager.py:740} INFO - There are 1 files in /opt/airflow/dags
[2026-09-22T07:58:11.099+0000] {manager.py:878} INFO - 
================================================================================
DAG File Processing Stats

File Path                                PID    Runtime      # DAGs    # Errors  Last Runtime    Last Run
---------------------------------------  -----  ---------  --------  ----------  --------------  -------------------
/opt/airflow/dags/lakehouse_pipeline.py                           1           0  0.12s           2026-09-22T07:57:47
================================================================================
[2026-09-22T07:58:41.302+0000] {manager.py:878} INFO - 
================================================================================
DAG File Processing Stats

File Path                                PID    Runtime      # DAGs    # Errors  Last Runtime    Last Run
---------------------------------------  -----  ---------  --------  ----------  --------------  -------------------
/opt/airflow/dags/lakehouse_pipeline.py                           1           0  0.12s           2026-09-22T07:58:17
================================================================================
[2026-09-22T07:59:11.557+0000] {manager.py:878} INFO - 
================================================================================
DAG File Processing Stats

File Path                                PID    Runtime      # DAGs    # Errors  Last Runtime    Last Run
---------------------------------------  -----  ---------  --------  ----------  --------------  -------------------
/opt/airflow/dags/lakehouse_pipeline.py                           1           0  0.31s           2026-09-22T07:58:47
================================================================================
[2026-09-22T07:59:42.036+0000] {manager.py:878} INFO - 
================================================================================
DAG File Processing Stats

File Path                                PID    Runtime      # DAGs    # Errors  Last Runtime    Last Run
---------------------------------------  -----  ---------  --------  ----------  --------------  -------------------
/opt/airflow/dags/lakehouse_pipeline.py                           1           0  0.31s           2026-09-22T07:59:18
================================================================================
[2026-09-22T08:00:12.546+0000] {manager.py:878} INFO - 
================================================================================
DAG File Processing Stats

File Path                                PID    Runtime      # DAGs    # Errors  Last Runtime    Last Run
---------------------------------------  -----  ---------  --------  ----------  --------------  -------------------
/opt/airflow/dags/lakehouse_pipeline.py                           1           0  0.21s           2026-09-22T07:59:48
================================================================================
[2026-09-22T08:00:42.975+0000] {manager.py:878} INFO - 
================================================================================
DAG File Processing Stats

File Path                                PID    Runtime      # DAGs    # Errors  Last Runtime    Last Run
---------------------------------------  -----  ---------  --------  ----------  --------------  -------------------
/opt/airflow/dags/lakehouse_pipeline.py                           1           0  0.19s           2026-09-22T08:00:18
================================================================================
[2026-09-22T08:01:13.540+0000] {manager.py:878} INFO - 
================================================================================
DAG File Processing Stats

File Path                                PID    Runtime      # DAGs    # Errors  Last Runtime    Last Run
---------------------------------------  -----  ---------  --------  ----------  --------------  -------------------
/opt/airflow/dags/lakehouse_pipeline.py                           1           0  0.79s           2026-09-22T08:00:49
================================================================================
[2026-09-22T08:01:44.111+0000] {manager.py:878} INFO - 
================================================================================
DAG File Processing Stats

File Path                                PID    Runtime      # DAGs    # Errors  Last Runtime    Last Run
---------------------------------------  -----  ---------  --------  ----------  --------------  -------------------
/opt/airflow/dags/lakehouse_pipeline.py                           1           0  0.17s           2026-09-22T08:01:20
================================================================================
[2026-09-22T08:02:14.435+0000] {manager.py:878} INFO - 
================================================================================
DAG File Processing Stats

File Path                                PID    Runtime      # DAGs    # Errors  Last Runtime    Last Run
---------------------------------------  -----  ---------  --------  ----------  --------------  -------------------
/opt/airflow/dags/lakehouse_pipeline.py                           1           0  0.14s           2026-09-22T08:01:50
================================================================================
[2026-09-22T08:02:44.623+0000] {manager.py:878} INFO - 
================================================================================
DAG File Processing Stats

File Path                                PID    Runtime      # DAGs    # Errors  Last Runtime    Last Run
---------------------------------------  -----  ---------  --------  ----------  --------------  -------------------
/opt/airflow/dags/lakehouse_pipeline.py                           1           0  0.13s           2026-09-22T08:02:20
================================================================================
[2026-09-22T08:03:01.848+0000] {manager.py:737} INFO - Searching for files in /opt/airflow/dags
[2026-09-22T08:03:01.874+0000] {manager.py:740} INFO - There are 1 files in /opt/airflow/dags
[2026-09-22T08:03:14.959+0000] {manager.py:878} INFO - 
================================================================================
DAG File Processing Stats

File Path                                PID    Runtime      # DAGs    # Errors  Last Runtime    Last Run
---------------------------------------  -----  ---------  --------  ----------  --------------  -------------------
/opt/airflow/dags/lakehouse_pipeline.py                           1           0  0.13s           2026-09-22T08:02:50
================================================================================
[2026-09-22T08:03:45.187+0000] {manager.py:878} INFO - 
================================================================================
DAG File Processing Stats

File Path                                PID    Runtime      # DAGs    # Errors  Last Runtime    Last Run
---------------------------------------  -----  ---------  --------  ----------  --------------  -------------------
/opt/airflow/dags/lakehouse_pipeline.py                           1           0  0.14s           2026-09-22T08:03:21
================================================================================
[2026-09-22T08:04:15.491+0000] {manager.py:878} INFO - 
================================================================================
DAG File Processing Stats

File Path                                PID    Runtime      # DAGs    # Errors  Last Runtime    Last Run
---------------------------------------  -----  ---------  --------  ----------  --------------  -------------------
/opt/airflow/dags/lakehouse_pipeline.py                           1           0  0.11s           2026-09-22T08:03:51
================================================================================
[2026-09-22T08:04:45.730+0000] {manager.py:878} INFO - 
================================================================================
DAG File Processing Stats

File Path                                PID    Runtime      # DAGs    # Errors  Last Runtime    Last Run
---------------------------------------  -----  ---------  --------  ----------  --------------  -------------------
/opt/airflow/dags/lakehouse_pipeline.py                           1           0  0.12s           2026-09-22T08:04:21
================================================================================
[2026-09-22T08:05:15.979+0000] {manager.py:878} INFO - 
================================================================================
DAG File Processing Stats

File Path                                PID    Runtime      # DAGs    # Errors  Last Runtime    Last Run
---------------------------------------  -----  ---------  --------  ----------  --------------  -------------------
/opt/airflow/dags/lakehouse_pipeline.py                           1           0  0.11s           2026-09-22T08:04:51
================================================================================
[2026-09-22T08:05:46.259+0000] {manager.py:878} INFO - 
================================================================================
DAG File Processing Stats

File Path                                PID    Runtime      # DAGs    # Errors  Last Runtime    Last Run
---------------------------------------  -----  ---------  --------  ----------  --------------  -------------------
/opt/airflow/dags/lakehouse_pipeline.py                           1           0  0.25s           2026-09-22T08:05:22
================================================================================
[2026-09-22T08:06:16.476+0000] {manager.py:878} INFO - 
================================================================================
DAG File Processing Stats

File Path                                PID    Runtime      # DAGs    # Errors  Last Runtime    Last Run
---------------------------------------  -----  ---------  --------  ----------  --------------  -------------------
/opt/airflow/dags/lakehouse_pipeline.py                           1           0  0.15s           2026-09-22T08:05:52
================================================================================
[2026-09-22T08:06:46.784+0000] {manager.py:878} INFO - 
================================================================================
DAG File Processing Stats

File Path                                PID    Runtime      # DAGs    # Errors  Last Runtime    Last Run
---------------------------------------  -----  ---------  --------  ----------  --------------  -------------------
/opt/airflow/dags/lakehouse_pipeline.py                           1           0  0.11s           2026-09-22T08:06:22
================================================================================
[2026-09-22T08:07:16.997+0000] {manager.py:878} INFO - 
================================================================================
DAG File Processing Stats

File Path                                PID    Runtime      # DAGs    # Errors  Last Runtime    Last Run
---------------------------------------  -----  ---------  --------  ----------  --------------  -------------------
/opt/airflow/dags/lakehouse_pipeline.py                           1           0  0.41s           2026-09-22T08:06:53
================================================================================
[2026-09-22T08:07:47.556+0000] {manager.py:878} INFO - 
================================================================================
DAG File Processing Stats

File Path                                PID    Runtime      # DAGs    # Errors  Last Runtime    Last Run
---------------------------------------  -----  ---------  --------  ----------  --------------  -------------------
/opt/airflow/dags/lakehouse_pipeline.py                           1           0  0.21s           2026-09-22T08:07:23
================================================================================
[2026-09-22T08:08:02.008+0000] {manager.py:737} INFO - Searching for files in /opt/airflow/dags
[2026-09-22T08:08:02.032+0000] {manager.py:740} INFO - There are 1 files in /opt/airflow/dags
[2026-09-22T08:08:17.939+0000] {manager.py:878} INFO - 
================================================================================
DAG File Processing Stats

File Path                                PID    Runtime      # DAGs    # Errors  Last Runtime    Last Run
---------------------------------------  -----  ---------  --------  ----------  --------------  -------------------
/opt/airflow/dags/lakehouse_pipeline.py                           1           0  0.16s           2026-09-22T08:07:53
================================================================================
[2026-09-22T08:08:48.134+0000] {manager.py:878} INFO - 
================================================================================
DAG File Processing Stats

File Path                                PID    Runtime      # DAGs    # Errors  Last Runtime    Last Run
---------------------------------------  -----  ---------  --------  ----------  --------------  -------------------
/opt/airflow/dags/lakehouse_pipeline.py                           1           0  0.17s           2026-09-22T08:08:24
================================================================================
[2026-09-22T08:09:18.436+0000] {manager.py:878} INFO - 
================================================================================
DAG File Processing Stats

File Path                                PID    Runtime      # DAGs    # Errors  Last Runtime    Last Run
---------------------------------------  -----  ---------  --------  ----------  --------------  -------------------
/opt/airflow/dags/lakehouse_pipeline.py                           1           0  0.16s           2026-09-22T08:08:54
================================================================================
[2026-09-22T08:09:48.625+0000] {manager.py:878} INFO - 
================================================================================
DAG File Processing Stats

File Path                                PID    Runtime      # DAGs    # Errors  Last Runtime    Last Run
---------------------------------------  -----  ---------  --------  ----------  --------------  -------------------
/opt/airflow/dags/lakehouse_pipeline.py                           1           0  0.12s           2026-09-22T08:09:24
================================================================================
[2026-09-22T08:10:18.868+0000] {manager.py:878} INFO - 
================================================================================
DAG File Processing Stats

File Path                                PID    Runtime      # DAGs    # Errors  Last Runtime    Last Run
---------------------------------------  -----  ---------  --------  ----------  --------------  -------------------
/opt/airflow/dags/lakehouse_pipeline.py                           1           0  0.14s           2026-09-22T08:09:54
================================================================================
[2026-09-22T08:10:49.085+0000] {manager.py:878} INFO - 
================================================================================
DAG File Processing Stats

File Path                                PID    Runtime      # DAGs    # Errors  Last Runtime    Last Run
---------------------------------------  -----  ---------  --------  ----------  --------------  -------------------
/opt/airflow/dags/lakehouse_pipeline.py                           1           0  0.16s           2026-09-22T08:10:25
================================================================================
[2026-09-22T08:11:19.336+0000] {manager.py:878} INFO - 
================================================================================
DAG File Processing Stats

File Path                                PID    Runtime      # DAGs    # Errors  Last Runtime    Last Run
---------------------------------------  -----  ---------  --------  ----------  --------------  -------------------
/opt/airflow/dags/lakehouse_pipeline.py                           1           0  0.14s           2026-09-22T08:10:55
================================================================================
[2026-09-22T08:11:49.535+0000] {manager.py:878} INFO - 
================================================================================
DAG File Processing Stats

File Path                                PID    Runtime      # DAGs    # Errors  Last Runtime    Last Run
---------------------------------------  -----  ---------  --------  ----------  --------------  -------------------
/opt/airflow/dags/lakehouse_pipeline.py                           1           0  0.17s           2026-09-22T08:11:25
================================================================================
[2026-09-22T08:12:19.832+0000] {manager.py:878} INFO - 
================================================================================
DAG File Processing Stats

File Path                                PID    Runtime      # DAGs    # Errors  Last Runtime    Last Run
---------------------------------------  -----  ---------  --------  ----------  --------------  -------------------
/opt/airflow/dags/lakehouse_pipeline.py                           1           0  0.14s           2026-09-22T08:11:55
================================================================================
[2026-09-22T08:12:50.030+0000] {manager.py:878} INFO - 
================================================================================
DAG File Processing Stats

File Path                                PID    Runtime      # DAGs    # Errors  Last Runtime    Last Run
---------------------------------------  -----  ---------  --------  ----------  --------------  -------------------
/opt/airflow/dags/lakehouse_pipeline.py                           1           0  0.12s           2026-09-22T08:12:25
================================================================================
[2026-09-22T08:13:02.189+0000] {manager.py:737} INFO - Searching for files in /opt/airflow/dags
[2026-09-22T08:13:02.215+0000] {manager.py:740} INFO - There are 1 files in /opt/airflow/dags
[2026-09-22T08:13:20.329+0000] {manager.py:878} INFO - 
================================================================================
DAG File Processing Stats

File Path                                PID    Runtime      # DAGs    # Errors  Last Runtime    Last Run
---------------------------------------  -----  ---------  --------  ----------  --------------  -------------------
/opt/airflow/dags/lakehouse_pipeline.py                           1           0  0.12s           2026-09-22T08:12:56
================================================================================
[2026-09-22T08:13:50.523+0000] {manager.py:878} INFO - 
================================================================================
DAG File Processing Stats

File Path                                PID    Runtime      # DAGs    # Errors  Last Runtime    Last Run
---------------------------------------  -----  ---------  --------  ----------  --------------  -------------------
/opt/airflow/dags/lakehouse_pipeline.py                           1           0  0.13s           2026-09-22T08:13:26
================================================================================
[2026-09-22T08:14:20.865+0000] {manager.py:878} INFO - 
================================================================================
DAG File Processing Stats

File Path                                PID    Runtime      # DAGs    # Errors  Last Runtime    Last Run
---------------------------------------  -----  ---------  --------  ----------  --------------  -------------------
/opt/airflow/dags/lakehouse_pipeline.py                           1           0  0.13s           2026-09-22T08:13:56
================================================================================
[2026-09-22T08:14:51.088+0000] {manager.py:878} INFO - 
================================================================================
DAG File Processing Stats

File Path                                PID    Runtime      # DAGs    # Errors  Last Runtime    Last Run
---------------------------------------  -----  ---------  --------  ----------  --------------  -------------------
/opt/airflow/dags/lakehouse_pipeline.py                           1           0  0.14s           2026-09-22T08:14:27
================================================================================
[2026-09-22T08:15:21.401+0000] {manager.py:878} INFO - 
================================================================================
DAG File Processing Stats

File Path                                PID    Runtime      # DAGs    # Errors  Last Runtime    Last Run
---------------------------------------  -----  ---------  --------  ----------  --------------  -------------------
/opt/airflow/dags/lakehouse_pipeline.py                           1           0  0.13s           2026-09-22T08:14:57
================================================================================
[2026-09-22T08:15:51.623+0000] {manager.py:878} INFO - 
================================================================================
DAG File Processing Stats

File Path                                PID    Runtime      # DAGs    # Errors  Last Runtime    Last Run
---------------------------------------  -----  ---------  --------  ----------  --------------  -------------------
/opt/airflow/dags/lakehouse_pipeline.py                           1           0  0.21s           2026-09-22T08:15:27
================================================================================
[2026-09-22T08:16:21.813+0000] {manager.py:878} INFO - 
================================================================================
DAG File Processing Stats

File Path                                PID    Runtime      # DAGs    # Errors  Last Runtime    Last Run
---------------------------------------  -----  ---------  --------  ----------  --------------  -------------------
/opt/airflow/dags/lakehouse_pipeline.py                           1           0  0.13s           2026-09-22T08:15:57
================================================================================
[2026-09-22T08:16:52.088+0000] {manager.py:878} INFO - 
================================================================================
DAG File Processing Stats

File Path                                PID    Runtime      # DAGs    # Errors  Last Runtime    Last Run
---------------------------------------  -----  ---------  --------  ----------  --------------  -------------------
/opt/airflow/dags/lakehouse_pipeline.py                           1           0  0.14s           2026-09-22T08:16:27
================================================================================
[2026-09-22T08:17:22.284+0000] {manager.py:878} INFO - 
================================================================================
DAG File Processing Stats

File Path                                PID    Runtime      # DAGs    # Errors  Last Runtime    Last Run
---------------------------------------  -----  ---------  --------  ----------  --------------  -------------------
/opt/airflow/dags/lakehouse_pipeline.py                           1           0  0.11s           2026-09-22T08:16:58
================================================================================
[2026-09-22T08:17:52.560+0000] {manager.py:878} INFO - 
================================================================================
DAG File Processing Stats

File Path                                PID    Runtime      # DAGs    # Errors  Last Runtime    Last Run
---------------------------------------  -----  ---------  --------  ----------  --------------  -------------------
/opt/airflow/dags/lakehouse_pipeline.py                           1           0  0.12s           2026-09-22T08:17:28
================================================================================
[2026-09-22T08:18:02.675+0000] {manager.py:737} INFO - Searching for files in /opt/airflow/dags
[2026-09-22T08:18:02.699+0000] {manager.py:740} INFO - There are 1 files in /opt/airflow/dags
[2026-09-22T08:18:22.826+0000] {manager.py:878} INFO - 
================================================================================
DAG File Processing Stats

File Path                                PID    Runtime      # DAGs    # Errors  Last Runtime    Last Run
---------------------------------------  -----  ---------  --------  ----------  --------------  -------------------
/opt/airflow/dags/lakehouse_pipeline.py                           1           0  0.13s           2026-09-22T08:17:58
================================================================================
[2026-09-22T08:18:53.035+0000] {manager.py:878} INFO - 
================================================================================
DAG File Processing Stats

File Path                                PID    Runtime      # DAGs    # Errors  Last Runtime    Last Run
---------------------------------------  -----  ---------  --------  ----------  --------------  -------------------
/opt/airflow/dags/lakehouse_pipeline.py                           1           0  0.11s           2026-09-22T08:18:28
================================================================================
[2026-09-22T08:19:23.294+0000] {manager.py:878} INFO - 
================================================================================
DAG File Processing Stats

File Path                                PID    Runtime      # DAGs    # Errors  Last Runtime    Last Run
---------------------------------------  -----  ---------  --------  ----------  --------------  -------------------
/opt/airflow/dags/lakehouse_pipeline.py                           1           0  0.13s           2026-09-22T08:18:59
================================================================================
[2026-09-22T08:19:53.567+0000] {manager.py:878} INFO - 
================================================================================
DAG File Processing Stats

File Path                                PID    Runtime      # DAGs    # Errors  Last Runtime    Last Run
---------------------------------------  -----  ---------  --------  ----------  --------------  -------------------
/opt/airflow/dags/lakehouse_pipeline.py                           1           0  0.14s           2026-09-22T08:19:29
================================================================================
[2026-09-22T08:20:23.778+0000] {manager.py:878} INFO - 
================================================================================
DAG File Processing Stats

File Path                                PID    Runtime      # DAGs    # Errors  Last Runtime    Last Run
---------------------------------------  -----  ---------  --------  ----------  --------------  -------------------
/opt/airflow/dags/lakehouse_pipeline.py                           1           0  0.12s           2026-09-22T08:19:59
================================================================================
[2026-09-22T08:20:54.040+0000] {manager.py:878} INFO - 
================================================================================
DAG File Processing Stats

File Path                                PID    Runtime      # DAGs    # Errors  Last Runtime    Last Run
---------------------------------------  -----  ---------  --------  ----------  --------------  -------------------
/opt/airflow/dags/lakehouse_pipeline.py                           1           0  0.12s           2026-09-22T08:20:29
================================================================================
[2026-09-22T08:21:24.282+0000] {manager.py:878} INFO - 
================================================================================
DAG File Processing Stats

File Path                                PID    Runtime      # DAGs    # Errors  Last Runtime    Last Run
---------------------------------------  -----  ---------  --------  ----------  --------------  -------------------
/opt/airflow/dags/lakehouse_pipeline.py                           1           0  0.15s           2026-09-22T08:21:00
================================================================================
[2026-09-22T08:21:54.568+0000] {manager.py:878} INFO - 
================================================================================
DAG File Processing Stats

File Path                                PID    Runtime      # DAGs    # Errors  Last Runtime    Last Run
---------------------------------------  -----  ---------  --------  ----------  --------------  -------------------
/opt/airflow/dags/lakehouse_pipeline.py                           1           0  0.16s           2026-09-22T08:21:30
================================================================================
[2026-09-22T08:22:24.766+0000] {manager.py:878} INFO - 
================================================================================
DAG File Processing Stats

File Path                                PID    Runtime      # DAGs    # Errors  Last Runtime    Last Run
---------------------------------------  -----  ---------  --------  ----------  --------------  -------------------
/opt/airflow/dags/lakehouse_pipeline.py                           1           0  0.17s           2026-09-22T08:22:00
================================================================================
[2026-09-22T08:22:55.090+0000] {manager.py:878} INFO - 
================================================================================
DAG File Processing Stats

File Path                                PID    Runtime      # DAGs    # Errors  Last Runtime    Last Run
---------------------------------------  -----  ---------  --------  ----------  --------------  -------------------
/opt/airflow/dags/lakehouse_pipeline.py                           1           0  0.15s           2026-09-22T08:22:30
================================================================================
[2026-09-22T08:23:03.157+0000] {manager.py:737} INFO - Searching for files in /opt/airflow/dags
[2026-09-22T08:23:03.189+0000] {manager.py:740} INFO - There are 1 files in /opt/airflow/dags
[2026-09-22T08:23:25.325+0000] {manager.py:878} INFO - 
================================================================================
DAG File Processing Stats

File Path                                PID    Runtime      # DAGs    # Errors  Last Runtime    Last Run
---------------------------------------  -----  ---------  --------  ----------  --------------  -------------------
/opt/airflow/dags/lakehouse_pipeline.py                           1           0  0.33s           2026-09-22T08:23:01
================================================================================
[2026-09-22T08:23:55.795+0000] {manager.py:878} INFO - 
================================================================================
DAG File Processing Stats

File Path                                PID    Runtime      # DAGs    # Errors  Last Runtime    Last Run
---------------------------------------  -----  ---------  --------  ----------  --------------  -------------------
/opt/airflow/dags/lakehouse_pipeline.py                           1           0  0.14s           2026-09-22T08:23:31
================================================================================
[2026-09-22T08:24:26.085+0000] {manager.py:878} INFO - 
================================================================================
DAG File Processing Stats

File Path                                PID    Runtime      # DAGs    # Errors  Last Runtime    Last Run
---------------------------------------  -----  ---------  --------  ----------  --------------  -------------------
/opt/airflow/dags/lakehouse_pipeline.py                           1           0  0.13s           2026-09-22T08:24:01
================================================================================
[2026-09-22T08:24:56.313+0000] {manager.py:878} INFO - 
================================================================================
DAG File Processing Stats

File Path                                PID    Runtime      # DAGs    # Errors  Last Runtime    Last Run
---------------------------------------  -----  ---------  --------  ----------  --------------  -------------------
/opt/airflow/dags/lakehouse_pipeline.py                           1           0  0.12s           2026-09-22T08:24:32
================================================================================
[2026-09-22T08:25:26.551+0000] {manager.py:878} INFO - 
================================================================================
DAG File Processing Stats

File Path                                PID    Runtime      # DAGs    # Errors  Last Runtime    Last Run
---------------------------------------  -----  ---------  --------  ----------  --------------  -------------------
/opt/airflow/dags/lakehouse_pipeline.py                           1           0  0.15s           2026-09-22T08:25:02
================================================================================
[2026-09-22T08:25:56.809+0000] {manager.py:878} INFO - 
================================================================================
DAG File Processing Stats

File Path                                PID    Runtime      # DAGs    # Errors  Last Runtime    Last Run
---------------------------------------  -----  ---------  --------  ----------  --------------  -------------------
/opt/airflow/dags/lakehouse_pipeline.py                           1           0  0.13s           2026-09-22T08:25:32
================================================================================
[2026-09-22T08:26:27.109+0000] {manager.py:878} INFO - 
================================================================================
DAG File Processing Stats

File Path                                PID    Runtime      # DAGs    # Errors  Last Runtime    Last Run
---------------------------------------  -----  ---------  --------  ----------  --------------  -------------------
/opt/airflow/dags/lakehouse_pipeline.py                           1           0  0.28s           2026-09-22T08:26:03
================================================================================
[2026-09-22T08:26:57.639+0000] {manager.py:878} INFO - 
================================================================================
DAG File Processing Stats

File Path                                PID    Runtime      # DAGs    # Errors  Last Runtime    Last Run
---------------------------------------  -----  ---------  --------  ----------  --------------  -------------------
/opt/airflow/dags/lakehouse_pipeline.py                           1           0  0.36s           2026-09-22T08:26:33
================================================================================
[2026-09-22T08:27:27.900+0000] {manager.py:878} INFO - 
================================================================================
DAG File Processing Stats

File Path                                PID    Runtime      # DAGs    # Errors  Last Runtime    Last Run
---------------------------------------  -----  ---------  --------  ----------  --------------  -------------------
/opt/airflow/dags/lakehouse_pipeline.py                           1           0  0.18s           2026-09-22T08:27:03
================================================================================
[2026-09-22T08:27:58.183+0000] {manager.py:878} INFO - 
================================================================================
DAG File Processing Stats

File Path                                PID    Runtime      # DAGs    # Errors  Last Runtime    Last Run
---------------------------------------  -----  ---------  --------  ----------  --------------  -------------------
/opt/airflow/dags/lakehouse_pipeline.py                           1           0  0.18s           2026-09-22T08:27:34
================================================================================
[2026-09-22T08:28:03.219+0000] {manager.py:737} INFO - Searching for files in /opt/airflow/dags
[2026-09-22T08:28:03.245+0000] {manager.py:740} INFO - There are 1 files in /opt/airflow/dags
[2026-09-22T08:28:28.467+0000] {manager.py:878} INFO - 
================================================================================
DAG File Processing Stats

File Path                                PID    Runtime      # DAGs    # Errors  Last Runtime    Last Run
---------------------------------------  -----  ---------  --------  ----------  --------------  -------------------
/opt/airflow/dags/lakehouse_pipeline.py                           1           0  0.13s           2026-09-22T08:28:04
================================================================================
[2026-09-22T08:28:58.745+0000] {manager.py:878} INFO - 
================================================================================
DAG File Processing Stats

File Path                                PID    Runtime      # DAGs    # Errors  Last Runtime    Last Run
---------------------------------------  -----  ---------  --------  ----------  --------------  -------------------
/opt/airflow/dags/lakehouse_pipeline.py                           1           0  0.13s           2026-09-22T08:28:34
================================================================================
[2026-09-22T08:29:29.073+0000] {manager.py:878} INFO - 
================================================================================
DAG File Processing Stats

File Path                                PID    Runtime      # DAGs    # Errors  Last Runtime    Last Run
---------------------------------------  -----  ---------  --------  ----------  --------------  -------------------
/opt/airflow/dags/lakehouse_pipeline.py                           1           0  0.15s           2026-09-22T08:29:04
================================================================================
[2026-09-22T08:29:59.361+0000] {manager.py:878} INFO - 
================================================================================
DAG File Processing Stats

File Path                                PID    Runtime      # DAGs    # Errors  Last Runtime    Last Run
---------------------------------------  -----  ---------  --------  ----------  --------------  -------------------
/opt/airflow/dags/lakehouse_pipeline.py                           1           0  0.27s           2026-09-22T08:29:35
================================================================================
[2026-09-22T08:30:29.795+0000] {manager.py:878} INFO - 
================================================================================
DAG File Processing Stats

File Path                                PID    Runtime      # DAGs    # Errors  Last Runtime    Last Run
---------------------------------------  -----  ---------  --------  ----------  --------------  -------------------
/opt/airflow/dags/lakehouse_pipeline.py                           1           0  0.33s           2026-09-22T08:30:05
================================================================================
[2026-09-22T08:30:59.987+0000] {manager.py:878} INFO - 
================================================================================
DAG File Processing Stats

File Path                                PID    Runtime      # DAGs    # Errors  Last Runtime    Last Run
---------------------------------------  -----  ---------  --------  ----------  --------------  -------------------
/opt/airflow/dags/lakehouse_pipeline.py                           1           0  0.15s           2026-09-22T08:30:35
================================================================================
[2026-09-22T08:31:30.312+0000] {manager.py:878} INFO - 
================================================================================
DAG File Processing Stats

File Path                                PID    Runtime      # DAGs    # Errors  Last Runtime    Last Run
---------------------------------------  -----  ---------  --------  ----------  --------------  -------------------
/opt/airflow/dags/lakehouse_pipeline.py                           1           0  0.14s           2026-09-22T08:31:06
================================================================================
[2026-09-22T08:32:00.509+0000] {manager.py:878} INFO - 
================================================================================
DAG File Processing Stats

File Path                                PID    Runtime      # DAGs    # Errors  Last Runtime    Last Run
---------------------------------------  -----  ---------  --------  ----------  --------------  -------------------
/opt/airflow/dags/lakehouse_pipeline.py                           1           0  0.12s           2026-09-22T08:31:36
================================================================================
[2026-09-22T08:32:30.819+0000] {manager.py:878} INFO - 
================================================================================
DAG File Processing Stats

File Path                                PID    Runtime      # DAGs    # Errors  Last Runtime    Last Run
---------------------------------------  -----  ---------  --------  ----------  --------------  -------------------
/opt/airflow/dags/lakehouse_pipeline.py                           1           0  0.19s           2026-09-22T08:32:06
================================================================================
[2026-09-22T08:33:01.069+0000] {manager.py:878} INFO - 
================================================================================
DAG File Processing Stats

File Path                                PID    Runtime      # DAGs    # Errors  Last Runtime    Last Run
---------------------------------------  -----  ---------  --------  ----------  --------------  -------------------
/opt/airflow/dags/lakehouse_pipeline.py                           1           0  0.26s           2026-09-22T08:32:37
================================================================================
[2026-09-22T08:33:03.273+0000] {manager.py:737} INFO - Searching for files in /opt/airflow/dags
[2026-09-22T08:33:03.300+0000] {manager.py:740} INFO - There are 1 files in /opt/airflow/dags
[2026-09-22T08:33:31.493+0000] {manager.py:878} INFO - 
================================================================================
DAG File Processing Stats

File Path                                PID    Runtime      # DAGs    # Errors  Last Runtime    Last Run
---------------------------------------  -----  ---------  --------  ----------  --------------  -------------------
/opt/airflow/dags/lakehouse_pipeline.py                           1           0  0.12s           2026-09-22T08:33:07
================================================================================
[2026-09-22T08:34:01.798+0000] {manager.py:878} INFO - 
================================================================================
DAG File Processing Stats

File Path                                PID    Runtime      # DAGs    # Errors  Last Runtime    Last Run
---------------------------------------  -----  ---------  --------  ----------  --------------  -------------------
/opt/airflow/dags/lakehouse_pipeline.py                           1           0  0.16s           2026-09-22T08:33:37
================================================================================
[2026-09-22T08:34:31.995+0000] {manager.py:878} INFO - 
================================================================================
DAG File Processing Stats

File Path                                PID    Runtime      # DAGs    # Errors  Last Runtime    Last Run
---------------------------------------  -----  ---------  --------  ----------  --------------  -------------------
/opt/airflow/dags/lakehouse_pipeline.py                           1           0  0.14s           2026-09-22T08:34:07
================================================================================
[2026-09-22T08:35:02.273+0000] {manager.py:878} INFO - 
================================================================================
DAG File Processing Stats

File Path                                PID    Runtime      # DAGs    # Errors  Last Runtime    Last Run
---------------------------------------  -----  ---------  --------  ----------  --------------  -------------------
/opt/airflow/dags/lakehouse_pipeline.py                           1           0  0.11s           2026-09-22T08:34:38
================================================================================
[2026-09-22T08:35:32.496+0000] {manager.py:878} INFO - 
================================================================================
DAG File Processing Stats

File Path                                PID    Runtime      # DAGs    # Errors  Last Runtime    Last Run
---------------------------------------  -----  ---------  --------  ----------  --------------  -------------------
/opt/airflow/dags/lakehouse_pipeline.py                           1           0  0.12s           2026-09-22T08:35:08
================================================================================
[2026-09-22T08:36:02.779+0000] {manager.py:878} INFO - 
================================================================================
DAG File Processing Stats

File Path                                PID    Runtime      # DAGs    # Errors  Last Runtime    Last Run
---------------------------------------  -----  ---------  --------  ----------  --------------  -------------------
/opt/airflow/dags/lakehouse_pipeline.py                           1           0  0.12s           2026-09-22T08:35:38
================================================================================
[2026-09-22T08:36:32.989+0000] {manager.py:878} INFO - 
================================================================================
DAG File Processing Stats

File Path                                PID    Runtime      # DAGs    # Errors  Last Runtime    Last Run
---------------------------------------  -----  ---------  --------  ----------  --------------  -------------------
/opt/airflow/dags/lakehouse_pipeline.py                           1           0  0.16s           2026-09-22T08:36:08
================================================================================
[2026-09-22T08:37:03.353+0000] {manager.py:878} INFO - 
================================================================================
DAG File Processing Stats

File Path                                PID    Runtime      # DAGs    # Errors  Last Runtime    Last Run
---------------------------------------  -----  ---------  --------  ----------  --------------  -------------------
/opt/airflow/dags/lakehouse_pipeline.py                           1           0  0.16s           2026-09-22T08:36:39
================================================================================
[2026-09-22T08:37:33.561+0000] {manager.py:878} INFO - 
================================================================================
DAG File Processing Stats

File Path                                PID    Runtime      # DAGs    # Errors  Last Runtime    Last Run
---------------------------------------  -----  ---------  --------  ----------  --------------  -------------------
/opt/airflow/dags/lakehouse_pipeline.py                           1           0  0.11s           2026-09-22T08:37:09
================================================================================
[2026-09-22T08:38:03.833+0000] {manager.py:737} INFO - Searching for files in /opt/airflow/dags
[2026-09-22T08:38:03.860+0000] {manager.py:740} INFO - There are 1 files in /opt/airflow/dags
[2026-09-22T08:38:03.871+0000] {manager.py:878} INFO - 
================================================================================
DAG File Processing Stats

File Path                                PID    Runtime      # DAGs    # Errors  Last Runtime    Last Run
---------------------------------------  -----  ---------  --------  ----------  --------------  -------------------
/opt/airflow/dags/lakehouse_pipeline.py                           1           0  0.13s           2026-09-22T08:37:39
================================================================================
[2026-09-22T08:38:34.105+0000] {manager.py:878} INFO - 
================================================================================
DAG File Processing Stats

File Path                                PID    Runtime      # DAGs    # Errors  Last Runtime    Last Run
---------------------------------------  -----  ---------  --------  ----------  --------------  -------------------
/opt/airflow/dags/lakehouse_pipeline.py                           1           0  0.12s           2026-09-22T08:38:10
================================================================================
[2026-09-22T08:39:04.365+0000] {manager.py:878} INFO - 
================================================================================
DAG File Processing Stats

File Path                                PID    Runtime      # DAGs    # Errors  Last Runtime    Last Run
---------------------------------------  -----  ---------  --------  ----------  --------------  -------------------
/opt/airflow/dags/lakehouse_pipeline.py                           1           0  0.13s           2026-09-22T08:38:40
================================================================================
[2026-09-22T08:39:34.618+0000] {manager.py:878} INFO - 
================================================================================
DAG File Processing Stats

File Path                                PID    Runtime      # DAGs    # Errors  Last Runtime    Last Run
---------------------------------------  -----  ---------  --------  ----------  --------------  -------------------
/opt/airflow/dags/lakehouse_pipeline.py                           1           0  0.12s           2026-09-22T08:39:10
================================================================================
[2026-09-22T08:40:04.890+0000] {manager.py:878} INFO - 
================================================================================
DAG File Processing Stats

File Path                                PID    Runtime      # DAGs    # Errors  Last Runtime    Last Run
---------------------------------------  -----  ---------  --------  ----------  --------------  -------------------
/opt/airflow/dags/lakehouse_pipeline.py                           1           0  0.12s           2026-09-22T08:39:40
================================================================================
[2026-09-22T08:40:35.105+0000] {manager.py:878} INFO - 
================================================================================
DAG File Processing Stats

File Path                                PID    Runtime      # DAGs    # Errors  Last Runtime    Last Run
---------------------------------------  -----  ---------  --------  ----------  --------------  -------------------
/opt/airflow/dags/lakehouse_pipeline.py                           1           0  0.12s           2026-09-22T08:40:11
================================================================================
[2026-09-22T08:41:05.357+0000] {manager.py:878} INFO - 
================================================================================
DAG File Processing Stats

File Path                                PID    Runtime      # DAGs    # Errors  Last Runtime    Last Run
---------------------------------------  -----  ---------  --------  ----------  --------------  -------------------
/opt/airflow/dags/lakehouse_pipeline.py                           1           0  0.13s           2026-09-22T08:40:41
================================================================================
[2026-09-22T08:41:35.581+0000] {manager.py:878} INFO - 
================================================================================
DAG File Processing Stats

File Path                                PID    Runtime      # DAGs    # Errors  Last Runtime    Last Run
---------------------------------------  -----  ---------  --------  ----------  --------------  -------------------
/opt/airflow/dags/lakehouse_pipeline.py                           1           0  0.12s           2026-09-22T08:41:11
================================================================================
[2026-09-22T08:42:05.830+0000] {manager.py:878} INFO - 
================================================================================
DAG File Processing Stats

File Path                                PID    Runtime      # DAGs    # Errors  Last Runtime    Last Run
---------------------------------------  -----  ---------  --------  ----------  --------------  -------------------
/opt/airflow/dags/lakehouse_pipeline.py                           1           0  0.24s           2026-09-22T08:41:41
================================================================================
[2026-09-22T08:42:36.233+0000] {manager.py:878} INFO - 
================================================================================
DAG File Processing Stats

File Path                                PID    Runtime      # DAGs    # Errors  Last Runtime    Last Run
---------------------------------------  -----  ---------  --------  ----------  --------------  -------------------
/opt/airflow/dags/lakehouse_pipeline.py                           1           0  0.13s           2026-09-22T08:42:12
================================================================================
[2026-09-22T08:43:04.503+0000] {manager.py:737} INFO - Searching for files in /opt/airflow/dags
[2026-09-22T08:43:04.531+0000] {manager.py:740} INFO - There are 1 files in /opt/airflow/dags
[2026-09-22T08:43:06.553+0000] {manager.py:878} INFO - 
================================================================================
DAG File Processing Stats

File Path                                PID    Runtime      # DAGs    # Errors  Last Runtime    Last Run
---------------------------------------  -----  ---------  --------  ----------  --------------  -------------------
/opt/airflow/dags/lakehouse_pipeline.py                           1           0  0.24s           2026-09-22T08:42:42
================================================================================
[2026-09-22T08:43:36.846+0000] {manager.py:878} INFO - 
================================================================================
DAG File Processing Stats

File Path                                PID    Runtime      # DAGs    # Errors  Last Runtime    Last Run
---------------------------------------  -----  ---------  --------  ----------  --------------  -------------------
/opt/airflow/dags/lakehouse_pipeline.py                           1           0  0.15s           2026-09-22T08:43:12
================================================================================
[2026-09-22T08:44:07.100+0000] {manager.py:878} INFO - 
================================================================================
DAG File Processing Stats

File Path                                PID    Runtime      # DAGs    # Errors  Last Runtime    Last Run
---------------------------------------  -----  ---------  --------  ----------  --------------  -------------------
/opt/airflow/dags/lakehouse_pipeline.py                           1           0  0.19s           2026-09-22T08:43:43
================================================================================
[2026-09-22T08:44:37.413+0000] {manager.py:878} INFO - 
================================================================================
DAG File Processing Stats

File Path                                PID    Runtime      # DAGs    # Errors  Last Runtime    Last Run
---------------------------------------  -----  ---------  --------  ----------  --------------  -------------------
/opt/airflow/dags/lakehouse_pipeline.py                           1           0  0.11s           2026-09-22T08:44:13
================================================================================
[2026-09-22T08:45:07.629+0000] {manager.py:878} INFO - 
================================================================================
DAG File Processing Stats

File Path                                PID    Runtime      # DAGs    # Errors  Last Runtime    Last Run
---------------------------------------  -----  ---------  --------  ----------  --------------  -------------------
/opt/airflow/dags/lakehouse_pipeline.py                           1           0  0.13s           2026-09-22T08:44:43
================================================================================
[2026-09-22T08:45:37.918+0000] {manager.py:878} INFO - 
================================================================================
DAG File Processing Stats

File Path                                PID    Runtime      # DAGs    # Errors  Last Runtime    Last Run
---------------------------------------  -----  ---------  --------  ----------  --------------  -------------------
/opt/airflow/dags/lakehouse_pipeline.py                           1           0  0.12s           2026-09-22T08:45:13
================================================================================
[2026-09-22T08:46:08.129+0000] {manager.py:878} INFO - 
================================================================================
DAG File Processing Stats

File Path                                PID    Runtime      # DAGs    # Errors  Last Runtime    Last Run
---------------------------------------  -----  ---------  --------  ----------  --------------  -------------------
/opt/airflow/dags/lakehouse_pipeline.py                           1           0  0.12s           2026-09-22T08:45:44
================================================================================
[2026-09-22T08:46:38.392+0000] {manager.py:878} INFO - 
================================================================================
DAG File Processing Stats

File Path                                PID    Runtime      # DAGs    # Errors  Last Runtime    Last Run
---------------------------------------  -----  ---------  --------  ----------  --------------  -------------------
/opt/airflow/dags/lakehouse_pipeline.py                           1           0  0.12s           2026-09-22T08:46:14
================================================================================
[2026-09-22T08:47:08.626+0000] {manager.py:878} INFO - 
================================================================================
DAG File Processing Stats

File Path                                PID    Runtime      # DAGs    # Errors  Last Runtime    Last Run
---------------------------------------  -----  ---------  --------  ----------  --------------  -------------------
/opt/airflow/dags/lakehouse_pipeline.py                           1           0  0.12s           2026-09-22T08:46:44
================================================================================
[2026-09-22T08:47:38.894+0000] {manager.py:878} INFO - 
================================================================================
DAG File Processing Stats

File Path                                PID    Runtime      # DAGs    # Errors  Last Runtime    Last Run
---------------------------------------  -----  ---------  --------  ----------  --------------  -------------------
/opt/airflow/dags/lakehouse_pipeline.py                           1           0  0.14s           2026-09-22T08:47:14
================================================================================
[2026-09-22T08:48:05.104+0000] {manager.py:737} INFO - Searching for files in /opt/airflow/dags
[2026-09-22T08:48:05.125+0000] {manager.py:740} INFO - There are 1 files in /opt/airflow/dags
[2026-09-22T08:48:09.162+0000] {manager.py:878} INFO - 
================================================================================
DAG File Processing Stats

File Path                                PID    Runtime      # DAGs    # Errors  Last Runtime    Last Run
---------------------------------------  -----  ---------  --------  ----------  --------------  -------------------
/opt/airflow/dags/lakehouse_pipeline.py                           1           0  0.23s           2026-09-22T08:47:45
================================================================================
[2026-09-22T08:48:39.481+0000] {manager.py:878} INFO - 
================================================================================
DAG File Processing Stats

File Path                                PID    Runtime      # DAGs    # Errors  Last Runtime    Last Run
---------------------------------------  -----  ---------  --------  ----------  --------------  -------------------
/opt/airflow/dags/lakehouse_pipeline.py                           1           0  0.18s           2026-09-22T08:48:15
================================================================================
[2026-09-22T08:49:09.718+0000] {manager.py:878} INFO - 
================================================================================
DAG File Processing Stats

File Path                                PID    Runtime      # DAGs    # Errors  Last Runtime    Last Run
---------------------------------------  -----  ---------  --------  ----------  --------------  -------------------
/opt/airflow/dags/lakehouse_pipeline.py                           1           0  0.13s           2026-09-22T08:48:45
================================================================================
[2026-09-22T08:49:39.981+0000] {manager.py:878} INFO - 
================================================================================
DAG File Processing Stats

File Path                                PID    Runtime      # DAGs    # Errors  Last Runtime    Last Run
---------------------------------------  -----  ---------  --------  ----------  --------------  -------------------
/opt/airflow/dags/lakehouse_pipeline.py                           1           0  0.13s           2026-09-22T08:49:15
================================================================================
[2026-09-22T08:50:10.235+0000] {manager.py:878} INFO - 
================================================================================
DAG File Processing Stats

File Path                                PID    Runtime      # DAGs    # Errors  Last Runtime    Last Run
---------------------------------------  -----  ---------  --------  ----------  --------------  -------------------
/opt/airflow/dags/lakehouse_pipeline.py                           1           0  0.12s           2026-09-22T08:49:46
================================================================================
[2026-09-22T08:50:40.466+0000] {manager.py:878} INFO - 
================================================================================
DAG File Processing Stats

File Path                                PID    Runtime      # DAGs    # Errors  Last Runtime    Last Run
---------------------------------------  -----  ---------  --------  ----------  --------------  -------------------
/opt/airflow/dags/lakehouse_pipeline.py                           1           0  0.13s           2026-09-22T08:50:16
================================================================================
[2026-09-22T08:51:10.747+0000] {manager.py:878} INFO - 
================================================================================
DAG File Processing Stats

File Path                                PID    Runtime      # DAGs    # Errors  Last Runtime    Last Run
---------------------------------------  -----  ---------  --------  ----------  --------------  -------------------
/opt/airflow/dags/lakehouse_pipeline.py                           1           0  0.15s           2026-09-22T08:50:46
================================================================================
[2026-09-22T08:51:40.998+0000] {manager.py:878} INFO - 
================================================================================
DAG File Processing Stats

File Path                                PID    Runtime      # DAGs    # Errors  Last Runtime    Last Run
---------------------------------------  -----  ---------  --------  ----------  --------------  -------------------
/opt/airflow/dags/lakehouse_pipeline.py                           1           0  0.12s           2026-09-22T08:51:16
================================================================================
[2026-09-22T08:52:11.258+0000] {manager.py:878} INFO - 
================================================================================
DAG File Processing Stats

File Path                                PID    Runtime      # DAGs    # Errors  Last Runtime    Last Run
---------------------------------------  -----  ---------  --------  ----------  --------------  -------------------
/opt/airflow/dags/lakehouse_pipeline.py                           1           0  0.12s           2026-09-22T08:51:47
================================================================================
[2026-09-22T08:52:41.544+0000] {manager.py:878} INFO - 
================================================================================
DAG File Processing Stats

File Path                                PID    Runtime      # DAGs    # Errors  Last Runtime    Last Run
---------------------------------------  -----  ---------  --------  ----------  --------------  -------------------
/opt/airflow/dags/lakehouse_pipeline.py                           1           0  0.17s           2026-09-22T08:52:17
================================================================================
[2026-09-22T08:53:05.770+0000] {manager.py:737} INFO - Searching for files in /opt/airflow/dags
[2026-09-22T08:53:05.793+0000] {manager.py:740} INFO - There are 1 files in /opt/airflow/dags
[2026-09-22T08:53:11.831+0000] {manager.py:878} INFO - 
================================================================================
DAG File Processing Stats

File Path                                PID    Runtime      # DAGs    # Errors  Last Runtime    Last Run
---------------------------------------  -----  ---------  --------  ----------  --------------  -------------------
/opt/airflow/dags/lakehouse_pipeline.py                           1           0  0.16s           2026-09-22T08:52:47
================================================================================
[2026-09-22T08:53:42.051+0000] {manager.py:878} INFO - 
================================================================================
DAG File Processing Stats

File Path                                PID    Runtime      # DAGs    # Errors  Last Runtime    Last Run
---------------------------------------  -----  ---------  --------  ----------  --------------  -------------------
/opt/airflow/dags/lakehouse_pipeline.py                           1           0  0.14s           2026-09-22T08:53:18
================================================================================
[2026-09-22T08:54:12.345+0000] {manager.py:878} INFO - 
================================================================================
DAG File Processing Stats

File Path                                PID    Runtime      # DAGs    # Errors  Last Runtime    Last Run
---------------------------------------  -----  ---------  --------  ----------  --------------  -------------------
/opt/airflow/dags/lakehouse_pipeline.py                           1           0  0.15s           2026-09-22T08:53:48
================================================================================
[2026-09-22T08:54:42.561+0000] {manager.py:878} INFO - 
================================================================================
DAG File Processing Stats

File Path                                PID    Runtime      # DAGs    # Errors  Last Runtime    Last Run
---------------------------------------  -----  ---------  --------  ----------  --------------  -------------------
/opt/airflow/dags/lakehouse_pipeline.py                           1           0  0.13s           2026-09-22T08:54:18
================================================================================
[2026-09-22T08:55:12.851+0000] {manager.py:878} INFO - 
================================================================================
DAG File Processing Stats

File Path                                PID    Runtime      # DAGs    # Errors  Last Runtime    Last Run
---------------------------------------  -----  ---------  --------  ----------  --------------  -------------------
/opt/airflow/dags/lakehouse_pipeline.py                           1           0  0.13s           2026-09-22T08:54:48
================================================================================
[2026-09-22T08:55:43.067+0000] {manager.py:878} INFO - 
================================================================================
DAG File Processing Stats

File Path                                PID    Runtime      # DAGs    # Errors  Last Runtime    Last Run
---------------------------------------  -----  ---------  --------  ----------  --------------  -------------------
/opt/airflow/dags/lakehouse_pipeline.py                           1           0  0.12s           2026-09-22T08:55:19
================================================================================
[2026-09-22T08:56:13.327+0000] {manager.py:878} INFO - 
================================================================================
DAG File Processing Stats

File Path                                PID    Runtime      # DAGs    # Errors  Last Runtime    Last Run
---------------------------------------  -----  ---------  --------  ----------  --------------  -------------------
/opt/airflow/dags/lakehouse_pipeline.py                           1           0  0.13s           2026-09-22T08:55:49
================================================================================
[2026-09-22T08:56:43.648+0000] {manager.py:878} INFO - 
================================================================================
DAG File Processing Stats

File Path                                PID    Runtime      # DAGs    # Errors  Last Runtime    Last Run
---------------------------------------  -----  ---------  --------  ----------  --------------  -------------------
/opt/airflow/dags/lakehouse_pipeline.py                           1           0  0.31s           2026-09-22T08:56:19
================================================================================
[2026-09-22T08:57:14.228+0000] {manager.py:878} INFO - 
================================================================================
DAG File Processing Stats

File Path                                PID    Runtime      # DAGs    # Errors  Last Runtime    Last Run
---------------------------------------  -----  ---------  --------  ----------  --------------  -------------------
/opt/airflow/dags/lakehouse_pipeline.py                           1           0  0.27s           2026-09-22T08:56:50
================================================================================
[2026-09-22T08:57:44.739+0000] {manager.py:878} INFO - 
================================================================================
DAG File Processing Stats

File Path                                PID    Runtime      # DAGs    # Errors  Last Runtime    Last Run
---------------------------------------  -----  ---------  --------  ----------  --------------  -------------------
/opt/airflow/dags/lakehouse_pipeline.py                           1           0  0.41s           2026-09-22T08:57:20
================================================================================
[2026-09-22T08:58:06.218+0000] {manager.py:737} INFO - Searching for files in /opt/airflow/dags
[2026-09-22T08:58:06.362+0000] {manager.py:740} INFO - There are 1 files in /opt/airflow/dags
[2026-09-22T08:58:15.428+0000] {manager.py:878} INFO - 
================================================================================
DAG File Processing Stats

File Path                                PID    Runtime      # DAGs    # Errors  Last Runtime    Last Run
---------------------------------------  -----  ---------  --------  ----------  --------------  -------------------
/opt/airflow/dags/lakehouse_pipeline.py                           1           0  0.41s           2026-09-22T08:57:51
================================================================================
[2026-09-22T08:58:45.714+0000] {manager.py:878} INFO - 
================================================================================
DAG File Processing Stats

File Path                                PID    Runtime      # DAGs    # Errors  Last Runtime    Last Run
---------------------------------------  -----  ---------  --------  ----------  --------------  -------------------
/opt/airflow/dags/lakehouse_pipeline.py                           1           0  0.14s           2026-09-22T08:58:21
================================================================================
[2026-09-22T08:59:15.920+0000] {manager.py:878} INFO - 
================================================================================
DAG File Processing Stats

File Path                                PID    Runtime      # DAGs    # Errors  Last Runtime    Last Run
---------------------------------------  -----  ---------  --------  ----------  --------------  -------------------
/opt/airflow/dags/lakehouse_pipeline.py                           1           0  0.18s           2026-09-22T08:58:51
================================================================================
[2026-09-22T08:59:46.149+0000] {manager.py:878} INFO - 
================================================================================
DAG File Processing Stats

File Path                                PID    Runtime      # DAGs    # Errors  Last Runtime    Last Run
---------------------------------------  -----  ---------  --------  ----------  --------------  -------------------
/opt/airflow/dags/lakehouse_pipeline.py                           1           0  0.12s           2026-09-22T08:59:22
================================================================================
[2026-09-22T09:00:16.430+0000] {manager.py:878} INFO - 
================================================================================
DAG File Processing Stats

File Path                                PID    Runtime      # DAGs    # Errors  Last Runtime    Last Run
---------------------------------------  -----  ---------  --------  ----------  --------------  -------------------
/opt/airflow/dags/lakehouse_pipeline.py                           1           0  0.20s           2026-09-22T08:59:52
================================================================================
[2026-09-22T09:00:46.726+0000] {manager.py:878} INFO - 
================================================================================
DAG File Processing Stats

File Path                                PID    Runtime      # DAGs    # Errors  Last Runtime    Last Run
---------------------------------------  -----  ---------  --------  ----------  --------------  -------------------
/opt/airflow/dags/lakehouse_pipeline.py                           1           0  0.13s           2026-09-22T09:00:22
================================================================================
[2026-09-22T09:01:16.990+0000] {manager.py:878} INFO - 
================================================================================
DAG File Processing Stats

File Path                                PID    Runtime      # DAGs    # Errors  Last Runtime    Last Run
---------------------------------------  -----  ---------  --------  ----------  --------------  -------------------
/opt/airflow/dags/lakehouse_pipeline.py                           1           0  0.24s           2026-09-22T09:00:53
================================================================================
[2026-09-22T09:01:47.214+0000] {manager.py:878} INFO - 
================================================================================
DAG File Processing Stats

File Path                                PID    Runtime      # DAGs    # Errors  Last Runtime    Last Run
---------------------------------------  -----  ---------  --------  ----------  --------------  -------------------
/opt/airflow/dags/lakehouse_pipeline.py                           1           0  0.11s           2026-09-22T09:01:23
================================================================================
[2026-09-22T09:02:17.496+0000] {manager.py:878} INFO - 
================================================================================
DAG File Processing Stats

File Path                                PID    Runtime      # DAGs    # Errors  Last Runtime    Last Run
---------------------------------------  -----  ---------  --------  ----------  --------------  -------------------
/opt/airflow/dags/lakehouse_pipeline.py                           1           0  0.19s           2026-09-22T09:01:53
================================================================================
[2026-09-22T09:02:47.782+0000] {manager.py:878} INFO - 
================================================================================
DAG File Processing Stats

File Path                                PID    Runtime      # DAGs    # Errors  Last Runtime    Last Run
---------------------------------------  -----  ---------  --------  ----------  --------------  -------------------
/opt/airflow/dags/lakehouse_pipeline.py                           1           0  0.18s           2026-09-22T09:02:23
================================================================================
[2026-09-22T09:03:06.965+0000] {manager.py:737} INFO - Searching for files in /opt/airflow/dags
[2026-09-22T09:03:06.993+0000] {manager.py:740} INFO - There are 1 files in /opt/airflow/dags
[2026-09-22T09:03:18.073+0000] {manager.py:878} INFO - 
================================================================================
DAG File Processing Stats

File Path                                PID    Runtime      # DAGs    # Errors  Last Runtime    Last Run
---------------------------------------  -----  ---------  --------  ----------  --------------  -------------------
/opt/airflow/dags/lakehouse_pipeline.py                           1           0  0.22s           2026-09-22T09:02:54
================================================================================
[2026-09-22T09:03:48.386+0000] {manager.py:878} INFO - 
================================================================================
DAG File Processing Stats

File Path                                PID    Runtime      # DAGs    # Errors  Last Runtime    Last Run
---------------------------------------  -----  ---------  --------  ----------  --------------  -------------------
/opt/airflow/dags/lakehouse_pipeline.py                           1           0  0.24s           2026-09-22T09:03:24
================================================================================
[2026-09-22T09:04:18.666+0000] {manager.py:878} INFO - 
================================================================================
DAG File Processing Stats

File Path                                PID    Runtime      # DAGs    # Errors  Last Runtime    Last Run
---------------------------------------  -----  ---------  --------  ----------  --------------  -------------------
/opt/airflow/dags/lakehouse_pipeline.py                           1           0  0.18s           2026-09-22T09:03:54
================================================================================
[2026-09-22T09:04:48.923+0000] {manager.py:878} INFO - 
================================================================================
DAG File Processing Stats

File Path                                PID    Runtime      # DAGs    # Errors  Last Runtime    Last Run
---------------------------------------  -----  ---------  --------  ----------  --------------  -------------------
/opt/airflow/dags/lakehouse_pipeline.py                           1           0  0.13s           2026-09-22T09:04:24
================================================================================
