ma_lop_hp,tong_luot_diem_danh,so_luot_co_mat,ty_le_hien_dien
BK_HP0001,400,356,89.0
BK_HP0002,430,392,91.1
BK_HP0003,380,347,91.2
BK_HP0004,570,520,91.2
BK_HP0005,360,333,92.6
BK_HP0006,680,609,89.6
BK_HP0007,790,723,91.5
BK_HP0008,410,361,88.0
BK_HP0009,690,622,90.1
BK_HP0010,650,579,89.1
BK_HP0011,360,341,94.8
BK_HP0012,750,688,91.8
BK_HP0013,420,373,88.9
BK_HP0014,370,312,84.3
BK_HP0015,780,714,91.5
BK_HP0016,610,553,90.6
BK_HP0017,720,657,91.2
BK_HP0018,390,376,96.5
BK_HP0019,760,714,94.0
BK_HP0020,700,641,91.6
BK_HP0021,420,396,94.2
BK_HP0022,780,696,89.2
BK_HP0023,430,381,88.6
BK_HP0024,650,588,90.4
BK_HP0025,630,558,88.6
BK_HP0026,760,679,89.4
BK_HP0027,670,627,93.6
BK_HP0028,410,375,91.5
BK_HP0029,470,430,91.4
BK_HP0030,760,749,98.6
BK_HP0031,660,601,91.0
BK_HP0032,540,504,93.3
BK_HP0033,390,354,90.7
BK_HP0034,380,335,88.2
BK_HP0035,600,572,95.4
BK_HP0036,540,481,89.1
BK_HP0037,440,404,91.9
BK_HP0038,400,351,87.7
BK_HP0039,650,601,92.4
BK_HP0040,710,626,88.1
BK_HP0041,710,645,90.9
BK_HP0042,660,605,91.7
BK_HP0043,720,611,84.8
BK_HP0044,740,702,94.8
BK_HP0045,800,727,90.9
BK_HP0046,440,406,92.2
BK_HP0047,630,572,90.8
BK_HP0048,660,576,87.3
BK_HP0049,690,654,94.8
BK_HP0050,350,313,89.4
BK_HP0051,800,686,85.8
BK_HP0052,610,515,84.5
BK_HP0053,500,459,91.8
BK_HP0054,720,647,89.8
BK_HP0055,550,504,91.6
BK_HP0056,790,728,92.1
BK_HP0057,590,555,94.0
BK_HP0058,730,691,94.6
BK_HP0059,610,574,94.1
BK_HP0060,580,513,88.5
BK_HP0061,350,344,98.4
BK_HP0062,760,686,90.2
BK_HP0063,450,407,90.4
BK_HP0064,770,762,98.9
BK_HP0065,450,416,92.5
BK_HP0066,410,355,86.6
BK_HP0067,560,478,85.3
BK_HP0068,800,750,93.8
BK_HP0069,650,578,88.9
BK_HP0070,370,340,91.9
BK_HP0071,620,595,96.0
BK_HP0072,790,756,95.7
BK_HP0073,710,598,84.2
BK_HP0074,470,413,87.8
BK_HP0075,800,707,88.4
BK_HP0076,690,642,93.0
BK_HP0077,380,363,95.6
BK_HP0078,560,522,93.2
BK_HP0079,360,307,85.4
BK_HP0080,420,377,89.7
BK_HP0081,630,571,90.7
BK_HP0082,690,594,86.1
BK_HP0083,370,329,88.9
BK_HP0084,570,530,93.0
BK_HP0085,740,670,90.5
BK_HP0086,790,773,97.8
BK_HP0087,580,547,94.3
BK_HP0088,580,504,86.9
BK_HP0089,740,667,90.1
BK_HP0090,800,726,90.8
BK_HP0091,530,492,92.9
BK_HP0092,550,490,89.1
BK_HP0093,450,448,99.6
BK_HP0094,510,463,90.8
BK_HP0095,740,693,93.6
BK_HP0096,440,384,87.3
BK_HP0097,410,396,96.5
BK_HP0098,500,457,91.4
BK_HP0099,750,660,88.0
BK_HP0100,760,664,87.4
BK_HP0101,440,394,89.6
BK_HP0102,510,466,91.3
BK_HP0103,630,568,90.2
BK_HP0104,560,497,88.8
BK_HP0105,590,565,95.7
BK_HP0106,410,396,96.7
BK_HP0107,410,379,92.4
BK_HP0108,630,586,93.0
BK_HP0109,350,336,96.0
BK_HP0110,430,366,85.0
BK_HP0111,460,420,91.2
BK_HP0112,740,663,89.6
BK_HP0113,570,539,94.5
BK_HP0114,570,566,99.3
BK_HP0115,570,556,97.6
BK_HP0116,490,426,86.9
BK_HP0117,400,385,96.2
BK_HP0118,400,365,91.3
BK_HP0119,550,522,94.9
BK_HP0120,420,388,92.5
BK_HP0121,630,576,91.4
BK_HP0122,650,604,93.0
BK_HP0123,510,464,90.9
BK_HP0124,440,406,92.2
BK_HP0125,370,364,98.4
BK_HP0126,530,479,90.4
BK_HP0127,620,568,91.6
BK_HP0128,670,612,91.3
BK_HP0129,470,431,91.7
BK_HP0130,570,528,92.6
BK_HP0131,740,633,85.5
BK_HP0132,720,675,93.7
BK_HP0133,570,531,93.1
BK_HP0134,780,706,90.5
BK_HP0135,640,592,92.5
BK_HP0136,570,490,86.0
BK_HP0137,600,517,86.2
BK_HP0138,460,398,86.5
BK_HP0139,670,610,91.1
BK_HP0140,660,581,88.1
BK_HP0141,600,583,97.1
BK_HP0142,470,438,93.1
BK_HP0143,600,561,93.5
BK_HP0144,610,526,86.2
BK_HP0145,550,489,88.9
BK_HP0146,700,658,94.0
BK_HP0147,450,380,84.5
BK_HP0148,460,420,91.2
BK_HP0149,790,732,92.6
BK_HP0150,410,358,87.2
BK_HP0151,480,452,94.1
BK_HP0152,750,711,94.8
BK_HP0153,400,361,90.2
BK_HP0154,380,355,93.3
BK_HP0155,500,477,95.4
BK_HP0156,510,442,86.7
BK_HP0157,670,606,90.4
BK_HP0158,710,652,91.8
BK_HP0159,430,396,92.2
BK_HP0160,690,641,92.9
BK_HP0161,770,672,87.3
BK_HP0162,620,559,90.1
BK_HP0163,490,413,84.3
BK_HP0164,670,618,92.2
BK_HP0165,670,582,86.9
BK_HP0166,760,747,98.3
BK_HP0167,370,336,90.8
BK_HP0168,790,737,93.3
BK_HP0169,670,624,93.1
BK_HP0170,490,461,94.0
BK_HP0171,490,417,85.2
BK_HP0172,530,508,95.8
BK_HP0173,710,675,95.1
BK_HP0174,760,760,100.0
BK_HP0175,600,565,94.1
BK_HP0176,380,344,90.4
BK_HP0177,550,517,94.0
BK_HP0178,470,434,92.4
BK_HP0179,640,553,86.4
BK_HP0180,660,603,91.4
BK_HP0181,590,558,94.6
BK_HP0182,530,482,91.0
BK_HP0183,500,461,92.3
BK_HP0184,610,564,92.4
BK_HP0185,700,610,87.2
BK_HP0186,730,655,89.7
BK_HP0187,680,613,90.2
BK_HP0188,360,325,90.4
BK_HP0189,800,733,91.6
BK_HP0190,350,335,95.6
BK_HP0191,630,559,88.7
BK_HP0192,630,602,95.6
BK_HP0193,800,733,91.6
BK_HP0194,430,383,89.1
BK_HP0195,530,486,91.7
BK_HP0196,470,438,93.1
BK_HP0197,800,721,90.1
BK_HP0198,760,743,97.8
BK_HP0199,780,741,95.0
BK_HP0200,710,669,94.2
BK_HP0201,440,392,89.1
BK_HP0202,620,609,98.2
BK_HP0203,650,590,90.7
BK_HP0204,640,596,93.2
BK_HP0205,770,714,92.7
BK_HP0206,610,581,95.3
BK_HP0207,490,428,87.3
BK_HP0208,470,424,90.3
BK_HP0209,680,637,93.7
BK_HP0210,500,427,85.4
BK_HP0211,640,592,92.5
BK_HP0212,350,301,86.0
BK_HP0213,410,402,98.1
BK_HP0214,630,576,91.5
BK_HP0215,780,730,93.6
BK_HP0216,640,573,89.6
BK_HP0217,480,439,91.5
BK_HP0218,630,620,98.4
BK_HP0219,770,681,88.5
BK_HP0220,530,475,89.6
BK_HP0221,450,411,91.3
BK_HP0222,760,678,89.2
BK_HP0223,440,408,92.7
BK_HP0224,440,403,91.6
BK_HP0225,350,337,96.4
BK_HP0226,500,476,95.1
BK_HP0227,450,409,90.8
BK_HP0228,440,403,91.5
BK_HP0229,350,325,92.9
BK_HP0230,360,331,91.9
BK_HP0231,480,444,92.4
BK_HP0232,470,411,87.5
BK_HP0233,730,686,94.0
BK_HP0234,510,507,99.5
BK_HP0235,740,667,90.2
BK_HP0236,680,600,88.2
BK_HP0237,690,614,89.0
BK_HP0238,410,408,99.6
BK_HP0239,350,341,97.4
BK_HP0240,780,730,93.6
BK_HP0241,360,335,93.0
BK_HP0242,590,535,90.7
BK_HP0243,560,514,91.8
BK_HP0244,620,570,91.9
BK_HP0245,560,496,88.6
BK_HP0246,530,488,92.1
BK_HP0247,660,605,91.7
BK_HP0248,350,309,88.2
BK_HP0249,580,505,87.1
BK_HP0250,650,597,91.8
BK_HP0251,470,417,88.8
BK_HP0252,480,455,94.8
BK_HP0253,460,413,89.8
BK_HP0254,720,647,89.8
BK_HP0255,600,515,85.9
BK_HP0256,640,597,93.3
BK_HP0257,430,418,97.2
BK_HP0258,620,562,90.7
BK_HP0259,670,653,97.5
BK_HP0260,620,541,87.2
BK_HP0261,610,565,92.6
BK_HP0262,480,465,96.8
BK_HP0263,790,722,91.4
BK_HP0264,540,519,96.1
BK_HP0265,450,415,92.3
BK_HP0266,760,697,91.7
BK_HP0267,350,306,87.4
BK_HP0268,410,372,90.8
BK_HP0269,420,370,88.0
BK_HP0270,660,601,91.0
BK_HP0271,420,357,85.0
BK_HP0272,620,567,91.4
BK_HP0273,350,339,96.9
BK_HP0274,500,465,93.0
BK_HP0275,750,711,94.8
BK_HP0276,730,696,95.3
BK_HP0277,730,670,91.8
BK_HP0278,620,566,91.3
BK_HP0279,580,564,97.2
BK_HP0280,370,330,89.2
BK_HP0281,450,412,91.6
BK_HP0282,670,634,94.7
BK_HP0283,520,489,94.0
BK_HP0284,550,516,93.9
BK_HP0285,730,673,92.2
BK_HP0286,720,628,87.2
BK_HP0287,570,551,96.7
BK_HP0288,490,445,90.8
BK_HP0289,710,644,90.7
BK_HP0290,570,509,89.3
BK_HP0291,550,540,98.1
BK_HP0292,400,374,93.6
BK_HP0293,690,622,90.1
BK_HP0294,530,483,91.2
BK_HP0295,420,380,90.5
BK_HP0296,780,682,87.5
BK_HP0297,750,727,96.9
BK_HP0298,410,364,88.7
BK_HP0299,700,650,92.8
BK_HP0300,470,446,94.9
BK_HP0301,410,369,90.0
BK_HP0302,350,344,98.2
BK_HP0303,650,591,90.9
BK_HP0304,500,466,93.3
BK_HP0305,650,577,88.7
BK_HP0306,780,661,84.7
BK_HP0307,770,732,95.0
BK_HP0308,550,504,91.6
BK_HP0309,720,712,98.9
BK_HP0310,590,567,96.1
BK_HP0311,680,616,90.6
BK_HP0312,480,446,92.9
BK_HP0313,440,414,94.1
BK_HP0314,700,617,88.2
BK_HP0315,350,303,86.7
BK_HP0316,450,433,96.3
BK_HP0317,620,552,89.0
BK_HP0318,650,614,94.4
BK_HP0319,360,315,87.6
BK_HP0320,660,586,88.8
BK_HP0321,610,570,93.4
BK_HP0322,460,386,83.9
BK_HP0323,760,667,87.7
BK_HP0324,500,463,92.6
BK_HP0325,800,735,91.9
BK_HP0326,380,345,90.7
BK_HP0327,600,539,89.9
BK_HP0328,410,377,91.9
BK_HP0329,510,461,90.3
BK_HP0330,450,406,90.3
BK_HP0331,370,327,88.3
BK_HP0332,470,419,89.2
BK_HP0333,770,696,90.4
BK_HP0334,660,607,91.9
BK_HP0335,550,509,92.6
BK_HP0336,680,614,90.3
BK_HP0337,470,414,88.0
BK_HP0338,590,578,97.9
BK_HP0339,410,386,94.1
BK_HP0340,610,547,89.6
BK_HP0341,440,410,93.1
BK_HP0342,750,690,92.0
BK_HP0343,670,607,90.6
BK_HP0344,520,486,93.4
BK_HP0345,400,365,91.3
BK_HP0346,690,615,89.2
BK_HP0347,590,563,95.4
BK_HP0348,770,708,92.0
BK_HP0349,450,396,88.1
BK_HP0350,420,396,94.2
BK_HP0351,760,705,92.8
BK_HP0352,440,395,89.8
BK_HP0353,670,622,92.8
BK_HP0354,360,334,92.7
BK_HP0355,420,373,88.8
BK_HP0356,400,345,86.2
BK_HP0357,430,393,91.4
BK_HP0358,760,728,95.8
BK_HP0359,570,508,89.1
BK_HP0360,500,446,89.2
BK_HP0361,700,636,90.9
BK_HP0362,380,341,89.8
BK_HP0363,570,540,94.7
BK_HP0364,350,330,94.2
BK_HP0365,410,383,93.5
BK_HP0366,770,721,93.6
BK_HP0367,460,426,92.5
BK_HP0368,410,379,92.4
BK_HP0369,670,564,84.2
BK_HP0370,370,314,85.0
BK_HP0371,640,578,90.3
BK_HP0372,430,400,93.0
BK_HP0373,450,407,90.4
BK_HP0374,490,457,93.3
BK_HP0375,400,384,96.1
BK_HP0376,700,655,93.6
BK_HP0377,590,535,90.7
BK_HP0378,350,320,91.5
BK_HP0379,500,467,93.4
BK_HP0380,690,625,90.6
BK_HP0381,470,448,95.3
BK_HP0382,620,570,92.0
BK_HP0383,630,575,91.2
BK_HP0384,470,427,90.8
BK_HP0385,630,587,93.2
BK_HP0386,420,390,92.8
BK_HP0387,620,582,93.9
BK_HP0388,500,473,94.6
BK_HP0389,510,434,85.1
BK_HP0390,750,722,96.2
BK_HP0391,580,518,89.3
BK_HP0392,760,676,89.0
BK_HP0393,560,548,97.8
BK_HP0394,550,499,90.7
BK_HP0395,550,490,89.1
BK_HP0396,700,643,91.8
BK_HP0397,670,589,87.9
BK_HP0398,420,415,98.9
BK_HP0399,540,481,89.1
BK_HP0400,480,447,93.2
BK_HP0401,650,602,92.6
BK_HP0402,640,609,95.1
BK_HP0403,600,520,86.7
BK_HP0404,550,526,95.7
BK_HP0405,500,464,92.7
BK_HP0406,500,472,94.4
BK_HP0407,730,677,92.8
BK_HP0408,490,457,93.2
BK_HP0409,430,355,82.6
BK_HP0410,390,346,88.7
BK_HP0411,690,599,86.8
BK_HP0412,480,453,94.3
BK_HP0413,400,363,90.7
BK_HP0414,470,430,91.5
BK_HP0415,390,361,92.6
BK_HP0416,390,337,86.5
BK_HP0417,670,610,91.0
BK_HP0418,480,447,93.2
BK_HP0419,710,674,95.0
BK_HP0420,690,630,91.3
BK_HP0421,720,694,96.4
BK_HP0422,470,424,90.3
BK_HP0423,610,562,92.2
BK_HP0424,430,375,87.3
BK_HP0425,790,781,98.9
BK_HP0426,560,503,89.9
BK_HP0427,590,514,87.2
BK_HP0428,530,500,94.4
BK_HP0429,580,521,89.9
BK_HP0430,470,421,89.6
BK_HP0431,560,497,88.7
BK_HP0432,560,500,89.3
BK_HP0433,610,575,94.2
BK_HP0434,470,408,86.8
BK_HP0435,690,647,93.8
BK_HP0436,570,504,88.5
BK_HP0437,610,585,95.9
BK_HP0438,740,704,95.1
BK_HP0439,410,395,96.4
BK_HP0440,770,695,90.3
BK_HP0441,590,560,95.0
BK_HP0442,420,398,94.8
BK_HP0443,370,342,92.5
BK_HP0444,520,461,88.6
BK_HP0445,690,643,93.2
BK_HP0446,500,455,91.0
BK_HP0447,660,616,93.4
BK_HP0448,400,354,88.6
BK_HP0449,680,639,93.9
BK_HP0450,490,428,87.4
BK_HP0451,420,354,84.4
BK_HP0452,740,662,89.4
BK_HP0453,490,424,86.5
BK_HP0454,360,324,89.9
BK_HP0455,730,677,92.7
BK_HP0456,720,613,85.1
BK_HP0457,490,458,93.5
BK_HP0458,520,503,96.7
BK_HP0459,520,488,93.8
BK_HP0460,650,566,87.0
BK_HP0461,360,330,91.7
BK_HP0462,790,695,88.0
BK_HP0463,570,527,92.5
BK_HP0464,770,738,95.8
BK_HP0465,350,321,91.8
BK_HP0466,490,455,92.8
BK_HP0467,720,719,99.8
BK_HP0468,420,398,94.7
BK_HP0469,660,613,92.9
BK_HP0470,750,747,99.6
BK_HP0471,640,560,87.5
BK_HP0472,760,698,91.8
BK_HP0473,650,630,96.9
BK_HP0474,480,471,98.1
BK_HP0475,760,685,90.1
BK_HP0476,600,524,87.3
BK_HP0477,790,724,91.7
BK_HP0478,560,512,91.4
BK_HP0479,390,357,91.6
BK_HP0480,670,585,87.3
BK_HP0481,760,673,88.6
BK_HP0482,450,407,90.4
BK_HP0483,550,505,91.9
BK_HP0484,360,341,94.8
BK_HP0485,490,437,89.2
BK_HP0486,470,448,95.3
BK_HP0487,580,527,90.9
BK_HP0488,410,403,98.4
BK_HP0489,700,648,92.6
BK_HP0490,420,371,88.3
BK_HP0491,590,531,90.0
BK_HP0492,790,722,91.4
BK_HP0493,560,512,91.4
BK_HP0494,690,665,96.4
BK_HP0495,430,393,91.4
BK_HP0496,460,435,94.5
BK_HP0497,490,466,95.0
BK_HP0498,540,502,93.0
BK_HP0499,600,562,93.7
BK_HP0500,610,536,87.8
BK_HP0501,720,691,96.0
BK_HP0502,400,368,91.9
BK_HP0503,800,730,91.2
BK_HP0504,400,362,90.5
BK_HP0505,660,626,94.9
BK_HP0506,420,373,88.9
BK_HP0507,590,558,94.6
BK_HP0508,800,682,85.3
BK_HP0509,480,430,89.6
BK_HP0510,780,749,96.0
BK_HP0511,410,369,90.1
BK_HP0512,460,427,92.8
BK_HP0513,550,504,91.7
BK_HP0514,750,686,91.5
BK_HP0515,510,471,92.3
BK_HP0516,530,498,93.9
BK_HP0517,430,399,92.8
BK_HP0518,670,572,85.3
BK_HP0519,400,371,92.8
BK_HP0520,580,514,88.7
BK_HP0521,680,644,94.7
BK_HP0522,530,481,90.8
BK_HP0523,600,533,88.9
BK_HP0524,760,720,94.7
BK_HP0525,390,363,93.1
BK_HP0526,540,507,93.9
BK_HP0527,670,608,90.8
BK_HP0528,610,542,88.9
BK_HP0529,610,570,93.4
BK_HP0530,540,494,91.5
BK_HP0531,400,344,86.0
BK_HP0532,490,431,88.0
BK_HP0533,440,422,95.9
BK_HP0534,480,438,91.3
BK_HP0535,410,361,88.0
BK_HP0536,350,324,92.7
BK_HP0537,780,700,89.8
BK_HP0538,400,365,91.2
BK_HP0539,430,392,91.2
BK_HP0540,750,735,98.0
BK_HP0541,380,350,92.2
BK_HP0542,410,394,96.1
BK_HP0543,660,593,89.9
BK_HP0544,430,403,93.8
BK_HP0545,780,704,90.3
BK_HP0546,350,304,87.0
BK_HP0547,360,330,91.8
BK_HP0548,650,604,92.9
BK_HP0549,420,372,88.6
BK_HP0550,440,410,93.2
BK_HP0551,470,425,90.5
BK_HP0552,590,575,97.4
BK_HP0553,680,605,88.9
BK_HP0554,650,612,94.2
BK_HP0555,710,626,88.1
BK_HP0556,350,319,91.2
BK_HP0557,640,585,91.4
BK_HP0558,600,566,94.3
BK_HP0559,770,683,88.7
BK_HP0560,630,558,88.6
BK_HP0561,640,589,92.1
BK_HP0562,730,656,89.9
BK_HP0563,590,549,93.1
BK_HP0564,390,365,93.5
BK_HP0565,730,617,84.5
BK_HP0566,370,346,93.4
BK_HP0567,390,344,88.3
BK_HP0568,360,306,84.9
BK_HP0569,690,651,94.3
BK_HP0570,650,618,95.0
BK_HP0571,490,432,88.2
BK_HP0572,700,636,90.9
BK_HP0573,610,562,92.2
BK_HP0574,740,670,90.6
BK_HP0575,650,600,92.3
BK_HP0576,710,614,86.5
BK_HP0577,630,576,91.5
BK_HP0578,760,678,89.2
BK_HP0579,430,394,91.7
BK_HP0580,510,471,92.3
BK_HP0581,790,690,87.3
BK_HP0582,720,685,95.1
BK_HP0583,710,645,90.9
BK_HP0584,410,390,95.1
BK_HP0585,590,556,94.2
BK_HP0586,700,632,90.3
BK_HP0587,760,681,89.6
BK_HP0588,610,573,94.0
BK_HP0589,800,730,91.3
BK_HP0590,650,628,96.6
BK_HP0591,610,565,92.6
BK_HP0592,770,722,93.8
BK_HP0593,450,418,92.9
BK_HP0594,600,557,92.8
BK_HP0595,610,584,95.7
BK_HP0596,670,588,87.7
BK_HP0597,400,360,90.1
BK_HP0598,490,478,97.5
BK_HP0599,530,493,93.1
BK_HP0600,780,747,95.8
BK_HP0601,590,549,93.0
BK_HP0602,670,628,93.7
BK_HP0603,570,514,90.2
BK_HP0604,490,459,93.6
BK_HP0605,570,504,88.4
BK_HP0606,660,611,92.6
BK_HP0607,360,332,92.1
BK_HP0608,350,331,94.5
BK_HP0609,570,520,91.3
BK_HP0610,730,675,92.4
BK_HP0611,580,508,87.5
BK_HP0612,710,645,90.8
BK_HP0613,480,435,90.6
BK_HP0614,680,626,92.0
BK_HP0615,790,718,90.9
BK_HP0616,730,655,89.7
BK_HP0617,470,440,93.7
BK_HP0618,750,664,88.5
BK_HP0619,530,490,92.5
BK_HP0620,480,413,86.0
BK_HP0621,460,429,93.3
BK_HP0622,450,398,88.5
BK_HP0623,730,688,94.3
BK_HP0624,690,645,93.5
BK_HP0625,520,477,91.8
BK_HP0626,580,546,94.2
BK_HP0627,370,343,92.6
BK_HP0628,490,452,92.3
BK_HP0629,420,402,95.6
BK_HP0630,460,434,94.4
BK_HP0631,430,428,99.5
BK_HP0632,670,636,95.0
BK_HP0633,440,392,89.0
BK_HP0634,760,678,89.2
BK_HP0635,780,713,91.4
BK_HP0636,350,299,85.4
BK_HP0637,460,423,91.9
BK_HP0638,460,431,93.8
BK_HP0639,450,405,90.0
BK_HP0640,750,679,90.5
BK_HP0641,580,580,100.0
BK_HP0642,690,604,87.5
BK_HP0643,780,677,86.8
BK_HP0644,680,656,96.4
BK_HP0645,800,744,93.0
BK_HP0646,700,633,90.4
BK_HP0647,650,631,97.1
BK_HP0648,540,493,91.3
BK_HP0649,390,351,89.9
BK_HP0650,430,376,87.5
BK_HP0651,620,562,90.7
BK_HP0652,450,411,91.4
BK_HP0653,730,654,89.6
BK_HP0654,690,686,99.4
BK_HP0655,760,698,91.9
BK_HP0656,640,564,88.2
BK_HP0657,530,505,95.2
BK_HP0658,730,648,88.8
BK_HP0659,790,720,91.1
BK_HP0660,600,532,88.7
BK_HP0661,380,345,90.9
BK_HP0662,590,560,95.0
BK_HP0663,650,578,89.0
BK_HP0664,630,578,91.7
BK_HP0665,490,425,86.8
BK_HP0666,600,539,89.8
BK_HP0667,530,473,89.2
BK_HP0668,430,371,86.2
BK_HP0669,500,450,90.0
BK_HP0670,630,579,91.9
BK_HP0671,470,440,93.7
BK_HP0672,660,614,93.1
BK_HP0673,780,686,88.0
BK_HP0674,670,561,83.7
BK_HP0675,450,416,92.5
BK_HP0676,620,576,92.9
BK_HP0677,410,362,88.2
BK_HP0678,630,574,91.1
BK_HP0679,750,660,88.0
BK_HP0680,600,531,88.5
BK_HP0681,440,401,91.1
BK_HP0682,700,659,94.1
BK_HP0683,670,610,91.1
BK_HP0684,350,318,91.0
KHTN_HP0001,500,476,95.2
KHTN_HP0002,690,641,92.9
KHTN_HP0003,740,673,90.9
KHTN_HP0004,670,587,87.6
KHTN_HP0005,670,649,96.9
KHTN_HP0006,570,493,86.5
KHTN_HP0007,370,369,99.7
KHTN_HP0008,660,623,94.4
KHTN_HP0009,600,584,97.3
KHTN_HP0010,490,487,99.3
KHTN_HP0011,780,683,87.6
KHTN_HP0012,460,438,95.3
KHTN_HP0013,480,469,97.7
KHTN_HP0014,720,672,93.4
KHTN_HP0015,740,666,90.0
KHTN_HP0016,370,332,89.8
KHTN_HP0017,460,393,85.4
KHTN_HP0018,380,361,94.9
KHTN_HP0019,660,612,92.7
KHTN_HP0020,440,396,90.0
KHTN_HP0021,510,465,91.2
KHTN_HP0022,500,460,92.0
KHTN_HP0023,690,620,89.9
KHTN_HP0024,650,590,90.8
KHTN_HP0025,790,735,93.0
KHTN_HP0026,420,386,91.9
KHTN_HP0027,530,520,98.1
KHTN_HP0028,640,589,92.1
KHTN_HP0029,580,563,97.1
KHTN_HP0030,730,661,90.6
KHTN_HP0031,690,636,92.2
KHTN_HP0032,440,416,94.6
KHTN_HP0033,660,591,89.5
KHTN_HP0034,410,383,93.4
KHTN_HP0035,700,670,95.7
KHTN_HP0036,770,735,95.5
KHTN_HP0037,370,341,92.1
KHTN_HP0038,440,389,88.5
KHTN_HP0039,730,679,93.0
KHTN_HP0040,620,581,93.7
KHTN_HP0041,720,711,98.7
KHTN_HP0042,470,408,86.8
KHTN_HP0043,370,337,91.1
KHTN_HP0044,530,465,87.8
KHTN_HP0045,730,661,90.5
KHTN_HP0046,770,701,91.1
KHTN_HP0047,440,400,90.9
KHTN_HP0048,360,338,94.0
KHTN_HP0049,360,343,95.4
KHTN_HP0050,560,480,85.7
KHTN_HP0051,530,490,92.4
KHTN_HP0052,410,383,93.5
KHTN_HP0053,750,699,93.2
KHTN_HP0054,520,488,93.9
KHTN_HP0055,480,446,93.0
KHTN_HP0056,520,474,91.2
KHTN_HP0057,690,634,91.9
KHTN_HP0058,610,567,92.9
KHTN_HP0059,630,587,93.2
KHTN_HP0060,530,476,89.8
KHTN_HP0061,490,460,93.9
KHTN_HP0062,370,363,98.1
KHTN_HP0063,640,587,91.7
KHTN_HP0064,630,595,94.5
KHTN_HP0065,560,502,89.7
KHTN_HP0066,640,592,92.5
KHTN_HP0067,510,474,93.0
KHTN_HP0068,790,757,95.8
KHTN_HP0069,720,662,91.9
KHTN_HP0070,460,409,88.9
KHTN_HP0071,530,502,94.7
KHTN_HP0072,420,387,92.2
KHTN_HP0073,420,388,92.4
KHTN_HP0074,750,686,91.5
KHTN_HP0075,680,656,96.4
KHTN_HP0076,510,480,94.2
KHTN_HP0077,600,548,91.3
KHTN_HP0078,480,433,90.3
KHTN_HP0079,670,592,88.3
KHTN_HP0080,590,559,94.8
KHTN_HP0081,670,637,95.1
KHTN_HP0082,350,307,87.7
KHTN_HP0083,530,483,91.1
KHTN_HP0084,800,774,96.8
KHTN_HP0085,620,569,91.8
KHTN_HP0086,570,538,94.3
KHTN_HP0087,730,683,93.6
KHTN_HP0088,350,336,96.1
KHTN_HP0089,690,653,94.7
KHTN_HP0090,540,520,96.3
KHTN_HP0091,590,555,94.0
KHTN_HP0092,760,672,88.4
KHTN_HP0093,520,518,99.6
KHTN_HP0094,760,707,93.0
KHTN_HP0095,410,384,93.6
KHTN_HP0096,530,463,87.4
KHTN_HP0097,700,658,94.0
KHTN_HP0098,380,347,91.3
KHTN_HP0099,770,687,89.2
KHTN_HP0100,680,609,89.6
KHTN_HP0101,570,518,90.8
KHTN_HP0102,770,690,89.6
KHTN_HP0103,540,484,89.6
KHTN_HP0104,410,382,93.1
KHTN_HP0105,640,572,89.3
KHTN_HP0106,730,679,93.0
KHTN_HP0107,510,487,95.5
KHTN_HP0108,560,485,86.6
KHTN_HP0109,580,568,98.0
KHTN_HP0110,650,622,95.7
KHTN_HP0111,520,482,92.6
KHTN_HP0112,500,466,93.3
KHTN_HP0113,790,717,90.8
KHTN_HP0114,570,501,87.9
KHTN_HP0115,550,496,90.1
KHTN_HP0116,450,391,86.9
KHTN_HP0117,530,502,94.8
KHTN_HP0118,640,577,90.1
KHTN_HP0119,760,711,93.6
KHTN_HP0120,490,486,99.1
KHTN_HP0121,640,602,94.0
KHTN_HP0122,540,488,90.3
KHTN_HP0123,370,340,92.0
KHTN_HP0124,670,622,92.9
KHTN_HP0125,430,410,95.3
KHTN_HP0126,750,656,87.4
KHTN_HP0127,500,463,92.6
KHTN_HP0128,670,643,96.0
KHTN_HP0129,550,484,88.0
KHTN_HP0130,400,399,99.7
KHTN_HP0131,490,436,89.0
KHTN_HP0132,400,357,89.3
KHTN_HP0133,520,499,96.0
KHTN_HP0134,370,349,94.2
KHTN_HP0135,670,614,91.6
KHTN_HP0136,570,534,93.6
KHTN_HP0137,630,547,86.9
KHTN_HP0138,440,434,98.7
KHTN_HP0139,570,521,91.4
KHTN_HP0140,750,658,87.7
KHTN_HP0141,680,645,94.8
KHTN_HP0142,520,482,92.6
KHTN_HP0143,750,689,91.9
KHTN_HP0144,520,466,89.6
KHTN_HP0145,680,615,90.4
KHTN_HP0146,650,601,92.4
KHTN_HP0147,430,399,92.9
KHTN_HP0148,380,348,91.6
KHTN_HP0149,770,709,92.1
KHTN_HP0150,650,617,94.9
KHTN_HP0151,380,335,88.2
KHTN_HP0152,760,730,96.0
KHTN_HP0153,760,695,91.4
KHTN_HP0154,390,347,89.1
KHTN_HP0155,790,676,85.6
KHTN_HP0156,460,403,87.6
KHTN_HP0157,660,595,90.1
KHTN_HP0158,430,388,90.2
KHTN_HP0159,410,378,92.2
KHTN_HP0160,480,437,91.0
KHTN_HP0161,780,720,92.3
KHTN_HP0162,600,532,88.6
KHTN_HP0163,600,554,92.4
KHTN_HP0164,350,335,95.8
KHTN_HP0165,440,399,90.6
KHTN_HP0166,460,414,90.0
KHTN_HP0167,610,568,93.1
KHTN_HP0168,380,349,91.9
KHTN_HP0169,720,674,93.6
KHTN_HP0170,780,743,95.2
KHTN_HP0171,500,457,91.4
KHTN_HP0172,710,665,93.7
KHTN_HP0173,360,326,90.5
KHTN_HP0174,620,533,86.0
KHTN_HP0175,630,579,91.9
KHTN_HP0176,430,380,88.4
KHTN_HP0177,450,431,95.7
KHTN_HP0178,740,651,88.0
KHTN_HP0179,380,332,87.4
KHTN_HP0180,460,414,90.1
KHTN_HP0181,540,479,88.7
KHTN_HP0182,500,460,91.9
KHTN_HP0183,760,708,93.1
KHTN_HP0184,740,717,96.9
KHTN_HP0185,560,518,92.5
KHTN_HP0186,380,359,94.4
KHTN_HP0187,710,648,91.2
KHTN_HP0188,740,648,87.5
KHTN_HP0189,370,346,93.4
KHTN_HP0190,520,498,95.8
KHTN_HP0191,700,682,97.4
KHTN_HP0192,570,547,96.0
KHTN_HP0193,350,337,96.4
KHTN_HP0194,600,529,88.2
KHTN_HP0195,610,544,89.2
KHTN_HP0196,530,515,97.1
KHTN_HP0197,610,578,94.7
KHTN_HP0198,430,413,96.1
KHTN_HP0199,440,396,90.0
KHTN_HP0200,500,446,89.2
KHTN_HP0201,500,464,92.8
KHTN_HP0202,620,598,96.5
KHTN_HP0203,460,416,90.5
KHTN_HP0204,710,635,89.4
KHTN_HP0205,790,720,91.1
KHTN_HP0206,480,434,90.5
KHTN_HP0207,510,468,91.8
KHTN_HP0208,640,607,94.8
KHTN_HP0209,510,450,88.3
KHTN_HP0210,570,534,93.7
KHTN_HP0211,620,567,91.5
KHTN_HP0212,680,640,94.1
KHTN_HP0213,680,615,90.5
KHTN_HP0214,680,602,88.5
KHTN_HP0215,420,380,90.4
KHTN_HP0216,790,743,94.1
KHTN_HP0217,620,575,92.7
KHTN_HP0218,620,572,92.3
KHTN_HP0219,460,425,92.4
KHTN_HP0220,350,323,92.2
KHTN_HP0221,460,407,88.5
KHTN_HP0222,670,626,93.5
KHTN_HP0223,370,335,90.6
KHTN_HP0224,400,400,99.9
KHTN_HP0225,450,432,95.9
KHTN_HP0226,760,720,94.8
KHTN_HP0227,560,525,93.7
KHTN_HP0228,500,461,92.3
KHTN_HP0229,360,333,92.5
KHTN_HP0230,500,445,89.1
KHTN_HP0231,560,508,90.8
KHTN_HP0232,630,572,90.8
KHTN_HP0233,460,455,98.9
KHTN_HP0234,520,479,92.2
KHTN_HP0235,420,365,86.9
KHTN_HP0236,740,657,88.8
KHTN_HP0237,610,576,94.5
KHTN_HP0238,390,347,89.1
KHTN_HP0239,800,761,95.1
KHTN_HP0240,760,701,92.2
KHTN_HP0241,520,500,96.1
KHTN_HP0242,620,591,95.4
KHTN_HP0243,800,733,91.6
KHTN_HP0244,710,621,87.5
KHTN_HP0245,660,596,90.3
KHTN_HP0246,630,564,89.5
KHTN_HP0247,640,621,97.1
KHTN_HP0248,390,359,92.0
KHTN_HP0249,660,604,91.5
KHTN_HP0250,710,637,89.7
KHTN_HP0251,740,697,94.2
KHTN_HP0252,770,688,89.4
KHTN_HP0253,700,624,89.1
KHTN_HP0254,590,559,94.7
KHTN_HP0255,710,667,93.9
KHTN_HP0256,540,494,91.5
KHTN_HP0257,730,700,95.9
KHTN_HP0258,690,667,96.6
KHTN_HP0259,460,416,90.4
KHTN_HP0260,730,695,95.2
KHTN_HP0261,590,542,91.8
KHTN_HP0262,670,652,97.3
KHTN_HP0263,380,341,89.7
KHTN_HP0264,610,547,89.7
KHTN_HP0265,610,569,93.3
KHTN_HP0266,370,323,87.3
KHTN_HP0267,800,681,85.1
KHTN_HP0268,780,696,89.2
KHTN_HP0269,500,455,91.1
KHTN_HP0270,540,506,93.7
KHTN_HP0271,430,412,95.7
KHTN_HP0272,520,480,92.4
KHTN_HP0273,780,724,92.8
KHTN_HP0274,540,519,96.2
KHTN_HP0275,790,730,92.4
KHTN_HP0276,510,486,95.3
KHTN_HP0277,640,570,89.0
KHTN_HP0278,620,572,92.3
KHTN_HP0279,710,648,91.3
KHTN_HP0280,360,334,92.7
KHTN_HP0281,570,539,94.5
KHTN_HP0282,770,751,97.5
KHTN_HP0283,760,724,95.2
KHTN_HP0284,670,612,91.4
KHTN_HP0285,660,601,91.0
KHTN_HP0286,650,596,91.7
KHTN_HP0287,570,512,89.9
KHTN_HP0288,700,645,92.2
KHTN_HP0289,750,678,90.4
KHTN_HP0290,430,393,91.5
KHTN_HP0291,400,378,94.4
KHTN_HP0292,540,482,89.3
KHTN_HP0293,430,420,97.6
KHTN_HP0294,720,642,89.2
KHTN_HP0295,440,422,96.0
KHTN_HP0296,540,510,94.4
KHTN_HP0297,770,765,99.4
KHTN_HP0298,560,545,97.4
KHTN_HP0299,480,448,93.4
KHTN_HP0300,710,641,90.3
KHTN_HP0301,520,504,96.9
KHTN_HP0302,400,354,88.4
KHTN_HP0303,490,455,92.9
KHTN_HP0304,630,587,93.2
KHTN_HP0305,600,574,95.6
KHTN_HP0306,510,502,98.5
KHTN_HP0307,790,719,91.0
KHTN_HP0308,610,592,97.0
KHTN_HP0309,440,392,89.0
KHTN_HP0310,790,747,94.5
KHTN_HP0311,490,458,93.4
KHTN_HP0312,630,598,95.0
KHTN_HP0313,520,488,93.8
KHTN_HP0314,480,439,91.5
KHTN_HP0315,670,595,88.8
KHTN_HP0316,770,732,95.0
KHTN_HP0317,760,715,94.1
KHTN_HP0318,540,496,91.9
KHTN_HP0319,630,592,93.9
KHTN_HP0320,550,527,95.8
KHTN_HP0321,610,580,95.0
KHTN_HP0322,570,550,96.5
KHTN_HP0323,690,638,92.4
KHTN_HP0324,660,631,95.6
KHTN_HP0325,460,411,89.3
KHTN_HP0326,350,321,91.7
KHTN_HP0327,620,577,93.1
KHTN_HP0328,460,421,91.5
KHTN_HP0329,590,568,96.2
KHTN_HP0330,440,393,89.4
KHTN_HP0331,780,744,95.4
KHTN_HP0332,740,643,86.9
KHTN_HP0333,600,551,91.9
KHTN_HP0334,530,500,94.3
KHTN_HP0335,800,737,92.1
KHTN_HP0336,800,723,90.4
KHTN_HP0337,720,650,90.3
KHTN_HP0338,530,481,90.8
KHTN_HP0339,690,634,91.9
KHTN_HP0340,780,719,92.2
KHTN_HP0341,730,685,93.8
KHTN_HP0342,400,365,91.3
KHTN_HP0343,660,581,88.0
KHTN_HP0344,670,630,94.0
KHTN_HP0345,520,486,93.4
KHTN_HP0346,600,510,85.0
KHTN_HP0347,370,346,93.5
KHTN_HP0348,540,485,89.8
KHTN_HP0349,580,493,85.0
KHTN_HP0350,730,669,91.6
KHTN_HP0351,730,697,95.5
KHTN_HP0352,390,351,90.1
KHTN_HP0353,670,608,90.8
KHTN_HP0354,470,450,95.7
KHTN_HP0355,350,327,93.5
KHTN_HP0356,430,402,93.5
KHTN_HP0357,500,460,92.1
KHTN_HP0358,520,475,91.4
KHTN_HP0359,640,572,89.3
KHTN_HP0360,570,561,98.4
KHTN_HP0361,510,476,93.3
KHTN_HP0362,570,510,89.5
KHTN_HP0363,650,610,93.8
KHTN_HP0364,450,405,89.9
KHTN_HP0365,600,539,89.9
KHTN_HP0366,630,602,95.6
KHTN_HP0367,400,358,89.6
KHTN_HP0368,590,521,88.3
KHTN_HP0369,770,722,93.8
KHTN_HP0370,780,709,90.9
KHTN_HP0371,440,398,90.4
KHTN_HP0372,610,551,90.4
KHTN_HP0373,520,488,93.8
KHTN_HP0374,490,460,93.8
KHTN_HP0375,650,604,93.0
KHTN_HP0376,770,720,93.5
KHTN_HP0377,370,335,90.5
KHTN_HP0378,570,559,98.0
KHTN_HP0379,390,365,93.7
KHTN_HP0380,610,562,92.2
KHTN_HP0381,540,529,97.9
KHTN_HP0382,680,634,93.3
KHTN_HP0383,410,345,84.1
KHTN_HP0384,400,381,95.2
KHTN_HP0385,540,493,91.3
KHTN_HP0386,570,525,92.1
KHTN_HP0387,410,385,93.9
KHTN_HP0388,590,542,91.9
KHTN_HP0389,690,655,94.9
KHTN_HP0390,480,435,90.6
KHTN_HP0391,780,693,88.8
KHTN_HP0392,750,668,89.0
KHTN_HP0393,360,340,94.5
KHTN_HP0394,710,613,86.4
KHTN_HP0395,390,360,92.3
KHTN_HP0396,390,381,97.8
KHTN_HP0397,520,502,96.5
KHTN_HP0398,760,710,93.4
KHTN_HP0399,760,706,92.9
KHTN_HP0400,730,681,93.3
KHTN_HP0401,430,399,92.7
KHTN_HP0402,800,753,94.1
KHTN_HP0403,590,589,99.8
KHTN_HP0404,410,359,87.6
KHTN_HP0405,420,381,90.6
KHTN_HP0406,410,357,87.1
KHTN_HP0407,750,694,92.6
KHTN_HP0408,580,520,89.6
KHTN_HP0409,350,337,96.2
KHTN_HP0410,590,537,91.1
KHTN_HP0411,610,548,89.8
KHTN_HP0412,800,778,97.3
KHTN_HP0413,800,738,92.3
KHTN_HP0414,380,360,94.7
KHTN_HP0415,600,536,89.4
KHTN_HP0416,770,726,94.3
KHTN_HP0417,530,511,96.4
KHTN_HP0418,590,559,94.7
KHTN_HP0419,660,612,92.8
KHTN_HP0420,590,552,93.6
KHTN_HP0421,620,573,92.4
KHTN_HP0422,400,367,91.7
KHTN_HP0423,780,687,88.1
KHTN_HP0424,790,743,94.1
KHTN_HP0425,570,554,97.2
KHTN_HP0426,600,538,89.6
KT_HP0001,510,479,94.0
KT_HP0002,500,479,95.8
KT_HP0003,480,448,93.3
KT_HP0004,610,575,94.3
KT_HP0005,650,579,89.1
KT_HP0006,650,612,94.1
KT_HP0007,430,425,98.9
KT_HP0008,650,601,92.5
KT_HP0009,560,520,92.8
KT_HP0010,730,688,94.2
KT_HP0011,640,589,92.1
KT_HP0012,740,704,95.2
KT_HP0013,360,333,92.5
KT_HP0014,800,763,95.4
KT_HP0015,690,642,93.0
KT_HP0016,360,314,87.3
KT_HP0017,470,430,91.5
KT_HP0018,380,364,95.9
KT_HP0019,600,565,94.1
KT_HP0020,650,596,91.7
KT_HP0021,450,426,94.6
KT_HP0022,680,648,95.3
KT_HP0023,380,359,94.5
KT_HP0024,370,349,94.4
KT_HP0025,500,472,94.4
KT_HP0026,520,496,95.3
KT_HP0027,650,601,92.5
KT_HP0028,460,437,95.0
KT_HP0029,780,745,95.5
KT_HP0030,440,393,89.4
KT_HP0031,550,525,95.5
KT_HP0032,690,616,89.3
KT_HP0033,400,374,93.6
KT_HP0034,620,553,89.2
KT_HP0035,440,427,97.1
KT_HP0036,360,342,95.1
KT_HP0037,690,635,92.1
KT_HP0038,580,527,90.8
KT_HP0039,660,632,95.7
KT_HP0040,800,755,94.4
KT_HP0041,750,694,92.5
KT_HP0042,360,341,94.6
KT_HP0043,370,360,97.4
KT_HP0044,490,441,90.0
KT_HP0045,430,398,92.6
KT_HP0046,440,421,95.7
KT_HP0047,440,420,95.4
KT_HP0048,730,671,91.9
KT_HP0049,570,529,92.8
KT_HP0050,750,700,93.4
KT_HP0051,430,379,88.1
KT_HP0052,700,667,95.3
KT_HP0053,760,644,84.7
KT_HP0054,370,350,94.5
KT_HP0055,350,328,93.6
KT_HP0056,490,485,99.0
KT_HP0057,370,333,90.1
KT_HP0058,380,347,91.2
KT_HP0059,530,490,92.5
KT_HP0060,600,597,99.5
KT_HP0061,600,572,95.3
KT_HP0062,530,515,97.2
KT_HP0063,350,336,96.1
KT_HP0064,410,381,93.0
KT_HP0065,770,738,95.8
KT_HP0066,660,599,90.8
KT_HP0067,670,610,91.1
KT_HP0068,390,368,94.3
KT_HP0069,410,390,95.2
KT_HP0070,580,547,94.3
KT_HP0071,410,375,91.4
KT_HP0072,700,671,95.9
KT_HP0073,770,696,90.4
KT_HP0074,780,764,98.0
KT_HP0075,480,446,93.0
KT_HP0076,750,690,92.0
KT_HP0077,770,740,96.1
KT_HP0078,760,724,95.3
KT_HP0079,730,719,98.5
KT_HP0080,520,445,85.5
KT_HP0081,570,530,93.0
KT_HP0082,760,733,96.4
KT_HP0083,680,615,90.4
KT_HP0084,450,446,99.1
KT_HP0085,720,714,99.2
KT_HP0086,530,472,89.1
KT_HP0087,680,656,96.5
KT_HP0088,400,382,95.6
KT_HP0089,510,453,88.8
KT_HP0090,410,382,93.2
KT_HP0091,460,443,96.3
KT_HP0092,360,341,94.6
KT_HP0093,740,705,95.3
KT_HP0094,750,708,94.4
KT_HP0095,360,337,93.5
KT_HP0096,660,576,87.3
KT_HP0097,530,493,93.1
KT_HP0098,450,426,94.6
KT_HP0099,590,553,93.8
KT_HP0100,440,403,91.5
KT_HP0101,700,644,92.0
KT_HP0102,740,673,91.0
KT_HP0103,480,442,92.0
KT_HP0104,570,564,98.9
KT_HP0105,730,674,92.3
KT_HP0106,580,526,90.7
KT_HP0107,700,657,93.9
KT_HP0108,620,591,95.4
KT_HP0109,440,422,96.0
KT_HP0110,700,675,96.4
KT_HP0111,740,693,93.6
KT_HP0112,640,591,92.3
KT_HP0113,730,674,92.3
KT_HP0114,790,694,87.8
KT_HP0115,430,414,96.2
KT_HP0116,510,473,92.8
KT_HP0117,740,713,96.4
KT_HP0118,620,572,92.2
KT_HP0119,450,401,89.2
KT_HP0120,600,573,95.5
KT_HP0121,480,443,92.2
KT_HP0122,780,746,95.7
KT_HP0123,620,606,97.7
KT_HP0124,470,442,94.0
KT_HP0125,480,442,92.1
KT_HP0126,520,510,98.0
KT_HP0127,610,572,93.7
KT_HP0128,530,508,95.8
KT_HP0129,490,449,91.6
KT_HP0130,700,667,95.3
KT_HP0131,460,417,90.7
KT_HP0132,750,718,95.7
KT_HP0133,440,421,95.6
KT_HP0134,490,458,93.4
KT_HP0135,370,361,97.5
KT_HP0136,800,722,90.2
KT_HP0137,410,363,88.6
KT_HP0138,360,351,97.6
KT_HP0139,720,686,95.3
KT_HP0140,580,551,95.0
KT_HP0141,380,366,96.4
KT_HP0142,700,657,93.8
KT_HP0143,720,693,96.2
KT_HP0144,650,621,95.5
KT_HP0145,630,571,90.7
KT_HP0146,450,408,90.7
KT_HP0147,750,724,96.6
KT_HP0148,580,527,90.8
KT_HP0149,610,564,92.4
KT_HP0150,610,564,92.5
KT_HP0151,640,589,92.0
KT_HP0152,400,378,94.4
KT_HP0153,560,497,88.8
KT_HP0154,730,685,93.8
KT_HP0155,380,351,92.4
KT_HP0156,620,588,94.9
KT_HP0157,630,599,95.1
KT_HP0158,670,613,91.5
KT_HP0159,790,709,89.7
KT_HP0160,480,431,89.8
KT_HP0161,470,446,94.9
KT_HP0162,600,570,95.0
KT_HP0163,590,530,89.9
KT_HP0164,680,658,96.7
KT_HP0165,560,516,92.1
KT_HP0166,500,430,86.0
KT_HP0167,790,786,99.5
KT_HP0168,770,693,90.0
KT_HP0169,790,754,95.5
KT_HP0170,630,587,93.1
KT_HP0171,610,585,95.9
KT_HP0172,700,648,92.6
KT_HP0173,610,586,96.1
KT_HP0174,590,556,94.3
KT_HP0175,630,582,92.4
KT_HP0176,360,330,91.8
KT_HP0177,790,735,93.0
KT_HP0178,480,455,94.7
KT_HP0179,590,563,95.4
KT_HP0180,760,750,98.7
KT_HP0181,580,550,94.8
KT_HP0182,560,557,99.4
KT_HP0183,510,483,94.7
KT_HP0184,760,730,96.1
KT_HP0185,750,646,86.2
KT_HP0186,550,515,93.7
KT_HP0187,800,742,92.8
KT_HP0188,630,568,90.1
KT_HP0189,750,700,93.3
KT_HP0190,770,752,97.7
KT_HP0191,560,544,97.2
KT_HP0192,640,612,95.7
KT_HP0193,520,494,95.0
KT_HP0194,520,488,93.8
KT_HP0195,720,650,90.3
KT_HP0196,560,517,92.3
KT_HP0197,770,739,96.0
KT_HP0198,380,363,95.6
KT_HP0199,770,705,91.5
KT_HP0200,430,402,93.5
KT_HP0201,460,432,93.9
KT_HP0202,450,448,99.6
KT_HP0203,490,481,98.2
KT_HP0204,790,752,95.2
KT_HP0205,800,742,92.7
KT_HP0206,770,691,89.7
KT_HP0207,550,514,93.4
KT_HP0208,460,422,91.8
KT_HP0209,490,479,97.7
KT_HP0210,680,623,91.6
KT_HP0211,690,656,95.0
KT_HP0212,420,383,91.1
KT_HP0213,470,443,94.3
KT_HP0214,580,544,93.8
KT_HP0215,720,675,93.8
KT_HP0216,500,480,96.0
KT_HP0217,610,599,98.2
KT_HP0218,650,648,99.7
KT_HP0219,420,395,94.1
KT_HP0220,710,621,87.4
KT_HP0221,660,631,95.6
KT_HP0222,670,641,95.6
KT_HP0223,450,424,94.3
KT_HP0224,580,531,91.6
KT_HP0225,690,658,95.4
KT_HP0226,760,758,99.8
KT_HP0227,720,678,94.2
KT_HP0228,620,560,90.3
KT_HP0229,670,586,87.5
KT_HP0230,660,579,87.8
KT_HP0231,370,332,89.6
KT_HP0232,530,513,96.8
KT_HP0233,690,615,89.1
KT_HP0234,650,601,92.4
KT_HP0235,690,643,93.2
KT_HP0236,730,682,93.4
KT_HP0237,450,417,92.7
KT_HP0238,630,584,92.7
KT_HP0239,590,564,95.6
KT_HP0240,590,555,94.1
KT_HP0241,640,595,92.9
KT_HP0242,500,491,98.2
KT_HP0243,730,699,95.7
KT_HP0244,780,752,96.4
KT_HP0245,740,679,91.8
KT_HP0246,750,703,93.7
KT_HP0247,370,353,95.5
KT_HP0248,710,649,91.4
KT_HP0249,380,355,93.5
KT_HP0250,440,430,97.7
KT_HP0251,470,429,91.2
KT_HP0252,410,393,95.8
KT_HP0253,600,600,100.0
KT_HP0254,480,438,91.3
KT_HP0255,650,607,93.4
KT_HP0256,670,639,95.3
KT_HP0257,770,726,94.3
KT_HP0258,630,575,91.2
KT_HP0259,580,531,91.6
KT_HP0260,720,651,90.4
KT_HP0261,620,609,98.2
KT_HP0262,570,495,86.9
KT_HP0263,720,682,94.7
KT_HP0264,790,709,89.7
KT_HP0265,690,644,93.4
KT_HP0266,430,413,96.1
KT_HP0267,560,546,97.5
KT_HP0268,790,754,95.5
KT_HP0269,510,483,94.7
KT_HP0270,470,459,97.7
KT_HP0271,390,367,94.1
KT_HP0272,350,320,91.3
KT_HP0273,680,601,88.4
KT_HP0274,440,374,84.9
KT_HP0275,590,545,92.4
KT_HP0276,380,378,99.6
KT_HP0277,350,326,93.0
KT_HP0278,680,672,98.8
KT_HP0279,720,668,92.8
KT_HP0280,360,355,98.5
KT_HP0281,650,610,93.8
KT_HP0282,550,517,94.0
KT_HP0283,550,512,93.0
KT_HP0284,790,745,94.3
KT_HP0285,520,516,99.2
KT_HP0286,390,369,94.6
KT_HP0287,430,414,96.3
KT_HP0288,790,758,96.0
KT_HP0289,400,369,92.2
KT_HP0290,530,480,90.5
KT_HP0291,740,702,94.8
KT_HP0292,760,698,91.8
KT_HP0293,530,496,93.6
KT_HP0294,750,658,87.7
KT_HP0295,650,593,91.3
KT_HP0296,500,486,97.1
KT_HP0297,530,525,99.0
KT_HP0298,410,386,94.1
KT_HP0299,610,564,92.4
KT_HP0300,460,433,94.2
KT_HP0301,560,504,90.0
KT_HP0302,800,757,94.6
KT_HP0303,700,621,88.7
KT_HP0304,430,402,93.4
KT_HP0305,600,523,87.2
KT_HP0306,550,528,96.0
KT_HP0307,410,383,93.3
KT_HP0308,450,432,95.9
KT_HP0309,420,387,92.2
KT_HP0310,760,721,94.9
KT_HP0311,540,515,95.4
KT_HP0312,350,345,98.7
KT_HP0313,560,536,95.7
KT_HP0314,420,385,91.6
KT_HP0315,450,431,95.7
KT_HP0316,440,418,95.1
KT_HP0317,540,507,93.9
KT_HP0318,670,658,98.2
KT_HP0319,350,327,93.3
KT_HP0320,520,482,92.7
KT_HP0321,650,632,97.2
KT_HP0322,470,453,96.3
KT_HP0323,550,522,95.0
KT_HP0324,610,591,96.9
KT_HP0325,630,604,95.9
KT_HP0326,440,414,94.1
KT_HP0327,770,721,93.7
KT_HP0328,530,482,90.9
KT_HP0329,630,541,85.9
KT_HP0330,510,486,95.2
KT_HP0331,370,346,93.4
KT_HP0332,770,730,94.8
KT_HP0333,690,630,91.3
KT_HP0334,690,619,89.7
KT_HP0335,450,446,99.2
KT_HP0336,580,539,93.0
KT_HP0337,460,422,91.7
KT_HP0338,450,433,96.3
KT_HP0339,660,608,92.1
KT_HP0340,630,563,89.3
KT_HP0341,680,638,93.8
KT_HP0342,730,709,97.1
KT_HP0343,380,366,96.3
KT_HP0344,620,601,96.9
KT_HP0345,760,679,89.3
KT_HP0346,540,496,91.9
KT_HP0347,470,431,91.6
KT_HP0348,470,421,89.6
KT_HP0349,670,630,94.0
KT_HP0350,660,631,95.6
KT_HP0351,390,371,95.2
KT_HP0352,530,485,91.5
KT_HP0353,780,688,88.2
KT_HP0354,780,739,94.8
KT_HP0355,540,504,93.3
KT_HP0356,690,640,92.8
KT_HP0357,760,723,95.1
KT_HP0358,760,717,94.3
KT_HP0359,360,343,95.4
KT_HP0360,770,695,90.2
KT_HP0361,540,502,92.9
KT_HP0362,660,605,91.7
KT_HP0363,750,679,90.6
KT_HP0364,350,340,97.0
KT_HP0365,400,367,91.7
KT_HP0366,600,598,99.7
KT_HP0367,600,579,96.5
KT_HP0368,520,488,93.8
KT_HP0369,540,528,97.7
KT_HP0370,380,346,91.0
KT_HP0371,610,564,92.4
KT_HP0372,740,707,95.6
KT_HP0373,560,527,94.1
KT_HP0374,490,464,94.7
KT_HP0375,650,600,92.3
KT_HP0376,520,519,99.8
KT_HP0377,440,425,96.6
KT_HP0378,630,589,93.5
KT_HP0379,610,534,87.5
KT_HP0380,550,539,98.0
KT_HP0381,520,473,90.9
KT_HP0382,530,526,99.2
KT_HP0383,690,642,93.0
KT_HP0384,460,424,92.2
KT_HP0385,400,385,96.3
KT_HP0386,500,458,91.7
KT_HP0387,720,662,92.0
KT_HP0388,390,377,96.6
KT_HP0389,500,472,94.3
KT_HP0390,800,773,96.6
KT_HP0391,530,496,93.6
KT_HP0392,530,496,93.6
KT_HP0393,540,478,88.6
KT_HP0394,740,666,90.0
KT_HP0395,420,412,98.2
KT_HP0396,380,362,95.3
KT_HP0397,640,606,94.7
KT_HP0398,770,763,99.1
KT_HP0399,380,346,91.0
KT_HP0400,430,409,95.1
KT_HP0401,470,432,92.0
KT_HP0402,470,444,94.5
KT_HP0403,540,479,88.7
KT_HP0404,760,743,97.7
KT_HP0405,520,482,92.7
KT_HP0406,800,738,92.3
KT_HP0407,560,533,95.1
KT_HP0408,420,365,86.9
KT_HP0409,420,379,90.2
KT_HP0410,490,479,97.8
KT_HP0411,530,525,99.1
KT_HP0412,500,477,95.4
KT_HP0413,790,708,89.6
KT_HP0414,710,641,90.3
KT_HP0415,530,508,95.8
KT_HP0416,730,691,94.7
KT_HP0417,490,471,96.1
KT_HP0418,510,470,92.1
KT_HP0419,520,516,99.3
KT_HP0420,720,706,98.0
KT_HP0421,670,618,92.2
KT_HP0422,630,602,95.6
KT_HP0423,460,438,95.2
KT_HP0424,600,568,94.7
KT_HP0425,690,624,90.4
KT_HP0426,410,410,100.0
KT_HP0427,480,464,96.7
KT_HP0428,420,406,96.7
KT_HP0429,760,698,91.9
KT_HP0430,600,595,99.2
KT_HP0431,370,359,97.1
KT_HP0432,790,736,93.2
KT_HP0433,380,374,98.5
KT_HP0434,590,563,95.5
KT_HP0435,560,502,89.6
KT_HP0436,740,686,92.7
KT_HP0437,430,425,98.9
KT_HP0438,640,591,92.3
KT_HP0439,600,545,90.9
KT_HP0440,470,415,88.2
KT_HP0441,560,527,94.1
KT_HP0442,520,488,93.9
KT_HP0443,450,446,99.2
KT_HP0444,800,742,92.8
KT_HP0445,530,497,93.7
KT_HP0446,480,436,90.9
KT_HP0447,510,493,96.7
KT_HP0448,390,379,97.1
KT_HP0449,530,502,94.7
KT_HP0450,420,409,97.3
KT_HP0451,680,647,95.2
KT_HP0452,540,519,96.1
KT_HP0453,780,710,91.0
KT_HP0454,620,571,92.1
KT_HP0455,420,412,98.1
KT_HP0456,700,656,93.7
KT_HP0457,650,603,92.7
KT_HP0458,560,508,90.7
KT_HP0459,520,503,96.8
KT_HP0460,400,350,87.4
KT_HP0461,490,488,99.5
KT_HP0462,510,479,93.9
KT_HP0463,590,584,99.0
KT_HP0464,630,544,86.3
KT_HP0465,670,628,93.8
KT_HP0466,800,759,94.9
KT_HP0467,800,754,94.3
KT_HP0468,430,407,94.7
KT_HP0469,630,622,98.7
KT_HP0470,700,676,96.6
KT_HP0471,510,492,96.5
KT_HP0472,690,633,91.7
KT_HP0473,590,542,91.9
KT_HP0474,750,731,97.4
KT_HP0475,790,772,97.7
KT_HP0476,390,350,89.7
KT_HP0477,640,615,96.1
KT_HP0478,420,395,94.1
KT_HP0479,390,382,97.9
KT_HP0480,520,485,93.3
KT_HP0481,620,574,92.6
KT_HP0482,600,548,91.4
KT_HP0483,750,696,92.8
KT_HP0484,590,560,95.0
KT_HP0485,440,423,96.2
KT_HP0486,560,535,95.5
KT_HP0487,580,571,98.5
KT_HP0488,590,579,98.1
KT_HP0489,540,509,94.2
KT_HP0490,540,489,90.6
KT_HP0491,610,567,92.9
KT_HP0492,690,638,92.4
KT_HP0493,660,635,96.2
KT_HP0494,700,678,96.9
KT_HP0495,660,576,87.2
KT_HP0496,800,724,90.5
KT_HP0497,550,509,92.5
KT_HP0498,420,394,93.9
KT_HP0499,730,639,87.5
KT_HP0500,800,758,94.7
KT_HP0501,520,484,93.0
KT_HP0502,420,407,96.8
KT_HP0503,550,516,93.8
KT_HP0504,730,706,96.7
KT_HP0505,660,618,93.7
KT_HP0506,420,396,94.4
KT_HP0507,470,406,86.3
KT_HP0508,550,492,89.5
KT_HP0509,610,570,93.4
KT_HP0510,530,517,97.6
KT_HP0511,670,624,93.1
KT_HP0512,470,425,90.5
KT_HP0513,410,407,99.2
KT_HP0514,570,508,89.2
KT_HP0515,700,638,91.2
KT_HP0516,760,662,87.1
KT_HP0517,630,602,95.6
KT_HP0518,360,347,96.5
KT_HP0519,760,731,96.2
KT_HP0520,430,423,98.3
KT_HP0521,480,438,91.2
KT_HP0522,780,751,96.3
KT_HP0523,740,696,94.1
KT_HP0524,460,420,91.4
KT_HP0525,510,465,91.2
KT_HP0526,570,549,96.4
KT_HP0527,500,452,90.5
KT_HP0528,750,682,90.9
KT_HP0529,420,389,92.7
KT_HP0530,590,537,91.0
KT_HP0531,450,441,98.1
KT_HP0532,470,456,97.1
KT_HP0533,550,505,91.8
KT_HP0534,760,725,95.4
KT_HP0535,790,747,94.5
KT_HP0536,750,729,97.2
KT_HP0537,380,341,89.8
KT_HP0538,610,572,93.7
KT_HP0539,660,602,91.2
KT_HP0540,800,723,90.4
KT_HP0541,580,523,90.2
KT_HP0542,500,465,93.1
KT_HP0543,430,407,94.7
KT_HP0544,470,452,96.1
KT_HP0545,690,682,98.8
KT_HP0546,700,660,94.3
KT_HP0547,750,688,91.7
KT_HP0548,780,737,94.5
KT_HP0549,510,476,93.3
KT_HP0550,350,344,98.4
KT_HP0551,750,706,94.2
KT_HP0552,440,399,90.7
KT_HP0553,480,428,89.2
KT_HP0554,730,702,96.1
KT_HP0555,770,726,94.3
KT_HP0556,790,759,96.1
KT_HP0557,710,669,94.2
KT_HP0558,710,674,95.0
KT_HP0559,500,420,83.9
KT_HP0560,440,379,86.2
KT_HP0561,760,727,95.7
KT_HP0562,710,626,88.2
KT_HP0563,460,434,94.3
KT_HP0564,370,336,90.8
KT_HP0565,540,505,93.6
KT_HP0566,420,372,88.6
KT_HP0567,360,330,91.7
KT_HP0568,740,685,92.6
KT_HP0569,600,562,93.6
KT_HP0570,420,383,91.3
KT_HP0571,780,711,91.2
KT_HP0572,650,619,95.3
KT_HP0573,710,629,88.6
KT_HP0574,410,394,96.1
KT_HP0575,630,568,90.1
KT_HP0576,580,571,98.5
KT_HP0577,800,745,93.1
KT_HP0578,540,527,97.6
KT_HP0579,370,335,90.6
KT_HP0580,460,436,94.7
KT_HP0581,690,651,94.3
KT_HP0582,500,492,98.5
KT_HP0583,590,571,96.7
KT_HP0584,440,394,89.6
KT_HP0585,800,738,92.2
KT_HP0586,550,523,95.1
KT_HP0587,790,709,89.7
KT_HP0588,430,412,95.9
KT_HP0589,710,672,94.6
KT_HP0590,620,569,91.8
KT_HP0591,760,695,91.5
KT_HP0592,650,608,93.5
KT_HP0593,360,341,94.8
KT_HP0594,700,634,90.5
KT_HP0595,670,620,92.6
KT_HP0596,470,452,96.1
KT_HP0597,640,592,92.5
KT_HP0598,370,347,93.8
KT_HP0599,520,492,94.7
KT_HP0600,370,337,91.1
KT_HP0601,660,616,93.4
KT_HP0602,360,339,94.2
KT_HP0603,640,620,96.8
KT_HP0604,440,434,98.7
KT_HP0605,700,654,93.5
KT_HP0606,560,534,95.3
KT_HP0607,640,605,94.6
KT_HP0608,570,517,90.7
KT_HP0609,500,476,95.2
KT_HP0610,670,581,86.7
KT_HP0611,380,348,91.7
KT_HP0612,650,603,92.8
KT_HP0613,500,470,94.0
KT_HP0614,700,652,93.2
KT_HP0615,360,354,98.2
KT_HP0616,610,545,89.3
KT_HP0617,700,644,92.0
KT_HP0618,730,699,95.7
KT_HP0619,570,521,91.4
KT_HP0620,640,612,95.7
KT_HP0621,790,728,92.1
KT_HP0622,680,649,95.5
KT_HP0623,580,560,96.5
KT_HP0624,410,387,94.4
KT_HP0625,530,490,92.5
KT_HP0626,520,500,96.1
KT_HP0627,350,332,95.0
KT_HP0628,790,710,89.9
KT_HP0629,760,683,89.9
KT_HP0630,550,530,96.4
KT_HP0631,370,350,94.5
KT_HP0632,510,481,94.3
KT_HP0633,710,709,99.8
KT_HP0634,540,512,94.9
KT_HP0635,440,410,93.1
KT_HP0636,650,609,93.7
KT_HP0637,780,767,98.3
KT_HP0638,600,554,92.4
KT_HP0639,570,511,89.7
KT_HP0640,710,684,96.3
KT_HP0641,610,544,89.2
KT_HP0642,590,582,98.6
KT_HP0643,480,434,90.5
KT_HP0644,670,655,97.8
KT_HP0645,800,761,95.1
KT_HP0646,530,500,94.3
KT_HP0647,620,555,89.5
KT_HP0648,770,704,91.4
KT_HP0649,390,364,93.4
KT_HP0650,380,378,99.6
KT_HP0651,520,464,89.3
KT_HP0652,780,745,95.5
KT_HP0653,630,603,95.7
KT_HP0654,660,613,92.9
KT_HP0655,470,434,92.3
KT_HP0656,410,363,88.5
KT_HP0657,710,650,91.6
KT_HP0658,350,344,98.3
KT_HP0659,360,351,97.6
KT_HP0660,560,534,95.4
KT_HP0661,670,659,98.4
KT_HP0662,430,393,91.4
KT_HP0663,560,548,97.8
KT_HP0664,590,571,96.7
KT_HP0665,540,512,94.9
KT_HP0666,400,368,92.1
KT_HP0667,440,436,99.2
KT_HP0668,690,648,93.9
KT_HP0669,480,466,97.1
KT_HP0670,700,643,91.8
KT_HP0671,450,418,93.0
KT_HP0672,490,454,92.6
KT_HP0673,380,356,93.7
KT_HP0674,520,477,91.8
KT_HP0675,590,577,97.8
KT_HP0676,770,769,99.9
KT_HP0677,770,685,88.9
KT_HP0678,570,552,96.8
KT_HP0679,560,552,98.5
KT_HP0680,570,557,97.8
KT_HP0681,560,514,91.8
KT_HP0682,750,747,99.6
KT_HP0683,730,658,90.1
KT_HP0684,800,750,93.8
KT_HP0685,430,416,96.7
KT_HP0686,700,623,89.0
KT_HP0687,800,752,94.0
KT_HP0688,640,604,94.4
KT_HP0689,400,388,97.0
KT_HP0690,390,358,91.7
KT_HP0691,480,451,94.0
KT_HP0692,370,349,94.4
KT_HP0693,780,752,96.4
KT_HP0694,390,356,91.3
KT_HP0695,370,367,99.2
KT_HP0696,570,545,95.7
KT_HP0697,740,666,90.0
KT_HP0698,800,746,93.3
KT_HP0699,390,351,90.1
KT_HP0700,500,492,98.4
KT_HP0701,790,735,93.1
KT_HP0702,520,518,99.7
KT_HP0703,670,632,94.4
KT_HP0704,570,522,91.5
KT_HP0705,690,653,94.7
KT_HP0706,390,357,91.6
KT_HP0707,590,532,90.2
KT_HP0708,380,347,91.4
KT_HP0709,650,597,91.9
KT_HP0710,780,718,92.1
KT_HP0711,420,394,93.9
KT_HP0712,730,673,92.2
CNTT_HP0001,550,532,96.8
CNTT_HP0002,720,666,92.5
CNTT_HP0003,360,355,98.5
CNTT_HP0004,790,744,94.2
CNTT_HP0005,400,358,89.6
CNTT_HP0006,500,478,95.6
CNTT_HP0007,610,591,96.9
CNTT_HP0008,670,663,98.9
CNTT_HP0009,780,746,95.6
CNTT_HP0010,350,336,95.9
CNTT_HP0011,550,497,90.4
CNTT_HP0012,670,629,93.9
CNTT_HP0013,780,737,94.5
CNTT_HP0014,730,677,92.7
CNTT_HP0015,710,665,93.7
CNTT_HP0016,790,758,96.0
CNTT_HP0017,660,620,94.0
CNTT_HP0018,430,390,90.7
CNTT_HP0019,440,422,96.0
CNTT_HP0020,760,723,95.1
CNTT_HP0021,570,567,99.4
CNTT_HP0022,620,569,91.7
CNTT_HP0023,570,527,92.5
CNTT_HP0024,380,355,93.5
CNTT_HP0025,660,595,90.2
CNTT_HP0026,360,333,92.6
CNTT_HP0027,420,394,93.9
CNTT_HP0028,520,505,97.2
CNTT_HP0029,410,387,94.5
CNTT_HP0030,440,401,91.1
CNTT_HP0031,600,593,98.9
CNTT_HP0032,390,350,89.7
CNTT_HP0033,480,460,95.8
CNTT_HP0034,600,566,94.3
CNTT_HP0035,770,725,94.1
CNTT_HP0036,650,588,90.4
CNTT_HP0037,560,526,94.0
CNTT_HP0038,500,472,94.4
CNTT_HP0039,350,335,95.6
CNTT_HP0040,410,401,97.9
CNTT_HP0041,460,439,95.5
CNTT_HP0042,770,728,94.5
CNTT_HP0043,670,651,97.2
CNTT_HP0044,380,363,95.4
CNTT_HP0045,350,311,88.9
CNTT_HP0046,360,359,99.8
CNTT_HP0047,400,397,99.3
CNTT_HP0048,510,474,93.0
CNTT_HP0049,790,745,94.3
CNTT_HP0050,380,366,96.4
CNTT_HP0051,370,355,96.0
CNTT_HP0052,430,424,98.5
CNTT_HP0053,710,638,89.8
CNTT_HP0054,740,726,98.1
CNTT_HP0055,420,390,92.9
CNTT_HP0056,740,721,97.4
CNTT_HP0057,420,397,94.5
CNTT_HP0058,500,462,92.5
CNTT_HP0059,670,606,90.5
CNTT_HP0060,690,628,91.0
CNTT_HP0061,380,379,99.8
CNTT_HP0062,410,366,89.3
CNTT_HP0063,410,391,95.4
CNTT_HP0064,350,328,93.7
CNTT_HP0065,360,317,88.0
CNTT_HP0066,780,764,98.0
CNTT_HP0067,400,356,89.1
CNTT_HP0068,390,352,90.2
CNTT_HP0069,570,543,95.2
CNTT_HP0070,660,622,94.3
CNTT_HP0071,410,383,93.5
CNTT_HP0072,470,451,95.9
CNTT_HP0073,570,548,96.2
CNTT_HP0074,600,567,94.5
CNTT_HP0075,470,410,87.2
CNTT_HP0076,580,515,88.8
CNTT_HP0077,690,633,91.7
CNTT_HP0078,740,721,97.4
CNTT_HP0079,790,781,98.8
CNTT_HP0080,760,694,91.3
CNTT_HP0081,770,742,96.4
CNTT_HP0082,630,579,91.9
CNTT_HP0083,740,675,91.2
CNTT_HP0084,740,667,90.1
CNTT_HP0085,500,491,98.2
CNTT_HP0086,710,698,98.3
CNTT_HP0087,380,344,90.6
CNTT_HP0088,540,484,89.7
CNTT_HP0089,440,397,90.2
CNTT_HP0090,650,588,90.5
CNTT_HP0091,740,717,96.9
CNTT_HP0092,450,406,90.3
CNTT_HP0093,740,696,94.0
CNTT_HP0094,680,630,92.7
CNTT_HP0095,630,595,94.5
CNTT_HP0096,360,348,96.7
CNTT_HP0097,560,514,91.8
CNTT_HP0098,740,683,92.3
CNTT_HP0099,640,603,94.2
CNTT_HP0100,800,733,91.6
CNTT_HP0101,410,397,96.9
CNTT_HP0102,530,483,91.2
CNTT_HP0103,380,364,95.7
CNTT_HP0104,600,546,91.0
CNTT_HP0105,710,684,96.4
CNTT_HP0106,630,626,99.4
CNTT_HP0107,450,445,98.8
CNTT_HP0108,400,389,97.3
CNTT_HP0109,400,383,95.7
CNTT_HP0110,350,304,86.9
CNTT_HP0111,360,321,89.1
CNTT_HP0112,750,701,93.5
CNTT_HP0113,560,512,91.4
CNTT_HP0114,390,385,98.7
CNTT_HP0115,540,505,93.5
CNTT_HP0116,670,661,98.7
CNTT_HP0117,610,572,93.7
CNTT_HP0118,600,562,93.7
CNTT_HP0119,760,724,95.2
CNTT_HP0120,680,640,94.1
CNTT_HP0121,630,595,94.5
CNTT_HP0122,790,750,94.9
CNTT_HP0123,450,402,89.3
CNTT_HP0124,420,399,95.0
CNTT_HP0125,720,696,96.7
CNTT_HP0126,400,384,95.9
CNTT_HP0127,530,512,96.6
CNTT_HP0128,420,411,97.9
CNTT_HP0129,690,653,94.7
CNTT_HP0130,370,343,92.8
CNTT_HP0131,510,471,92.4
CNTT_HP0132,760,725,95.4
CNTT_HP0133,770,732,95.1
CNTT_HP0134,510,488,95.6
CNTT_HP0135,430,399,92.8
CNTT_HP0136,630,582,92.4
CNTT_HP0137,480,446,92.9
CNTT_HP0138,400,396,99.1
CNTT_HP0139,780,721,92.4
CNTT_HP0140,470,447,95.1
CNTT_HP0141,770,724,94.0
CNTT_HP0142,410,390,95.1
CNTT_HP0143,440,420,95.4
CNTT_HP0144,790,723,91.5
CNTT_HP0145,520,498,95.7
CNTT_HP0146,660,607,91.9
CNTT_HP0147,410,362,88.4
CNTT_HP0148,740,719,97.2
CNTT_HP0149,540,518,95.9
CNTT_HP0150,490,481,98.2
CNTT_HP0151,730,678,92.9
CNTT_HP0152,530,504,95.1
CNTT_HP0153,680,670,98.5
CNTT_HP0154,500,459,91.8
CNTT_HP0155,350,337,96.3
CNTT_HP0156,510,462,90.6
CNTT_HP0157,570,538,94.3
CNTT_HP0158,550,485,88.2
CNTT_HP0159,390,390,100.0
CNTT_HP0160,540,516,95.6
CNTT_HP0161,730,704,96.4
CNTT_HP0162,450,442,98.2
CNTT_HP0163,660,622,94.2
CNTT_HP0164,760,740,97.4
CNTT_HP0165,800,720,90.0
CNTT_HP0166,450,434,96.4
CNTT_HP0167,460,423,91.9
CNTT_HP0168,530,513,96.8
CNTT_HP0169,560,538,96.0
CNTT_HP0170,350,321,91.7
CNTT_HP0171,550,516,93.8
CNTT_HP0172,520,512,98.5
CNTT_HP0173,800,748,93.5
CNTT_HP0174,410,369,90.0
CNTT_HP0175,740,653,88.3
CNTT_HP0176,670,630,94.0
CNTT_HP0177,710,692,97.5
CNTT_HP0178,510,485,95.1
CNTT_HP0179,730,690,94.5
CNTT_HP0180,650,632,97.2
CNTT_HP0181,410,389,94.9
CNTT_HP0182,740,719,97.2
CNTT_HP0183,480,462,96.3
CNTT_HP0184,530,512,96.6
CNTT_HP0185,390,362,92.8
CNTT_HP0186,370,361,97.7
CNTT_HP0187,360,336,93.4
CNTT_HP0188,660,646,97.9
CNTT_HP0189,760,733,96.5
CNTT_HP0190,440,409,93.0
CNTT_HP0191,540,504,93.3
CNTT_HP0192,750,724,96.5
CNTT_HP0193,620,601,96.9
CNTT_HP0194,700,636,90.8
CNTT_HP0195,690,647,93.7
CNTT_HP0196,700,650,92.8
CNTT_HP0197,410,390,95.0
CNTT_HP0198,780,748,95.9
CNTT_HP0199,780,723,92.7
CNTT_HP0200,570,555,97.3
CNTT_HP0201,690,650,94.2
CNTT_HP0202,750,697,92.9
CNTT_HP0203,490,448,91.4
CNTT_HP0204,710,699,98.5
CNTT_HP0205,440,428,97.2
CNTT_HP0206,600,567,94.5
CNTT_HP0207,460,435,94.5
CNTT_HP0208,610,572,93.8
CNTT_HP0209,400,362,90.5
CNTT_HP0210,470,449,95.5
CNTT_HP0211,730,704,96.4
CNTT_HP0212,780,704,90.3
CNTT_HP0213,590,565,95.7
CNTT_HP0214,690,594,86.1
CNTT_HP0215,480,451,93.9
CNTT_HP0216,360,326,90.6
CNTT_HP0217,650,615,94.6
CNTT_HP0218,550,498,90.6
CNTT_HP0219,450,412,91.6
CNTT_HP0220,800,744,93.0
CNTT_HP0221,360,348,96.6
CNTT_HP0222,640,611,95.4
CNTT_HP0223,590,583,98.8
CNTT_HP0224,370,324,87.7
CNTT_HP0225,740,710,96.0
CNTT_HP0226,520,483,92.9
CNTT_HP0227,470,469,99.8
CNTT_HP0228,680,639,93.9
CNTT_HP0229,490,472,96.4
CNTT_HP0230,730,669,91.6
CNTT_HP0231,690,641,92.9
CNTT_HP0232,510,463,90.7
CNTT_HP0233,790,724,91.7
CNTT_HP0234,550,507,92.1
CNTT_HP0235,720,688,95.6
CNTT_HP0236,460,420,91.4
CNTT_HP0237,420,377,89.7
CNTT_HP0238,780,731,93.7
CNTT_HP0239,770,764,99.2
CNTT_HP0240,570,547,95.9
CNTT_HP0241,370,347,93.7
CNTT_HP0242,750,703,93.7
CNTT_HP0243,370,351,94.9
CNTT_HP0244,470,448,95.4
CNTT_HP0245,520,464,89.2
CNTT_HP0246,630,610,96.8
CNTT_HP0247,500,470,94.1
CNTT_HP0248,700,658,94.0
CNTT_HP0249,390,365,93.7
CNTT_HP0250,420,409,97.4
CNTT_HP0251,630,629,99.9
CNTT_HP0252,790,742,93.9
CNTT_HP0253,690,640,92.8
CNTT_HP0254,600,539,89.8
CNTT_HP0255,620,575,92.8
CNTT_HP0256,710,674,95.0
CNTT_HP0257,560,551,98.4
CNTT_HP0258,580,498,85.8
CNTT_HP0259,480,460,95.8
CNTT_HP0260,560,547,97.6
CNTT_HP0261,440,433,98.3
CNTT_HP0262,460,428,93.1
CNTT_HP0263,790,738,93.4
CNTT_HP0264,430,397,92.4
CNTT_HP0265,440,412,93.7
CNTT_HP0266,590,552,93.6
CNTT_HP0267,580,527,90.9
CNTT_HP0268,460,416,90.5
CNTT_HP0269,430,398,92.6
CNTT_HP0270,670,657,98.1
CNTT_HP0271,630,572,90.8
CNTT_HP0272,380,337,88.8
CNTT_HP0273,660,651,98.6
CNTT_HP0274,650,593,91.2
CNTT_HP0275,360,337,93.5
CNTT_HP0276,550,520,94.5
CNTT_HP0277,540,516,95.6
CNTT_HP0278,660,648,98.2
CNTT_HP0279,660,595,90.2
CNTT_HP0280,520,465,89.4
CNTT_HP0281,380,362,95.3
CNTT_HP0282,390,359,92.0
CNTT_HP0283,440,416,94.6
CNTT_HP0284,780,767,98.3
CNTT_HP0285,670,641,95.7
CNTT_HP0286,670,641,95.6
CNTT_HP0287,360,343,95.2
CNTT_HP0288,610,608,99.6
CNTT_HP0289,460,421,91.5
CNTT_HP0290,450,449,99.8
CNTT_HP0291,670,602,89.8
CNTT_HP0292,460,416,90.4
CNTT_HP0293,600,581,96.8
CNTT_HP0294,390,374,95.8
CNTT_HP0295,610,570,93.4
CNTT_HP0296,520,473,90.9
CNTT_HP0297,790,716,90.6
CNTT_HP0298,620,516,83.2
CNTT_HP0299,390,371,95.2
CNTT_HP0300,610,605,99.1
CNTT_HP0301,400,360,90.1
CNTT_HP0302,780,753,96.6
CNTT_HP0303,790,767,97.1
CNTT_HP0304,400,384,95.9
CNTT_HP0305,640,605,94.5
CNTT_HP0306,460,432,94.0
CNTT_HP0307,660,599,90.8
CNTT_HP0308,530,498,93.9
CNTT_HP0309,690,629,91.2
CNTT_HP0310,660,634,96.0
CNTT_HP0311,430,400,93.1
CNTT_HP0312,560,550,98.3
CNTT_HP0313,650,608,93.5
CNTT_HP0314,770,731,94.9
CNTT_HP0315,430,374,87.0
CNTT_HP0316,790,709,89.8
CNTT_HP0317,490,446,91.0
CNTT_HP0318,520,506,97.4
CNTT_HP0319,730,716,98.1
CNTT_HP0320,430,389,90.4
CNTT_HP0321,390,358,91.9
CNTT_HP0322,430,382,88.9
CNTT_HP0323,600,547,91.2
CNTT_HP0324,660,630,95.5
CNTT_HP0325,430,422,98.1
CNTT_HP0326,580,530,91.4
CNTT_HP0327,730,721,98.7
CNTT_HP0328,690,615,89.2
CNTT_HP0329,690,616,89.3
CNTT_HP0330,360,329,91.3
CNTT_HP0331,720,693,96.3
CNTT_HP0332,370,354,95.6
CNTT_HP0333,580,549,94.6
CNTT_HP0334,590,589,99.9
CNTT_HP0335,500,468,93.5
CNTT_HP0336,640,609,95.2
CNTT_HP0337,540,522,96.6
CNTT_HP0338,390,353,90.5
CNTT_HP0339,510,487,95.4
CNTT_HP0340,640,617,96.4
CNTT_HP0341,680,605,89.0
CNTT_HP0342,770,721,93.6
CNTT_HP0343,550,541,98.4
CNTT_HP0344,760,750,98.7
CNTT_HP0345,630,620,98.4
CNTT_HP0346,690,683,99.0
CNTT_HP0347,670,620,92.5
CNTT_HP0348,730,684,93.7
CNTT_HP0349,370,327,88.4
CNTT_HP0350,650,593,91.2
CNTT_HP0351,540,540,100.0
CNTT_HP0352,620,617,99.5
CNTT_HP0353,480,436,90.9
CNTT_HP0354,380,353,92.9
CNTT_HP0355,630,598,94.9
CNTT_HP0356,410,399,97.2
CNTT_HP0357,690,662,96.0
CNTT_HP0358,510,494,96.9
CNTT_HP0359,640,612,95.6
CNTT_HP0360,550,537,97.6
CNTT_HP0361,800,774,96.7
CNTT_HP0362,650,581,89.4
CNTT_HP0363,460,453,98.4
CNTT_HP0364,560,540,96.4
CNTT_HP0365,440,406,92.3
CNTT_HP0366,610,583,95.5
CNTT_HP0367,540,500,92.5
CNTT_HP0368,560,524,93.5
CNTT_HP0369,510,500,98.0
CNTT_HP0370,750,717,95.6
CNTT_HP0371,690,651,94.4
CNTT_HP0372,540,517,95.8
CNTT_HP0373,480,475,99.0
CNTT_HP0374,380,360,94.7
CNTT_HP0375,560,553,98.8
CNTT_HP0376,510,448,87.8
CNTT_HP0377,510,485,95.1
CNTT_HP0378,660,640,97.0
CNTT_HP0379,680,655,96.3
CNTT_HP0380,360,346,96.2
CNTT_HP0381,510,488,95.6
CNTT_HP0382,740,721,97.4
CNTT_HP0383,690,653,94.7
CNTT_HP0384,360,344,95.5
CNTT_HP0385,530,513,96.7
CNTT_HP0386,590,561,95.1
CNTT_HP0387,610,565,92.6
CNTT_HP0388,790,743,94.1
CNTT_HP0389,530,525,99.1
CNTT_HP0390,710,652,91.8
CNTT_HP0391,540,523,96.8
CNTT_HP0392,430,405,94.3
CNTT_HP0393,560,515,91.9
CNTT_HP0394,720,706,98.1
CNTT_HP0395,670,618,92.3
CNTT_HP0396,400,360,90.1
CNTT_HP0397,640,602,94.1
CNTT_HP0398,500,485,97.0
CNTT_HP0399,600,562,93.6
CNTT_HP0400,490,437,89.1
CNTT_HP0401,390,353,90.5
CNTT_HP0402,720,665,92.4
CNTT_HP0403,410,394,96.0
CNTT_HP0404,590,537,91.0
CNTT_HP0405,500,477,95.4
CNTT_HP0406,660,624,94.5
CNTT_HP0407,600,553,92.1
CNTT_HP0408,470,448,95.4
CNTT_HP0409,460,435,94.6
CNTT_HP0410,380,375,98.8
CNTT_HP0411,800,758,94.8
CNTT_HP0412,380,349,91.9
CNTT_HP0413,530,499,94.2
CNTT_HP0414,400,366,91.5
CNTT_HP0415,600,560,93.3
CNTT_HP0416,760,716,94.2
CNTT_HP0417,650,632,97.3
CNTT_HP0418,380,369,97.0
CNTT_HP0419,560,515,92.0
CNTT_HP0420,670,644,96.1
CNTT_HP0421,710,674,94.9
CNTT_HP0422,440,391,88.9
CNTT_HP0423,570,544,95.4
CNTT_HP0424,460,454,98.6
CNTT_HP0425,510,476,93.3
CNTT_HP0426,680,646,95.0
CNTT_HP0427,560,528,94.3
CNTT_HP0428,490,441,90.1
CNTT_HP0429,560,495,88.4
CNTT_HP0430,780,694,89.0
CNTT_HP0431,640,600,93.8
CNTT_HP0432,680,615,90.5
CNTT_HP0433,400,376,93.9
CNTT_HP0434,560,526,93.9
CNTT_HP0435,460,453,98.5
CNTT_HP0436,800,740,92.5
CNTT_HP0437,360,346,96.2
CNTT_HP0438,700,659,94.2
CNTT_HP0439,750,671,89.5
CNTT_HP0440,420,395,94.1
CNTT_HP0441,480,431,89.7
CNTT_HP0442,460,442,96.1
CNTT_HP0443,430,391,90.9
CNTT_HP0444,440,411,93.5
CNTT_HP0445,790,720,91.1
CNTT_HP0446,630,573,90.9
CNTT_HP0447,670,645,96.2
CNTT_HP0448,500,460,91.9
CNTT_HP0449,780,725,92.9
CNTT_HP0450,630,610,96.9
CNTT_HP0451,360,337,93.7
CNTT_HP0452,580,570,98.2
CNTT_HP0453,460,445,96.7
CNTT_HP0454,680,656,96.4
CNTT_HP0455,630,598,95.0
CNTT_HP0456,750,722,96.3
CNTT_HP0457,550,528,96.0
CNTT_HP0458,660,622,94.3
CNTT_HP0459,460,459,99.7
CNTT_HP0460,480,463,96.5
CNTT_HP0461,690,661,95.8
CNTT_HP0462,360,321,89.1
CNTT_HP0463,780,713,91.4
CNTT_HP0464,460,457,99.4
CNTT_HP0465,370,361,97.5
CNTT_HP0466,470,450,95.7
CNTT_HP0467,410,377,92.0
CNTT_HP0468,590,535,90.7
CNTT_HP0469,600,569,94.9
CNTT_HP0470,500,488,97.5
CNTT_HP0471,780,765,98.1
CNTT_HP0472,490,471,96.2
CNTT_HP0473,620,598,96.4
CNTT_HP0474,400,390,97.5
CNTT_HP0475,730,705,96.6
CNTT_HP0476,570,536,94.0
CNTT_HP0477,700,659,94.1
CNTT_HP0478,640,611,95.5
CNTT_HP0479,800,746,93.2
CNTT_HP0480,750,712,95.0
CNTT_HP0481,390,372,95.3
CNTT_HP0482,560,506,90.4
CNTT_HP0483,700,690,98.5
CNTT_HP0484,700,678,96.8
CNTT_HP0485,580,544,93.8
CNTT_HP0486,670,608,90.8
CNTT_HP0487,510,457,89.6
CNTT_HP0488,690,671,97.2
CNTT_HP0489,770,701,91.0
CNTT_HP0490,360,330,91.6
CNTT_HP0491,570,523,91.8
CNTT_HP0492,370,333,90.0
CNTT_HP0493,380,344,90.5
CNTT_HP0494,670,620,92.6
CNTT_HP0495,640,625,97.6
CNTT_HP0496,590,576,97.7
CNTT_HP0497,630,577,91.6
CNTT_HP0498,500,445,89.1
NN_HP0001,660,643,97.4
NN_HP0002,460,458,99.5
NN_HP0003,590,512,86.8
NN_HP0004,730,704,96.5
NN_HP0005,470,465,98.9
NN_HP0006,590,569,96.4
NN_HP0007,730,723,99.0
NN_HP0008,530,478,90.1
NN_HP0009,620,567,91.5
NN_HP0010,610,579,94.9
NN_HP0011,800,709,88.6
NN_HP0012,760,736,96.9
NN_HP0013,460,440,95.6
NN_HP0014,570,553,97.0
NN_HP0015,580,534,92.0
NN_HP0016,610,587,96.3
NN_HP0017,680,647,95.2
NN_HP0018,760,743,97.8
NN_HP0019,520,502,96.6
NN_HP0020,720,664,92.2
NN_HP0021,640,624,97.5
NN_HP0022,660,642,97.3
NN_HP0023,440,416,94.5
NN_HP0024,650,622,95.7
NN_HP0025,590,569,96.5
NN_HP0026,690,660,95.6
NN_HP0027,780,780,100.0
NN_HP0028,690,658,95.3
NN_HP0029,380,367,96.7
NN_HP0030,420,408,97.1
NN_HP0031,710,652,91.9
NN_HP0032,410,392,95.7
NN_HP0033,790,781,98.8
NN_HP0034,530,505,95.2
NN_HP0035,450,408,90.7
NN_HP0036,570,486,85.2
NN_HP0037,490,443,90.5
NN_HP0038,520,501,96.3
NN_HP0039,540,532,98.5
NN_HP0040,680,667,98.1
NN_HP0041,670,641,95.6
NN_HP0042,510,478,93.8
NN_HP0043,460,457,99.4
NN_HP0044,480,456,94.9
NN_HP0045,700,660,94.3
NN_HP0046,790,761,96.3
NN_HP0047,530,526,99.3
NN_HP0048,380,346,91.1
NN_HP0049,440,392,89.0
NN_HP0050,790,753,95.3
NN_HP0051,500,496,99.1
NN_HP0052,710,693,97.6
NN_HP0053,700,645,92.1
NN_HP0054,750,728,97.0
NN_HP0055,350,335,95.8
NN_HP0056,790,759,96.1
NN_HP0057,380,369,97.1
NN_HP0058,720,670,93.0
NN_HP0059,590,548,92.8
NN_HP0060,550,533,96.9
NN_HP0061,710,693,97.6
NN_HP0062,430,420,97.6
NN_HP0063,760,703,92.5
NN_HP0064,400,381,95.2
NN_HP0065,570,556,97.6
NN_HP0066,800,779,97.4
NN_HP0067,410,403,98.4
NN_HP0068,800,729,91.1
NN_HP0069,800,766,95.8
NN_HP0070,410,392,95.5
NN_HP0071,670,614,91.6
NN_HP0072,590,577,97.8
NN_HP0073,760,731,96.2
NN_HP0074,530,510,96.3
NN_HP0075,750,713,95.1
NN_HP0076,790,775,98.1
NN_HP0077,360,344,95.5
NN_HP0078,760,686,90.3
NN_HP0079,370,349,94.2
NN_HP0080,660,608,92.1
NN_HP0081,800,753,94.1
NN_HP0082,550,490,89.1
NN_HP0083,680,638,93.8
NN_HP0084,720,700,97.2
NN_HP0085,530,487,91.9
NN_HP0086,740,709,95.8
NN_HP0087,420,405,96.5
NN_HP0088,360,330,91.7
NN_HP0089,710,688,96.9
NN_HP0090,400,375,93.8
NN_HP0091,540,497,92.1
NN_HP0092,520,516,99.3
NN_HP0093,630,619,98.2
NN_HP0094,800,718,89.7
NN_HP0095,770,765,99.3
NN_HP0096,670,649,96.8
NN_HP0097,690,673,97.5
NN_HP0098,550,537,97.7
NN_HP0099,550,522,95.0
NN_HP0100,650,568,87.4
NN_HP0101,690,642,93.1
NN_HP0102,780,703,90.1
NN_HP0103,630,553,87.7
NN_HP0104,760,759,99.9
NN_HP0105,440,389,88.5
NN_HP0106,670,620,92.6
NN_HP0107,650,612,94.1
NN_HP0108,480,438,91.3
NN_HP0109,780,729,93.4
NN_HP0110,350,330,94.3
NN_HP0111,660,638,96.6
NN_HP0112,690,655,94.9
NN_HP0113,760,743,97.8
NN_HP0114,390,367,94.0
NN_HP0115,550,542,98.5
NN_HP0116,480,468,97.4
NN_HP0117,550,504,91.7
NN_HP0118,630,604,95.8
NN_HP0119,580,551,95.0
NN_HP0120,610,593,97.2
NN_HP0121,520,478,92.0
NN_HP0122,640,612,95.6
NN_HP0123,700,690,98.6
NN_HP0124,410,405,98.7
NN_HP0125,780,703,90.1
NN_HP0126,470,444,94.5
NN_HP0127,610,569,93.3
NN_HP0128,390,387,99.2
NN_HP0129,770,709,92.1
NN_HP0130,660,615,93.2
NN_HP0131,570,564,98.9
NN_HP0132,780,776,99.5
NN_HP0133,530,469,88.4
NN_HP0134,540,512,94.9
NN_HP0135,420,387,92.2
NN_HP0136,540,490,90.7
NN_HP0137,510,506,99.3
NN_HP0138,570,517,90.7
NN_HP0139,400,356,89.0
NN_HP0140,570,563,98.7
NN_HP0141,350,322,92.0
NN_HP0142,410,391,95.4
NN_HP0143,600,568,94.7
NN_HP0144,370,357,96.6
NN_HP0145,420,385,91.6
NN_HP0146,480,462,96.2
NN_HP0147,370,368,99.4
NN_HP0148,520,500,96.1
NN_HP0149,730,685,93.9
NN_HP0150,440,431,98.0
NN_HP0151,360,357,99.1
NN_HP0152,610,568,93.1
NN_HP0153,590,584,99.0
NN_HP0154,410,380,92.7
NN_HP0155,500,464,92.7
NN_HP0156,600,563,93.8
NN_HP0157,480,452,94.1
NN_HP0158,420,370,88.0
NN_HP0159,480,444,92.6
NN_HP0160,800,758,94.7
NN_HP0161,490,467,95.4
NN_HP0162,570,528,92.6
NN_HP0163,620,607,97.9
NN_HP0164,790,764,96.7
NN_HP0165,350,337,96.4
NN_HP0166,690,614,89.0
NN_HP0167,450,420,93.4
NN_HP0168,600,562,93.6
NN_HP0169,710,672,94.7
NN_HP0170,420,386,91.9
NN_HP0171,420,417,99.4
NN_HP0172,600,584,97.4
NN_HP0173,490,484,98.8
NN_HP0174,700,662,94.6
NN_HP0175,620,599,96.6
NN_HP0176,490,490,100.0
NN_HP0177,350,330,94.2
NN_HP0178,630,592,93.9
NN_HP0179,450,431,95.8
NN_HP0180,550,522,94.9
NN_HP0181,680,626,92.0
NN_HP0182,700,666,95.1
NN_HP0183,570,545,95.7
NN_HP0184,690,667,96.6
NN_HP0185,690,640,92.7
NN_HP0186,430,413,96.1
NN_HP0187,540,529,98.0
NN_HP0188,690,635,92.0
NN_HP0189,570,560,98.2
NN_HP0190,460,434,94.4
NN_HP0191,790,738,93.4
NN_HP0192,500,494,98.8
NN_HP0193,580,561,96.7
NN_HP0194,440,395,89.8
NN_HP0195,670,662,98.8
NN_HP0196,500,486,97.3
NN_HP0197,520,492,94.7
NN_HP0198,750,726,96.8
NN_HP0199,350,310,88.7
NN_HP0200,770,708,92.0
NN_HP0201,670,617,92.1
NN_HP0202,410,387,94.5
NN_HP0203,390,365,93.6
NN_HP0204,610,578,94.7
NN_HP0205,440,434,98.6
NN_HP0206,630,615,97.6
NN_HP0207,680,632,92.9
NN_HP0208,350,325,92.8
NN_HP0209,350,319,91.2
NN_HP0210,580,559,96.4
NN_HP0211,400,383,95.7
NN_HP0212,690,631,91.5
NN_HP0213,710,660,92.9
NN_HP0214,480,468,97.6
NN_HP0215,630,622,98.8
NN_HP0216,800,768,96.0
NN_HP0217,680,636,93.6
NN_HP0218,760,716,94.2
NN_HP0219,500,452,90.3
NN_HP0220,760,688,90.5
NN_HP0221,760,738,97.1
NN_HP0222,520,490,94.3
NN_HP0223,440,407,92.4
NN_HP0224,710,706,99.5
NN_HP0225,540,512,94.8
NN_HP0226,450,442,98.3
NN_HP0227,560,539,96.3
NN_HP0228,550,529,96.2
NN_HP0229,450,400,88.8
NN_HP0230,710,634,89.3
NN_HP0231,560,540,96.5
NN_HP0232,530,487,91.8
NN_HP0233,540,539,99.8
NN_HP0234,720,701,97.4
NN_HP0235,520,486,93.4
NN_HP0236,370,343,92.8
NN_HP0237,670,620,92.6
NN_HP0238,610,595,97.6
NN_HP0239,700,652,93.2
NN_HP0240,400,390,97.4
NN_HP0241,790,737,93.3
NN_HP0242,380,363,95.4
NN_HP0243,590,539,91.3
NN_HP0244,440,413,93.8
NN_HP0245,610,564,92.5
NN_HP0246,470,425,90.4
NN_HP0247,480,471,98.1
NN_HP0248,750,711,94.8
NN_HP0249,480,459,95.7
NN_HP0250,420,383,91.3
NN_HP0251,350,325,92.8
NN_HP0252,380,357,93.9
NN_HP0253,580,566,97.5
NN_HP0254,620,558,90.0
NN_HP0255,780,731,93.7
NN_HP0256,370,342,92.3
NN_HP0257,500,483,96.6
NN_HP0258,400,378,94.4
NN_HP0259,620,597,96.3
NN_HP0260,350,326,93.2
NN_HP0261,650,598,92.0
NN_HP0262,380,367,96.7
NN_HP0263,590,556,94.2
NN_HP0264,370,350,94.6
NN_HP0265,430,396,92.0
NN_HP0266,610,595,97.6
NN_HP0267,570,523,91.8
NN_HP0268,360,358,99.5
NN_HP0269,490,462,94.2
NN_HP0270,780,743,95.3
NN_HP0271,430,415,96.6
NN_HP0272,410,370,90.2
NN_HP0273,560,536,95.8
NN_HP0274,420,405,96.5
NN_HP0275,720,652,90.5
NN_HP0276,520,490,94.2
NN_HP0277,360,347,96.4
NN_HP0278,350,329,94.1
NN_HP0279,730,671,91.9
NN_HP0280,670,626,93.5
NN_HP0281,430,412,95.7
NN_HP0282,640,615,96.1
NN_HP0283,580,533,91.9
NN_HP0284,610,596,97.7
NN_HP0285,440,398,90.5
NN_HP0286,540,518,95.9
NN_HP0287,470,457,97.2
NN_HP0288,570,567,99.4
NN_HP0289,430,406,94.4
NN_HP0290,440,427,97.0
NN_HP0291,650,591,90.9
NN_HP0292,780,764,98.0
NN_HP0293,620,590,95.2
NN_HP0294,490,482,98.3
NN_HP0295,770,718,93.3
NN_HP0296,680,671,98.7
NN_HP0297,420,388,92.5
NN_HP0298,620,618,99.7
NN_HP0299,580,579,99.8
NN_HP0300,470,416,88.5
NN_HP0301,780,690,88.5
NN_HP0302,390,379,97.3
NN_HP0303,500,496,99.1
NN_HP0304,790,784,99.2
NN_HP0305,740,687,92.9
NN_HP0306,680,654,96.2
NN_HP0307,380,376,98.9
NN_HP0308,600,584,97.3
NN_HP0309,360,348,96.7
NN_HP0310,620,574,92.5
NN_HP0311,650,603,92.8
NN_HP0312,750,745,99.3
NN_HP0313,790,743,94.0
NN_HP0314,350,346,98.9
NN_HP0315,580,527,90.8
NN_HP0316,470,439,93.3
NN_HP0317,710,645,90.9
NN_HP0318,390,355,91.0
NN_HP0319,710,665,93.6
NN_HP0320,440,415,94.4
NN_HP0321,610,553,90.7
NN_HP0322,350,327,93.5
NN_HP0323,770,765,99.4
NN_HP0324,520,491,94.4
NN_HP0325,730,683,93.5
NN_HP0326,430,426,99.0
NN_HP0327,370,345,93.3
NN_HP0328,710,694,97.8
NN_HP0329,690,669,97.0
NN_HP0330,790,713,90.2
NN_HP0331,550,539,98.0
NN_HP0332,490,475,97.0
NN_HP0333,740,686,92.7
NN_HP0334,710,650,91.5
NN_HP0335,790,770,97.5
NN_HP0336,770,728,94.6
NN_HP0337,400,382,95.4
NN_HP0338,780,708,90.8
NN_HP0339,550,516,93.8
NN_HP0340,530,500,94.4
NN_HP0341,530,528,99.6
NN_HP0342,430,399,92.7
NN_HP0343,610,610,100.0
NN_HP0344,700,699,99.8
NN_HP0345,580,549,94.7
NN_HP0346,640,600,93.8
NN_HP0347,420,405,96.5
NN_HP0348,780,760,97.5
NN_HP0349,410,401,97.9
NN_HP0350,800,758,94.8
NN_HP0351,440,415,94.3
NN_HP0352,390,375,96.1
NN_HP0353,450,431,95.7
NN_HP0354,430,424,98.7
NN_HP0355,780,714,91.5
NN_HP0356,540,514,95.2
NN_HP0357,750,729,97.2
NN_HP0358,350,330,94.4
NN_HP0359,560,535,95.6
NN_HP0360,530,499,94.2
NN_HP0361,440,416,94.6
NN_HP0362,500,474,94.7
NN_HP0363,760,698,91.8
NN_HP0364,700,649,92.7
NN_HP0365,350,325,92.9
NN_HP0366,790,754,95.4
NN_HP0367,720,669,92.9
NN_HP0368,790,747,94.5
NN_HP0369,650,611,94.0
NN_HP0370,520,499,95.9
NN_HP0371,410,392,95.7
NN_HP0372,780,775,99.4
NN_HP0373,540,511,94.6
NN_HP0374,480,471,98.2
NN_HP0375,560,538,96.1
NN_HP0376,450,434,96.4
NN_HP0377,360,329,91.5
NN_HP0378,740,690,93.2
NN_HP0379,690,658,95.3
NN_HP0380,730,729,99.9
NN_HP0381,760,700,92.1
NN_HP0382,800,705,88.1
NN_HP0383,770,728,94.5
NN_HP0384,720,688,95.5
NN_HP0385,610,584,95.8
NN_HP0386,360,339,94.3
NN_HP0387,500,470,93.9
NN_HP0388,470,450,95.7
NN_HP0389,640,627,98.0
NN_HP0390,450,430,95.5
NN_HP0391,690,635,92.0
NN_HP0392,620,604,97.5
NN_HP0393,410,399,97.4
NN_HP0394,790,750,95.0
NN_HP0395,360,338,93.8
NN_HP0396,580,540,93.1
NN_HP0397,710,658,92.7
NN_HP0398,680,676,99.4
NN_HP0399,500,464,92.8
NN_HP0400,510,485,95.1
NN_HP0401,710,683,96.2
NN_HP0402,360,335,93.1
NN_HP0403,350,323,92.2
NN_HP0404,720,712,98.9
NN_HP0405,360,352,97.8
NN_HP0406,490,473,96.6
NN_HP0407,780,729,93.5
NN_HP0408,530,515,97.1
NN_HP0409,760,724,95.2
NN_HP0410,730,688,94.3
NN_HP0411,530,527,99.4
NN_HP0412,510,495,97.0
NN_HP0413,410,407,99.2
NN_HP0414,760,729,95.9
NN_HP0415,600,547,91.2
NN_HP0416,610,577,94.6
NN_HP0417,350,350,99.9
NN_HP0418,370,334,90.2
NN_HP0419,780,751,96.3
NN_HP0420,460,431,93.7
NN_HP0421,590,579,98.1
NN_HP0422,360,341,94.8
NN_HP0423,370,366,99.0
NN_HP0424,640,608,95.0
NN_HP0425,750,743,99.1
NN_HP0426,520,504,97.0
NN_HP0427,670,661,98.7
NN_HP0428,730,675,92.4
NN_HP0429,410,390,95.2
NN_HP0430,710,677,95.4
NN_HP0431,740,682,92.1
NN_HP0432,410,382,93.2
NN_HP0433,640,628,98.1
NN_HP0434,620,605,97.6
NN_HP0435,470,463,98.5
NN_HP0436,390,361,92.6
NN_HP0437,360,344,95.6
NN_HP0438,370,343,92.6
NN_HP0439,420,384,91.5
NN_HP0440,600,587,97.9
NN_HP0441,370,351,94.9
NN_HP0442,800,714,89.3
NN_HP0443,720,678,94.1
NN_HP0444,360,351,97.6
NN_HP0445,390,387,99.2
NN_HP0446,440,437,99.3
NN_HP0447,440,418,95.0
NN_HP0448,360,358,99.4
NN_HP0449,470,446,95.0
NN_HP0450,720,662,91.9
NN_HP0451,540,514,95.2
NN_HP0452,400,397,99.2
NN_HP0453,400,376,94.1
NN_HP0454,450,424,94.2
NN_HP0455,380,340,89.5
NN_HP0456,600,587,97.9
NN_HP0457,800,728,91.0
NN_HP0458,740,661,89.3
NN_HP0459,400,366,91.6
NN_HP0460,390,362,92.7
NN_HP0461,750,712,95.0
NN_HP0462,550,493,89.7
NN_HP0463,380,339,89.3
NN_HP0464,730,679,93.0
NN_HP0465,370,361,97.7
NN_HP0466,800,799,99.9
NN_HP0467,630,563,89.3
NN_HP0468,350,328,93.6
NN_HP0469,380,348,91.5
NN_HP0470,390,381,97.6
NN_HP0471,430,398,92.6
NN_HP0472,420,373,88.9
NN_HP0473,710,702,98.9
NN_HP0474,520,495,95.2
NN_HP0475,610,583,95.6
NN_HP0476,600,597,99.5
NN_HP0477,460,424,92.1
NN_HP0478,500,472,94.4
NN_HP0479,510,486,95.3
NN_HP0480,420,399,94.9
NN_HP0481,660,635,96.2
NN_HP0482,580,552,95.2
NN_HP0483,490,484,98.7
NN_HP0484,430,376,87.5
NN_HP0485,520,504,97.0
NN_HP0486,580,567,97.8
NN_HP0487,580,572,98.7
NN_HP0488,390,360,92.2
NN_HP0489,400,392,98.0
NN_HP0490,370,339,91.6
NN_HP0491,740,662,89.5
NN_HP0492,710,668,94.1
NN_HP0493,590,569,96.5
NN_HP0494,760,726,95.5
NN_HP0495,510,501,98.2
NN_HP0496,750,691,92.1
NN_HP0497,380,328,86.2
NN_HP0498,710,709,99.9
NN_HP0499,450,418,93.0
NN_HP0500,450,440,97.8
NN_HP0501,410,370,90.3
NN_HP0502,390,372,95.5
NN_HP0503,700,664,94.8
NN_HP0504,710,682,96.1
NN_HP0505,680,653,96.1
NN_HP0506,620,590,95.2
NN_HP0507,790,750,94.9
NN_HP0508,800,780,97.5
NN_HP0509,790,719,91.0
NN_HP0510,480,448,93.4
NN_HP0511,690,652,94.5
NN_HP0512,540,497,92.1
NN_HP0513,770,752,97.7
NN_HP0514,710,687,96.8
NN_HP0515,360,357,99.3
NN_HP0516,640,620,96.9
SP_HP0001,440,414,94.0
SP_HP0002,630,581,92.3
SP_HP0003,680,649,95.5
SP_HP0004,590,585,99.2
SP_HP0005,650,629,96.8
SP_HP0006,770,752,97.7
SP_HP0007,610,583,95.5
SP_HP0008,660,651,98.7
SP_HP0009,550,539,98.0
SP_HP0010,380,378,99.6
SP_HP0011,360,354,98.2
SP_HP0012,510,483,94.8
SP_HP0013,570,545,95.6
SP_HP0014,450,449,99.8
SP_HP0015,580,548,94.4
SP_HP0016,730,707,96.9
SP_HP0017,690,667,96.6
SP_HP0018,610,603,98.9
SP_HP0019,570,539,94.6
SP_HP0020,650,647,99.6
SP_HP0021,370,349,94.2
SP_HP0022,410,383,93.3
SP_HP0023,400,392,98.0
SP_HP0024,520,518,99.7
SP_HP0025,420,406,96.7
SP_HP0026,470,454,96.7
SP_HP0027,580,543,93.6
SP_HP0028,370,344,92.9
SP_HP0029,360,349,97.0
SP_HP0030,390,376,96.4
SP_HP0031,350,332,95.0
SP_HP0032,510,505,99.0
SP_HP0033,720,703,97.6
SP_HP0034,360,345,95.8
SP_HP0035,680,664,97.6
SP_HP0036,770,760,98.7
SP_HP0037,640,609,95.2
SP_HP0038,440,437,99.4
SP_HP0039,350,318,90.8
SP_HP0040,570,561,98.4
SP_HP0041,430,416,96.7
SP_HP0042,520,519,99.9
SP_HP0043,560,550,98.2
SP_HP0044,350,347,99.1
SP_HP0045,580,569,98.1
SP_HP0046,780,741,95.0
SP_HP0047,480,473,98.6
SP_HP0048,690,684,99.1
SP_HP0049,800,775,96.9
SP_HP0050,470,458,97.5
SP_HP0051,540,510,94.4
SP_HP0052,470,465,98.9
SP_HP0053,540,517,95.8
SP_HP0054,790,748,94.7
SP_HP0055,790,735,93.1
SP_HP0056,700,672,96.0
SP_HP0057,660,627,95.0
SP_HP0058,630,605,96.0
SP_HP0059,700,682,97.5
SP_HP0060,580,557,96.1
SP_HP0061,550,533,96.9
SP_HP0062,760,751,98.8
SP_HP0063,470,449,95.5
SP_HP0064,430,429,99.7
SP_HP0065,620,569,91.8
SP_HP0066,450,440,97.7
SP_HP0067,480,474,98.8
SP_HP0068,720,668,92.8
SP_HP0069,530,519,97.9
SP_HP0070,750,734,97.9
SP_HP0071,680,662,97.3
SP_HP0072,790,740,93.7
SP_HP0073,640,635,99.2
SP_HP0074,780,723,92.7
SP_HP0075,520,504,97.0
SP_HP0076,730,680,93.1
SP_HP0077,700,638,91.2
SP_HP0078,550,513,93.2
SP_HP0079,640,631,98.6
SP_HP0080,610,556,91.2
SP_HP0081,730,692,94.8
SP_HP0082,720,697,96.8
SP_HP0083,410,396,96.6
SP_HP0084,710,682,96.0
SP_HP0085,800,760,95.0
SP_HP0086,420,401,95.5
SP_HP0087,540,524,97.1
SP_HP0088,640,606,94.7
SP_HP0089,540,478,88.6
SP_HP0090,500,455,91.1
SP_HP0091,650,592,91.0
SP_HP0092,750,687,91.6
SP_HP0093,550,516,93.8
SP_HP0094,740,675,91.2
SP_HP0095,400,382,95.6
SP_HP0096,630,585,92.8
SP_HP0097,800,773,96.6
SP_HP0098,470,467,99.4
SP_HP0099,710,682,96.1
SP_HP0100,500,478,95.5
SP_HP0101,450,398,88.5
SP_HP0102,460,453,98.4
SP_HP0103,600,560,93.4
SP_HP0104,590,566,96.0
SP_HP0105,730,722,98.9
SP_HP0106,530,515,97.1
SP_HP0107,610,575,94.3
SP_HP0108,370,330,89.1
SP_HP0109,510,457,89.7
SP_HP0110,630,570,90.4
SP_HP0111,770,746,96.9
SP_HP0112,570,543,95.2
SP_HP0113,360,351,97.6
SP_HP0114,620,555,89.5
SP_HP0115,630,619,98.3
SP_HP0116,670,638,95.2
SP_HP0117,790,717,90.8
SP_HP0118,780,760,97.4
SP_HP0119,750,729,97.2
SP_HP0120,470,459,97.7
SP_HP0121,710,669,94.2
SP_HP0122,540,531,98.4
SP_HP0123,750,726,96.8
SP_HP0124,390,375,96.2
SP_HP0125,580,532,91.8
SP_HP0126,500,470,94.0
SP_HP0127,650,634,97.5
SP_HP0128,520,486,93.5
SP_HP0129,780,725,92.9
SP_HP0130,740,740,100.0
SP_HP0131,760,711,93.5
SP_HP0132,630,595,94.5
SP_HP0133,370,357,96.5
SP_HP0134,760,742,97.6
SP_HP0135,470,454,96.5
SP_HP0136,390,367,94.1
SP_HP0137,380,362,95.2
SP_HP0138,600,575,95.9
SP_HP0139,620,581,93.7
SP_HP0140,610,584,95.8
SP_HP0141,420,396,94.2
SP_HP0142,380,375,98.6
SP_HP0143,700,652,93.2
SP_HP0144,650,578,88.9
SP_HP0145,690,643,93.2
SP_HP0146,720,686,95.3
SP_HP0147,610,570,93.5
SP_HP0148,440,426,96.8
SP_HP0149,500,500,100.0
SP_HP0150,550,534,97.0
SP_HP0151,710,694,97.8
SP_HP0152,580,554,95.6
SP_HP0153,500,472,94.5
SP_HP0154,730,726,99.4
SP_HP0155,390,383,98.2
SP_HP0156,460,438,95.2
SP_HP0157,510,477,93.6
SP_HP0158,730,684,93.7
SP_HP0159,690,677,98.1
SP_HP0160,540,516,95.5
SP_HP0161,460,449,97.6
SP_HP0162,670,626,93.4
SP_HP0163,690,685,99.3
SP_HP0164,640,613,95.8
SP_HP0165,510,485,95.1
SP_HP0166,530,524,98.8
SP_HP0167,720,693,96.3
SP_HP0168,350,329,94.1
SP_HP0169,450,423,93.9
SP_HP0170,700,643,91.8
SP_HP0171,470,464,98.7
SP_HP0172,700,662,94.5
SP_HP0173,600,574,95.7
SP_HP0174,580,558,96.2
SP_HP0175,760,735,96.7
SP_HP0176,590,579,98.2
SP_HP0177,510,489,95.9
SP_HP0178,550,546,99.2
SP_HP0179,530,472,89.0
SP_HP0180,740,726,98.1
SP_HP0181,420,420,100.0
SP_HP0182,710,677,95.4
SP_HP0183,490,480,97.9
SP_HP0184,410,407,99.3
SP_HP0185,470,454,96.6
SP_HP0186,710,686,96.6
SP_HP0187,700,657,93.9
SP_HP0188,770,735,95.4
SP_HP0189,620,585,94.3
SP_HP0190,800,746,93.2
SP_HP0191,380,350,92.1
SP_HP0192,550,532,96.8
SP_HP0193,580,535,92.2
SP_HP0194,770,716,93.0
SP_HP0195,420,415,98.7
SP_HP0196,690,670,97.1
SP_HP0197,680,665,97.8
SP_HP0198,750,740,98.7
SP_HP0199,440,418,95.1
SP_HP0200,770,763,99.1
SP_HP0201,780,746,95.7
SP_HP0202,380,359,94.6
SP_HP0203,360,350,97.1
SP_HP0204,540,507,93.8
SP_HP0205,800,752,94.0
SP_HP0206,690,654,94.8
SP_HP0207,350,323,92.4
SP_HP0208,510,504,98.9
SP_HP0209,490,488,99.5
SP_HP0210,790,727,92.0
SP_HP0211,380,359,94.4
SP_HP0212,710,657,92.5
SP_HP0213,570,513,90.0
SP_HP0214,470,466,99.1
SP_HP0215,380,368,96.8
SP_HP0216,420,398,94.7
SP_HP0217,470,441,93.9
SP_HP0218,680,648,95.3
SP_HP0219,370,343,92.8
SP_HP0220,360,357,99.2
SP_HP0221,360,350,97.2
SP_HP0222,690,653,94.6
SP_HP0223,700,672,96.0
SP_HP0224,540,537,99.4
SP_HP0225,620,591,95.3
SP_HP0226,430,415,96.6
SP_HP0227,540,524,97.1
SP_HP0228,550,507,92.2
SP_HP0229,630,612,97.1
SP_HP0230,730,729,99.8
SP_HP0231,680,660,97.1
SP_HP0232,540,511,94.7
SP_HP0233,580,576,99.3
SP_HP0234,400,371,92.8
SP_HP0235,710,677,95.4
SP_HP0236,350,339,96.9
SP_HP0237,780,724,92.8
SP_HP0238,760,691,90.9
SP_HP0239,570,543,95.2
SP_HP0240,450,425,94.4
SP_HP0241,480,457,95.3
SP_HP0242,730,713,97.7
SP_HP0243,560,526,94.0
SP_HP0244,350,336,95.9
SP_HP0245,800,787,98.4
SP_HP0246,680,651,95.8
SP_HP0247,740,715,96.6
SP_HP0248,590,544,92.2
SP_HP0249,440,413,93.9
SP_HP0250,580,517,89.1
SP_HP0251,620,602,97.1
SP_HP0252,360,338,93.9
SP_HP0253,680,638,93.8
SP_HP0254,800,769,96.1
SP_HP0255,700,640,91.5
SP_HP0256,800,733,91.6
SP_HP0257,370,359,97.1
SP_HP0258,520,519,99.8
SP_HP0259,480,457,95.3
SP_HP0260,500,484,96.7
SP_HP0261,400,382,95.5
SP_HP0262,650,632,97.2
SP_HP0263,540,519,96.2
SP_HP0264,770,718,93.2
SP_HP0265,440,406,92.2
SP_HP0266,400,400,100.0
SP_HP0267,390,381,97.7
SP_HP0268,450,441,98.1
SP_HP0269,750,706,94.1
SP_HP0270,690,679,98.4
SP_HP0271,420,374,89.1
SP_HP0272,410,391,95.3
SP_HP0273,420,415,98.7
SP_HP0274,540,524,97.0
SP_HP0275,460,423,91.9
SP_HP0276,600,560,93.3
SP_HP0277,380,371,97.7
SP_HP0278,730,721,98.7
SP_HP0279,650,623,95.8
SP_HP0280,580,545,93.9
SP_HP0281,400,386,96.6
SP_HP0282,610,580,95.0
SP_HP0283,480,456,95.1
SP_HP0284,480,471,98.1
SP_HP0285,400,386,96.4
SP_HP0286,460,426,92.7
SP_HP0287,590,556,94.3
SP_HP0288,490,484,98.8
SP_HP0289,530,497,93.7
SP_HP0290,380,326,85.7
SP_HP0291,400,396,99.0
SP_HP0292,440,440,99.9
SP_HP0293,740,692,93.5
SP_HP0294,610,594,97.3
SP_HP0295,450,428,95.2
SP_HP0296,360,334,92.9
SP_HP0297,680,649,95.4
SP_HP0298,410,404,98.6
SP_HP0299,430,416,96.7
SP_HP0300,410,388,94.6
SP_HP0301,360,351,97.6
SP_HP0302,440,430,97.7
SP_HP0303,640,613,95.8
SP_HP0304,640,639,99.8
SP_HP0305,380,377,99.2
SP_HP0306,770,722,93.8
SP_HP0307,600,569,94.9
SP_HP0308,770,747,97.0
SP_HP0309,650,614,94.4
SP_HP0310,450,420,93.4
SP_HP0311,560,545,97.3
SP_HP0312,390,371,95.1
SP_HP0313,350,331,94.5
SP_HP0314,730,683,93.6
SP_HP0315,420,399,94.9
SP_HP0316,440,403,91.6
SP_HP0317,540,524,97.1
SP_HP0318,470,440,93.7
SP_HP0319,780,778,99.8
SP_HP0320,790,697,88.2
SP_HP0321,760,729,95.9
SP_HP0322,730,718,98.4
SP_HP0323,520,510,98.1
SP_HP0324,620,591,95.3
SP_HP0325,430,417,96.9
SP_HP0326,520,507,97.5
SP_HP0327,360,323,89.7
SP_HP0328,530,505,95.2
SP_HP0329,740,693,93.7
SP_HP0330,580,556,95.9
SP_HP0331,560,539,96.2
SP_HP0332,610,568,93.1
SP_HP0333,450,413,91.7
SP_HP0334,600,585,97.5
SP_HP0335,800,762,95.2
SP_HP0336,510,487,95.5
SP_HP0337,360,347,96.4
SP_HP0338,750,700,93.4
SP_HP0339,750,685,91.3
SP_HP0340,440,419,95.3
SP_HP0341,500,486,97.1
SP_HP0342,680,650,95.6
SP_HP0343,610,590,96.7
SP_HP0344,360,343,95.4
SP_HP0345,410,383,93.3
SP_HP0346,580,567,97.8
SP_HP0347,460,448,97.5
SP_HP0348,760,709,93.3
SP_HP0349,600,590,98.3
SP_HP0350,460,447,97.2
SP_HP0351,630,609,96.7
SP_HP0352,430,410,95.4
SP_HP0353,520,492,94.7
SP_HP0354,430,402,93.5
SP_HP0355,560,510,91.0
SP_HP0356,440,400,91.0
SP_HP0357,740,704,95.2
SP_HP0358,620,606,97.8
SP_HP0359,520,488,93.8
SP_HP0360,540,515,95.3
SP_HP0361,740,669,90.4
SP_HP0362,440,410,93.2
SP_HP0363,480,464,96.6
SP_HP0364,480,451,94.0
SP_HP0365,470,466,99.1
SP_HP0366,360,338,93.9
SP_HP0367,440,438,99.5
SP_HP0368,500,485,96.9
SP_HP0369,430,406,94.4
SP_HP0370,670,616,91.9
SP_HP0371,510,483,94.8
SP_HP0372,490,463,94.4
SP_HP0373,510,466,91.4
SP_HP0374,710,689,97.0
SP_HP0375,620,601,96.9
SP_HP0376,590,550,93.3
SP_HP0377,680,647,95.2
SP_HP0378,700,653,93.3
SP_HP0379,460,456,99.1
SP_HP0380,490,449,91.7
SP_HP0381,520,515,99.1
SP_HP0382,690,684,99.2
SP_HP0383,650,624,96.0
SP_HP0384,720,693,96.3
SP_HP0385,670,639,95.3
SP_HP0386,570,560,98.3
SP_HP0387,670,647,96.5
SP_HP0388,730,692,94.8
SP_HP0389,600,567,94.5
SP_HP0390,750,732,97.6
SP_HP0391,470,469,99.8
SP_HP0392,420,396,94.3
SP_HP0393,540,515,95.4
SP_HP0394,490,469,95.7
SP_HP0395,520,471,90.6
SP_HP0396,620,611,98.5
SP_HP0397,550,528,96.0
SP_HP0398,700,671,95.9
SP_HP0399,570,530,93.0
SP_HP0400,800,773,96.6
SP_HP0401,770,752,97.6
SP_HP0402,720,708,98.4
SP_HP0403,640,589,92.1
SP_HP0404,590,543,92.0
SP_HP0405,440,436,99.2
SP_HP0406,510,487,95.4
SP_HP0407,590,581,98.4
SP_HP0408,680,624,91.8
SP_HP0409,370,362,97.9
SP_HP0410,520,481,92.5
SP_HP0411,580,552,95.1
SP_HP0412,360,349,96.9
SP_HP0413,750,697,92.9
SP_HP0414,500,494,98.7
SP_HP0415,780,746,95.6
SP_HP0416,610,600,98.3
SP_HP0417,540,517,95.7
SP_HP0418,600,548,91.3
SP_HP0419,450,435,96.6
SP_HP0420,620,604,97.5
SP_HP0421,390,378,97.0
SP_HP0422,710,652,91.9
SP_HP0423,600,538,89.7
SP_HP0424,770,715,92.8
SP_HP0425,500,468,93.6
SP_HP0426,660,622,94.3
SP_HP0427,400,355,88.8
SP_HP0428,510,501,98.3
SP_HP0429,630,612,97.1
SP_HP0430,640,597,93.3
SP_HP0431,530,524,98.9
SP_HP0432,450,438,97.4
SP_HP0433,720,716,99.5
SP_HP0434,400,398,99.4
SP_HP0435,350,331,94.7
SP_HP0436,460,456,99.2
SP_HP0437,530,530,100.0
SP_HP0438,800,758,94.7
TS_HP0001,660,643,97.4
TS_HP0002,780,745,95.5
TS_HP0003,430,424,98.5
TS_HP0004,460,439,95.5
TS_HP0005,630,593,94.1
TS_HP0006,640,571,89.2
TS_HP0007,720,699,97.1
TS_HP0008,370,357,96.5
TS_HP0009,450,433,96.3
TS_HP0010,800,787,98.4
TS_HP0011,730,730,100.0
TS_HP0012,490,459,93.7
TS_HP0013,410,394,96.2
TS_HP0014,670,650,97.0
TS_HP0015,440,423,96.1
TS_HP0016,350,324,92.7
TS_HP0017,680,663,97.5
TS_HP0018,540,518,96.0
TS_HP0019,620,608,98.0
TS_HP0020,730,685,93.8
TS_HP0021,770,718,93.2
TS_HP0022,490,466,95.0
TS_HP0023,430,408,94.8
TS_HP0024,690,669,96.9
TS_HP0025,350,333,95.2
TS_HP0026,600,566,94.3
TS_HP0027,410,408,99.6
TS_HP0028,420,403,96.0
TS_HP0029,700,682,97.4
TS_HP0030,760,708,93.2
TS_HP0031,480,468,97.4
TS_HP0032,770,745,96.8
TS_HP0033,780,718,92.1
TS_HP0034,700,666,95.2
TS_HP0035,490,467,95.4
TS_HP0036,630,610,96.8
TS_HP0037,730,689,94.4
TS_HP0038,350,342,97.8
TS_HP0039,640,602,94.0
TS_HP0040,510,499,97.8
TS_HP0041,650,591,90.9
TS_HP0042,570,567,99.4
TS_HP0043,620,601,96.9
TS_HP0044,590,550,93.3
TS_HP0045,600,590,98.4
TS_HP0046,600,599,99.9
TS_HP0047,700,699,99.8
TS_HP0048,600,563,93.9
TS_HP0049,760,745,98.0
TS_HP0050,600,574,95.6
TS_HP0051,500,476,95.2
TS_HP0052,490,468,95.6
TS_HP0053,710,684,96.3
TS_HP0054,470,440,93.7
TS_HP0055,620,570,92.0
TS_HP0056,480,478,99.6
TS_HP0057,800,784,98.0
TS_HP0058,540,525,97.3
TS_HP0059,670,643,96.0
TS_HP0060,420,393,93.5
TS_HP0061,780,775,99.4
TS_HP0062,480,463,96.4
TS_HP0063,720,644,89.4
TS_HP0064,660,636,96.3
TS_HP0065,720,678,94.2
TS_HP0066,610,598,98.0
TS_HP0067,690,638,92.4
TS_HP0068,750,710,94.6
TS_HP0069,570,545,95.7
TS_HP0070,490,475,96.9
TS_HP0071,360,348,96.6
TS_HP0072,350,344,98.2
TS_HP0073,480,472,98.4
TS_HP0074,620,614,99.0
TS_HP0075,590,542,91.9
TS_HP0076,570,547,96.0
TS_HP0077,780,758,97.2
TS_HP0078,710,696,98.0
TS_HP0079,410,371,90.4
TS_HP0080,780,713,91.4
TS_HP0081,700,683,97.6
TS_HP0082,760,743,97.8
TS_HP0083,410,377,91.9
TS_HP0084,670,624,93.1
TS_HP0085,540,511,94.6
TS_HP0086,780,770,98.7
TS_HP0087,460,457,99.3
TS_HP0088,780,711,91.1
TS_HP0089,360,339,94.3
TS_HP0090,730,685,93.9
TS_HP0091,610,552,90.5
TS_HP0092,460,425,92.4
TS_HP0093,660,610,92.5
TS_HP0094,450,431,95.8
TS_HP0095,520,507,97.5
TS_HP0096,730,709,97.1
TS_HP0097,660,612,92.7
TS_HP0098,730,699,95.8
TS_HP0099,530,492,92.8
TS_HP0100,760,751,98.8
TS_HP0101,680,639,93.9
TS_HP0102,660,624,94.6
TS_HP0103,620,602,97.1
TS_HP0104,800,734,91.8
TS_HP0105,400,366,91.4
TS_HP0106,740,711,96.1
TS_HP0107,380,373,98.2
TS_HP0108,720,693,96.2
TS_HP0109,560,542,96.8
TS_HP0110,440,427,97.0
TS_HP0111,560,559,99.8
TS_HP0112,570,563,98.8
TS_HP0113,500,460,91.9
TS_HP0114,520,497,95.6
TS_HP0115,770,726,94.3
TS_HP0116,630,611,97.0
TS_HP0117,660,659,99.9
TS_HP0118,670,667,99.6
TS_HP0119,560,510,91.0
TS_HP0120,700,681,97.3
TS_HP0121,480,454,94.6
TS_HP0122,790,787,99.6
TS_HP0123,540,532,98.5
TS_HP0124,630,614,97.5
TS_HP0125,590,553,93.7
TS_HP0126,580,570,98.2
TS_HP0127,360,359,99.8
TS_HP0128,460,452,98.3
TS_HP0129,520,488,93.8
TS_HP0130,400,383,95.7
TS_HP0131,500,474,94.7
TS_HP0132,460,455,98.9
TS_HP0133,590,586,99.3
TS_HP0134,750,745,99.3
TS_HP0135,490,471,96.2
TS_HP0136,780,750,96.2
TS_HP0137,510,500,98.1
TS_HP0138,350,340,97.1
TS_HP0139,490,462,94.2
TS_HP0140,660,626,94.8
TS_HP0141,600,577,96.2
TS_HP0142,470,455,96.9
TS_HP0143,720,711,98.8
TS_HP0144,430,423,98.4
TS_HP0145,440,418,95.0
TS_HP0146,430,403,93.7
TS_HP0147,400,379,94.7
TS_HP0148,700,686,98.0
TS_HP0149,390,376,96.4
TS_HP0150,710,675,95.1
TS_HP0151,700,666,95.1
TS_HP0152,480,478,99.5
TS_HP0153,360,350,97.3
TS_HP0154,770,710,92.2
TS_HP0155,800,783,97.9
TS_HP0156,470,442,94.0
TS_HP0157,390,377,96.6
TS_HP0158,540,535,99.1
TS_HP0159,570,531,93.1
TS_HP0160,720,705,97.9
TS_HP0161,460,452,98.3
TS_HP0162,370,349,94.2
TS_HP0163,390,382,98.0
TS_HP0164,800,770,96.2
TS_HP0165,390,378,96.8
TS_HP0166,420,397,94.6
TS_HP0167,750,697,92.9
TS_HP0168,670,630,94.1
TS_HP0169,570,555,97.3
TS_HP0170,730,722,98.9
TS_HP0171,580,575,99.1
TS_HP0172,420,394,93.9
TS_HP0173,550,521,94.7
TS_HP0174,550,526,95.7
TS_HP0175,730,670,91.8
TS_HP0176,630,565,89.7
TS_HP0177,690,651,94.3
TS_HP0178,520,504,96.9
TS_HP0179,450,414,92.1
TS_HP0180,450,411,91.4
TS_HP0181,420,419,99.7
TS_HP0182,360,338,93.8
TS_HP0183,430,415,96.6
TS_HP0184,680,670,98.5
TS_HP0185,560,552,98.6
TS_HP0186,620,616,99.3
TS_HP0187,690,687,99.6
TS_HP0188,430,410,95.3
TS_HP0189,430,408,94.8
TS_HP0190,370,355,96.0
TS_HP0191,660,638,96.6
TS_HP0192,650,586,90.2
TS_HP0193,430,415,96.5
TS_HP0194,410,394,96.0
TS_HP0195,570,547,95.9
TS_HP0196,730,729,99.9
TS_HP0197,620,601,96.9
TS_HP0198,720,716,99.4
TS_HP0199,670,639,95.3
TS_HP0200,430,414,96.3
TS_HP0201,460,426,92.6
TS_HP0202,750,710,94.7
TS_HP0203,470,455,96.9
TS_HP0204,400,397,99.2
TS_HP0205,630,575,91.2
TS_HP0206,620,572,92.2
TS_HP0207,390,381,97.6
TS_HP0208,630,597,94.8
TS_HP0209,740,734,99.2
TS_HP0210,770,717,93.1
TS_HP0211,680,635,93.4
TS_HP0212,630,595,94.4
TS_HP0213,730,669,91.6
TS_HP0214,390,374,95.9
TS_HP0215,390,350,89.7
TS_HP0216,650,621,95.6
TS_HP0217,400,381,95.2
TS_HP0218,710,677,95.3
TS_HP0219,350,344,98.3
TS_HP0220,560,540,96.5
TS_HP0221,390,386,98.9
TS_HP0222,620,587,94.6
TS_HP0223,480,463,96.4
TS_HP0224,350,324,92.6
TS_HP0225,760,755,99.3
TS_HP0226,770,750,97.4
TS_HP0227,470,436,92.7
TS_HP0228,500,498,99.7
TS_HP0229,610,551,90.3
TS_HP0230,360,347,96.3
TS_HP0231,520,487,93.6
TS_HP0232,620,584,94.2
TS_HP0233,500,480,96.0
TS_HP0234,540,530,98.1
TS_HP0235,480,480,100.0
TS_HP0236,410,389,94.9
TS_HP0237,570,565,99.1
TS_HP0238,700,666,95.2
TS_HP0239,630,602,95.5
TS_HP0240,780,758,97.2
TS_HP0241,770,752,97.7
TS_HP0242,650,575,88.5
TS_HP0243,400,384,96.1
TS_HP0244,760,700,92.1
TS_HP0245,690,654,94.8
TS_HP0246,380,366,96.3
TS_HP0247,800,762,95.2
TS_HP0248,540,527,97.6
TS_HP0249,520,485,93.3
TS_HP0250,650,638,98.1
TS_HP0251,370,342,92.4
TS_HP0252,630,578,91.8
TS_HP0253,440,432,98.2
TS_HP0254,760,729,95.9
TS_HP0255,520,483,92.8
TS_HP0256,530,507,95.6
TS_HP0257,500,477,95.4
TS_HP0258,680,664,97.7
TS_HP0259,650,630,97.0
TS_HP0260,520,488,93.8
TS_HP0261,550,549,99.8
TS_HP0262,450,436,97.0
TS_HP0263,520,468,90.0
TS_HP0264,690,640,92.7
TS_HP0265,620,607,97.9
TS_HP0266,460,448,97.4
TS_HP0267,700,667,95.3
TS_HP0268,560,546,97.5
TS_HP0269,620,596,96.1
TS_HP0270,460,443,96.3
TS_HP0271,530,528,99.6
TS_HP0272,520,516,99.2
TS_HP0273,650,625,96.1
TS_HP0274,650,603,92.7
TS_HP0275,390,356,91.4
TS_HP0276,670,665,99.3
TS_HP0277,450,441,98.1
TS_HP0278,560,525,93.8
TS_HP0279,680,674,99.1
TS_HP0280,350,337,96.4
TS_HP0281,660,633,95.9
TS_HP0282,580,577,99.5
TS_HP0283,790,773,97.9
TS_HP0284,750,719,95.9
TS_HP0285,500,496,99.1
TS_HP0286,410,393,95.9
TS_HP0287,350,341,97.5
TS_HP0288,800,734,91.8
TS_HP0289,410,387,94.4
TS_HP0290,400,399,99.8
TS_HP0291,510,492,96.4
TS_HP0292,490,483,98.6
TS_HP0293,390,377,96.7
TS_HP0294,600,581,96.8
TS_HP0295,520,491,94.5
TS_HP0296,470,461,98.1
TS_HP0297,790,743,94.1
TS_HP0298,420,412,98.1
TS_HP0299,350,338,96.7
TS_HP0300,620,598,96.4
TS_HP0301,530,526,99.2
TS_HP0302,760,685,90.1
TS_HP0303,610,609,99.8
TS_HP0304,520,518,99.7
TS_HP0305,580,545,94.0
TS_HP0306,450,448,99.6
NNGU_HP0001,770,680,88.3
NNGU_HP0002,680,679,99.9
NNGU_HP0003,670,649,96.8
NNGU_HP0004,520,493,94.9
NNGU_HP0005,660,657,99.5
NNGU_HP0006,780,764,97.9
NNGU_HP0007,710,688,96.9
NNGU_HP0008,750,750,100.0
NNGU_HP0009,520,508,97.7
NNGU_HP0010,630,629,99.8
NNGU_HP0011,680,645,94.9
NNGU_HP0012,570,553,97.0
NNGU_HP0013,360,344,95.6
NNGU_HP0014,380,363,95.6
NNGU_HP0015,660,653,98.9
NNGU_HP0016,500,470,94.0
NNGU_HP0017,410,410,99.9
NNGU_HP0018,700,697,99.6
NNGU_HP0019,640,634,99.0
NNGU_HP0020,470,447,95.2
NNGU_HP0021,760,714,94.0
NNGU_HP0022,510,503,98.6
NNGU_HP0023,460,419,91.1
NNGU_HP0024,420,399,95.1
NNGU_HP0025,540,532,98.6
NNGU_HP0026,510,478,93.8
NNGU_HP0027,510,484,94.9
NNGU_HP0028,520,514,98.9
NNGU_HP0029,400,396,99.0
NNGU_HP0030,370,356,96.3
NNGU_HP0031,390,374,96.0
NNGU_HP0032,500,488,97.5
NNGU_HP0033,460,439,95.4
NNGU_HP0034,750,731,97.5
NNGU_HP0035,770,705,91.6
NNGU_HP0036,380,371,97.6
NNGU_HP0037,420,419,99.8
NNGU_HP0038,480,479,99.8
NNGU_HP0039,450,440,97.8
NNGU_HP0040,600,599,99.8
NNGU_HP0041,640,600,93.7
NNGU_HP0042,610,589,96.6
NNGU_HP0043,740,719,97.1
NNGU_HP0044,690,684,99.2
NNGU_HP0045,720,690,95.8
NNGU_HP0046,430,412,95.8
NNGU_HP0047,700,673,96.2
NNGU_HP0048,520,498,95.8
NNGU_HP0049,700,700,100.0
NNGU_HP0050,620,603,97.3
NNGU_HP0051,730,689,94.4
NNGU_HP0052,410,369,90.0
NNGU_HP0053,600,581,96.9
NNGU_HP0054,370,353,95.5
NNGU_HP0055,400,388,97.1
NNGU_HP0056,520,519,99.8
NNGU_HP0057,710,697,98.2
NNGU_HP0058,560,540,96.4
NNGU_HP0059,650,620,95.4
NNGU_HP0060,580,574,99.0
NNGU_HP0061,380,361,94.9
NNGU_HP0062,600,560,93.3
NNGU_HP0063,450,446,99.2
NNGU_HP0064,720,652,90.6
NNGU_HP0065,550,519,94.4
NNGU_HP0066,740,716,96.7
NNGU_HP0067,380,364,95.9
NNGU_HP0068,430,420,97.7
NNGU_HP0069,620,576,92.9
NNGU_HP0070,500,472,94.5
NNGU_HP0071,770,723,93.9
NNGU_HP0072,420,420,99.9
NNGU_HP0073,790,768,97.2
NNGU_HP0074,620,599,96.6
NNGU_HP0075,710,656,92.4
NNGU_HP0076,600,586,97.6
NNGU_HP0077,760,716,94.2
NNGU_HP0078,530,512,96.6
NNGU_HP0079,720,712,98.9
NNGU_HP0080,460,453,98.5
NNGU_HP0081,640,581,90.8
NNGU_HP0082,540,510,94.4
NNGU_HP0083,530,501,94.6
NNGU_HP0084,730,677,92.8
NNGU_HP0085,720,662,92.0
NNGU_HP0086,770,760,98.7
NNGU_HP0087,530,506,95.4
NNGU_HP0088,540,535,99.1
NNGU_HP0089,760,686,90.2
NNGU_HP0090,630,605,96.1
NNGU_HP0091,590,571,96.7
NNGU_HP0092,440,437,99.3
NNGU_HP0093,360,347,96.5
NNGU_HP0094,670,670,100.0
NNGU_HP0095,750,716,95.5
NNGU_HP0096,720,694,96.4
NNGU_HP0097,640,613,95.8
NNGU_HP0098,600,584,97.4
NNGU_HP0099,580,562,96.9
NNGU_HP0100,440,424,96.4
NNGU_HP0101,610,587,96.2
NNGU_HP0102,750,735,98.0
NNGU_HP0103,500,452,90.5
NNGU_HP0104,700,682,97.5
NNGU_HP0105,800,791,98.9
NNGU_HP0106,610,597,97.8
NNGU_HP0107,530,502,94.8
NNGU_HP0108,380,350,92.0
NNGU_HP0109,410,406,99.1
NNGU_HP0110,770,765,99.4
NNGU_HP0111,450,416,92.4
NNGU_HP0112,420,399,95.1
NNGU_HP0113,460,453,98.4
NNGU_HP0114,520,466,89.7
NNGU_HP0115,770,721,93.6
NNGU_HP0116,530,516,97.4
NNGU_HP0117,730,643,88.1
NNGU_HP0118,550,534,97.0
NNGU_HP0119,800,773,96.6
NNGU_HP0120,550,513,93.2
NNGU_HP0121,410,385,93.8
NNGU_HP0122,380,367,96.6
NNGU_HP0123,550,507,92.1
NNGU_HP0124,700,695,99.3
NNGU_HP0125,790,735,93.1
NNGU_HP0126,760,727,95.6
NNGU_HP0127,790,790,100.0
NNGU_HP0128,480,457,95.3
NNGU_HP0129,540,540,100.0
NNGU_HP0130,630,626,99.4
NNGU_HP0131,620,617,99.5
NNGU_HP0132,390,366,93.8
NNGU_HP0133,760,724,95.2
NNGU_HP0134,730,719,98.5
NNGU_HP0135,380,352,92.5
NNGU_HP0136,720,714,99.1
NNGU_HP0137,400,370,92.4
NNGU_HP0138,770,703,91.3
NNGU_HP0139,370,369,99.6
NNGU_HP0140,670,645,96.3
NNGU_HP0141,620,587,94.6
NNGU_HP0142,710,699,98.4
NNGU_HP0143,450,450,99.9
NNGU_HP0144,530,526,99.3
NNGU_HP0145,390,382,97.9
NNGU_HP0146,530,516,97.4
NNGU_HP0147,410,388,94.6
NNGU_HP0148,540,539,99.9
NNGU_HP0149,740,730,98.6
NNGU_HP0150,680,668,98.2
NNGU_HP0151,690,661,95.8
NNGU_HP0152,710,703,99.0
NNGU_HP0153,570,567,99.5
NNGU_HP0154,450,431,95.8
NNGU_HP0155,500,474,94.8
NNGU_HP0156,780,752,96.4
NNGU_HP0157,520,503,96.8
NNGU_HP0158,490,451,92.0
NNGU_HP0159,620,564,91.0
NNGU_HP0160,760,706,92.9
NNGU_HP0161,490,466,95.1
NNGU_HP0162,690,646,93.6
NNGU_HP0163,520,493,94.8
NNGU_HP0164,710,697,98.1
NNGU_HP0165,350,332,94.8
NNGU_HP0166,440,419,95.3
NNGU_HP0167,550,521,94.8
NNGU_HP0168,700,629,89.8
NNGU_HP0169,710,643,90.5
NNGU_HP0170,510,500,98.0
NNGU_HP0171,460,444,96.6
NNGU_HP0172,550,535,97.2
NNGU_HP0173,540,514,95.1
NNGU_HP0174,660,618,93.7
NNGU_HP0175,570,522,91.6
NNGU_HP0176,420,402,95.8
NNGU_HP0177,440,438,99.5
NNGU_HP0178,730,728,99.7
NNGU_HP0179,680,645,94.9
NNGU_HP0180,470,456,97.0
NNGU_HP0181,380,365,96.1
NNGU_HP0182,660,645,97.8
NNGU_HP0183,680,621,91.3
NNGU_HP0184,490,480,98.0
NNGU_HP0185,400,381,95.3
NNGU_HP0186,600,582,97.0
NNGU_HP0187,470,427,90.9
NNGU_HP0188,440,421,95.6
NNGU_HP0189,420,396,94.3
NNGU_HP0190,750,722,96.2
NNGU_HP0191,470,446,94.9
NNGU_HP0192,750,737,98.3
NNGU_HP0193,680,675,99.3
NNGU_HP0194,400,397,99.3
NNGU_HP0195,750,734,97.8
NNGU_HP0196,730,684,93.7
NNGU_HP0197,560,556,99.2
NNGU_HP0198,640,609,95.1
NNGU_HP0199,550,531,96.6
NNGU_HP0200,800,792,99.0
NNGU_HP0201,520,477,91.8
NNGU_HP0202,640,632,98.8
NNGU_HP0203,370,358,96.8
NNGU_HP0204,350,349,99.8
NNGU_HP0205,570,552,96.9
NNGU_HP0206,500,497,99.4
NNGU_HP0207,370,352,95.1
NNGU_HP0208,530,514,96.9
NNGU_HP0209,610,599,98.2
NNGU_HP0210,490,490,100.0
NNGU_HP0211,360,358,99.4
NNGU_HP0212,490,476,97.2
NNGU_HP0213,750,704,93.8
NNGU_HP0214,790,788,99.7
NNGU_HP0215,790,770,97.5
NNGU_HP0216,590,569,96.4
NNGU_HP0217,710,699,98.5
NNGU_HP0218,520,491,94.4
NNGU_HP0219,440,432,98.1
NNGU_HP0220,680,679,99.9
NNGU_HP0221,640,628,98.2
NNGU_HP0222,540,535,99.0
NNGU_HP0223,470,459,97.7
NNGU_HP0224,770,701,91.1
NNGU_HP0225,760,753,99.1
NNGU_HP0226,630,624,99.0
NNGU_HP0227,410,402,98.1
NNGU_HP0228,710,701,98.7
NNGU_HP0229,650,610,93.8
NNGU_HP0230,370,361,97.7
NNGU_HP0231,630,624,99.1
NNGU_HP0232,550,513,93.2
NNGU_HP0233,440,438,99.5
NNGU_HP0234,590,527,89.4
NNGU_HP0235,790,732,92.6
NNGU_HP0236,740,724,97.9
NNGU_HP0237,770,756,98.2
NNGU_HP0238,550,550,100.0
NNGU_HP0239,780,745,95.5
NNGU_HP0240,530,527,99.5
NNGU_HP0241,410,392,95.7
NNGU_HP0242,430,426,99.1
NNGU_HP0243,620,574,92.6
NNGU_HP0244,610,556,91.2
NNGU_HP0245,600,523,87.1
NNGU_HP0246,580,513,88.4
NNGU_HP0247,530,514,97.0
NNGU_HP0248,510,477,93.5
NNGU_HP0249,530,510,96.2
NNGU_HP0250,770,738,95.9
NNGU_HP0251,490,487,99.3
NNGU_HP0252,790,769,97.4
NNGU_HP0253,780,754,96.7
NNGU_HP0254,450,412,91.5
NNGU_HP0255,550,498,90.5
NNGU_HP0256,780,770,98.7
NNGU_HP0257,390,390,99.9
NNGU_HP0258,580,535,92.3
NNGU_HP0259,740,710,96.0
NNGU_HP0260,750,702,93.6
NNGU_HP0261,390,362,92.7
NNGU_HP0262,660,605,91.6
NNGU_HP0263,700,662,94.6
NNGU_HP0264,760,728,95.8
NNGU_HP0265,560,542,96.7
NNGU_HP0266,430,392,91.2
NNGU_HP0267,480,452,94.2
NNGU_HP0268,490,472,96.3
NNGU_HP0269,390,370,95.0
NNGU_HP0270,360,351,97.4
NNGU_HP0271,540,516,95.6
NNGU_HP0272,790,759,96.1
NNGU_HP0273,470,470,100.0
NNGU_HP0274,590,558,94.5
NNGU_HP0275,630,612,97.1
NNGU_HP0276,450,447,99.3
NNGU_HP0277,540,503,93.1
NNGU_HP0278,660,632,95.8
NNGU_HP0279,460,420,91.3
NNGU_HP0280,670,639,95.4
NNGU_HP0281,470,470,100.0
NNGU_HP0282,400,392,97.9
NNGU_HP0283,690,646,93.6
NNGU_HP0284,580,513,88.5
NNGU_HP0285,600,554,92.3
NNGU_HP0286,350,326,93.2
NNGU_HP0287,600,578,96.3
NNGU_HP0288,630,591,93.8
NNGU_HP0289,540,526,97.4
NNGU_HP0290,550,535,97.3
NNGU_HP0291,510,492,96.4
NNGU_HP0292,620,598,96.4
NNGU_HP0293,600,600,100.0
NNGU_HP0294,520,518,99.6
NNGU_HP0295,380,364,95.7
NNGU_HP0296,500,480,96.0
NNGU_HP0297,450,447,99.4
NNGU_HP0298,530,527,99.4
NNGU_HP0299,640,612,95.6
NNGU_HP0300,740,738,99.7
NNGU_HP0301,350,330,94.3
NNGU_HP0302,570,540,94.7
NNGU_HP0303,720,705,97.9
NNGU_HP0304,460,437,95.0
NNGU_HP0305,660,653,99.0
NNGU_HP0306,680,676,99.4
NNGU_HP0307,730,675,92.4
NNGU_HP0308,510,501,98.3
NNGU_HP0309,560,518,92.5
NNGU_HP0310,400,369,92.3
NNGU_HP0311,740,724,97.9
NNGU_HP0312,530,527,99.4
NNGU_HP0313,450,442,98.3
NNGU_HP0314,520,491,94.5
NNGU_HP0315,590,580,98.3
NNGU_HP0316,590,578,97.9
NNGU_HP0317,450,450,99.9
NNGU_HP0318,630,610,96.8
NNGU_HP0319,570,565,99.2
NNGU_HP0320,460,440,95.6
NNGU_HP0321,370,332,89.6
NNGU_HP0322,670,661,98.7
NNGU_HP0323,350,344,98.3
NNGU_HP0324,490,489,99.8
NNGU_HP0325,470,457,97.2
NNGU_HP0326,620,620,100.0
NNGU_HP0327,470,462,98.4
NNGU_HP0328,620,582,93.8
NNGU_HP0329,770,766,99.5
NNGU_HP0330,430,399,92.7
NNGU_HP0331,490,468,95.6
NNGU_HP0332,380,353,92.9
NNGU_HP0333,670,665,99.2
NNGU_HP0334,550,527,95.8
NNGU_HP0335,590,552,93.5
NNGU_HP0336,640,633,98.9
NNGU_HP0337,720,673,93.5
NNGU_HP0338,660,655,99.3
NNGU_HP0339,360,342,95.0
NNGU_HP0340,630,624,99.0
NNGU_HP0341,680,679,99.9
NNGU_HP0342,550,512,93.0
NNGU_HP0343,730,692,94.8
NNGU_HP0344,630,626,99.4
NNGU_HP0345,480,460,95.8
NNGU_HP0346,510,501,98.3
NNGU_HP0347,430,411,95.6
NNGU_HP0348,430,416,96.7
KHXHNV_HP0001,390,387,99.3
KHXHNV_HP0002,480,468,97.4
KHXHNV_HP0003,660,631,95.6
KHXHNV_HP0004,450,448,99.5
KHXHNV_HP0005,410,400,97.6
KHXHNV_HP0006,560,547,97.7
KHXHNV_HP0007,710,702,98.9
KHXHNV_HP0008,410,404,98.5
KHXHNV_HP0009,500,488,97.7
KHXHNV_HP0010,540,529,98.0
KHXHNV_HP0011,430,430,100.0
KHXHNV_HP0012,450,413,91.7
KHXHNV_HP0013,570,530,93.0
KHXHNV_HP0014,520,511,98.3
KHXHNV_HP0015,730,726,99.4
KHXHNV_HP0016,440,425,96.5
KHXHNV_HP0017,790,736,93.2
KHXHNV_HP0018,550,526,95.6
KHXHNV_HP0019,550,541,98.3
KHXHNV_HP0020,780,697,89.4
KHXHNV_HP0021,580,530,91.4
KHXHNV_HP0022,510,484,95.0
KHXHNV_HP0023,760,711,93.6
KHXHNV_HP0024,600,593,98.9
KHXHNV_HP0025,570,565,99.1
KHXHNV_HP0026,480,439,91.5
KHXHNV_HP0027,400,392,98.1
KHXHNV_HP0028,370,365,98.6
KHXHNV_HP0029,590,558,94.6
KHXHNV_HP0030,540,526,97.5
KHXHNV_HP0031,800,774,96.7
KHXHNV_HP0032,500,494,98.7
KHXHNV_HP0033,650,595,91.6
KHXHNV_HP0034,740,726,98.1
KHXHNV_HP0035,360,347,96.4
KHXHNV_HP0036,500,470,94.1
KHXHNV_HP0037,690,676,98.0
KHXHNV_HP0038,780,757,97.1
KHXHNV_HP0039,580,575,99.1
KHXHNV_HP0040,720,694,96.4
KHXHNV_HP0041,690,680,98.6
KHXHNV_HP0042,700,692,98.9
KHXHNV_HP0043,780,753,96.5
KHXHNV_HP0044,500,500,100.0
KHXHNV_HP0045,420,398,94.8
KHXHNV_HP0046,610,605,99.2
KHXHNV_HP0047,600,600,100.0
KHXHNV_HP0048,780,774,99.2
KHXHNV_HP0049,770,767,99.6
KHXHNV_HP0050,650,630,97.0
KHXHNV_HP0051,800,773,96.6
KHXHNV_HP0052,400,383,95.8
KHXHNV_HP0053,630,624,99.1
KHXHNV_HP0054,600,566,94.3
KHXHNV_HP0055,370,359,97.0
KHXHNV_HP0056,600,591,98.5
KHXHNV_HP0057,400,382,95.5
KHXHNV_HP0058,650,601,92.4
KHXHNV_HP0059,710,690,97.2
KHXHNV_HP0060,550,547,99.5
KHXHNV_HP0061,540,534,98.8
KHXHNV_HP0062,600,575,95.8
KHXHNV_HP0063,670,613,91.5
KHXHNV_HP0064,350,330,94.4
KHXHNV_HP0065,670,651,97.2
KHXHNV_HP0066,460,432,94.0
KHXHNV_HP0067,360,345,95.7
KHXHNV_HP0068,700,678,96.9
KHXHNV_HP0069,500,478,95.5
KHXHNV_HP0070,450,443,98.5
KHXHNV_HP0071,730,695,95.2
KHXHNV_HP0072,430,408,94.9
KHXHNV_HP0073,530,527,99.4
KHXHNV_HP0074,370,364,98.3
KHXHNV_HP0075,570,568,99.6
KHXHNV_HP0076,780,771,98.9
KHXHNV_HP0077,360,342,95.0
KHXHNV_HP0078,530,523,98.7
KHXHNV_HP0079,610,599,98.2
KHXHNV_HP0080,660,649,98.3
KHXHNV_HP0081,640,586,91.5
KHXHNV_HP0082,590,586,99.4
KHXHNV_HP0083,610,589,96.5
KHXHNV_HP0084,740,722,97.6
KHXHNV_HP0085,580,548,94.5
KHXHNV_HP0086,740,699,94.4
KHXHNV_HP0087,640,639,99.9
KHXHNV_HP0088,540,526,97.5
KHXHNV_HP0089,450,428,95.1
KHXHNV_HP0090,380,374,98.4
KHXHNV_HP0091,350,344,98.3
KHXHNV_HP0092,790,781,98.8
KHXHNV_HP0093,660,634,96.1
KHXHNV_HP0094,770,738,95.8
KHXHNV_HP0095,590,552,93.6
KHXHNV_HP0096,650,626,96.3
KHXHNV_HP0097,570,565,99.1
KHXHNV_HP0098,800,753,94.1
KHXHNV_HP0099,710,689,97.0
KHXHNV_HP0100,800,743,92.9
KHXHNV_HP0101,780,755,96.8
KHXHNV_HP0102,750,677,90.3
KHXHNV_HP0103,730,662,90.7
KHXHNV_HP0104,490,483,98.6
KHXHNV_HP0105,570,559,98.0
KHXHNV_HP0106,610,605,99.1
KHXHNV_HP0107,800,726,90.7
KHXHNV_HP0108,370,369,99.6
KHXHNV_HP0109,750,742,99.0
KHXHNV_HP0110,630,622,98.7
KHXHNV_HP0111,690,688,99.7
KHXHNV_HP0112,710,650,91.5
KHXHNV_HP0113,610,606,99.3
KHXHNV_HP0114,460,452,98.3
KHXHNV_HP0115,430,399,92.9
KHXHNV_HP0116,780,739,94.7
KHXHNV_HP0117,520,504,97.0
KHXHNV_HP0118,750,743,99.1
KHXHNV_HP0119,580,575,99.2
KHXHNV_HP0120,390,377,96.6
KHXHNV_HP0121,430,420,97.6
KHXHNV_HP0122,430,408,95.0
KHXHNV_HP0123,570,559,98.0
KHXHNV_HP0124,710,705,99.3
KHXHNV_HP0125,380,369,97.1
KHXHNV_HP0126,460,448,97.4
KHXHNV_HP0127,540,516,95.5
KHXHNV_HP0128,710,671,94.5
KHXHNV_HP0129,580,579,99.9
KHXHNV_HP0130,530,517,97.5
KHXHNV_HP0131,570,539,94.6
KHXHNV_HP0132,640,640,100.0
KHXHNV_HP0133,350,341,97.4
KHXHNV_HP0134,490,477,97.4
KHXHNV_HP0135,570,553,97.1
KHXHNV_HP0136,440,406,92.2
KHXHNV_HP0137,440,422,96.0
KHXHNV_HP0138,620,609,98.3
KHXHNV_HP0139,420,412,98.2
KHXHNV_HP0140,410,409,99.8
KHXHNV_HP0141,380,377,99.1
KHXHNV_HP0142,460,459,99.7
KHXHNV_HP0143,350,345,98.7
KHXHNV_HP0144,730,719,98.5
KHXHNV_HP0145,620,590,95.2
KHXHNV_HP0146,720,709,98.5
KHXHNV_HP0147,370,362,97.9
KHXHNV_HP0148,490,459,93.6
KHXHNV_HP0149,540,537,99.5
KHXHNV_HP0150,560,517,92.4
KHXHNV_HP0151,620,570,92.0
KHXHNV_HP0152,650,612,94.1
KHXHNV_HP0153,600,586,97.6
KHXHNV_HP0154,690,648,93.9
KHXHNV_HP0155,490,485,99.0
KHXHNV_HP0156,410,384,93.6
KHXHNV_HP0157,670,668,99.7
KHXHNV_HP0158,430,422,98.1
KHXHNV_HP0159,800,794,99.2
KHXHNV_HP0160,380,363,95.5
KHXHNV_HP0161,570,534,93.7
KHXHNV_HP0162,490,489,99.7
KHXHNV_HP0163,480,471,98.2
KHXHNV_HP0164,350,329,94.1
KHXHNV_HP0165,540,532,98.5
KHXHNV_HP0166,690,680,98.6
KHXHNV_HP0167,510,498,97.6
KHXHNV_HP0168,730,729,99.9
KHXHNV_HP0169,780,732,93.8
KHXHNV_HP0170,490,490,100.0
KHXHNV_HP0171,800,796,99.5
KHXHNV_HP0172,420,394,93.8
KHXHNV_HP0173,540,518,96.0
KHXHNV_HP0174,460,440,95.6
KHXHNV_HP0175,530,516,97.4
KHXHNV_HP0176,530,507,95.7
KHXHNV_HP0177,720,704,97.8
KHXHNV_HP0178,580,544,93.8
KHXHNV_HP0179,490,464,94.6
KHXHNV_HP0180,720,660,91.6
KHXHNV_HP0181,790,737,93.3
KHXHNV_HP0182,710,668,94.1
KHXHNV_HP0183,560,558,99.6
KHXHNV_HP0184,780,762,97.7
KHXHNV_HP0185,740,713,96.4
KHXHNV_HP0186,490,482,98.4
KHXHNV_HP0187,760,711,93.5
KHXHNV_HP0188,410,399,97.2
KHXHNV_HP0189,760,741,97.5
KHXHNV_HP0190,710,699,98.5
KHXHNV_HP0191,380,379,99.8
KHXHNV_HP0192,770,730,94.8
KHXHNV_HP0193,730,728,99.7
KHXHNV_HP0194,420,400,95.3
KHXHNV_HP0195,440,428,97.2
KHXHNV_HP0196,450,446,99.2
KHXHNV_HP0197,580,574,99.0
KHXHNV_HP0198,670,655,97.8
KHXHNV_HP0199,800,794,99.3
KHXHNV_HP0200,640,615,96.1
KHXHNV_HP0201,650,623,95.8
KHXHNV_HP0202,610,592,97.1
KHXHNV_HP0203,620,593,95.7
KHXHNV_HP0204,700,690,98.5
KHXHNV_HP0205,600,557,92.8
KHXHNV_HP0206,560,550,98.2
KHXHNV_HP0207,480,476,99.2
KHXHNV_HP0208,370,361,97.7
KHXHNV_HP0209,580,558,96.2
KHXHNV_HP0210,620,595,96.0
KHXHNV_HP0211,480,479,99.7
KHXHNV_HP0212,490,488,99.5
KHXHNV_HP0213,670,668,99.7
KHXHNV_HP0214,610,606,99.3
KHXHNV_HP0215,750,728,97.1
KHXHNV_HP0216,670,661,98.7
KHXHNV_HP0217,570,567,99.5
KHXHNV_HP0218,790,753,95.3
KHXHNV_HP0219,800,780,97.5
KHXHNV_HP0220,420,415,98.9
KHXHNV_HP0221,440,433,98.5
KHXHNV_HP0222,600,597,99.5
KHXHNV_HP0223,600,568,94.6
KHXHNV_HP0224,790,780,98.7
KHXHNV_HP0225,710,663,93.4
KHXHNV_HP0226,520,517,99.4
KHXHNV_HP0227,620,588,94.9
KHXHNV_HP0228,670,649,96.9
KHXHNV_HP0229,360,347,96.5
KHXHNV_HP0230,650,600,92.3
KHXHNV_HP0231,510,490,96.1
KHXHNV_HP0232,660,657,99.6
KHXHNV_HP0233,730,674,92.3
KHXHNV_HP0234,480,464,96.7
KHXHNV_HP0235,670,643,95.9
KHXHNV_HP0236,780,775,99.3
KHXHNV_HP0237,380,358,94.3
KHXHNV_HP0238,460,440,95.7
KHXHNV_HP0239,550,531,96.6
KHXHNV_HP0240,370,355,95.9
KHXHNV_HP0241,680,679,99.9
KHXHNV_HP0242,640,621,97.0
KHXHNV_HP0243,500,476,95.2
KHXHNV_HP0244,710,682,96.0
KHXHNV_HP0245,620,600,96.7
KHXHNV_HP0246,650,636,97.9
KHXHNV_HP0247,370,357,96.5
KHXHNV_HP0248,610,586,96.0
KHXHNV_HP0249,510,495,97.0
KHXHNV_HP0250,670,647,96.6
KHXHNV_HP0251,580,552,95.1
KHXHNV_HP0252,410,407,99.3
KHXHNV_HP0253,400,384,96.0
KHXHNV_HP0254,660,639,96.8
KHXHNV_HP0255,770,752,97.6
KHXHNV_HP0256,600,589,98.2
KHXHNV_HP0257,730,706,96.7
KHXHNV_HP0258,600,575,95.9
KHXHNV_HP0259,420,410,97.7
KHXHNV_HP0260,520,500,96.2
KHXHNV_HP0261,620,595,96.0
KHXHNV_HP0262,460,451,98.0
KHXHNV_HP0263,800,746,93.3
KHXHNV_HP0264,640,606,94.7
KHXHNV_HP0265,520,512,98.5
KHXHNV_HP0266,390,387,99.2
KHXHNV_HP0267,410,400,97.5
KHXHNV_HP0268,670,666,99.4
KHXHNV_HP0269,480,475,98.9
KHXHNV_HP0270,680,668,98.2
KHXHNV_HP0271,570,525,92.1
KHXHNV_HP0272,350,343,98.0
KHXHNV_HP0273,490,467,95.3
KHXHNV_HP0274,610,562,92.2
CNSHTP_HP0001,720,716,99.4
CNSHTP_HP0002,720,696,96.7
CNSHTP_HP0003,530,504,95.0
CNSHTP_HP0004,630,605,96.1
CNSHTP_HP0005,590,571,96.8
CNSHTP_HP0006,540,535,99.1
CNSHTP_HP0007,450,441,97.9
CNSHTP_HP0008,600,599,99.8
CNSHTP_HP0009,700,690,98.6
CNSHTP_HP0010,650,622,95.7
CNSHTP_HP0011,770,717,93.1
CNSHTP_HP0012,660,650,98.5
CNSHTP_HP0013,780,764,98.0
CNSHTP_HP0014,460,454,98.8
CNSHTP_HP0015,490,485,98.9
CNSHTP_HP0016,560,548,97.8
CNSHTP_HP0017,350,346,98.9
CNSHTP_HP0018,590,578,97.9
CNSHTP_HP0019,490,485,98.9
CNSHTP_HP0020,630,627,99.6
CNSHTP_HP0021,350,348,99.5
CNSHTP_HP0022,490,474,96.7
CNSHTP_HP0023,770,726,94.3
CNSHTP_HP0024,370,366,98.9
CNSHTP_HP0025,530,524,98.9
CNSHTP_HP0026,470,462,98.4
CNSHTP_HP0027,680,677,99.5
CNSHTP_HP0028,620,589,95.0
CNSHTP_HP0029,530,524,98.9
CNSHTP_HP0030,700,696,99.4
CNSHTP_HP0031,540,538,99.7
CNSHTP_HP0032,570,548,96.1
CNSHTP_HP0033,570,534,93.6
CNSHTP_HP0034,470,462,98.4
CNSHTP_HP0035,400,391,97.7
CNSHTP_HP0036,750,737,98.3
CNSHTP_HP0037,520,515,99.0
CNSHTP_HP0038,590,569,96.5
CNSHTP_HP0039,410,407,99.3
CNSHTP_HP0040,370,362,97.8
CNSHTP_HP0041,420,396,94.4
CNSHTP_HP0042,760,735,96.7
CNSHTP_HP0043,630,578,91.8
CNSHTP_HP0044,750,716,95.4
CNSHTP_HP0045,630,594,94.3
CNSHTP_HP0046,370,366,98.9
CNSHTP_HP0047,720,696,96.6
CNSHTP_HP0048,470,464,98.8
CNSHTP_HP0049,760,729,95.9
CNSHTP_HP0050,740,686,92.7
CNSHTP_HP0051,550,535,97.2
CNSHTP_HP0052,740,687,92.9
CNSHTP_HP0053,600,559,93.1
CNSHTP_HP0054,580,575,99.2
CNSHTP_HP0055,510,498,97.6
CNSHTP_HP0056,580,555,95.7
CNSHTP_HP0057,430,425,98.8
CNSHTP_HP0058,610,587,96.2
CNSHTP_HP0059,690,659,95.5
CNSHTP_HP0060,490,488,99.6
CNSHTP_HP0061,750,739,98.5
CNSHTP_HP0062,710,687,96.7
CNSHTP_HP0063,550,550,100.0
CNSHTP_HP0064,410,395,96.3
CNSHTP_HP0065,710,682,96.1
CNSHTP_HP0066,380,365,96.0
CNSHTP_HP0067,760,751,98.8
CNSHTP_HP0068,600,581,96.8
CNSHTP_HP0069,390,390,100.0
CNSHTP_HP0070,620,617,99.5
CNSHTP_HP0071,450,445,98.8
CNSHTP_HP0072,640,637,99.5
CNSHTP_HP0073,680,623,91.6
CNSHTP_HP0074,510,476,93.4
CNSHTP_HP0075,690,684,99.2
CNSHTP_HP0076,570,568,99.7
CNSHTP_HP0077,470,457,97.3
CNSHTP_HP0078,480,454,94.5
CNSHTP_HP0079,450,448,99.6
CNSHTP_HP0080,430,427,99.3
CNSHTP_HP0081,780,772,99.0
CNSHTP_HP0082,460,449,97.6
CNSHTP_HP0083,520,506,97.4
CNSHTP_HP0084,660,645,97.8
CNSHTP_HP0085,460,439,95.4
CNSHTP_HP0086,430,423,98.3
CNSHTP_HP0087,800,779,97.4
CNSHTP_HP0088,610,586,96.0
CNSHTP_HP0089,430,429,99.8
CNSHTP_HP0090,360,354,98.2
CNSHTP_HP0091,380,377,99.3
CNSHTP_HP0092,440,422,95.8
CNSHTP_HP0093,480,479,99.8
CNSHTP_HP0094,750,734,97.8
CNSHTP_HP0095,660,645,97.7
CNSHTP_HP0096,750,701,93.5
CNSHTP_HP0097,720,710,98.6
CNSHTP_HP0098,580,562,96.9
CNSHTP_HP0099,710,694,97.7
CNSHTP_HP0100,490,485,99.0
CNSHTP_HP0101,520,475,91.3
CNSHTP_HP0102,750,745,99.3
CNSHTP_HP0103,770,747,97.0
CNSHTP_HP0104,720,716,99.5
CNSHTP_HP0105,350,348,99.5
CNSHTP_HP0106,790,750,95.0
CNSHTP_HP0107,560,521,93.1
CNSHTP_HP0108,540,515,95.4
CNSHTP_HP0109,720,684,95.0
CNSHTP_HP0110,400,386,96.4
CNSHTP_HP0111,370,350,94.5
CNSHTP_HP0112,530,518,97.8
CNSHTP_HP0113,700,676,96.5
CNSHTP_HP0114,620,617,99.5
CNSHTP_HP0115,630,610,96.9
CNSHTP_HP0116,710,700,98.6
CNSHTP_HP0117,440,421,95.6
CNSHTP_HP0118,600,578,96.4
CNSHTP_HP0119,640,599,93.6
CNSHTP_HP0120,420,410,97.6
CNSHTP_HP0121,440,425,96.5
CNSHTP_HP0122,760,733,96.4
CNSHTP_HP0123,610,605,99.1
CNSHTP_HP0124,360,340,94.4
CNSHTP_HP0125,490,454,92.7
CNSHTP_HP0126,430,402,93.6
CNSHTP_HP0127,540,514,95.1
CNSHTP_HP0128,450,445,98.8
CNSHTP_HP0129,650,626,96.3
CNSHTP_HP0130,530,511,96.5
CNSHTP_HP0131,620,618,99.6
CNSHTP_HP0132,400,390,97.5
CNSHTP_HP0133,480,461,96.0
CNSHTP_HP0134,410,405,98.8
CNSHTP_HP0135,410,401,97.7
CNSHTP_HP0136,470,464,98.7
CNSHTP_HP0137,780,780,100.0
CNSHTP_HP0138,400,398,99.5
CNSHTP_HP0139,350,346,98.8
CNSHTP_HP0140,630,595,94.4
CNSHTP_HP0141,800,762,95.3
CNSHTP_HP0142,750,734,97.9
CNSHTP_HP0143,400,400,100.0
CNSHTP_HP0144,650,631,97.1
CNSHTP_HP0145,590,562,95.3
CNSHTP_HP0146,430,425,98.8
CNSHTP_HP0147,770,745,96.7
CNSHTP_HP0148,740,724,97.8
CNSHTP_HP0149,520,509,97.8
CNSHTP_HP0150,510,488,95.7
CNSHTP_HP0151,580,566,97.6
CNSHTP_HP0152,780,766,98.2
CNSHTP_HP0153,470,450,95.7
CNSHTP_HP0154,470,464,98.7
CNSHTP_HP0155,350,334,95.3
CNSHTP_HP0156,600,580,96.7
CNSHTP_HP0157,530,513,96.7
CNSHTP_HP0158,730,671,91.9
CNSHTP_HP0159,670,610,91.1
CNSHTP_HP0160,550,527,95.8
CNSHTP_HP0161,350,344,98.2
CNSHTP_HP0162,640,630,98.5
CNSHTP_HP0163,790,763,96.6
CNSHTP_HP0164,730,698,95.6
CNSHTP_HP0165,740,737,99.6
CNSHTP_HP0166,480,471,98.1
CNSHTP_HP0167,600,586,97.6
CNSHTP_HP0168,580,573,98.8
CNSHTP_HP0169,350,327,93.3
CNSHTP_HP0170,710,709,99.8
CNSHTP_HP0171,370,358,96.8
CNSHTP_HP0172,680,654,96.2
CNSHTP_HP0173,770,758,98.5
CNSHTP_HP0174,570,557,97.8
CNSHTP_HP0175,640,589,92.1
CNSHTP_HP0176,780,764,98.0
CNSHTP_HP0177,660,608,92.1
CNSHTP_HP0178,650,619,95.3
CNSHTP_HP0179,710,695,97.9
CNSHTP_HP0180,760,725,95.4
CNSHTP_HP0181,370,365,98.6
CNSHTP_HP0182,720,708,98.4
CNSHTP_HP0183,500,492,98.3
CNSHTP_HP0184,550,542,98.6
