ma_khao_sat,ma_lop_hp,so_sv_khao_sat,diem_danh_gia,muc_do_hai_long
KS_00001,BK_HP0001,32,4.07,Hài lòng
KS_00002,BK_HP0002,39,4.65,Rất hài lòng
KS_00003,BK_HP0003,30,3.24,Bình thường
KS_00004,BK_HP0004,44,4.90,Rất hài lòng
KS_00005,BK_HP0005,33,4.96,Rất hài lòng
KS_00006,BK_HP0006,51,4.80,Rất hài lòng
KS_00007,BK_HP0007,60,4.21,Hài lòng
KS_00008,BK_HP0008,37,4.75,Rất hài lòng
KS_00009,BK_HP0009,52,4.60,Rất hài lòng
KS_00010,BK_HP0010,58,4.12,Hài lòng
KS_00011,BK_HP0011,31,3.56,Bình thường
KS_00012,BK_HP0012,69,4.25,Hài lòng
KS_00013,BK_HP0013,33,4.01,Hài lòng
KS_00014,BK_HP0014,29,3.73,Bình thường
KS_00015,BK_HP0015,66,4.60,Rất hài lòng
KS_00016,BK_HP0016,49,4.25,Hài lòng
KS_00017,BK_HP0017,63,4.29,Hài lòng
KS_00018,BK_HP0018,31,4.55,Rất hài lòng
KS_00019,BK_HP0019,59,4.82,Rất hài lòng
KS_00020,BK_HP0020,57,4.28,Hài lòng
KS_00021,BK_HP0021,40,4.95,Rất hài lòng
KS_00022,BK_HP0022,64,4.41,Hài lòng
KS_00023,BK_HP0023,34,3.22,Bình thường
KS_00024,BK_HP0024,60,4.32,Hài lòng
KS_00025,BK_HP0025,53,4.82,Rất hài lòng
KS_00026,BK_HP0026,63,3.69,Bình thường
KS_00027,BK_HP0027,54,4.31,Hài lòng
KS_00028,BK_HP0028,36,4.96,Rất hài lòng
KS_00029,BK_HP0029,40,3.71,Bình thường
KS_00030,BK_HP0030,64,3.86,Bình thường
KS_00031,BK_HP0031,58,4.72,Rất hài lòng
KS_00032,BK_HP0032,48,4.74,Rất hài lòng
KS_00033,BK_HP0033,36,4.34,Hài lòng
KS_00034,BK_HP0034,32,4.41,Hài lòng
KS_00035,BK_HP0035,49,4.49,Hài lòng
KS_00036,BK_HP0036,49,4.07,Hài lòng
KS_00037,BK_HP0037,36,4.87,Rất hài lòng
KS_00038,BK_HP0038,35,4.14,Hài lòng
KS_00039,BK_HP0039,49,4.87,Rất hài lòng
KS_00040,BK_HP0040,66,4.76,Rất hài lòng
KS_00041,BK_HP0041,57,4.07,Hài lòng
KS_00042,BK_HP0042,53,4.82,Rất hài lòng
KS_00043,BK_HP0043,62,3.87,Bình thường
KS_00044,BK_HP0044,56,3.75,Bình thường
KS_00045,BK_HP0045,61,3.66,Bình thường
KS_00046,BK_HP0046,35,4.11,Hài lòng
KS_00047,BK_HP0047,51,4.84,Rất hài lòng
KS_00048,BK_HP0048,53,3.28,Bình thường
KS_00049,BK_HP0049,52,3.80,Bình thường
KS_00050,BK_HP0050,32,3.91,Bình thường
KS_00051,BK_HP0051,74,4.56,Rất hài lòng
KS_00052,BK_HP0052,58,3.65,Bình thường
KS_00053,BK_HP0053,40,4.56,Rất hài lòng
KS_00054,BK_HP0054,60,4.17,Hài lòng
KS_00055,BK_HP0055,49,4.14,Hài lòng
KS_00056,BK_HP0056,60,3.30,Bình thường
KS_00057,BK_HP0057,48,4.95,Rất hài lòng
KS_00058,BK_HP0058,55,3.45,Bình thường
KS_00059,BK_HP0059,58,3.48,Bình thường
KS_00060,BK_HP0060,52,4.62,Rất hài lòng
KS_00061,BK_HP0061,28,3.86,Bình thường
KS_00062,BK_HP0062,71,3.25,Bình thường
KS_00063,BK_HP0063,37,3.65,Bình thường
KS_00064,BK_HP0064,63,4.04,Hài lòng
KS_00065,BK_HP0065,37,3.64,Bình thường
KS_00066,BK_HP0066,31,4.73,Rất hài lòng
KS_00067,BK_HP0067,48,3.39,Bình thường
KS_00068,BK_HP0068,75,3.44,Bình thường
KS_00069,BK_HP0069,53,3.94,Bình thường
KS_00070,BK_HP0070,34,3.70,Bình thường
KS_00071,BK_HP0071,55,3.41,Bình thường
KS_00072,BK_HP0072,63,4.07,Hài lòng
KS_00073,BK_HP0073,63,4.96,Rất hài lòng
KS_00074,BK_HP0074,37,4.63,Rất hài lòng
KS_00075,BK_HP0075,62,4.31,Hài lòng
KS_00076,BK_HP0076,58,4.89,Rất hài lòng
KS_00077,BK_HP0077,32,4.47,Hài lòng
KS_00078,BK_HP0078,45,4.45,Hài lòng
KS_00079,BK_HP0079,31,4.15,Hài lòng
KS_00080,BK_HP0080,36,4.88,Rất hài lòng
KS_00081,BK_HP0081,58,4.63,Rất hài lòng
KS_00082,BK_HP0082,55,4.37,Hài lòng
KS_00083,BK_HP0083,32,4.27,Hài lòng
KS_00084,BK_HP0084,46,4.13,Hài lòng
KS_00085,BK_HP0085,59,3.35,Bình thường
KS_00086,BK_HP0086,66,4.13,Hài lòng
KS_00087,BK_HP0087,49,4.34,Hài lòng
KS_00088,BK_HP0088,54,3.78,Bình thường
KS_00089,BK_HP0089,58,4.56,Rất hài lòng
KS_00090,BK_HP0090,75,3.95,Bình thường
KS_00091,BK_HP0091,50,4.35,Hài lòng
KS_00092,BK_HP0092,44,4.70,Rất hài lòng
KS_00093,BK_HP0093,42,4.59,Rất hài lòng
KS_00094,BK_HP0094,48,3.75,Bình thường
KS_00095,BK_HP0095,60,4.39,Hài lòng
KS_00096,BK_HP0096,33,4.88,Rất hài lòng
KS_00097,BK_HP0097,37,3.43,Bình thường
KS_00098,BK_HP0098,39,3.68,Bình thường
KS_00099,BK_HP0099,71,3.21,Bình thường
KS_00100,BK_HP0100,58,4.97,Rất hài lòng
KS_00101,BK_HP0101,34,3.75,Bình thường
KS_00102,BK_HP0102,42,4.82,Rất hài lòng
KS_00103,BK_HP0103,55,4.31,Hài lòng
KS_00104,BK_HP0104,42,3.44,Bình thường
KS_00105,BK_HP0105,49,4.82,Rất hài lòng
KS_00106,BK_HP0106,38,4.84,Rất hài lòng
KS_00107,BK_HP0107,31,4.59,Rất hài lòng
KS_00108,BK_HP0108,50,3.57,Bình thường
KS_00109,BK_HP0109,32,3.22,Bình thường
KS_00110,BK_HP0110,38,4.90,Rất hài lòng
KS_00111,BK_HP0111,39,4.20,Hài lòng
KS_00112,BK_HP0112,69,3.24,Bình thường
KS_00113,BK_HP0113,46,3.21,Bình thường
KS_00114,BK_HP0114,43,4.70,Rất hài lòng
KS_00115,BK_HP0115,46,4.89,Rất hài lòng
KS_00116,BK_HP0116,45,4.76,Rất hài lòng
KS_00117,BK_HP0117,35,3.49,Bình thường
KS_00118,BK_HP0118,34,3.81,Bình thường
KS_00119,BK_HP0119,50,4.29,Hài lòng
KS_00120,BK_HP0120,34,4.50,Rất hài lòng
KS_00121,BK_HP0121,49,3.72,Bình thường
KS_00122,BK_HP0122,60,3.27,Bình thường
KS_00123,BK_HP0123,45,4.34,Hài lòng
KS_00124,BK_HP0124,35,4.73,Rất hài lòng
KS_00125,BK_HP0125,33,3.69,Bình thường
KS_00126,BK_HP0126,48,4.03,Hài lòng
KS_00127,BK_HP0127,53,4.24,Hài lòng
KS_00128,BK_HP0128,57,4.50,Rất hài lòng
KS_00129,BK_HP0129,40,4.83,Rất hài lòng
KS_00130,BK_HP0130,49,3.91,Bình thường
KS_00131,BK_HP0131,61,4.14,Hài lòng
KS_00132,BK_HP0132,62,4.77,Rất hài lòng
KS_00133,BK_HP0133,45,4.45,Hài lòng
KS_00134,BK_HP0134,63,3.52,Bình thường
KS_00135,BK_HP0135,49,4.82,Rất hài lòng
KS_00136,BK_HP0136,46,4.81,Rất hài lòng
KS_00137,BK_HP0137,51,4.50,Rất hài lòng
KS_00138,BK_HP0138,38,3.70,Bình thường
KS_00139,BK_HP0139,51,4.75,Rất hài lòng
KS_00140,BK_HP0140,59,4.53,Rất hài lòng
KS_00141,BK_HP0141,54,4.56,Rất hài lòng
KS_00142,BK_HP0142,41,3.66,Bình thường
KS_00143,BK_HP0143,56,4.79,Rất hài lòng
KS_00144,BK_HP0144,52,3.38,Bình thường
KS_00145,BK_HP0145,47,4.90,Rất hài lòng
KS_00146,BK_HP0146,61,4.85,Rất hài lòng
KS_00147,BK_HP0147,38,3.36,Bình thường
KS_00148,BK_HP0148,41,4.92,Rất hài lòng
KS_00149,BK_HP0149,62,4.10,Hài lòng
KS_00150,BK_HP0150,33,4.12,Hài lòng
KS_00151,BK_HP0151,44,4.17,Hài lòng
KS_00152,BK_HP0152,71,3.44,Bình thường
KS_00153,BK_HP0153,35,4.37,Hài lòng
KS_00154,BK_HP0154,30,3.26,Bình thường
KS_00155,BK_HP0155,46,4.62,Rất hài lòng
KS_00156,BK_HP0156,39,3.87,Bình thường
KS_00157,BK_HP0157,52,3.77,Bình thường
KS_00158,BK_HP0158,56,4.38,Hài lòng
KS_00159,BK_HP0159,38,4.21,Hài lòng
KS_00160,BK_HP0160,54,3.62,Bình thường
KS_00161,BK_HP0161,69,4.31,Hài lòng
KS_00162,BK_HP0162,54,3.96,Bình thường
KS_00163,BK_HP0163,39,4.68,Rất hài lòng
KS_00164,BK_HP0164,59,4.35,Hài lòng
KS_00165,BK_HP0165,62,4.15,Hài lòng
KS_00166,BK_HP0166,59,3.69,Bình thường
KS_00167,BK_HP0167,32,3.82,Bình thường
KS_00168,BK_HP0168,72,4.54,Rất hài lòng
KS_00169,BK_HP0169,52,3.49,Bình thường
KS_00170,BK_HP0170,45,3.80,Bình thường
KS_00171,BK_HP0171,43,4.65,Rất hài lòng
KS_00172,BK_HP0172,40,3.56,Bình thường
KS_00173,BK_HP0173,64,4.25,Hài lòng
KS_00174,BK_HP0174,69,4.32,Hài lòng
KS_00175,BK_HP0175,45,4.60,Rất hài lòng
KS_00176,BK_HP0176,30,3.47,Bình thường
KS_00177,BK_HP0177,43,4.51,Rất hài lòng
KS_00178,BK_HP0178,37,4.92,Rất hài lòng
KS_00179,BK_HP0179,51,3.77,Bình thường
KS_00180,BK_HP0180,55,4.88,Rất hài lòng
KS_00181,BK_HP0181,52,4.79,Rất hài lòng
KS_00182,BK_HP0182,49,4.45,Hài lòng
KS_00183,BK_HP0183,38,3.35,Bình thường
KS_00184,BK_HP0184,54,3.63,Bình thường
KS_00185,BK_HP0185,59,4.37,Hài lòng
KS_00186,BK_HP0186,56,3.98,Bình thường
KS_00187,BK_HP0187,64,4.23,Hài lòng
KS_00188,BK_HP0188,31,4.47,Hài lòng
KS_00189,BK_HP0189,63,4.90,Rất hài lòng
KS_00190,BK_HP0190,33,3.97,Bình thường
KS_00191,BK_HP0191,49,3.30,Bình thường
KS_00192,BK_HP0192,50,3.68,Bình thường
KS_00193,BK_HP0193,74,3.47,Bình thường
KS_00194,BK_HP0194,39,3.28,Bình thường
KS_00195,BK_HP0195,41,4.16,Hài lòng
KS_00196,BK_HP0196,42,4.86,Rất hài lòng
KS_00197,BK_HP0197,63,3.55,Bình thường
KS_00198,BK_HP0198,68,3.21,Bình thường
KS_00199,BK_HP0199,70,3.56,Bình thường
KS_00200,BK_HP0200,57,3.77,Bình thường
KS_00201,BK_HP0201,38,4.33,Hài lòng
KS_00202,BK_HP0202,54,4.16,Hài lòng
KS_00203,BK_HP0203,53,4.30,Hài lòng
KS_00204,BK_HP0204,53,3.92,Bình thường
KS_00205,BK_HP0205,68,4.61,Rất hài lòng
KS_00206,BK_HP0206,57,4.43,Hài lòng
KS_00207,BK_HP0207,41,3.21,Bình thường
KS_00208,BK_HP0208,38,4.24,Hài lòng
KS_00209,BK_HP0209,57,3.32,Bình thường
KS_00210,BK_HP0210,45,4.01,Hài lòng
KS_00211,BK_HP0211,56,3.56,Bình thường
KS_00212,BK_HP0212,33,4.63,Rất hài lòng
KS_00213,BK_HP0213,36,4.88,Rất hài lòng
KS_00214,BK_HP0214,49,3.38,Bình thường
KS_00215,BK_HP0215,64,4.14,Hài lòng
KS_00216,BK_HP0216,53,4.41,Hài lòng
KS_00217,BK_HP0217,37,4.31,Hài lòng
KS_00218,BK_HP0218,55,4.42,Hài lòng
KS_00219,BK_HP0219,65,4.07,Hài lòng
KS_00220,BK_HP0220,44,3.91,Bình thường
KS_00221,BK_HP0221,43,5.00,Rất hài lòng
KS_00222,BK_HP0222,66,3.77,Bình thường
KS_00223,BK_HP0223,33,4.67,Rất hài lòng
KS_00224,BK_HP0224,39,3.24,Bình thường
KS_00225,BK_HP0225,28,3.97,Bình thường
KS_00226,BK_HP0226,46,4.82,Rất hài lòng
KS_00227,BK_HP0227,35,4.79,Rất hài lòng
KS_00228,BK_HP0228,38,3.99,Bình thường
KS_00229,BK_HP0229,33,4.54,Rất hài lòng
KS_00230,BK_HP0230,34,4.85,Rất hài lòng
KS_00231,BK_HP0231,39,3.93,Bình thường
KS_00232,BK_HP0232,42,3.89,Bình thường
KS_00233,BK_HP0233,61,4.58,Rất hài lòng
KS_00234,BK_HP0234,42,4.90,Rất hài lòng
KS_00235,BK_HP0235,63,4.61,Rất hài lòng
KS_00236,BK_HP0236,52,4.40,Hài lòng
KS_00237,BK_HP0237,56,4.72,Rất hài lòng
KS_00238,BK_HP0238,38,4.21,Hài lòng
KS_00239,BK_HP0239,29,4.37,Hài lòng
KS_00240,BK_HP0240,70,4.21,Hài lòng
KS_00241,BK_HP0241,28,4.20,Hài lòng
KS_00242,BK_HP0242,46,3.61,Bình thường
KS_00243,BK_HP0243,51,4.88,Rất hài lòng
KS_00244,BK_HP0244,48,4.62,Rất hài lòng
KS_00245,BK_HP0245,46,4.75,Rất hài lòng
KS_00246,BK_HP0246,49,4.19,Hài lòng
KS_00247,BK_HP0247,58,4.94,Rất hài lòng
KS_00248,BK_HP0248,32,4.90,Rất hài lòng
KS_00249,BK_HP0249,50,4.68,Rất hài lòng
KS_00250,BK_HP0250,53,3.68,Bình thường
KS_00251,BK_HP0251,41,4.09,Hài lòng
KS_00252,BK_HP0252,39,4.70,Rất hài lòng
KS_00253,BK_HP0253,41,3.38,Bình thường
KS_00254,BK_HP0254,62,4.51,Rất hài lòng
KS_00255,BK_HP0255,50,3.34,Bình thường
KS_00256,BK_HP0256,59,4.06,Hài lòng
KS_00257,BK_HP0257,40,3.81,Bình thường
KS_00258,BK_HP0258,56,3.96,Bình thường
KS_00259,BK_HP0259,63,4.25,Hài lòng
KS_00260,BK_HP0260,54,4.01,Hài lòng
KS_00261,BK_HP0261,56,3.37,Bình thường
KS_00262,BK_HP0262,38,4.72,Rất hài lòng
KS_00263,BK_HP0263,61,4.84,Rất hài lòng
KS_00264,BK_HP0264,44,4.84,Rất hài lòng
KS_00265,BK_HP0265,42,3.74,Bình thường
KS_00266,BK_HP0266,58,4.27,Hài lòng
KS_00267,BK_HP0267,26,3.97,Bình thường
KS_00268,BK_HP0268,34,4.94,Rất hài lòng
KS_00269,BK_HP0269,38,3.38,Bình thường
KS_00270,BK_HP0270,57,3.30,Bình thường
KS_00271,BK_HP0271,33,4.15,Hài lòng
KS_00272,BK_HP0272,53,3.97,Bình thường
KS_00273,BK_HP0273,27,4.73,Rất hài lòng
KS_00274,BK_HP0274,38,4.14,Hài lòng
KS_00275,BK_HP0275,70,3.61,Bình thường
KS_00276,BK_HP0276,69,3.68,Bình thường
KS_00277,BK_HP0277,59,4.87,Rất hài lòng
KS_00278,BK_HP0278,48,3.85,Bình thường
KS_00279,BK_HP0279,46,4.34,Hài lòng
KS_00280,BK_HP0280,31,4.75,Rất hài lòng
KS_00281,BK_HP0281,36,3.70,Bình thường
KS_00282,BK_HP0282,63,4.83,Rất hài lòng
KS_00283,BK_HP0283,45,4.43,Hài lòng
KS_00284,BK_HP0284,47,3.68,Bình thường
KS_00285,BK_HP0285,68,4.05,Hài lòng
KS_00286,BK_HP0286,59,3.32,Bình thường
KS_00287,BK_HP0287,50,3.97,Bình thường
KS_00288,BK_HP0288,38,4.21,Hài lòng
KS_00289,BK_HP0289,64,3.67,Bình thường
KS_00290,BK_HP0290,49,3.76,Bình thường
KS_00291,BK_HP0291,42,3.79,Bình thường
KS_00292,BK_HP0292,38,4.48,Hài lòng
KS_00293,BK_HP0293,58,4.24,Hài lòng
KS_00294,BK_HP0294,46,3.27,Bình thường
KS_00295,BK_HP0295,34,4.46,Hài lòng
KS_00296,BK_HP0296,74,3.37,Bình thường
KS_00297,BK_HP0297,56,3.47,Bình thường
KS_00298,BK_HP0298,34,4.13,Hài lòng
KS_00299,BK_HP0299,62,4.07,Hài lòng
KS_00300,BK_HP0300,36,3.86,Bình thường
KS_00301,BK_HP0301,34,3.59,Bình thường
KS_00302,BK_HP0302,28,4.51,Rất hài lòng
KS_00303,BK_HP0303,52,4.68,Rất hài lòng
KS_00304,BK_HP0304,47,4.51,Rất hài lòng
KS_00305,BK_HP0305,60,4.87,Rất hài lòng
KS_00306,BK_HP0306,70,4.66,Rất hài lòng
KS_00307,BK_HP0307,68,4.91,Rất hài lòng
KS_00308,BK_HP0308,42,4.32,Hài lòng
KS_00309,BK_HP0309,58,4.40,Hài lòng
KS_00310,BK_HP0310,54,3.88,Bình thường
KS_00311,BK_HP0311,60,4.26,Hài lòng
KS_00312,BK_HP0312,38,4.44,Hài lòng
KS_00313,BK_HP0313,37,3.29,Bình thường
KS_00314,BK_HP0314,56,5.00,Rất hài lòng
KS_00315,BK_HP0315,31,3.67,Bình thường
KS_00316,BK_HP0316,41,4.12,Hài lòng
KS_00317,BK_HP0317,47,4.84,Rất hài lòng
KS_00318,BK_HP0318,53,4.64,Rất hài lòng
KS_00319,BK_HP0319,30,3.23,Bình thường
KS_00320,BK_HP0320,57,4.88,Rất hài lòng
KS_00321,BK_HP0321,53,4.16,Hài lòng
KS_00322,BK_HP0322,36,4.87,Rất hài lòng
KS_00323,BK_HP0323,64,4.55,Rất hài lòng
KS_00324,BK_HP0324,43,4.59,Rất hài lòng
KS_00325,BK_HP0325,66,4.35,Hài lòng
KS_00326,BK_HP0326,31,4.57,Rất hài lòng
KS_00327,BK_HP0327,55,4.89,Rất hài lòng
KS_00328,BK_HP0328,39,4.54,Rất hài lòng
KS_00329,BK_HP0329,41,4.58,Rất hài lòng
KS_00330,BK_HP0330,40,4.57,Rất hài lòng
KS_00331,BK_HP0331,31,3.88,Bình thường
KS_00332,BK_HP0332,40,3.89,Bình thường
KS_00333,BK_HP0333,58,4.74,Rất hài lòng
KS_00334,BK_HP0334,52,3.75,Bình thường
KS_00335,BK_HP0335,49,3.63,Bình thường
KS_00336,BK_HP0336,54,4.40,Hài lòng
KS_00337,BK_HP0337,40,4.93,Rất hài lòng
KS_00338,BK_HP0338,52,3.28,Bình thường
KS_00339,BK_HP0339,35,4.38,Hài lòng
KS_00340,BK_HP0340,57,4.75,Rất hài lòng
KS_00341,BK_HP0341,42,4.02,Hài lòng
KS_00342,BK_HP0342,61,4.97,Rất hài lòng
KS_00343,BK_HP0343,54,4.87,Rất hài lòng
KS_00344,BK_HP0344,49,4.91,Rất hài lòng
KS_00345,BK_HP0345,38,4.76,Rất hài lòng
KS_00346,BK_HP0346,54,4.60,Rất hài lòng
KS_00347,BK_HP0347,48,4.61,Rất hài lòng
KS_00348,BK_HP0348,70,4.66,Rất hài lòng
KS_00349,BK_HP0349,43,3.57,Bình thường
KS_00350,BK_HP0350,35,4.89,Rất hài lòng
KS_00351,BK_HP0351,71,4.52,Rất hài lòng
KS_00352,BK_HP0352,39,4.73,Rất hài lòng
KS_00353,BK_HP0353,58,3.24,Bình thường
KS_00354,BK_HP0354,29,3.67,Bình thường
KS_00355,BK_HP0355,32,3.32,Bình thường
KS_00356,BK_HP0356,33,4.13,Hài lòng
KS_00357,BK_HP0357,33,5.00,Rất hài lòng
KS_00358,BK_HP0358,63,4.73,Rất hài lòng
KS_00359,BK_HP0359,44,3.26,Bình thường
KS_00360,BK_HP0360,44,3.91,Bình thường
KS_00361,BK_HP0361,54,3.89,Bình thường
KS_00362,BK_HP0362,29,3.96,Bình thường
KS_00363,BK_HP0363,54,4.04,Hài lòng
KS_00364,BK_HP0364,32,4.21,Hài lòng
KS_00365,BK_HP0365,32,3.29,Bình thường
KS_00366,BK_HP0366,70,3.59,Bình thường
KS_00367,BK_HP0367,41,3.93,Bình thường
KS_00368,BK_HP0368,39,3.41,Bình thường
KS_00369,BK_HP0369,63,3.43,Bình thường
KS_00370,BK_HP0370,34,4.22,Hài lòng
KS_00371,BK_HP0371,49,4.87,Rất hài lòng
KS_00372,BK_HP0372,37,4.75,Rất hài lòng
KS_00373,BK_HP0373,40,3.46,Bình thường
KS_00374,BK_HP0374,43,3.25,Bình thường
KS_00375,BK_HP0375,32,3.51,Bình thường
KS_00376,BK_HP0376,55,3.97,Bình thường
KS_00377,BK_HP0377,48,3.93,Bình thường
KS_00378,BK_HP0378,28,4.89,Rất hài lòng
KS_00379,BK_HP0379,43,3.34,Bình thường
KS_00380,BK_HP0380,61,4.81,Rất hài lòng
KS_00381,BK_HP0381,37,4.34,Hài lòng
KS_00382,BK_HP0382,55,4.61,Rất hài lòng
KS_00383,BK_HP0383,59,3.58,Bình thường
KS_00384,BK_HP0384,36,4.55,Rất hài lòng
KS_00385,BK_HP0385,50,4.36,Hài lòng
KS_00386,BK_HP0386,33,4.30,Hài lòng
KS_00387,BK_HP0387,53,4.30,Hài lòng
KS_00388,BK_HP0388,41,3.24,Bình thường
KS_00389,BK_HP0389,38,4.55,Rất hài lòng
KS_00390,BK_HP0390,65,4.15,Hài lòng
KS_00391,BK_HP0391,50,4.50,Rất hài lòng
KS_00392,BK_HP0392,63,4.68,Rất hài lòng
KS_00393,BK_HP0393,44,4.30,Hài lòng
KS_00394,BK_HP0394,45,3.32,Bình thường
KS_00395,BK_HP0395,51,4.13,Hài lòng
KS_00396,BK_HP0396,62,4.84,Rất hài lòng
KS_00397,BK_HP0397,57,4.62,Rất hài lòng
KS_00398,BK_HP0398,35,4.97,Rất hài lòng
KS_00399,BK_HP0399,41,3.47,Bình thường
KS_00400,BK_HP0400,37,4.61,Rất hài lòng
KS_00401,BK_HP0401,57,3.87,Bình thường
KS_00402,BK_HP0402,48,4.87,Rất hài lòng
KS_00403,BK_HP0403,46,4.35,Hài lòng
KS_00404,BK_HP0404,52,4.59,Rất hài lòng
KS_00405,BK_HP0405,47,4.18,Hài lòng
KS_00406,BK_HP0406,41,4.37,Hài lòng
KS_00407,BK_HP0407,59,3.22,Bình thường
KS_00408,BK_HP0408,45,4.09,Hài lòng
KS_00409,BK_HP0409,33,3.41,Bình thường
KS_00410,BK_HP0410,30,4.70,Rất hài lòng
KS_00411,BK_HP0411,55,3.88,Bình thường
KS_00412,BK_HP0412,43,4.81,Rất hài lòng
KS_00413,BK_HP0413,33,4.81,Rất hài lòng
KS_00414,BK_HP0414,38,4.09,Hài lòng
KS_00415,BK_HP0415,31,4.68,Rất hài lòng
KS_00416,BK_HP0416,35,3.55,Bình thường
KS_00417,BK_HP0417,53,4.36,Hài lòng
KS_00418,BK_HP0418,39,4.57,Rất hài lòng
KS_00419,BK_HP0419,56,4.48,Hài lòng
KS_00420,BK_HP0420,57,4.80,Rất hài lòng
KS_00421,BK_HP0421,67,4.51,Rất hài lòng
KS_00422,BK_HP0422,43,3.94,Bình thường
KS_00423,BK_HP0423,58,4.89,Rất hài lòng
KS_00424,BK_HP0424,37,4.61,Rất hài lòng
KS_00425,BK_HP0425,65,4.43,Hài lòng
KS_00426,BK_HP0426,51,4.44,Hài lòng
KS_00427,BK_HP0427,49,4.50,Rất hài lòng
KS_00428,BK_HP0428,50,4.91,Rất hài lòng
KS_00429,BK_HP0429,53,4.59,Rất hài lòng
KS_00430,BK_HP0430,39,3.27,Bình thường
KS_00431,BK_HP0431,44,3.24,Bình thường
KS_00432,BK_HP0432,51,4.52,Rất hài lòng
KS_00433,BK_HP0433,56,4.41,Hài lòng
KS_00434,BK_HP0434,37,4.39,Hài lòng
KS_00435,BK_HP0435,57,4.66,Rất hài lòng
KS_00436,BK_HP0436,53,4.34,Hài lòng
KS_00437,BK_HP0437,53,4.14,Hài lòng
KS_00438,BK_HP0438,59,4.24,Hài lòng
KS_00439,BK_HP0439,32,4.91,Rất hài lòng
KS_00440,BK_HP0440,61,3.72,Bình thường
KS_00441,BK_HP0441,50,4.75,Rất hài lòng
KS_00442,BK_HP0442,33,4.45,Hài lòng
KS_00443,BK_HP0443,31,3.61,Bình thường
KS_00444,BK_HP0444,41,4.61,Rất hài lòng
KS_00445,BK_HP0445,58,4.02,Hài lòng
KS_00446,BK_HP0446,46,3.96,Bình thường
KS_00447,BK_HP0447,55,4.11,Hài lòng
KS_00448,BK_HP0448,36,4.48,Hài lòng
KS_00449,BK_HP0449,61,3.67,Bình thường
KS_00450,BK_HP0450,41,4.19,Hài lòng
KS_00451,BK_HP0451,33,3.27,Bình thường
KS_00452,BK_HP0452,63,3.40,Bình thường
KS_00453,BK_HP0453,41,4.72,Rất hài lòng
KS_00454,BK_HP0454,31,4.53,Rất hài lòng
KS_00455,BK_HP0455,66,4.67,Rất hài lòng
KS_00456,BK_HP0456,58,4.59,Rất hài lòng
KS_00457,BK_HP0457,44,4.56,Rất hài lòng
KS_00458,BK_HP0458,49,4.65,Rất hài lòng
KS_00459,BK_HP0459,48,3.85,Bình thường
KS_00460,BK_HP0460,58,4.60,Rất hài lòng
KS_00461,BK_HP0461,31,4.69,Rất hài lòng
KS_00462,BK_HP0462,63,4.17,Hài lòng
KS_00463,BK_HP0463,49,4.76,Rất hài lòng
KS_00464,BK_HP0464,68,3.90,Bình thường
KS_00465,BK_HP0465,32,3.85,Bình thường
KS_00466,BK_HP0466,46,3.96,Bình thường
KS_00467,BK_HP0467,57,3.52,Bình thường
KS_00468,BK_HP0468,40,4.41,Hài lòng
KS_00469,BK_HP0469,59,4.99,Rất hài lòng
KS_00470,BK_HP0470,60,3.90,Bình thường
KS_00471,BK_HP0471,50,4.39,Hài lòng
KS_00472,BK_HP0472,63,4.72,Rất hài lòng
KS_00473,BK_HP0473,58,4.42,Hài lòng
KS_00474,BK_HP0474,37,3.52,Bình thường
KS_00475,BK_HP0475,59,3.59,Bình thường
KS_00476,BK_HP0476,54,3.87,Bình thường
KS_00477,BK_HP0477,67,4.29,Hài lòng
KS_00478,BK_HP0478,49,3.62,Bình thường
KS_00479,BK_HP0479,32,4.94,Rất hài lòng
KS_00480,BK_HP0480,52,4.98,Rất hài lòng
KS_00481,BK_HP0481,60,3.37,Bình thường
KS_00482,BK_HP0482,34,4.55,Rất hài lòng
KS_00483,BK_HP0483,50,4.65,Rất hài lòng
KS_00484,BK_HP0484,31,4.82,Rất hài lòng
KS_00485,BK_HP0485,37,3.89,Bình thường
KS_00486,BK_HP0486,38,4.08,Hài lòng
KS_00487,BK_HP0487,51,4.02,Hài lòng
KS_00488,BK_HP0488,39,4.71,Rất hài lòng
KS_00489,BK_HP0489,56,4.67,Rất hài lòng
KS_00490,BK_HP0490,33,4.41,Hài lòng
KS_00491,BK_HP0491,53,4.00,Hài lòng
KS_00492,BK_HP0492,64,4.45,Hài lòng
KS_00493,BK_HP0493,46,4.62,Rất hài lòng
KS_00494,BK_HP0494,58,4.69,Rất hài lòng
KS_00495,BK_HP0495,34,3.66,Bình thường
KS_00496,BK_HP0496,41,3.86,Bình thường
KS_00497,BK_HP0497,38,4.69,Rất hài lòng
KS_00498,BK_HP0498,41,3.84,Bình thường
KS_00499,BK_HP0499,55,4.40,Hài lòng
KS_00500,BK_HP0500,55,4.12,Hài lòng
KS_00501,BK_HP0501,59,3.70,Bình thường
KS_00502,BK_HP0502,35,4.56,Rất hài lòng
KS_00503,BK_HP0503,67,4.70,Rất hài lòng
KS_00504,BK_HP0504,37,4.89,Rất hài lòng
KS_00505,BK_HP0505,50,3.56,Bình thường
KS_00506,BK_HP0506,38,4.31,Hài lòng
KS_00507,BK_HP0507,47,3.51,Bình thường
KS_00508,BK_HP0508,63,3.57,Bình thường
KS_00509,BK_HP0509,37,4.97,Rất hài lòng
KS_00510,BK_HP0510,67,3.39,Bình thường
KS_00511,BK_HP0511,35,4.56,Rất hài lòng
KS_00512,BK_HP0512,43,3.57,Bình thường
KS_00513,BK_HP0513,42,3.41,Bình thường
KS_00514,BK_HP0514,65,4.87,Rất hài lòng
KS_00515,BK_HP0515,44,3.98,Bình thường
KS_00516,BK_HP0516,50,3.67,Bình thường
KS_00517,BK_HP0517,32,3.95,Bình thường
KS_00518,BK_HP0518,54,4.77,Rất hài lòng
KS_00519,BK_HP0519,34,3.98,Bình thường
KS_00520,BK_HP0520,44,4.93,Rất hài lòng
KS_00521,BK_HP0521,64,4.36,Hài lòng
KS_00522,BK_HP0522,42,4.97,Rất hài lòng
KS_00523,BK_HP0523,50,3.57,Bình thường
KS_00524,BK_HP0524,58,4.95,Rất hài lòng
KS_00525,BK_HP0525,33,3.98,Bình thường
KS_00526,BK_HP0526,43,3.44,Bình thường
KS_00527,BK_HP0527,51,4.84,Rất hài lòng
KS_00528,BK_HP0528,56,4.38,Hài lòng
KS_00529,BK_HP0529,50,4.74,Rất hài lòng
KS_00530,BK_HP0530,41,3.76,Bình thường
KS_00531,BK_HP0531,38,4.60,Rất hài lòng
KS_00532,BK_HP0532,40,4.09,Hài lòng
KS_00533,BK_HP0533,35,4.96,Rất hài lòng
KS_00534,BK_HP0534,43,4.08,Hài lòng
KS_00535,BK_HP0535,39,4.51,Rất hài lòng
KS_00536,BK_HP0536,30,3.66,Bình thường
KS_00537,BK_HP0537,65,3.87,Bình thường
KS_00538,BK_HP0538,37,4.38,Hài lòng
KS_00539,BK_HP0539,36,4.77,Rất hài lòng
KS_00540,BK_HP0540,62,3.95,Bình thường
KS_00541,BK_HP0541,30,4.35,Hài lòng
KS_00542,BK_HP0542,33,4.18,Hài lòng
KS_00543,BK_HP0543,60,4.41,Hài lòng
KS_00544,BK_HP0544,40,4.50,Rất hài lòng
KS_00545,BK_HP0545,71,3.98,Bình thường
KS_00546,BK_HP0546,29,4.41,Hài lòng
KS_00547,BK_HP0547,34,3.46,Bình thường
KS_00548,BK_HP0548,61,3.91,Bình thường
KS_00549,BK_HP0549,34,4.14,Hài lòng
KS_00550,BK_HP0550,33,3.68,Bình thường
KS_00551,BK_HP0551,35,4.65,Rất hài lòng
KS_00552,BK_HP0552,46,4.58,Rất hài lòng
KS_00553,BK_HP0553,63,4.63,Rất hài lòng
KS_00554,BK_HP0554,59,4.55,Rất hài lòng
KS_00555,BK_HP0555,64,4.30,Hài lòng
KS_00556,BK_HP0556,32,3.59,Bình thường
KS_00557,BK_HP0557,60,4.68,Rất hài lòng
KS_00558,BK_HP0558,49,4.78,Rất hài lòng
KS_00559,BK_HP0559,65,3.77,Bình thường
KS_00560,BK_HP0560,58,3.62,Bình thường
KS_00561,BK_HP0561,52,4.52,Rất hài lòng
KS_00562,BK_HP0562,55,4.72,Rất hài lòng
KS_00563,BK_HP0563,48,4.88,Rất hài lòng
KS_00564,BK_HP0564,31,4.75,Rất hài lòng
KS_00565,BK_HP0565,56,4.76,Rất hài lòng
KS_00566,BK_HP0566,32,3.32,Bình thường
KS_00567,BK_HP0567,36,4.07,Hài lòng
KS_00568,BK_HP0568,33,4.21,Hài lòng
KS_00569,BK_HP0569,56,4.46,Hài lòng
KS_00570,BK_HP0570,58,4.61,Rất hài lòng
KS_00571,BK_HP0571,40,4.97,Rất hài lòng
KS_00572,BK_HP0572,57,4.83,Rất hài lòng
KS_00573,BK_HP0573,57,3.63,Bình thường
KS_00574,BK_HP0574,69,4.32,Hài lòng
KS_00575,BK_HP0575,62,4.78,Rất hài lòng
KS_00576,BK_HP0576,62,3.54,Bình thường
KS_00577,BK_HP0577,52,4.10,Hài lòng
KS_00578,BK_HP0578,58,4.87,Rất hài lòng
KS_00579,BK_HP0579,36,4.78,Rất hài lòng
KS_00580,BK_HP0580,39,3.73,Bình thường
KS_00581,BK_HP0581,70,4.62,Rất hài lòng
KS_00582,BK_HP0582,58,3.26,Bình thường
KS_00583,BK_HP0583,58,4.64,Rất hài lòng
KS_00584,BK_HP0584,37,4.02,Hài lòng
KS_00585,BK_HP0585,47,4.88,Rất hài lòng
KS_00586,BK_HP0586,63,4.96,Rất hài lòng
KS_00587,BK_HP0587,60,4.14,Hài lòng
KS_00588,BK_HP0588,55,3.91,Bình thường
KS_00589,BK_HP0589,75,4.56,Rất hài lòng
KS_00590,BK_HP0590,54,4.23,Hài lòng
KS_00591,BK_HP0591,50,4.06,Hài lòng
KS_00592,BK_HP0592,69,3.91,Bình thường
KS_00593,BK_HP0593,37,4.53,Rất hài lòng
KS_00594,BK_HP0594,50,3.32,Bình thường
KS_00595,BK_HP0595,49,4.03,Hài lòng
KS_00596,BK_HP0596,54,4.11,Hài lòng
KS_00597,BK_HP0597,33,4.10,Hài lòng
KS_00598,BK_HP0598,40,4.05,Hài lòng
KS_00599,BK_HP0599,40,4.13,Hài lòng
KS_00600,BK_HP0600,73,4.28,Hài lòng
KS_00601,BK_HP0601,45,4.38,Hài lòng
KS_00602,BK_HP0602,60,3.60,Bình thường
KS_00603,BK_HP0603,47,4.33,Hài lòng
KS_00604,BK_HP0604,39,4.96,Rất hài lòng
KS_00605,BK_HP0605,49,4.93,Rất hài lòng
KS_00606,BK_HP0606,51,4.70,Rất hài lòng
KS_00607,BK_HP0607,34,3.63,Bình thường
KS_00608,BK_HP0608,29,4.62,Rất hài lòng
KS_00609,BK_HP0609,50,4.67,Rất hài lòng
KS_00610,BK_HP0610,55,4.46,Hài lòng
KS_00611,BK_HP0611,44,4.42,Hài lòng
KS_00612,BK_HP0612,59,4.89,Rất hài lòng
KS_00613,BK_HP0613,37,3.46,Bình thường
KS_00614,BK_HP0614,56,4.57,Rất hài lòng
KS_00615,BK_HP0615,72,4.98,Rất hài lòng
KS_00616,BK_HP0616,67,4.67,Rất hài lòng
KS_00617,BK_HP0617,39,4.34,Hài lòng
KS_00618,BK_HP0618,62,4.86,Rất hài lòng
KS_00619,BK_HP0619,42,4.26,Hài lòng
KS_00620,BK_HP0620,44,4.01,Hài lòng
KS_00621,BK_HP0621,41,3.92,Bình thường
KS_00622,BK_HP0622,39,3.50,Bình thường
KS_00623,BK_HP0623,61,4.09,Hài lòng
KS_00624,BK_HP0624,62,4.71,Rất hài lòng
KS_00625,BK_HP0625,48,3.78,Bình thường
KS_00626,BK_HP0626,54,4.97,Rất hài lòng
KS_00627,BK_HP0627,34,3.66,Bình thường
KS_00628,BK_HP0628,45,4.62,Rất hài lòng
KS_00629,BK_HP0629,37,3.27,Bình thường
KS_00630,BK_HP0630,39,4.79,Rất hài lòng
KS_00631,BK_HP0631,33,3.20,Bình thường
KS_00632,BK_HP0632,63,4.24,Hài lòng
KS_00633,BK_HP0633,39,4.66,Rất hài lòng
KS_00634,BK_HP0634,64,3.75,Bình thường
KS_00635,BK_HP0635,71,4.84,Rất hài lòng
KS_00636,BK_HP0636,31,4.27,Hài lòng
KS_00637,BK_HP0637,42,4.34,Hài lòng
KS_00638,BK_HP0638,36,4.44,Hài lòng
KS_00639,BK_HP0639,34,3.92,Bình thường
KS_00640,BK_HP0640,66,3.38,Bình thường
KS_00641,BK_HP0641,50,3.45,Bình thường
KS_00642,BK_HP0642,66,3.20,Bình thường
KS_00643,BK_HP0643,62,4.75,Rất hài lòng
KS_00644,BK_HP0644,60,3.46,Bình thường
KS_00645,BK_HP0645,75,3.96,Bình thường
KS_00646,BK_HP0646,57,4.52,Rất hài lòng
KS_00647,BK_HP0647,52,3.82,Bình thường
KS_00648,BK_HP0648,47,3.93,Bình thường
KS_00649,BK_HP0649,30,4.98,Rất hài lòng
KS_00650,BK_HP0650,41,4.59,Rất hài lòng
KS_00651,BK_HP0651,54,3.92,Bình thường
KS_00652,BK_HP0652,37,4.59,Rất hài lòng
KS_00653,BK_HP0653,62,3.53,Bình thường
KS_00654,BK_HP0654,61,4.09,Hài lòng
KS_00655,BK_HP0655,63,3.96,Bình thường
KS_00656,BK_HP0656,48,3.71,Bình thường
KS_00657,BK_HP0657,47,4.25,Hài lòng
KS_00658,BK_HP0658,62,4.85,Rất hài lòng
KS_00659,BK_HP0659,69,3.75,Bình thường
KS_00660,BK_HP0660,50,4.47,Hài lòng
KS_00661,BK_HP0661,30,4.04,Hài lòng
KS_00662,BK_HP0662,48,3.95,Bình thường
KS_00663,BK_HP0663,53,4.04,Hài lòng
KS_00664,BK_HP0664,49,3.46,Bình thường
KS_00665,BK_HP0665,38,4.33,Hài lòng
KS_00666,BK_HP0666,52,3.95,Bình thường
KS_00667,BK_HP0667,48,3.56,Bình thường
KS_00668,BK_HP0668,35,4.93,Rất hài lòng
KS_00669,BK_HP0669,42,4.50,Rất hài lòng
KS_00670,BK_HP0670,53,3.90,Bình thường
KS_00671,BK_HP0671,40,3.25,Bình thường
KS_00672,BK_HP0672,50,4.29,Hài lòng
KS_00673,BK_HP0673,73,4.59,Rất hài lòng
KS_00674,BK_HP0674,62,4.58,Rất hài lòng
KS_00675,BK_HP0675,39,4.01,Hài lòng
KS_00676,BK_HP0676,47,4.42,Hài lòng
KS_00677,BK_HP0677,37,4.04,Hài lòng
KS_00678,BK_HP0678,57,4.47,Hài lòng
KS_00679,BK_HP0679,60,3.51,Bình thường
KS_00680,BK_HP0680,57,4.84,Rất hài lòng
KS_00681,BK_HP0681,39,4.43,Hài lòng
KS_00682,BK_HP0682,64,5.00,Rất hài lòng
KS_00683,BK_HP0683,53,3.21,Bình thường
KS_00684,BK_HP0684,29,4.70,Rất hài lòng
KS_00685,KHTN_HP0001,38,4.06,Hài lòng
KS_00686,KHTN_HP0002,56,3.91,Bình thường
KS_00687,KHTN_HP0003,68,4.25,Hài lòng
KS_00688,KHTN_HP0004,60,4.59,Rất hài lòng
KS_00689,KHTN_HP0005,55,4.40,Hài lòng
KS_00690,KHTN_HP0006,49,4.17,Hài lòng
KS_00691,KHTN_HP0007,34,3.58,Bình thường
KS_00692,KHTN_HP0008,58,4.77,Rất hài lòng
KS_00693,KHTN_HP0009,55,4.04,Hài lòng
KS_00694,KHTN_HP0010,37,3.96,Bình thường
KS_00695,KHTN_HP0011,66,4.20,Hài lòng
KS_00696,KHTN_HP0012,36,3.32,Bình thường
KS_00697,KHTN_HP0013,36,3.59,Bình thường
KS_00698,KHTN_HP0014,68,3.85,Bình thường
KS_00699,KHTN_HP0015,69,3.63,Bình thường
KS_00700,KHTN_HP0016,31,3.33,Bình thường
KS_00701,KHTN_HP0017,43,4.62,Rất hài lòng
KS_00702,KHTN_HP0018,35,4.86,Rất hài lòng
KS_00703,KHTN_HP0019,59,3.28,Bình thường
KS_00704,KHTN_HP0020,38,4.00,Hài lòng
KS_00705,KHTN_HP0021,40,4.27,Hài lòng
KS_00706,KHTN_HP0022,43,3.28,Bình thường
KS_00707,KHTN_HP0023,54,4.39,Hài lòng
KS_00708,KHTN_HP0024,61,4.82,Rất hài lòng
KS_00709,KHTN_HP0025,70,3.45,Bình thường
KS_00710,KHTN_HP0026,34,3.80,Bình thường
KS_00711,KHTN_HP0027,42,4.50,Rất hài lòng
KS_00712,KHTN_HP0028,54,4.07,Hài lòng
KS_00713,KHTN_HP0029,52,4.03,Hài lòng
KS_00714,KHTN_HP0030,67,4.16,Hài lòng
KS_00715,KHTN_HP0031,60,3.36,Bình thường
KS_00716,KHTN_HP0032,35,4.90,Rất hài lòng
KS_00717,KHTN_HP0033,60,3.28,Bình thường
KS_00718,KHTN_HP0034,37,4.28,Hài lòng
KS_00719,KHTN_HP0035,54,3.80,Bình thường
KS_00720,KHTN_HP0036,63,4.78,Rất hài lòng
KS_00721,KHTN_HP0037,31,3.72,Bình thường
KS_00722,KHTN_HP0038,40,4.15,Hài lòng
KS_00723,KHTN_HP0039,57,3.38,Bình thường
KS_00724,KHTN_HP0040,48,4.24,Hài lòng
KS_00725,KHTN_HP0041,56,4.31,Hài lòng
KS_00726,KHTN_HP0042,39,4.54,Rất hài lòng
KS_00727,KHTN_HP0043,34,4.51,Rất hài lòng
KS_00728,KHTN_HP0044,45,3.60,Bình thường
KS_00729,KHTN_HP0045,66,4.66,Rất hài lòng
KS_00730,KHTN_HP0046,58,4.53,Rất hài lòng
KS_00731,KHTN_HP0047,37,4.42,Hài lòng
KS_00732,KHTN_HP0048,29,4.71,Rất hài lòng
KS_00733,KHTN_HP0049,31,3.86,Bình thường
KS_00734,KHTN_HP0050,51,4.09,Hài lòng
KS_00735,KHTN_HP0051,47,4.35,Hài lòng
KS_00736,KHTN_HP0052,35,4.77,Rất hài lòng
KS_00737,KHTN_HP0053,70,3.67,Bình thường
KS_00738,KHTN_HP0054,44,4.72,Rất hài lòng
KS_00739,KHTN_HP0055,40,4.90,Rất hài lòng
KS_00740,KHTN_HP0056,42,4.86,Rất hài lòng
KS_00741,KHTN_HP0057,57,4.56,Rất hài lòng
KS_00742,KHTN_HP0058,50,3.91,Bình thường
KS_00743,KHTN_HP0059,53,4.93,Rất hài lòng
KS_00744,KHTN_HP0060,47,4.79,Rất hài lòng
KS_00745,KHTN_HP0061,43,4.65,Rất hài lòng
KS_00746,KHTN_HP0062,30,4.11,Hài lòng
KS_00747,KHTN_HP0063,53,4.16,Hài lòng
KS_00748,KHTN_HP0064,49,4.89,Rất hài lòng
KS_00749,KHTN_HP0065,48,4.42,Hài lòng
KS_00750,KHTN_HP0066,49,4.58,Rất hài lòng
KS_00751,KHTN_HP0067,47,4.45,Hài lòng
KS_00752,KHTN_HP0068,68,3.98,Bình thường
KS_00753,KHTN_HP0069,59,4.24,Hài lòng
KS_00754,KHTN_HP0070,38,4.88,Rất hài lòng
KS_00755,KHTN_HP0071,43,3.83,Bình thường
KS_00756,KHTN_HP0072,34,4.89,Rất hài lòng
KS_00757,KHTN_HP0073,38,4.89,Rất hài lòng
KS_00758,KHTN_HP0074,61,4.80,Rất hài lòng
KS_00759,KHTN_HP0075,56,4.70,Rất hài lòng
KS_00760,KHTN_HP0076,48,4.10,Hài lòng
KS_00761,KHTN_HP0077,50,4.67,Rất hài lòng
KS_00762,KHTN_HP0078,39,3.49,Bình thường
KS_00763,KHTN_HP0079,58,3.90,Bình thường
KS_00764,KHTN_HP0080,48,5.00,Rất hài lòng
KS_00765,KHTN_HP0081,63,4.24,Hài lòng
KS_00766,KHTN_HP0082,32,4.31,Hài lòng
KS_00767,KHTN_HP0083,45,4.40,Hài lòng
KS_00768,KHTN_HP0084,69,4.81,Rất hài lòng
KS_00769,KHTN_HP0085,53,3.38,Bình thường
KS_00770,KHTN_HP0086,52,3.34,Bình thường
KS_00771,KHTN_HP0087,66,4.58,Rất hài lòng
KS_00772,KHTN_HP0088,30,4.36,Hài lòng
KS_00773,KHTN_HP0089,60,4.24,Hài lòng
KS_00774,KHTN_HP0090,50,4.36,Hài lòng
KS_00775,KHTN_HP0091,45,4.27,Hài lòng
KS_00776,KHTN_HP0092,68,3.95,Bình thường
KS_00777,KHTN_HP0093,44,4.33,Hài lòng
KS_00778,KHTN_HP0094,58,4.85,Rất hài lòng
KS_00779,KHTN_HP0095,34,4.27,Hài lòng
KS_00780,KHTN_HP0096,49,4.33,Hài lòng
KS_00781,KHTN_HP0097,63,4.87,Rất hài lòng
KS_00782,KHTN_HP0098,34,4.15,Hài lòng
KS_00783,KHTN_HP0099,72,4.78,Rất hài lòng
KS_00784,KHTN_HP0100,59,4.36,Hài lòng
KS_00785,KHTN_HP0101,44,3.22,Bình thường
KS_00786,KHTN_HP0102,66,4.96,Rất hài lòng
KS_00787,KHTN_HP0103,47,4.34,Hài lòng
KS_00788,KHTN_HP0104,36,4.46,Hài lòng
KS_00789,KHTN_HP0105,51,4.39,Hài lòng
KS_00790,KHTN_HP0106,65,4.62,Rất hài lòng
KS_00791,KHTN_HP0107,38,4.89,Rất hài lòng
KS_00792,KHTN_HP0108,53,3.54,Bình thường
KS_00793,KHTN_HP0109,45,3.87,Bình thường
KS_00794,KHTN_HP0110,54,4.90,Rất hài lòng
KS_00795,KHTN_HP0111,46,3.99,Bình thường
KS_00796,KHTN_HP0112,45,4.51,Rất hài lòng
KS_00797,KHTN_HP0113,63,4.65,Rất hài lòng
KS_00798,KHTN_HP0114,50,4.82,Rất hài lòng
KS_00799,KHTN_HP0115,43,4.58,Rất hài lòng
KS_00800,KHTN_HP0116,37,3.63,Bình thường
KS_00801,KHTN_HP0117,41,3.63,Bình thường
KS_00802,KHTN_HP0118,56,4.99,Rất hài lòng
KS_00803,KHTN_HP0119,63,4.42,Hài lòng
KS_00804,KHTN_HP0120,45,3.79,Bình thường
KS_00805,KHTN_HP0121,49,4.57,Rất hài lòng
KS_00806,KHTN_HP0122,50,4.66,Rất hài lòng
KS_00807,KHTN_HP0123,28,4.92,Rất hài lòng
KS_00808,KHTN_HP0124,53,3.94,Bình thường
KS_00809,KHTN_HP0125,35,4.72,Rất hài lòng
KS_00810,KHTN_HP0126,70,3.78,Bình thường
KS_00811,KHTN_HP0127,40,4.86,Rất hài lòng
KS_00812,KHTN_HP0128,51,3.49,Bình thường
KS_00813,KHTN_HP0129,46,4.97,Rất hài lòng
KS_00814,KHTN_HP0130,37,4.97,Rất hài lòng
KS_00815,KHTN_HP0131,44,4.41,Hài lòng
KS_00816,KHTN_HP0132,35,4.87,Rất hài lòng
KS_00817,KHTN_HP0133,40,3.91,Bình thường
KS_00818,KHTN_HP0134,30,3.27,Bình thường
KS_00819,KHTN_HP0135,61,4.57,Rất hài lòng
KS_00820,KHTN_HP0136,54,3.72,Bình thường
KS_00821,KHTN_HP0137,55,3.93,Bình thường
KS_00822,KHTN_HP0138,35,4.50,Rất hài lòng
KS_00823,KHTN_HP0139,53,4.94,Rất hài lòng
KS_00824,KHTN_HP0140,71,4.24,Hài lòng
KS_00825,KHTN_HP0141,57,4.45,Hài lòng
KS_00826,KHTN_HP0142,42,3.95,Bình thường
KS_00827,KHTN_HP0143,58,4.52,Rất hài lòng
KS_00828,KHTN_HP0144,49,4.80,Rất hài lòng
KS_00829,KHTN_HP0145,56,4.77,Rất hài lòng
KS_00830,KHTN_HP0146,57,4.80,Rất hài lòng
KS_00831,KHTN_HP0147,33,5.00,Rất hài lòng
KS_00832,KHTN_HP0148,35,4.97,Rất hài lòng
KS_00833,KHTN_HP0149,70,3.57,Bình thường
KS_00834,KHTN_HP0150,60,4.72,Rất hài lòng
KS_00835,KHTN_HP0151,34,4.06,Hài lòng
KS_00836,KHTN_HP0152,71,4.19,Hài lòng
KS_00837,KHTN_HP0153,72,4.87,Rất hài lòng
KS_00838,KHTN_HP0154,30,4.07,Hài lòng
KS_00839,KHTN_HP0155,68,3.21,Bình thường
KS_00840,KHTN_HP0156,35,3.63,Bình thường
KS_00841,KHTN_HP0157,59,3.49,Bình thường
KS_00842,KHTN_HP0158,37,3.92,Bình thường
KS_00843,KHTN_HP0159,36,4.72,Rất hài lòng
KS_00844,KHTN_HP0160,39,4.71,Rất hài lòng
KS_00845,KHTN_HP0161,71,3.98,Bình thường
KS_00846,KHTN_HP0162,47,3.86,Bình thường
KS_00847,KHTN_HP0163,56,4.27,Hài lòng
KS_00848,KHTN_HP0164,30,4.76,Rất hài lòng
KS_00849,KHTN_HP0165,42,4.27,Hài lòng
KS_00850,KHTN_HP0166,39,4.26,Hài lòng
KS_00851,KHTN_HP0167,52,4.58,Rất hài lòng
KS_00852,KHTN_HP0168,34,4.97,Rất hài lòng
KS_00853,KHTN_HP0169,55,3.55,Bình thường
KS_00854,KHTN_HP0170,71,4.20,Hài lòng
KS_00855,KHTN_HP0171,43,4.73,Rất hài lòng
KS_00856,KHTN_HP0172,55,4.08,Hài lòng
KS_00857,KHTN_HP0173,29,4.15,Hài lòng
KS_00858,KHTN_HP0174,54,4.00,Hài lòng
KS_00859,KHTN_HP0175,48,4.54,Rất hài lòng
KS_00860,KHTN_HP0176,35,3.97,Bình thường
KS_00861,KHTN_HP0177,38,4.77,Rất hài lòng
KS_00862,KHTN_HP0178,69,4.53,Rất hài lòng
KS_00863,KHTN_HP0179,31,3.71,Bình thường
KS_00864,KHTN_HP0180,41,4.96,Rất hài lòng
KS_00865,KHTN_HP0181,46,3.63,Bình thường
KS_00866,KHTN_HP0182,43,4.73,Rất hài lòng
KS_00867,KHTN_HP0183,72,4.48,Hài lòng
KS_00868,KHTN_HP0184,56,4.02,Hài lòng
KS_00869,KHTN_HP0185,47,3.78,Bình thường
KS_00870,KHTN_HP0186,34,4.96,Rất hài lòng
KS_00871,KHTN_HP0187,61,4.53,Rất hài lòng
KS_00872,KHTN_HP0188,57,4.32,Hài lòng
KS_00873,KHTN_HP0189,32,4.03,Hài lòng
KS_00874,KHTN_HP0190,47,4.39,Hài lòng
KS_00875,KHTN_HP0191,65,4.98,Rất hài lòng
KS_00876,KHTN_HP0192,44,3.69,Bình thường
KS_00877,KHTN_HP0193,33,4.44,Hài lòng
KS_00878,KHTN_HP0194,50,4.32,Hài lòng
KS_00879,KHTN_HP0195,47,3.48,Bình thường
KS_00880,KHTN_HP0196,47,4.64,Rất hài lòng
KS_00881,KHTN_HP0197,55,4.76,Rất hài lòng
KS_00882,KHTN_HP0198,41,4.78,Rất hài lòng
KS_00883,KHTN_HP0199,38,4.29,Hài lòng
KS_00884,KHTN_HP0200,44,4.93,Rất hài lòng
KS_00885,KHTN_HP0201,45,4.45,Hài lòng
KS_00886,KHTN_HP0202,48,4.15,Hài lòng
KS_00887,KHTN_HP0203,40,4.17,Hài lòng
KS_00888,KHTN_HP0204,67,4.88,Rất hài lòng
KS_00889,KHTN_HP0205,71,3.27,Bình thường
KS_00890,KHTN_HP0206,39,4.06,Hài lòng
KS_00891,KHTN_HP0207,45,3.31,Bình thường
KS_00892,KHTN_HP0208,52,4.48,Hài lòng
KS_00893,KHTN_HP0209,40,4.75,Rất hài lòng
KS_00894,KHTN_HP0210,44,4.50,Rất hài lòng
KS_00895,KHTN_HP0211,55,4.28,Hài lòng
KS_00896,KHTN_HP0212,54,3.95,Bình thường
KS_00897,KHTN_HP0213,62,3.51,Bình thường
KS_00898,KHTN_HP0214,53,4.46,Hài lòng
KS_00899,KHTN_HP0215,40,3.36,Bình thường
KS_00900,KHTN_HP0216,70,4.99,Rất hài lòng
KS_00901,KHTN_HP0217,55,3.67,Bình thường
KS_00902,KHTN_HP0218,49,4.58,Rất hài lòng
KS_00903,KHTN_HP0219,39,4.74,Rất hài lòng
KS_00904,KHTN_HP0220,27,4.54,Rất hài lòng
KS_00905,KHTN_HP0221,35,3.29,Bình thường
KS_00906,KHTN_HP0222,61,4.64,Rất hài lòng
KS_00907,KHTN_HP0223,30,3.53,Bình thường
KS_00908,KHTN_HP0224,31,4.83,Rất hài lòng
KS_00909,KHTN_HP0225,42,3.62,Bình thường
KS_00910,KHTN_HP0226,68,4.32,Hài lòng
KS_00911,KHTN_HP0227,42,4.41,Hài lòng
KS_00912,KHTN_HP0228,38,4.49,Hài lòng
KS_00913,KHTN_HP0229,28,3.79,Bình thường
KS_00914,KHTN_HP0230,42,3.31,Bình thường
KS_00915,KHTN_HP0231,47,4.64,Rất hài lòng
KS_00916,KHTN_HP0232,59,4.79,Rất hài lòng
KS_00917,KHTN_HP0233,36,4.43,Hài lòng
KS_00918,KHTN_HP0234,47,4.05,Hài lòng
KS_00919,KHTN_HP0235,35,4.75,Rất hài lòng
KS_00920,KHTN_HP0236,65,3.26,Bình thường
KS_00921,KHTN_HP0237,48,4.71,Rất hài lòng
KS_00922,KHTN_HP0238,30,4.26,Hài lòng
KS_00923,KHTN_HP0239,63,4.60,Rất hài lòng
KS_00924,KHTN_HP0240,63,4.73,Rất hài lòng
KS_00925,KHTN_HP0241,48,4.97,Rất hài lòng
KS_00926,KHTN_HP0242,48,3.74,Bình thường
KS_00927,KHTN_HP0243,66,3.96,Bình thường
KS_00928,KHTN_HP0244,66,4.98,Rất hài lòng
KS_00929,KHTN_HP0245,52,4.29,Hài lòng
KS_00930,KHTN_HP0246,57,4.75,Rất hài lòng
KS_00931,KHTN_HP0247,48,4.81,Rất hài lòng
KS_00932,KHTN_HP0248,34,3.25,Bình thường
KS_00933,KHTN_HP0249,59,4.22,Hài lòng
KS_00934,KHTN_HP0250,54,4.63,Rất hài lòng
KS_00935,KHTN_HP0251,57,4.51,Rất hài lòng
KS_00936,KHTN_HP0252,64,3.94,Bình thường
KS_00937,KHTN_HP0253,65,4.37,Hài lòng
KS_00938,KHTN_HP0254,45,4.66,Rất hài lòng
KS_00939,KHTN_HP0255,64,4.17,Hài lòng
KS_00940,KHTN_HP0256,47,4.43,Hài lòng
KS_00941,KHTN_HP0257,60,3.44,Bình thường
KS_00942,KHTN_HP0258,56,4.02,Hài lòng
KS_00943,KHTN_HP0259,40,3.53,Bình thường
KS_00944,KHTN_HP0260,59,4.47,Hài lòng
KS_00945,KHTN_HP0261,54,4.67,Rất hài lòng
KS_00946,KHTN_HP0262,61,3.99,Bình thường
KS_00947,KHTN_HP0263,31,4.28,Hài lòng
KS_00948,KHTN_HP0264,57,4.31,Hài lòng
KS_00949,KHTN_HP0265,48,4.45,Hài lòng
KS_00950,KHTN_HP0266,32,4.03,Hài lòng
KS_00951,KHTN_HP0267,62,4.84,Rất hài lòng
KS_00952,KHTN_HP0268,61,4.66,Rất hài lòng
KS_00953,KHTN_HP0269,39,3.74,Bình thường
KS_00954,KHTN_HP0270,50,4.13,Hài lòng
KS_00955,KHTN_HP0271,34,4.80,Rất hài lòng
KS_00956,KHTN_HP0272,47,4.88,Rất hài lòng
KS_00957,KHTN_HP0273,70,4.59,Rất hài lòng
KS_00958,KHTN_HP0274,46,4.44,Hài lòng
KS_00959,KHTN_HP0275,73,4.77,Rất hài lòng
KS_00960,KHTN_HP0276,41,4.84,Rất hài lòng
KS_00961,KHTN_HP0277,50,4.12,Hài lòng
KS_00962,KHTN_HP0278,52,4.18,Hài lòng
KS_00963,KHTN_HP0279,65,4.68,Rất hài lòng
KS_00964,KHTN_HP0280,33,4.90,Rất hài lòng
KS_00965,KHTN_HP0281,44,4.90,Rất hài lòng
KS_00966,KHTN_HP0282,58,4.86,Rất hài lòng
KS_00967,KHTN_HP0283,57,3.77,Bình thường
KS_00968,KHTN_HP0284,63,3.69,Bình thường
KS_00969,KHTN_HP0285,52,4.54,Rất hài lòng
KS_00970,KHTN_HP0286,57,4.70,Rất hài lòng
KS_00971,KHTN_HP0287,46,4.00,Hài lòng
KS_00972,KHTN_HP0288,65,3.28,Bình thường
KS_00973,KHTN_HP0289,71,4.70,Rất hài lòng
KS_00974,KHTN_HP0290,39,4.96,Rất hài lòng
KS_00975,KHTN_HP0291,37,4.38,Hài lòng
KS_00976,KHTN_HP0292,43,3.82,Bình thường
KS_00977,KHTN_HP0293,38,3.35,Bình thường
KS_00978,KHTN_HP0294,55,4.67,Rất hài lòng
KS_00979,KHTN_HP0295,41,4.80,Rất hài lòng
KS_00980,KHTN_HP0296,46,4.41,Hài lòng
KS_00981,KHTN_HP0297,59,4.46,Hài lòng
KS_00982,KHTN_HP0298,42,4.97,Rất hài lòng
KS_00983,KHTN_HP0299,38,4.83,Rất hài lòng
KS_00984,KHTN_HP0300,55,4.36,Hài lòng
KS_00985,KHTN_HP0301,43,4.86,Rất hài lòng
KS_00986,KHTN_HP0302,37,4.37,Hài lòng
KS_00987,KHTN_HP0303,46,3.63,Bình thường
KS_00988,KHTN_HP0304,50,4.43,Hài lòng
KS_00989,KHTN_HP0305,55,3.85,Bình thường
KS_00990,KHTN_HP0306,43,3.50,Bình thường
KS_00991,KHTN_HP0307,63,4.20,Hài lòng
KS_00992,KHTN_HP0308,53,3.56,Bình thường
KS_00993,KHTN_HP0309,39,3.93,Bình thường
KS_00994,KHTN_HP0310,62,4.85,Rất hài lòng
KS_00995,KHTN_HP0311,45,4.49,Hài lòng
KS_00996,KHTN_HP0312,53,3.64,Bình thường
KS_00997,KHTN_HP0313,48,3.47,Bình thường
KS_00998,KHTN_HP0314,44,3.93,Bình thường
KS_00999,KHTN_HP0315,54,4.65,Rất hài lòng
KS_01000,KHTN_HP0316,62,4.01,Hài lòng
KS_01001,KHTN_HP0317,58,3.92,Bình thường
KS_01002,KHTN_HP0318,47,4.18,Hài lòng
KS_01003,KHTN_HP0319,57,4.18,Hài lòng
KS_01004,KHTN_HP0320,51,3.30,Bình thường
KS_01005,KHTN_HP0321,50,4.27,Hài lòng
KS_01006,KHTN_HP0322,49,4.68,Rất hài lòng
KS_01007,KHTN_HP0323,56,4.39,Hài lòng
KS_01008,KHTN_HP0324,55,3.75,Bình thường
KS_01009,KHTN_HP0325,39,4.65,Rất hài lòng
KS_01010,KHTN_HP0326,30,4.87,Rất hài lòng
KS_01011,KHTN_HP0327,48,4.75,Rất hài lòng
KS_01012,KHTN_HP0328,42,3.53,Bình thường
KS_01013,KHTN_HP0329,46,4.35,Hài lòng
KS_01014,KHTN_HP0330,40,3.98,Bình thường
KS_01015,KHTN_HP0331,71,3.46,Bình thường
KS_01016,KHTN_HP0332,65,4.54,Rất hài lòng
KS_01017,KHTN_HP0333,48,4.34,Hài lòng
KS_01018,KHTN_HP0334,43,5.00,Rất hài lòng
KS_01019,KHTN_HP0335,60,4.24,Hài lòng
KS_01020,KHTN_HP0336,68,4.80,Rất hài lòng
KS_01021,KHTN_HP0337,59,4.50,Rất hài lòng
KS_01022,KHTN_HP0338,44,4.61,Rất hài lòng
KS_01023,KHTN_HP0339,55,4.28,Hài lòng
KS_01024,KHTN_HP0340,74,3.70,Bình thường
KS_01025,KHTN_HP0341,57,4.50,Rất hài lòng
KS_01026,KHTN_HP0342,33,4.88,Rất hài lòng
KS_01027,KHTN_HP0343,60,5.00,Rất hài lòng
KS_01028,KHTN_HP0344,56,4.77,Rất hài lòng
KS_01029,KHTN_HP0345,46,3.97,Bình thường
KS_01030,KHTN_HP0346,49,3.78,Bình thường
KS_01031,KHTN_HP0347,29,4.07,Hài lòng
KS_01032,KHTN_HP0348,48,4.73,Rất hài lòng
KS_01033,KHTN_HP0349,51,4.21,Hài lòng
KS_01034,KHTN_HP0350,61,4.00,Hài lòng
KS_01035,KHTN_HP0351,57,4.96,Rất hài lòng
KS_01036,KHTN_HP0352,35,4.18,Hài lòng
KS_01037,KHTN_HP0353,61,3.73,Bình thường
KS_01038,KHTN_HP0354,37,4.80,Rất hài lòng
KS_01039,KHTN_HP0355,33,4.93,Rất hài lòng
KS_01040,KHTN_HP0356,37,3.59,Bình thường
KS_01041,KHTN_HP0357,40,4.87,Rất hài lòng
KS_01042,KHTN_HP0358,44,3.48,Bình thường
KS_01043,KHTN_HP0359,58,3.45,Bình thường
KS_01044,KHTN_HP0360,53,4.03,Hài lòng
KS_01045,KHTN_HP0361,39,3.72,Bình thường
KS_01046,KHTN_HP0362,45,3.82,Bình thường
KS_01047,KHTN_HP0363,59,4.56,Rất hài lòng
KS_01048,KHTN_HP0364,35,3.73,Bình thường
KS_01049,KHTN_HP0365,56,4.69,Rất hài lòng
KS_01050,KHTN_HP0366,48,4.75,Rất hài lòng
KS_01051,KHTN_HP0367,35,4.37,Hài lòng
KS_01052,KHTN_HP0368,56,3.61,Bình thường
KS_01053,KHTN_HP0369,64,4.79,Rất hài lòng
KS_01054,KHTN_HP0370,68,4.20,Hài lòng
KS_01055,KHTN_HP0371,34,3.69,Bình thường
KS_01056,KHTN_HP0372,57,3.63,Bình thường
KS_01057,KHTN_HP0373,42,3.46,Bình thường
KS_01058,KHTN_HP0374,42,4.89,Rất hài lòng
KS_01059,KHTN_HP0375,50,4.61,Rất hài lòng
KS_01060,KHTN_HP0376,59,4.89,Rất hài lòng
KS_01061,KHTN_HP0377,28,3.74,Bình thường
KS_01062,KHTN_HP0378,48,4.80,Rất hài lòng
KS_01063,KHTN_HP0379,33,4.74,Rất hài lòng
KS_01064,KHTN_HP0380,49,4.35,Hài lòng
KS_01065,KHTN_HP0381,41,4.89,Rất hài lòng
KS_01066,KHTN_HP0382,61,4.49,Hài lòng
KS_01067,KHTN_HP0383,35,4.37,Hài lòng
KS_01068,KHTN_HP0384,35,4.78,Rất hài lòng
KS_01069,KHTN_HP0385,48,4.15,Hài lòng
KS_01070,KHTN_HP0386,47,3.81,Bình thường
KS_01071,KHTN_HP0387,36,3.75,Bình thường
KS_01072,KHTN_HP0388,45,3.35,Bình thường
KS_01073,KHTN_HP0389,59,3.32,Bình thường
KS_01074,KHTN_HP0390,39,3.96,Bình thường
KS_01075,KHTN_HP0391,72,3.47,Bình thường
KS_01076,KHTN_HP0392,68,4.96,Rất hài lòng
KS_01077,KHTN_HP0393,28,4.28,Hài lòng
KS_01078,KHTN_HP0394,67,3.85,Bình thường
KS_01079,KHTN_HP0395,35,4.65,Rất hài lòng
KS_01080,KHTN_HP0396,31,4.15,Hài lòng
KS_01081,KHTN_HP0397,47,4.67,Rất hài lòng
KS_01082,KHTN_HP0398,68,3.46,Bình thường
KS_01083,KHTN_HP0399,69,4.52,Rất hài lòng
KS_01084,KHTN_HP0400,66,4.87,Rất hài lòng
KS_01085,KHTN_HP0401,37,4.99,Rất hài lòng
KS_01086,KHTN_HP0402,68,4.84,Rất hài lòng
KS_01087,KHTN_HP0403,46,3.93,Bình thường
KS_01088,KHTN_HP0404,38,3.63,Bình thường
KS_01089,KHTN_HP0405,36,4.95,Rất hài lòng
KS_01090,KHTN_HP0406,34,4.67,Rất hài lòng
KS_01091,KHTN_HP0407,63,3.75,Bình thường
KS_01092,KHTN_HP0408,53,4.71,Rất hài lòng
KS_01093,KHTN_HP0409,28,4.73,Rất hài lòng
KS_01094,KHTN_HP0410,44,4.97,Rất hài lòng
KS_01095,KHTN_HP0411,51,4.30,Hài lòng
KS_01096,KHTN_HP0412,68,4.87,Rất hài lòng
KS_01097,KHTN_HP0413,68,3.77,Bình thường
KS_01098,KHTN_HP0414,32,4.27,Hài lòng
KS_01099,KHTN_HP0415,57,3.70,Bình thường
KS_01100,KHTN_HP0416,68,4.35,Hài lòng
KS_01101,KHTN_HP0417,45,4.70,Rất hài lòng
KS_01102,KHTN_HP0418,50,3.27,Bình thường
KS_01103,KHTN_HP0419,51,4.16,Hài lòng
KS_01104,KHTN_HP0420,55,4.56,Rất hài lòng
KS_01105,KHTN_HP0421,48,4.38,Hài lòng
KS_01106,KHTN_HP0422,32,3.77,Bình thường
KS_01107,KHTN_HP0423,71,4.90,Rất hài lòng
KS_01108,KHTN_HP0424,60,4.55,Rất hài lòng
KS_01109,KHTN_HP0425,44,3.87,Bình thường
KS_01110,KHTN_HP0426,53,4.14,Hài lòng
KS_01111,KT_HP0001,42,4.32,Hài lòng
KS_01112,KT_HP0002,44,3.43,Bình thường
KS_01113,KT_HP0003,37,3.37,Bình thường
KS_01114,KT_HP0004,52,4.55,Rất hài lòng
KS_01115,KT_HP0005,59,4.69,Rất hài lòng
KS_01116,KT_HP0006,50,3.43,Bình thường
KS_01117,KT_HP0007,36,3.60,Bình thường
KS_01118,KT_HP0008,61,3.98,Bình thường
KS_01119,KT_HP0009,44,3.96,Bình thường
KS_01120,KT_HP0010,63,4.32,Hài lòng
KS_01121,KT_HP0011,59,4.45,Hài lòng
KS_01122,KT_HP0012,62,4.98,Rất hài lòng
KS_01123,KT_HP0013,29,4.75,Rất hài lòng
KS_01124,KT_HP0014,64,3.58,Bình thường
KS_01125,KT_HP0015,63,3.93,Bình thường
KS_01126,KT_HP0016,32,4.62,Rất hài lòng
KS_01127,KT_HP0017,40,4.53,Rất hài lòng
KS_01128,KT_HP0018,30,4.03,Hài lòng
KS_01129,KT_HP0019,53,4.84,Rất hài lòng
KS_01130,KT_HP0020,54,4.50,Rất hài lòng
KS_01131,KT_HP0021,37,3.95,Bình thường
KS_01132,KT_HP0022,59,4.24,Hài lòng
KS_01133,KT_HP0023,31,3.77,Bình thường
KS_01134,KT_HP0024,33,4.60,Rất hài lòng
KS_01135,KT_HP0025,38,4.34,Hài lòng
KS_01136,KT_HP0026,46,4.55,Rất hài lòng
KS_01137,KT_HP0027,61,4.63,Rất hài lòng
KS_01138,KT_HP0028,35,4.18,Hài lòng
KS_01139,KT_HP0029,68,4.14,Hài lòng
KS_01140,KT_HP0030,39,3.71,Bình thường
KS_01141,KT_HP0031,52,3.98,Bình thường
KS_01142,KT_HP0032,53,4.71,Rất hài lòng
KS_01143,KT_HP0033,37,3.33,Bình thường
KS_01144,KT_HP0034,49,4.05,Hài lòng
KS_01145,KT_HP0035,37,4.48,Hài lòng
KS_01146,KT_HP0036,28,4.91,Rất hài lòng
KS_01147,KT_HP0037,60,4.97,Rất hài lòng
KS_01148,KT_HP0038,48,4.78,Rất hài lòng
KS_01149,KT_HP0039,60,4.63,Rất hài lòng
KS_01150,KT_HP0040,75,3.53,Bình thường
KS_01151,KT_HP0041,70,4.37,Hài lòng
KS_01152,KT_HP0042,34,4.42,Hài lòng
KS_01153,KT_HP0043,35,4.77,Rất hài lòng
KS_01154,KT_HP0044,38,5.00,Rất hài lòng
KS_01155,KT_HP0045,37,4.09,Hài lòng
KS_01156,KT_HP0046,41,4.97,Rất hài lòng
KS_01157,KT_HP0047,34,4.61,Rất hài lòng
KS_01158,KT_HP0048,67,4.52,Rất hài lòng
KS_01159,KT_HP0049,44,3.80,Bình thường
KS_01160,KT_HP0050,64,4.68,Rất hài lòng
KS_01161,KT_HP0051,40,3.44,Bình thường
KS_01162,KT_HP0052,62,3.86,Bình thường
KS_01163,KT_HP0053,71,3.91,Bình thường
KS_01164,KT_HP0054,28,4.85,Rất hài lòng
KS_01165,KT_HP0055,32,3.46,Bình thường
KS_01166,KT_HP0056,46,4.69,Rất hài lòng
KS_01167,KT_HP0057,28,4.93,Rất hài lòng
KS_01168,KT_HP0058,29,4.49,Hài lòng
KS_01169,KT_HP0059,50,4.59,Rất hài lòng
KS_01170,KT_HP0060,49,4.59,Rất hài lòng
KS_01171,KT_HP0061,50,4.67,Rất hài lòng
KS_01172,KT_HP0062,45,4.51,Rất hài lòng
KS_01173,KT_HP0063,28,4.91,Rất hài lòng
KS_01174,KT_HP0064,35,4.29,Hài lòng
KS_01175,KT_HP0065,68,4.28,Hài lòng
KS_01176,KT_HP0066,56,4.34,Hài lòng
KS_01177,KT_HP0067,62,4.64,Rất hài lòng
KS_01178,KT_HP0068,36,4.17,Hài lòng
KS_01179,KT_HP0069,38,4.09,Hài lòng
KS_01180,KT_HP0070,55,4.53,Rất hài lòng
KS_01181,KT_HP0071,37,4.89,Rất hài lòng
KS_01182,KT_HP0072,61,4.84,Rất hài lòng
KS_01183,KT_HP0073,67,4.56,Rất hài lòng
KS_01184,KT_HP0074,67,3.56,Bình thường
KS_01185,KT_HP0075,36,4.76,Rất hài lòng
KS_01186,KT_HP0076,61,3.99,Bình thường
KS_01187,KT_HP0077,67,3.47,Bình thường
KS_01188,KT_HP0078,64,4.63,Rất hài lòng
KS_01189,KT_HP0079,67,4.10,Hài lòng
KS_01190,KT_HP0080,49,4.63,Rất hài lòng
KS_01191,KT_HP0081,52,4.27,Hài lòng
KS_01192,KT_HP0082,67,4.95,Rất hài lòng
KS_01193,KT_HP0083,53,4.06,Hài lòng
KS_01194,KT_HP0084,41,4.11,Hài lòng
KS_01195,KT_HP0085,63,4.00,Hài lòng
KS_01196,KT_HP0086,41,3.48,Bình thường
KS_01197,KT_HP0087,56,4.65,Rất hài lòng
KS_01198,KT_HP0088,35,4.67,Rất hài lòng
KS_01199,KT_HP0089,46,4.80,Rất hài lòng
KS_01200,KT_HP0090,35,4.71,Rất hài lòng
KS_01201,KT_HP0091,43,4.20,Hài lòng
KS_01202,KT_HP0092,31,3.83,Bình thường
KS_01203,KT_HP0093,65,4.93,Rất hài lòng
KS_01204,KT_HP0094,58,4.40,Hài lòng
KS_01205,KT_HP0095,28,4.94,Rất hài lòng
KS_01206,KT_HP0096,62,3.40,Bình thường
KS_01207,KT_HP0097,50,3.53,Bình thường
KS_01208,KT_HP0098,35,4.17,Hài lòng
KS_01209,KT_HP0099,51,3.82,Bình thường
KS_01210,KT_HP0100,41,3.43,Bình thường
KS_01211,KT_HP0101,60,4.92,Rất hài lòng
KS_01212,KT_HP0102,66,4.88,Rất hài lòng
KS_01213,KT_HP0103,43,3.76,Bình thường
KS_01214,KT_HP0104,48,4.98,Rất hài lòng
KS_01215,KT_HP0105,55,4.80,Rất hài lòng
KS_01216,KT_HP0106,52,4.29,Hài lòng
KS_01217,KT_HP0107,57,4.37,Hài lòng
KS_01218,KT_HP0108,57,4.83,Rất hài lòng
KS_01219,KT_HP0109,41,3.47,Bình thường
KS_01220,KT_HP0110,60,4.68,Rất hài lòng
KS_01221,KT_HP0111,58,3.94,Bình thường
KS_01222,KT_HP0112,59,3.65,Bình thường
KS_01223,KT_HP0113,56,4.41,Hài lòng
KS_01224,KT_HP0114,69,4.41,Hài lòng
KS_01225,KT_HP0115,37,4.63,Rất hài lòng
KS_01226,KT_HP0116,39,4.14,Hài lòng
KS_01227,KT_HP0117,63,3.85,Bình thường
KS_01228,KT_HP0118,50,3.87,Bình thường
KS_01229,KT_HP0119,37,4.52,Rất hài lòng
KS_01230,KT_HP0120,50,4.67,Rất hài lòng
KS_01231,KT_HP0121,37,4.03,Hài lòng
KS_01232,KT_HP0122,73,4.06,Hài lòng
KS_01233,KT_HP0123,48,3.97,Bình thường
KS_01234,KT_HP0124,44,4.42,Hài lòng
KS_01235,KT_HP0125,38,4.47,Hài lòng
KS_01236,KT_HP0126,42,4.21,Hài lòng
KS_01237,KT_HP0127,50,3.99,Bình thường
KS_01238,KT_HP0128,47,3.72,Bình thường
KS_01239,KT_HP0129,41,3.53,Bình thường
KS_01240,KT_HP0130,63,3.48,Bình thường
KS_01241,KT_HP0131,42,4.56,Rất hài lòng
KS_01242,KT_HP0132,69,4.63,Rất hài lòng
KS_01243,KT_HP0133,37,4.31,Hài lòng
KS_01244,KT_HP0134,43,4.25,Hài lòng
KS_01245,KT_HP0135,28,4.92,Rất hài lòng
KS_01246,KT_HP0136,76,4.62,Rất hài lòng
KS_01247,KT_HP0137,31,4.89,Rất hài lòng
KS_01248,KT_HP0138,30,4.54,Rất hài lòng
KS_01249,KT_HP0139,62,4.25,Hài lòng
KS_01250,KT_HP0140,55,3.88,Bình thường
KS_01251,KT_HP0141,34,4.47,Hài lòng
KS_01252,KT_HP0142,53,4.06,Hài lòng
KS_01253,KT_HP0143,55,4.41,Hài lòng
KS_01254,KT_HP0144,62,4.74,Rất hài lòng
KS_01255,KT_HP0145,58,4.41,Hài lòng
KS_01256,KT_HP0146,39,4.10,Hài lòng
KS_01257,KT_HP0147,62,3.88,Bình thường
KS_01258,KT_HP0148,54,4.54,Rất hài lòng
KS_01259,KT_HP0149,54,3.52,Bình thường
KS_01260,KT_HP0150,52,4.80,Rất hài lòng
KS_01261,KT_HP0151,53,3.75,Bình thường
KS_01262,KT_HP0152,37,3.94,Bình thường
KS_01263,KT_HP0153,47,3.20,Bình thường
KS_01264,KT_HP0154,59,4.21,Hài lòng
KS_01265,KT_HP0155,31,3.98,Bình thường
KS_01266,KT_HP0156,49,4.20,Hài lòng
KS_01267,KT_HP0157,54,4.92,Rất hài lòng
KS_01268,KT_HP0158,53,3.75,Bình thường
KS_01269,KT_HP0159,65,4.40,Hài lòng
KS_01270,KT_HP0160,40,4.74,Rất hài lòng
KS_01271,KT_HP0161,42,3.24,Bình thường
KS_01272,KT_HP0162,56,4.42,Hài lòng
KS_01273,KT_HP0163,45,4.81,Rất hài lòng
KS_01274,KT_HP0164,53,4.07,Hài lòng
KS_01275,KT_HP0165,48,4.13,Hài lòng
KS_01276,KT_HP0166,45,4.14,Hài lòng
KS_01277,KT_HP0167,72,4.42,Hài lòng
KS_01278,KT_HP0168,68,4.79,Rất hài lòng
KS_01279,KT_HP0169,70,4.09,Hài lòng
KS_01280,KT_HP0170,48,4.53,Rất hài lòng
KS_01281,KT_HP0171,46,3.95,Bình thường
KS_01282,KT_HP0172,66,3.67,Bình thường
KS_01283,KT_HP0173,57,4.47,Hài lòng
KS_01284,KT_HP0174,51,4.81,Rất hài lòng
KS_01285,KT_HP0175,57,4.29,Hài lòng
KS_01286,KT_HP0176,34,3.67,Bình thường
KS_01287,KT_HP0177,75,4.90,Rất hài lòng
KS_01288,KT_HP0178,39,4.06,Hài lòng
KS_01289,KT_HP0179,46,4.32,Hài lòng
KS_01290,KT_HP0180,65,3.86,Bình thường
KS_01291,KT_HP0181,54,4.90,Rất hài lòng
KS_01292,KT_HP0182,44,4.78,Rất hài lòng
KS_01293,KT_HP0183,40,4.62,Rất hài lòng
KS_01294,KT_HP0184,65,4.44,Hài lòng
KS_01295,KT_HP0185,69,4.50,Rất hài lòng
KS_01296,KT_HP0186,45,3.62,Bình thường
KS_01297,KT_HP0187,62,4.63,Rất hài lòng
KS_01298,KT_HP0188,59,3.55,Bình thường
KS_01299,KT_HP0189,69,4.07,Hài lòng
KS_01300,KT_HP0190,64,4.91,Rất hài lòng
KS_01301,KT_HP0191,48,3.35,Bình thường
KS_01302,KT_HP0192,55,3.39,Bình thường
KS_01303,KT_HP0193,39,3.84,Bình thường
KS_01304,KT_HP0194,42,4.97,Rất hài lòng
KS_01305,KT_HP0195,61,4.78,Rất hài lòng
KS_01306,KT_HP0196,46,4.54,Rất hài lòng
KS_01307,KT_HP0197,66,4.33,Hài lòng
KS_01308,KT_HP0198,31,3.81,Bình thường
KS_01309,KT_HP0199,72,4.99,Rất hài lòng
KS_01310,KT_HP0200,39,3.44,Bình thường
KS_01311,KT_HP0201,43,4.88,Rất hài lòng
KS_01312,KT_HP0202,41,4.79,Rất hài lòng
KS_01313,KT_HP0203,46,3.47,Bình thường
KS_01314,KT_HP0204,61,4.41,Hài lòng
KS_01315,KT_HP0205,73,4.85,Rất hài lòng
KS_01316,KT_HP0206,66,3.64,Bình thường
KS_01317,KT_HP0207,45,3.88,Bình thường
KS_01318,KT_HP0208,35,4.79,Rất hài lòng
KS_01319,KT_HP0209,37,3.55,Bình thường
KS_01320,KT_HP0210,61,4.77,Rất hài lòng
KS_01321,KT_HP0211,59,4.07,Hài lòng
KS_01322,KT_HP0212,34,4.46,Hài lòng
KS_01323,KT_HP0213,43,4.30,Hài lòng
KS_01324,KT_HP0214,44,3.81,Bình thường
KS_01325,KT_HP0215,64,3.70,Bình thường
KS_01326,KT_HP0216,40,4.65,Rất hài lòng
KS_01327,KT_HP0217,50,4.60,Rất hài lòng
KS_01328,KT_HP0218,49,4.95,Rất hài lòng
KS_01329,KT_HP0219,35,4.31,Hài lòng
KS_01330,KT_HP0220,58,4.99,Rất hài lòng
KS_01331,KT_HP0221,63,4.76,Rất hài lòng
KS_01332,KT_HP0222,56,4.67,Rất hài lòng
KS_01333,KT_HP0223,37,4.32,Hài lòng
KS_01334,KT_HP0224,52,3.21,Bình thường
KS_01335,KT_HP0225,58,4.45,Hài lòng
KS_01336,KT_HP0226,68,3.71,Bình thường
KS_01337,KT_HP0227,58,4.48,Hài lòng
KS_01338,KT_HP0228,56,4.32,Hài lòng
KS_01339,KT_HP0229,62,4.95,Rất hài lòng
KS_01340,KT_HP0230,58,4.82,Rất hài lòng
KS_01341,KT_HP0231,29,4.83,Rất hài lòng
KS_01342,KT_HP0232,48,4.40,Hài lòng
KS_01343,KT_HP0233,65,4.62,Rất hài lòng
KS_01344,KT_HP0234,58,4.13,Hài lòng
KS_01345,KT_HP0235,58,4.05,Hài lòng
KS_01346,KT_HP0236,65,4.54,Rất hài lòng
KS_01347,KT_HP0237,39,4.69,Rất hài lòng
KS_01348,KT_HP0238,55,3.96,Bình thường
KS_01349,KT_HP0239,54,4.31,Hài lòng
KS_01350,KT_HP0240,50,4.95,Rất hài lòng
KS_01351,KT_HP0241,60,4.96,Rất hài lòng
KS_01352,KT_HP0242,44,3.30,Bình thường
KS_01353,KT_HP0243,60,4.25,Hài lòng
KS_01354,KT_HP0244,64,4.89,Rất hài lòng
KS_01355,KT_HP0245,60,3.40,Bình thường
KS_01356,KT_HP0246,68,4.32,Hài lòng
KS_01357,KT_HP0247,28,4.92,Rất hài lòng
KS_01358,KT_HP0248,67,4.65,Rất hài lòng
KS_01359,KT_HP0249,36,4.57,Rất hài lòng
KS_01360,KT_HP0250,38,4.61,Rất hài lòng
KS_01361,KT_HP0251,36,4.47,Hài lòng
KS_01362,KT_HP0252,37,3.88,Bình thường
KS_01363,KT_HP0253,56,4.05,Hài lòng
KS_01364,KT_HP0254,45,3.68,Bình thường
KS_01365,KT_HP0255,59,3.87,Bình thường
KS_01366,KT_HP0256,53,3.36,Bình thường
KS_01367,KT_HP0257,68,4.34,Hài lòng
KS_01368,KT_HP0258,51,5.00,Rất hài lòng
KS_01369,KT_HP0259,47,3.69,Bình thường
KS_01370,KT_HP0260,63,4.98,Rất hài lòng
KS_01371,KT_HP0261,58,4.70,Rất hài lòng
KS_01372,KT_HP0262,51,3.77,Bình thường
KS_01373,KT_HP0263,66,3.94,Bình thường
KS_01374,KT_HP0264,74,4.65,Rất hài lòng
KS_01375,KT_HP0265,56,3.79,Bình thường
KS_01376,KT_HP0266,38,3.28,Bình thường
KS_01377,KT_HP0267,47,4.20,Hài lòng
KS_01378,KT_HP0268,72,4.78,Rất hài lòng
KS_01379,KT_HP0269,39,3.43,Bình thường
KS_01380,KT_HP0270,38,4.53,Rất hài lòng
KS_01381,KT_HP0271,29,3.66,Bình thường
KS_01382,KT_HP0272,28,4.80,Rất hài lòng
KS_01383,KT_HP0273,57,4.75,Rất hài lòng
KS_01384,KT_HP0274,33,4.06,Hài lòng
KS_01385,KT_HP0275,49,4.60,Rất hài lòng
KS_01386,KT_HP0276,30,3.83,Bình thường
KS_01387,KT_HP0277,28,4.84,Rất hài lòng
KS_01388,KT_HP0278,60,3.97,Bình thường
KS_01389,KT_HP0279,60,4.21,Hài lòng
KS_01390,KT_HP0280,33,4.46,Hài lòng
KS_01391,KT_HP0281,57,3.93,Bình thường
KS_01392,KT_HP0282,52,4.89,Rất hài lòng
KS_01393,KT_HP0283,44,3.48,Bình thường
KS_01394,KT_HP0284,70,4.30,Hài lòng
KS_01395,KT_HP0285,41,4.07,Hài lòng
KS_01396,KT_HP0286,37,4.19,Hài lòng
KS_01397,KT_HP0287,38,4.95,Rất hài lòng
KS_01398,KT_HP0288,62,4.08,Hài lòng
KS_01399,KT_HP0289,34,4.01,Hài lòng
KS_01400,KT_HP0290,50,3.21,Bình thường
KS_01401,KT_HP0291,68,4.31,Hài lòng
KS_01402,KT_HP0292,72,4.42,Hài lòng
KS_01403,KT_HP0293,48,4.09,Hài lòng
KS_01404,KT_HP0294,61,4.76,Rất hài lòng
KS_01405,KT_HP0295,50,4.57,Rất hài lòng
KS_01406,KT_HP0296,42,4.83,Rất hài lòng
KS_01407,KT_HP0297,49,4.94,Rất hài lòng
KS_01408,KT_HP0298,32,3.81,Bình thường
KS_01409,KT_HP0299,52,4.27,Hài lòng
KS_01410,KT_HP0300,42,4.67,Rất hài lòng
KS_01411,KT_HP0301,50,3.51,Bình thường
KS_01412,KT_HP0302,62,4.69,Rất hài lòng
KS_01413,KT_HP0303,54,4.25,Hài lòng
KS_01414,KT_HP0304,39,4.31,Hài lòng
KS_01415,KT_HP0305,50,4.83,Rất hài lòng
KS_01416,KT_HP0306,48,4.77,Rất hài lòng
KS_01417,KT_HP0307,38,4.32,Hài lòng
KS_01418,KT_HP0308,42,4.96,Rất hài lòng
KS_01419,KT_HP0309,33,4.80,Rất hài lòng
KS_01420,KT_HP0310,70,4.40,Hài lòng
KS_01421,KT_HP0311,46,4.43,Hài lòng
KS_01422,KT_HP0312,30,4.94,Rất hài lòng
KS_01423,KT_HP0313,45,3.81,Bình thường
KS_01424,KT_HP0314,32,3.67,Bình thường
KS_01425,KT_HP0315,41,4.86,Rất hài lòng
KS_01426,KT_HP0316,36,3.56,Bình thường
KS_01427,KT_HP0317,42,4.33,Hài lòng
KS_01428,KT_HP0318,61,4.38,Hài lòng
KS_01429,KT_HP0319,33,4.46,Hài lòng
KS_01430,KT_HP0320,42,4.32,Hài lòng
KS_01431,KT_HP0321,60,4.93,Rất hài lòng
KS_01432,KT_HP0322,43,3.98,Bình thường
KS_01433,KT_HP0323,46,4.11,Hài lòng
KS_01434,KT_HP0324,48,4.93,Rất hài lòng
KS_01435,KT_HP0325,59,3.74,Bình thường
KS_01436,KT_HP0326,36,4.60,Rất hài lòng
KS_01437,KT_HP0327,71,4.95,Rất hài lòng
KS_01438,KT_HP0328,44,4.90,Rất hài lòng
KS_01439,KT_HP0329,48,4.02,Hài lòng
KS_01440,KT_HP0330,39,4.49,Hài lòng
KS_01441,KT_HP0331,33,4.87,Rất hài lòng
KS_01442,KT_HP0332,65,4.93,Rất hài lòng
KS_01443,KT_HP0333,64,4.92,Rất hài lòng
KS_01444,KT_HP0334,61,4.60,Rất hài lòng
KS_01445,KT_HP0335,37,4.53,Rất hài lòng
KS_01446,KT_HP0336,45,4.29,Hài lòng
KS_01447,KT_HP0337,37,4.58,Rất hài lòng
KS_01448,KT_HP0338,35,3.73,Bình thường
KS_01449,KT_HP0339,58,4.13,Hài lòng
KS_01450,KT_HP0340,47,4.40,Hài lòng
KS_01451,KT_HP0341,62,4.68,Rất hài lòng
KS_01452,KT_HP0342,66,4.89,Rất hài lòng
KS_01453,KT_HP0343,29,4.32,Hài lòng
KS_01454,KT_HP0344,48,4.76,Rất hài lòng
KS_01455,KT_HP0345,71,4.20,Hài lòng
KS_01456,KT_HP0346,41,4.77,Rất hài lòng
KS_01457,KT_HP0347,40,4.86,Rất hài lòng
KS_01458,KT_HP0348,40,4.64,Rất hài lòng
KS_01459,KT_HP0349,54,4.37,Hài lòng
KS_01460,KT_HP0350,56,4.77,Rất hài lòng
KS_01461,KT_HP0351,36,3.24,Bình thường
KS_01462,KT_HP0352,49,4.19,Hài lòng
KS_01463,KT_HP0353,60,3.49,Bình thường
KS_01464,KT_HP0354,71,3.64,Bình thường
KS_01465,KT_HP0355,51,4.61,Rất hài lòng
KS_01466,KT_HP0356,56,4.59,Rất hài lòng
KS_01467,KT_HP0357,72,4.48,Hài lòng
KS_01468,KT_HP0358,70,4.34,Hài lòng
KS_01469,KT_HP0359,29,4.54,Rất hài lòng
KS_01470,KT_HP0360,59,4.46,Hài lòng
KS_01471,KT_HP0361,46,4.33,Hài lòng
KS_01472,KT_HP0362,60,3.94,Bình thường
KS_01473,KT_HP0363,68,4.79,Rất hài lòng
KS_01474,KT_HP0364,33,4.79,Rất hài lòng
KS_01475,KT_HP0365,37,3.20,Bình thường
KS_01476,KT_HP0366,57,4.80,Rất hài lòng
KS_01477,KT_HP0367,51,4.70,Rất hài lòng
KS_01478,KT_HP0368,48,3.76,Bình thường
KS_01479,KT_HP0369,47,3.57,Bình thường
KS_01480,KT_HP0370,35,4.58,Rất hài lòng
KS_01481,KT_HP0371,53,4.96,Rất hài lòng
KS_01482,KT_HP0372,62,4.76,Rất hài lòng
KS_01483,KT_HP0373,43,5.00,Rất hài lòng
KS_01484,KT_HP0374,43,4.51,Rất hài lòng
KS_01485,KT_HP0375,60,4.55,Rất hài lòng
KS_01486,KT_HP0376,40,4.95,Rất hài lòng
KS_01487,KT_HP0377,42,3.46,Bình thường
KS_01488,KT_HP0378,53,4.71,Rất hài lòng
KS_01489,KT_HP0379,48,4.23,Hài lòng
KS_01490,KT_HP0380,47,4.72,Rất hài lòng
KS_01491,KT_HP0381,48,4.14,Hài lòng
KS_01492,KT_HP0382,42,4.86,Rất hài lòng
KS_01493,KT_HP0383,59,4.45,Hài lòng
KS_01494,KT_HP0384,38,4.82,Rất hài lòng
KS_01495,KT_HP0385,37,3.72,Bình thường
KS_01496,KT_HP0386,45,4.43,Hài lòng
KS_01497,KT_HP0387,66,4.05,Hài lòng
KS_01498,KT_HP0388,33,3.53,Bình thường
KS_01499,KT_HP0389,43,4.08,Hài lòng
KS_01500,KT_HP0390,68,3.82,Bình thường
KS_01501,KT_HP0391,48,3.66,Bình thường
KS_01502,KT_HP0392,46,4.34,Hài lòng
KS_01503,KT_HP0393,44,4.86,Rất hài lòng
KS_01504,KT_HP0394,62,4.19,Hài lòng
KS_01505,KT_HP0395,34,3.50,Bình thường
KS_01506,KT_HP0396,31,4.73,Rất hài lòng
KS_01507,KT_HP0397,57,4.71,Rất hài lòng
KS_01508,KT_HP0398,61,4.21,Hài lòng
KS_01509,KT_HP0399,33,3.37,Bình thường
KS_01510,KT_HP0400,39,4.62,Rất hài lòng
KS_01511,KT_HP0401,36,4.75,Rất hài lòng
KS_01512,KT_HP0402,44,3.97,Bình thường
KS_01513,KT_HP0403,51,4.25,Hài lòng
KS_01514,KT_HP0404,66,3.96,Bình thường
KS_01515,KT_HP0405,43,4.60,Rất hài lòng
KS_01516,KT_HP0406,76,4.96,Rất hài lòng
KS_01517,KT_HP0407,51,4.06,Hài lòng
KS_01518,KT_HP0408,40,3.55,Bình thường
KS_01519,KT_HP0409,36,3.39,Bình thường
KS_01520,KT_HP0410,38,4.95,Rất hài lòng
KS_01521,KT_HP0411,42,4.37,Hài lòng
KS_01522,KT_HP0412,38,4.91,Rất hài lòng
KS_01523,KT_HP0413,73,4.13,Hài lòng
KS_01524,KT_HP0414,55,4.31,Hài lòng
KS_01525,KT_HP0415,45,4.99,Rất hài lòng
KS_01526,KT_HP0416,60,4.59,Rất hài lòng
KS_01527,KT_HP0417,43,3.70,Bình thường
KS_01528,KT_HP0418,46,4.32,Hài lòng
KS_01529,KT_HP0419,43,3.59,Bình thường
KS_01530,KT_HP0420,62,4.18,Hài lòng
KS_01531,KT_HP0421,57,4.43,Hài lòng
KS_01532,KT_HP0422,54,4.78,Rất hài lòng
KS_01533,KT_HP0423,43,3.42,Bình thường
KS_01534,KT_HP0424,50,4.58,Rất hài lòng
KS_01535,KT_HP0425,60,4.24,Hài lòng
KS_01536,KT_HP0426,33,3.83,Bình thường
KS_01537,KT_HP0427,41,4.83,Rất hài lòng
KS_01538,KT_HP0428,36,4.66,Rất hài lòng
KS_01539,KT_HP0429,62,3.72,Bình thường
KS_01540,KT_HP0430,56,4.68,Rất hài lòng
KS_01541,KT_HP0431,29,3.48,Bình thường
KS_01542,KT_HP0432,63,3.60,Bình thường
KS_01543,KT_HP0433,30,4.53,Rất hài lòng
KS_01544,KT_HP0434,51,4.49,Hài lòng
KS_01545,KT_HP0435,46,4.61,Rất hài lòng
KS_01546,KT_HP0436,65,4.34,Hài lòng
KS_01547,KT_HP0437,40,3.68,Bình thường
KS_01548,KT_HP0438,49,3.57,Bình thường
KS_01549,KT_HP0439,54,4.01,Hài lòng
KS_01550,KT_HP0440,42,4.57,Rất hài lòng
KS_01551,KT_HP0441,46,3.49,Bình thường
KS_01552,KT_HP0442,44,4.45,Hài lòng
KS_01553,KT_HP0443,35,4.09,Hài lòng
KS_01554,KT_HP0444,63,4.39,Hài lòng
KS_01555,KT_HP0445,48,4.22,Hài lòng
KS_01556,KT_HP0446,44,3.78,Bình thường
KS_01557,KT_HP0447,42,4.70,Rất hài lòng
KS_01558,KT_HP0448,31,4.30,Hài lòng
KS_01559,KT_HP0449,45,4.10,Hài lòng
KS_01560,KT_HP0450,32,4.25,Hài lòng
KS_01561,KT_HP0451,54,4.88,Rất hài lòng
KS_01562,KT_HP0452,46,4.54,Rất hài lòng
KS_01563,KT_HP0453,59,4.85,Rất hài lòng
KS_01564,KT_HP0454,47,3.74,Bình thường
KS_01565,KT_HP0455,37,4.58,Rất hài lòng
KS_01566,KT_HP0456,54,4.84,Rất hài lòng
KS_01567,KT_HP0457,49,3.21,Bình thường
KS_01568,KT_HP0458,50,3.47,Bình thường
KS_01569,KT_HP0459,43,3.70,Bình thường
KS_01570,KT_HP0460,32,4.89,Rất hài lòng
KS_01571,KT_HP0461,41,4.67,Rất hài lòng
KS_01572,KT_HP0462,46,4.90,Rất hài lòng
KS_01573,KT_HP0463,46,5.00,Rất hài lòng
KS_01574,KT_HP0464,58,3.99,Bình thường
KS_01575,KT_HP0465,52,4.55,Rất hài lòng
KS_01576,KT_HP0466,68,4.61,Rất hài lòng
KS_01577,KT_HP0467,73,4.50,Rất hài lòng
KS_01578,KT_HP0468,41,3.28,Bình thường
KS_01579,KT_HP0469,59,3.30,Bình thường
KS_01580,KT_HP0470,64,3.46,Bình thường
KS_01581,KT_HP0471,45,3.51,Bình thường
KS_01582,KT_HP0472,60,3.68,Bình thường
KS_01583,KT_HP0473,49,4.13,Hài lòng
KS_01584,KT_HP0474,67,4.66,Rất hài lòng
KS_01585,KT_HP0475,64,4.32,Hài lòng
KS_01586,KT_HP0476,36,4.14,Hài lòng
KS_01587,KT_HP0477,53,3.51,Bình thường
KS_01588,KT_HP0478,38,3.74,Bình thường
KS_01589,KT_HP0479,36,4.84,Rất hài lòng
KS_01590,KT_HP0480,47,3.35,Bình thường
KS_01591,KT_HP0481,51,4.28,Hài lòng
KS_01592,KT_HP0482,49,4.79,Rất hài lòng
KS_01593,KT_HP0483,68,4.78,Rất hài lòng
KS_01594,KT_HP0484,47,4.18,Hài lòng
KS_01595,KT_HP0485,41,3.87,Bình thường
KS_01596,KT_HP0486,48,4.63,Rất hài lòng
KS_01597,KT_HP0487,46,4.69,Rất hài lòng
KS_01598,KT_HP0488,54,4.26,Hài lòng
KS_01599,KT_HP0489,50,4.05,Hài lòng
KS_01600,KT_HP0490,42,4.04,Hài lòng
KS_01601,KT_HP0491,57,4.42,Hài lòng
KS_01602,KT_HP0492,61,4.03,Hài lòng
KS_01603,KT_HP0493,57,3.54,Bình thường
KS_01604,KT_HP0494,53,4.36,Hài lòng
KS_01605,KT_HP0495,51,4.56,Rất hài lòng
KS_01606,KT_HP0496,70,4.12,Hài lòng
KS_01607,KT_HP0497,48,4.20,Hài lòng
KS_01608,KT_HP0498,40,4.63,Rất hài lòng
KS_01609,KT_HP0499,55,5.00,Rất hài lòng
KS_01610,KT_HP0500,72,3.73,Bình thường
KS_01611,KT_HP0501,40,4.39,Hài lòng
KS_01612,KT_HP0502,39,4.86,Rất hài lòng
KS_01613,KT_HP0503,44,5.00,Rất hài lòng
KS_01614,KT_HP0504,60,4.55,Rất hài lòng
KS_01615,KT_HP0505,52,4.14,Hài lòng
KS_01616,KT_HP0506,33,4.41,Hài lòng
KS_01617,KT_HP0507,43,4.87,Rất hài lòng
KS_01618,KT_HP0508,48,3.24,Bình thường
KS_01619,KT_HP0509,50,3.88,Bình thường
KS_01620,KT_HP0510,48,4.46,Hài lòng
KS_01621,KT_HP0511,60,3.92,Bình thường
KS_01622,KT_HP0512,45,4.70,Rất hài lòng
KS_01623,KT_HP0513,33,3.63,Bình thường
KS_01624,KT_HP0514,54,4.33,Hài lòng
KS_01625,KT_HP0515,61,4.71,Rất hài lòng
KS_01626,KT_HP0516,59,4.90,Rất hài lòng
KS_01627,KT_HP0517,57,4.90,Rất hài lòng
KS_01628,KT_HP0518,30,4.87,Rất hài lòng
KS_01629,KT_HP0519,59,4.63,Rất hài lòng
KS_01630,KT_HP0520,33,4.87,Rất hài lòng
KS_01631,KT_HP0521,37,4.81,Rất hài lòng
KS_01632,KT_HP0522,61,4.20,Hài lòng
KS_01633,KT_HP0523,66,3.92,Bình thường
KS_01634,KT_HP0524,42,4.23,Hài lòng
KS_01635,KT_HP0525,43,4.66,Rất hài lòng
KS_01636,KT_HP0526,49,4.74,Rất hài lòng
KS_01637,KT_HP0527,38,4.67,Rất hài lòng
KS_01638,KT_HP0528,59,3.58,Bình thường
KS_01639,KT_HP0529,34,4.56,Rất hài lòng
KS_01640,KT_HP0530,49,3.84,Bình thường
KS_01641,KT_HP0531,36,4.87,Rất hài lòng
KS_01642,KT_HP0532,36,4.28,Hài lòng
KS_01643,KT_HP0533,48,3.59,Bình thường
KS_01644,KT_HP0534,66,4.30,Hài lòng
KS_01645,KT_HP0535,68,4.90,Rất hài lòng
KS_01646,KT_HP0536,67,4.54,Rất hài lòng
KS_01647,KT_HP0537,29,4.04,Hài lòng
KS_01648,KT_HP0538,54,4.32,Hài lòng
KS_01649,KT_HP0539,57,3.73,Bình thường
KS_01650,KT_HP0540,75,3.52,Bình thường
KS_01651,KT_HP0541,44,4.01,Hài lòng
KS_01652,KT_HP0542,41,4.49,Hài lòng
KS_01653,KT_HP0543,40,4.81,Rất hài lòng
KS_01654,KT_HP0544,40,4.62,Rất hài lòng
KS_01655,KT_HP0545,59,3.86,Bình thường
KS_01656,KT_HP0546,65,3.24,Bình thường
KS_01657,KT_HP0547,58,4.63,Rất hài lòng
KS_01658,KT_HP0548,73,3.91,Bình thường
KS_01659,KT_HP0549,41,4.95,Rất hài lòng
KS_01660,KT_HP0550,28,4.97,Rất hài lòng
KS_01661,KT_HP0551,70,4.61,Rất hài lòng
KS_01662,KT_HP0552,37,4.17,Hài lòng
KS_01663,KT_HP0553,42,4.28,Hài lòng
KS_01664,KT_HP0554,61,4.65,Rất hài lòng
KS_01665,KT_HP0555,70,4.38,Hài lòng
KS_01666,KT_HP0556,75,4.35,Hài lòng
KS_01667,KT_HP0557,61,4.92,Rất hài lòng
KS_01668,KT_HP0558,66,4.64,Rất hài lòng
KS_01669,KT_HP0559,38,4.29,Hài lòng
KS_01670,KT_HP0560,37,4.53,Rất hài lòng
KS_01671,KT_HP0561,66,4.77,Rất hài lòng
KS_01672,KT_HP0562,65,4.65,Rất hài lòng
KS_01673,KT_HP0563,37,4.39,Hài lòng
KS_01674,KT_HP0564,29,4.98,Rất hài lòng
KS_01675,KT_HP0565,48,4.86,Rất hài lòng
KS_01676,KT_HP0566,35,4.46,Hài lòng
KS_01677,KT_HP0567,32,4.78,Rất hài lòng
KS_01678,KT_HP0568,69,3.26,Bình thường
KS_01679,KT_HP0569,45,4.85,Rất hài lòng
KS_01680,KT_HP0570,33,4.97,Rất hài lòng
KS_01681,KT_HP0571,70,3.49,Bình thường
KS_01682,KT_HP0572,55,4.24,Hài lòng
KS_01683,KT_HP0573,56,4.95,Rất hài lòng
KS_01684,KT_HP0574,33,4.91,Rất hài lòng
KS_01685,KT_HP0575,55,3.29,Bình thường
KS_01686,KT_HP0576,54,4.66,Rất hài lòng
KS_01687,KT_HP0577,66,3.47,Bình thường
KS_01688,KT_HP0578,45,3.38,Bình thường
KS_01689,KT_HP0579,34,4.91,Rất hài lòng
KS_01690,KT_HP0580,35,4.29,Hài lòng
KS_01691,KT_HP0581,55,4.70,Rất hài lòng
KS_01692,KT_HP0582,44,4.90,Rất hài lòng
KS_01693,KT_HP0583,45,4.00,Hài lòng
KS_01694,KT_HP0584,34,3.47,Bình thường
KS_01695,KT_HP0585,71,4.12,Hài lòng
KS_01696,KT_HP0586,46,4.27,Hài lòng
KS_01697,KT_HP0587,60,3.53,Bình thường
KS_01698,KT_HP0588,33,4.97,Rất hài lòng
KS_01699,KT_HP0589,64,3.34,Bình thường
KS_01700,KT_HP0590,52,4.74,Rất hài lòng
KS_01701,KT_HP0591,71,3.52,Bình thường
KS_01702,KT_HP0592,62,4.23,Hài lòng
KS_01703,KT_HP0593,27,3.69,Bình thường
KS_01704,KT_HP0594,61,4.17,Hài lòng
KS_01705,KT_HP0595,57,4.82,Rất hài lòng
KS_01706,KT_HP0596,38,4.93,Rất hài lòng
KS_01707,KT_HP0597,51,4.55,Rất hài lòng
KS_01708,KT_HP0598,31,4.40,Hài lòng
KS_01709,KT_HP0599,45,4.93,Rất hài lòng
KS_01710,KT_HP0600,34,4.83,Rất hài lòng
KS_01711,KT_HP0601,60,4.85,Rất hài lòng
KS_01712,KT_HP0602,27,4.72,Rất hài lòng
KS_01713,KT_HP0603,55,4.08,Hài lòng
KS_01714,KT_HP0604,39,4.08,Hài lòng
KS_01715,KT_HP0605,66,4.60,Rất hài lòng
KS_01716,KT_HP0606,50,4.06,Hài lòng
KS_01717,KT_HP0607,53,3.77,Bình thường
KS_01718,KT_HP0608,49,4.20,Hài lòng
KS_01719,KT_HP0609,41,4.19,Hài lòng
KS_01720,KT_HP0610,56,4.96,Rất hài lòng
KS_01721,KT_HP0611,29,3.36,Bình thường
KS_01722,KT_HP0612,59,4.66,Rất hài lòng
KS_01723,KT_HP0613,45,4.11,Hài lòng
KS_01724,KT_HP0614,57,4.53,Rất hài lòng
KS_01725,KT_HP0615,34,4.77,Rất hài lòng
KS_01726,KT_HP0616,48,4.77,Rất hài lòng
KS_01727,KT_HP0617,60,3.81,Bình thường
KS_01728,KT_HP0618,58,4.51,Rất hài lòng
KS_01729,KT_HP0619,50,4.75,Rất hài lòng
KS_01730,KT_HP0620,58,4.58,Rất hài lòng
KS_01731,KT_HP0621,67,4.99,Rất hài lòng
KS_01732,KT_HP0622,63,4.55,Rất hài lòng
KS_01733,KT_HP0623,50,4.35,Hài lòng
KS_01734,KT_HP0624,33,4.61,Rất hài lòng
KS_01735,KT_HP0625,45,4.50,Rất hài lòng
KS_01736,KT_HP0626,41,4.98,Rất hài lòng
KS_01737,KT_HP0627,32,4.75,Rất hài lòng
KS_01738,KT_HP0628,66,4.93,Rất hài lòng
KS_01739,KT_HP0629,65,4.70,Rất hài lòng
KS_01740,KT_HP0630,50,3.59,Bình thường
KS_01741,KT_HP0631,34,4.27,Hài lòng
KS_01742,KT_HP0632,43,4.80,Rất hài lòng
KS_01743,KT_HP0633,66,3.51,Bình thường
KS_01744,KT_HP0634,51,4.67,Rất hài lòng
KS_01745,KT_HP0635,33,4.61,Rất hài lòng
KS_01746,KT_HP0636,53,4.81,Rất hài lòng
KS_01747,KT_HP0637,73,4.68,Rất hài lòng
KS_01748,KT_HP0638,47,4.99,Rất hài lòng
KS_01749,KT_HP0639,43,3.94,Bình thường
KS_01750,KT_HP0640,66,4.26,Hài lòng
KS_01751,KT_HP0641,46,4.35,Hài lòng
KS_01752,KT_HP0642,55,3.46,Bình thường
KS_01753,KT_HP0643,43,4.83,Rất hài lòng
KS_01754,KT_HP0644,60,4.67,Rất hài lòng
KS_01755,KT_HP0645,73,4.64,Rất hài lòng
KS_01756,KT_HP0646,46,3.74,Bình thường
KS_01757,KT_HP0647,56,3.93,Bình thường
KS_01758,KT_HP0648,73,3.36,Bình thường
KS_01759,KT_HP0649,32,4.57,Rất hài lòng
KS_01760,KT_HP0650,34,4.66,Rất hài lòng
KS_01761,KT_HP0651,40,4.52,Rất hài lòng
KS_01762,KT_HP0652,69,4.32,Hài lòng
KS_01763,KT_HP0653,54,4.81,Rất hài lòng
KS_01764,KT_HP0654,61,4.72,Rất hài lòng
KS_01765,KT_HP0655,36,3.95,Bình thường
KS_01766,KT_HP0656,34,4.93,Rất hài lòng
KS_01767,KT_HP0657,53,4.82,Rất hài lòng
KS_01768,KT_HP0658,29,4.96,Rất hài lòng
KS_01769,KT_HP0659,32,3.89,Bình thường
KS_01770,KT_HP0660,43,4.91,Rất hài lòng
KS_01771,KT_HP0661,53,3.85,Bình thường
KS_01772,KT_HP0662,33,4.70,Rất hài lòng
KS_01773,KT_HP0663,51,4.43,Hài lòng
KS_01774,KT_HP0664,49,4.76,Rất hài lòng
KS_01775,KT_HP0665,47,4.73,Rất hài lòng
KS_01776,KT_HP0666,31,4.06,Hài lòng
KS_01777,KT_HP0667,37,3.51,Bình thường
KS_01778,KT_HP0668,53,4.95,Rất hài lòng
KS_01779,KT_HP0669,40,4.79,Rất hài lòng
KS_01780,KT_HP0670,57,3.98,Bình thường
KS_01781,KT_HP0671,40,4.85,Rất hài lòng
KS_01782,KT_HP0672,37,4.86,Rất hài lòng
KS_01783,KT_HP0673,30,3.21,Bình thường
KS_01784,KT_HP0674,47,4.44,Hài lòng
KS_01785,KT_HP0675,46,3.88,Bình thường
KS_01786,KT_HP0676,63,4.99,Rất hài lòng
KS_01787,KT_HP0677,61,3.50,Bình thường
KS_01788,KT_HP0678,44,4.78,Rất hài lòng
KS_01789,KT_HP0679,45,4.79,Rất hài lòng
KS_01790,KT_HP0680,50,4.91,Rất hài lòng
KS_01791,KT_HP0681,46,4.41,Hài lòng
KS_01792,KT_HP0682,62,4.87,Rất hài lòng
KS_01793,KT_HP0683,61,4.52,Rất hài lòng
KS_01794,KT_HP0684,62,4.66,Rất hài lòng
KS_01795,KT_HP0685,37,4.21,Hài lòng
KS_01796,KT_HP0686,64,4.32,Hài lòng
KS_01797,KT_HP0687,71,4.72,Rất hài lòng
KS_01798,KT_HP0688,48,4.41,Hài lòng
KS_01799,KT_HP0689,31,4.84,Rất hài lòng
KS_01800,KT_HP0690,31,4.42,Hài lòng
KS_01801,KT_HP0691,44,4.82,Rất hài lòng
KS_01802,KT_HP0692,28,4.41,Hài lòng
KS_01803,KT_HP0693,73,4.87,Rất hài lòng
KS_01804,KT_HP0694,32,4.21,Hài lòng
KS_01805,KT_HP0695,33,4.64,Rất hài lòng
KS_01806,KT_HP0696,52,4.56,Rất hài lòng
KS_01807,KT_HP0697,64,4.65,Rất hài lòng
KS_01808,KT_HP0698,70,4.86,Rất hài lòng
KS_01809,KT_HP0699,35,3.95,Bình thường
KS_01810,KT_HP0700,42,4.62,Rất hài lòng
KS_01811,KT_HP0701,68,4.19,Hài lòng
KS_01812,KT_HP0702,48,4.32,Hài lòng
KS_01813,KT_HP0703,55,4.04,Hài lòng
KS_01814,KT_HP0704,52,4.44,Hài lòng
KS_01815,KT_HP0705,60,4.84,Rất hài lòng
KS_01816,KT_HP0706,31,3.40,Bình thường
KS_01817,KT_HP0707,51,3.39,Bình thường
KS_01818,KT_HP0708,32,3.40,Bình thường
KS_01819,KT_HP0709,57,4.03,Hài lòng
KS_01820,KT_HP0710,69,4.00,Hài lòng
KS_01821,KT_HP0711,37,4.14,Hài lòng
KS_01822,KT_HP0712,62,4.69,Rất hài lòng
KS_01823,CNTT_HP0001,48,4.36,Hài lòng
KS_01824,CNTT_HP0002,65,4.91,Rất hài lòng
KS_01825,CNTT_HP0003,29,4.66,Rất hài lòng
KS_01826,CNTT_HP0004,72,3.87,Bình thường
KS_01827,CNTT_HP0005,37,4.54,Rất hài lòng
KS_01828,CNTT_HP0006,39,4.11,Hài lòng
KS_01829,CNTT_HP0007,49,4.42,Hài lòng
KS_01830,CNTT_HP0008,55,4.69,Rất hài lòng
KS_01831,CNTT_HP0009,69,4.90,Rất hài lòng
KS_01832,CNTT_HP0010,29,3.21,Bình thường
KS_01833,CNTT_HP0011,46,4.62,Rất hài lòng
KS_01834,CNTT_HP0012,53,3.94,Bình thường
KS_01835,CNTT_HP0013,66,4.06,Hài lòng
KS_01836,CNTT_HP0014,65,3.71,Bình thường
KS_01837,CNTT_HP0015,60,4.77,Rất hài lòng
KS_01838,CNTT_HP0016,62,4.86,Rất hài lòng
KS_01839,CNTT_HP0017,56,4.94,Rất hài lòng
KS_01840,CNTT_HP0018,40,4.91,Rất hài lòng
KS_01841,CNTT_HP0019,40,4.52,Rất hài lòng
KS_01842,CNTT_HP0020,71,4.75,Rất hài lòng
KS_01843,CNTT_HP0021,51,4.65,Rất hài lòng
KS_01844,CNTT_HP0022,58,4.89,Rất hài lòng
KS_01845,CNTT_HP0023,52,3.94,Bình thường
KS_01846,CNTT_HP0024,31,3.99,Bình thường
KS_01847,CNTT_HP0025,50,4.98,Rất hài lòng
KS_01848,CNTT_HP0026,33,4.82,Rất hài lòng
KS_01849,CNTT_HP0027,37,4.43,Hài lòng
KS_01850,CNTT_HP0028,45,4.21,Hài lòng
KS_01851,CNTT_HP0029,33,3.92,Bình thường
KS_01852,CNTT_HP0030,38,3.49,Bình thường
KS_01853,CNTT_HP0031,50,4.82,Rất hài lòng
KS_01854,CNTT_HP0032,37,4.48,Hài lòng
KS_01855,CNTT_HP0033,40,4.69,Rất hài lòng
KS_01856,CNTT_HP0034,47,3.52,Bình thường
KS_01857,CNTT_HP0035,63,4.75,Rất hài lòng
KS_01858,CNTT_HP0036,50,4.47,Hài lòng
KS_01859,CNTT_HP0037,47,4.21,Hài lòng
KS_01860,CNTT_HP0038,40,4.46,Hài lòng
KS_01861,CNTT_HP0039,28,4.70,Rất hài lòng
KS_01862,CNTT_HP0040,33,4.97,Rất hài lòng
KS_01863,CNTT_HP0041,37,4.77,Rất hài lòng
KS_01864,CNTT_HP0042,64,3.70,Bình thường
KS_01865,CNTT_HP0043,61,4.82,Rất hài lòng
KS_01866,CNTT_HP0044,34,4.65,Rất hài lòng
KS_01867,CNTT_HP0045,30,4.24,Hài lòng
KS_01868,CNTT_HP0046,33,4.88,Rất hài lòng
KS_01869,CNTT_HP0047,30,4.83,Rất hài lòng
KS_01870,CNTT_HP0048,48,3.43,Bình thường
KS_01871,CNTT_HP0049,71,4.35,Hài lòng
KS_01872,CNTT_HP0050,34,5.00,Rất hài lòng
KS_01873,CNTT_HP0051,35,5.00,Rất hài lòng
KS_01874,CNTT_HP0052,34,3.76,Bình thường
KS_01875,CNTT_HP0053,55,3.66,Bình thường
KS_01876,CNTT_HP0054,69,4.18,Hài lòng
KS_01877,CNTT_HP0055,38,3.96,Bình thường
KS_01878,CNTT_HP0056,59,4.61,Rất hài lòng
KS_01879,CNTT_HP0057,38,4.66,Rất hài lòng
KS_01880,CNTT_HP0058,42,4.39,Hài lòng
KS_01881,CNTT_HP0059,60,4.83,Rất hài lòng
KS_01882,CNTT_HP0060,64,3.87,Bình thường
KS_01883,CNTT_HP0061,34,4.41,Hài lòng
KS_01884,CNTT_HP0062,32,3.82,Bình thường
KS_01885,CNTT_HP0063,33,4.57,Rất hài lòng
KS_01886,CNTT_HP0064,33,4.38,Hài lòng
KS_01887,CNTT_HP0065,30,4.95,Rất hài lòng
KS_01888,CNTT_HP0066,65,4.91,Rất hài lòng
KS_01889,CNTT_HP0067,35,4.79,Rất hài lòng
KS_01890,CNTT_HP0068,34,4.89,Rất hài lòng
KS_01891,CNTT_HP0069,43,4.14,Hài lòng
KS_01892,CNTT_HP0070,56,4.51,Rất hài lòng
KS_01893,CNTT_HP0071,36,4.65,Rất hài lòng
KS_01894,CNTT_HP0072,38,4.85,Rất hài lòng
KS_01895,CNTT_HP0073,44,3.77,Bình thường
KS_01896,CNTT_HP0074,49,4.88,Rất hài lòng
KS_01897,CNTT_HP0075,41,3.99,Bình thường
KS_01898,CNTT_HP0076,53,4.67,Rất hài lòng
KS_01899,CNTT_HP0077,61,4.08,Hài lòng
KS_01900,CNTT_HP0078,65,4.38,Hài lòng
KS_01901,CNTT_HP0079,72,4.73,Rất hài lòng
KS_01902,CNTT_HP0080,70,3.35,Bình thường
KS_01903,CNTT_HP0081,59,4.91,Rất hài lòng
KS_01904,CNTT_HP0082,51,4.96,Rất hài lòng
KS_01905,CNTT_HP0083,65,4.38,Hài lòng
KS_01906,CNTT_HP0084,64,3.68,Bình thường
KS_01907,CNTT_HP0085,38,4.59,Rất hài lòng
KS_01908,CNTT_HP0086,65,4.14,Hài lòng
KS_01909,CNTT_HP0087,34,4.25,Hài lòng
KS_01910,CNTT_HP0088,46,4.81,Rất hài lòng
KS_01911,CNTT_HP0089,35,4.67,Rất hài lòng
KS_01912,CNTT_HP0090,51,4.55,Rất hài lòng
KS_01913,CNTT_HP0091,60,4.97,Rất hài lòng
KS_01914,CNTT_HP0092,34,4.91,Rất hài lòng
KS_01915,CNTT_HP0093,58,5.00,Rất hài lòng
KS_01916,CNTT_HP0094,62,4.88,Rất hài lòng
KS_01917,CNTT_HP0095,49,3.94,Bình thường
KS_01918,CNTT_HP0096,31,4.37,Hài lòng
KS_01919,CNTT_HP0097,42,3.50,Bình thường
KS_01920,CNTT_HP0098,70,3.44,Bình thường
KS_01921,CNTT_HP0099,61,4.96,Rất hài lòng
KS_01922,CNTT_HP0100,73,4.76,Rất hài lòng
KS_01923,CNTT_HP0101,33,3.72,Bình thường
KS_01924,CNTT_HP0102,44,4.05,Hài lòng
KS_01925,CNTT_HP0103,29,4.35,Hài lòng
KS_01926,CNTT_HP0104,55,3.76,Bình thường
KS_01927,CNTT_HP0105,63,4.38,Hài lòng
KS_01928,CNTT_HP0106,57,4.85,Rất hài lòng
KS_01929,CNTT_HP0107,36,4.67,Rất hài lòng
KS_01930,CNTT_HP0108,33,4.95,Rất hài lòng
KS_01931,CNTT_HP0109,36,4.95,Rất hài lòng
KS_01932,CNTT_HP0110,29,4.48,Hài lòng
KS_01933,CNTT_HP0111,32,3.58,Bình thường
KS_01934,CNTT_HP0112,59,4.99,Rất hài lòng
KS_01935,CNTT_HP0113,53,3.62,Bình thường
KS_01936,CNTT_HP0114,37,4.31,Hài lòng
KS_01937,CNTT_HP0115,46,4.70,Rất hài lòng
KS_01938,CNTT_HP0116,56,3.56,Bình thường
KS_01939,CNTT_HP0117,56,4.00,Hài lòng
KS_01940,CNTT_HP0118,49,3.64,Bình thường
KS_01941,CNTT_HP0119,62,3.81,Bình thường
KS_01942,CNTT_HP0120,57,3.83,Bình thường
KS_01943,CNTT_HP0121,60,4.11,Hài lòng
KS_01944,CNTT_HP0122,70,4.76,Rất hài lòng
KS_01945,CNTT_HP0123,34,4.20,Hài lòng
KS_01946,CNTT_HP0124,33,4.86,Rất hài lòng
KS_01947,CNTT_HP0125,58,4.67,Rất hài lòng
KS_01948,CNTT_HP0126,34,4.84,Rất hài lòng
KS_01949,CNTT_HP0127,49,4.86,Rất hài lòng
KS_01950,CNTT_HP0128,38,4.92,Rất hài lòng
KS_01951,CNTT_HP0129,58,4.24,Hài lòng
KS_01952,CNTT_HP0130,28,4.69,Rất hài lòng
KS_01953,CNTT_HP0131,41,3.41,Bình thường
KS_01954,CNTT_HP0132,63,4.94,Rất hài lòng
KS_01955,CNTT_HP0133,68,4.38,Hài lòng
KS_01956,CNTT_HP0134,44,3.82,Bình thường
KS_01957,CNTT_HP0135,40,3.64,Bình thường
KS_01958,CNTT_HP0136,56,3.61,Bình thường
KS_01959,CNTT_HP0137,39,4.97,Rất hài lòng
KS_01960,CNTT_HP0138,32,4.71,Rất hài lòng
KS_01961,CNTT_HP0139,61,4.92,Rất hài lòng
KS_01962,CNTT_HP0140,37,4.74,Rất hài lòng
KS_01963,CNTT_HP0141,69,4.88,Rất hài lòng
KS_01964,CNTT_HP0142,32,4.37,Hài lòng
KS_01965,CNTT_HP0143,37,3.86,Bình thường
KS_01966,CNTT_HP0144,59,4.06,Hài lòng
KS_01967,CNTT_HP0145,44,4.87,Rất hài lòng
KS_01968,CNTT_HP0146,55,4.93,Rất hài lòng
KS_01969,CNTT_HP0147,34,4.88,Rất hài lòng
KS_01970,CNTT_HP0148,70,3.82,Bình thường
KS_01971,CNTT_HP0149,41,4.18,Hài lòng
KS_01972,CNTT_HP0150,37,4.45,Hài lòng
KS_01973,CNTT_HP0151,55,4.82,Rất hài lòng
KS_01974,CNTT_HP0152,45,4.32,Hài lòng
KS_01975,CNTT_HP0153,53,4.30,Hài lòng
KS_01976,CNTT_HP0154,41,4.27,Hài lòng
KS_01977,CNTT_HP0155,30,4.28,Hài lòng
KS_01978,CNTT_HP0156,38,4.22,Hài lòng
KS_01979,CNTT_HP0157,47,4.27,Hài lòng
KS_01980,CNTT_HP0158,48,4.90,Rất hài lòng
KS_01981,CNTT_HP0159,33,4.98,Rất hài lòng
KS_01982,CNTT_HP0160,46,4.07,Hài lòng
KS_01983,CNTT_HP0161,62,4.36,Hài lòng
KS_01984,CNTT_HP0162,37,3.60,Bình thường
KS_01985,CNTT_HP0163,59,4.46,Hài lòng
KS_01986,CNTT_HP0164,69,4.11,Hài lòng
KS_01987,CNTT_HP0165,67,4.97,Rất hài lòng
KS_01988,CNTT_HP0166,36,4.82,Rất hài lòng
KS_01989,CNTT_HP0167,42,4.46,Hài lòng
KS_01990,CNTT_HP0168,46,3.81,Bình thường
KS_01991,CNTT_HP0169,45,4.62,Rất hài lòng
KS_01992,CNTT_HP0170,33,3.72,Bình thường
KS_01993,CNTT_HP0171,47,3.67,Bình thường
KS_01994,CNTT_HP0172,44,4.40,Hài lòng
KS_01995,CNTT_HP0173,74,3.37,Bình thường
KS_01996,CNTT_HP0174,39,4.17,Hài lòng
KS_01997,CNTT_HP0175,56,3.55,Bình thường
KS_01998,CNTT_HP0176,53,4.87,Rất hài lòng
KS_01999,CNTT_HP0177,62,4.67,Rất hài lòng
KS_02000,CNTT_HP0178,43,4.03,Hài lòng
KS_02001,CNTT_HP0179,56,3.47,Bình thường
KS_02002,CNTT_HP0180,55,4.23,Hài lòng
KS_02003,CNTT_HP0181,38,3.95,Bình thường
KS_02004,CNTT_HP0182,59,3.40,Bình thường
KS_02005,CNTT_HP0183,41,4.10,Hài lòng
KS_02006,CNTT_HP0184,42,3.97,Bình thường
KS_02007,CNTT_HP0185,32,4.88,Rất hài lòng
KS_02008,CNTT_HP0186,31,4.67,Rất hài lòng
KS_02009,CNTT_HP0187,31,4.25,Hài lòng
KS_02010,CNTT_HP0188,62,4.73,Rất hài lòng
KS_02011,CNTT_HP0189,61,3.36,Bình thường
KS_02012,CNTT_HP0190,39,4.31,Hài lòng
KS_02013,CNTT_HP0191,49,4.28,Hài lòng
KS_02014,CNTT_HP0192,67,4.46,Hài lòng
KS_02015,CNTT_HP0193,58,4.84,Rất hài lòng
KS_02016,CNTT_HP0194,60,3.73,Bình thường
KS_02017,CNTT_HP0195,57,4.70,Rất hài lòng
KS_02018,CNTT_HP0196,64,3.95,Bình thường
KS_02019,CNTT_HP0197,34,4.60,Rất hài lòng
KS_02020,CNTT_HP0198,63,4.36,Hài lòng
KS_02021,CNTT_HP0199,59,4.56,Rất hài lòng
KS_02022,CNTT_HP0200,45,4.16,Hài lòng
KS_02023,CNTT_HP0201,57,4.85,Rất hài lòng
KS_02024,CNTT_HP0202,61,4.69,Rất hài lòng
KS_02025,CNTT_HP0203,47,4.83,Rất hài lòng
KS_02026,CNTT_HP0204,55,4.94,Rất hài lòng
KS_02027,CNTT_HP0205,37,4.44,Hài lòng
KS_02028,CNTT_HP0206,53,4.86,Rất hài lòng
KS_02029,CNTT_HP0207,40,4.67,Rất hài lòng
KS_02030,CNTT_HP0208,58,4.52,Rất hài lòng
KS_02031,CNTT_HP0209,38,4.85,Rất hài lòng
KS_02032,CNTT_HP0210,40,3.71,Bình thường
KS_02033,CNTT_HP0211,57,4.84,Rất hài lòng
KS_02034,CNTT_HP0212,61,4.43,Hài lòng
KS_02035,CNTT_HP0213,50,4.73,Rất hài lòng
KS_02036,CNTT_HP0214,56,4.54,Rất hài lòng
KS_02037,CNTT_HP0215,38,4.26,Hài lòng
KS_02038,CNTT_HP0216,33,4.56,Rất hài lòng
KS_02039,CNTT_HP0217,52,3.64,Bình thường
KS_02040,CNTT_HP0218,44,4.80,Rất hài lòng
KS_02041,CNTT_HP0219,38,4.71,Rất hài lòng
KS_02042,CNTT_HP0220,67,4.82,Rất hài lòng
KS_02043,CNTT_HP0221,32,4.60,Rất hài lòng
KS_02044,CNTT_HP0222,55,4.24,Hài lòng
KS_02045,CNTT_HP0223,54,4.90,Rất hài lòng
KS_02046,CNTT_HP0224,31,4.91,Rất hài lòng
KS_02047,CNTT_HP0225,56,4.08,Hài lòng
KS_02048,CNTT_HP0226,45,4.25,Hài lòng
KS_02049,CNTT_HP0227,37,4.56,Rất hài lòng
KS_02050,CNTT_HP0228,63,3.53,Bình thường
KS_02051,CNTT_HP0229,38,4.97,Rất hài lòng
KS_02052,CNTT_HP0230,56,4.36,Hài lòng
KS_02053,CNTT_HP0231,55,4.89,Rất hài lòng
KS_02054,CNTT_HP0232,46,4.69,Rất hài lòng
KS_02055,CNTT_HP0233,68,3.51,Bình thường
KS_02056,CNTT_HP0234,49,4.61,Rất hài lòng
KS_02057,CNTT_HP0235,54,4.92,Rất hài lòng
KS_02058,CNTT_HP0236,41,4.29,Hài lòng
KS_02059,CNTT_HP0237,34,4.83,Rất hài lòng
KS_02060,CNTT_HP0238,71,4.10,Hài lòng
KS_02061,CNTT_HP0239,61,5.00,Rất hài lòng
KS_02062,CNTT_HP0240,50,3.96,Bình thường
KS_02063,CNTT_HP0241,34,4.22,Hài lòng
KS_02064,CNTT_HP0242,62,3.31,Bình thường
KS_02065,CNTT_HP0243,29,3.99,Bình thường
KS_02066,CNTT_HP0244,41,4.66,Rất hài lòng
KS_02067,CNTT_HP0245,47,3.88,Bình thường
KS_02068,CNTT_HP0246,49,4.99,Rất hài lòng
KS_02069,CNTT_HP0247,40,4.18,Hài lòng
KS_02070,CNTT_HP0248,64,4.59,Rất hài lòng
KS_02071,CNTT_HP0249,31,3.94,Bình thường
KS_02072,CNTT_HP0250,32,5.00,Rất hài lòng
KS_02073,CNTT_HP0251,50,4.95,Rất hài lòng
KS_02074,CNTT_HP0252,74,4.27,Hài lòng
KS_02075,CNTT_HP0253,59,4.61,Rất hài lòng
KS_02076,CNTT_HP0254,51,4.25,Hài lòng
KS_02077,CNTT_HP0255,51,4.00,Hài lòng
KS_02078,CNTT_HP0256,63,4.93,Rất hài lòng
KS_02079,CNTT_HP0257,50,4.88,Rất hài lòng
KS_02080,CNTT_HP0258,48,4.27,Hài lòng
KS_02081,CNTT_HP0259,36,4.04,Hài lòng
KS_02082,CNTT_HP0260,44,4.47,Hài lòng
KS_02083,CNTT_HP0261,35,4.90,Rất hài lòng
KS_02084,CNTT_HP0262,41,4.90,Rất hài lòng
KS_02085,CNTT_HP0263,61,4.64,Rất hài lòng
KS_02086,CNTT_HP0264,38,4.38,Hài lòng
KS_02087,CNTT_HP0265,35,4.87,Rất hài lòng
KS_02088,CNTT_HP0266,47,4.56,Rất hài lòng
KS_02089,CNTT_HP0267,55,4.86,Rất hài lòng
KS_02090,CNTT_HP0268,39,4.99,Rất hài lòng
KS_02091,CNTT_HP0269,32,4.19,Hài lòng
KS_02092,CNTT_HP0270,61,3.64,Bình thường
KS_02093,CNTT_HP0271,52,4.81,Rất hài lòng
KS_02094,CNTT_HP0272,31,3.67,Bình thường
KS_02095,CNTT_HP0273,56,3.55,Bình thường
KS_02096,CNTT_HP0274,58,4.67,Rất hài lòng
KS_02097,CNTT_HP0275,34,4.93,Rất hài lòng
KS_02098,CNTT_HP0276,51,4.73,Rất hài lòng
KS_02099,CNTT_HP0277,41,4.09,Hài lòng
KS_02100,CNTT_HP0278,52,3.87,Bình thường
KS_02101,CNTT_HP0279,60,4.86,Rất hài lòng
KS_02102,CNTT_HP0280,49,4.96,Rất hài lòng
KS_02103,CNTT_HP0281,33,4.67,Rất hài lòng
KS_02104,CNTT_HP0282,37,3.70,Bình thường
KS_02105,CNTT_HP0283,35,3.66,Bình thường
KS_02106,CNTT_HP0284,69,4.68,Rất hài lòng
KS_02107,CNTT_HP0285,60,4.54,Rất hài lòng
KS_02108,CNTT_HP0286,51,3.77,Bình thường
KS_02109,CNTT_HP0287,27,4.38,Hài lòng
KS_02110,CNTT_HP0288,54,4.45,Hài lòng
KS_02111,CNTT_HP0289,39,4.73,Rất hài lòng
KS_02112,CNTT_HP0290,35,4.86,Rất hài lòng
KS_02113,CNTT_HP0291,57,4.75,Rất hài lòng
KS_02114,CNTT_HP0292,35,3.56,Bình thường
KS_02115,CNTT_HP0293,54,3.85,Bình thường
KS_02116,CNTT_HP0294,36,4.99,Rất hài lòng
KS_02117,CNTT_HP0295,58,4.25,Hài lòng
KS_02118,CNTT_HP0296,44,4.89,Rất hài lòng
KS_02119,CNTT_HP0297,74,4.85,Rất hài lòng
KS_02120,CNTT_HP0298,57,3.70,Bình thường
KS_02121,CNTT_HP0299,34,3.64,Bình thường
KS_02122,CNTT_HP0300,55,4.61,Rất hài lòng
KS_02123,CNTT_HP0301,36,3.69,Bình thường
KS_02124,CNTT_HP0302,68,3.33,Bình thường
KS_02125,CNTT_HP0303,73,4.91,Rất hài lòng
KS_02126,CNTT_HP0304,31,4.96,Rất hài lòng
KS_02127,CNTT_HP0305,49,4.78,Rất hài lòng
KS_02128,CNTT_HP0306,38,4.13,Hài lòng
KS_02129,CNTT_HP0307,63,4.17,Hài lòng
KS_02130,CNTT_HP0308,42,4.66,Rất hài lòng
KS_02131,CNTT_HP0309,60,3.69,Bình thường
KS_02132,CNTT_HP0310,55,4.40,Hài lòng
KS_02133,CNTT_HP0311,38,4.46,Hài lòng
KS_02134,CNTT_HP0312,46,4.72,Rất hài lòng
KS_02135,CNTT_HP0313,56,4.58,Rất hài lòng
KS_02136,CNTT_HP0314,60,4.54,Rất hài lòng
KS_02137,CNTT_HP0315,35,4.50,Rất hài lòng
KS_02138,CNTT_HP0316,68,4.83,Rất hài lòng
KS_02139,CNTT_HP0317,42,4.61,Rất hài lòng
KS_02140,CNTT_HP0318,40,3.88,Bình thường
KS_02141,CNTT_HP0319,65,3.59,Bình thường
KS_02142,CNTT_HP0320,36,3.99,Bình thường
KS_02143,CNTT_HP0321,35,4.66,Rất hài lòng
KS_02144,CNTT_HP0322,34,3.61,Bình thường
KS_02145,CNTT_HP0323,53,4.76,Rất hài lòng
KS_02146,CNTT_HP0324,59,4.25,Hài lòng
KS_02147,CNTT_HP0325,41,4.68,Rất hài lòng
KS_02148,CNTT_HP0326,48,4.88,Rất hài lòng
KS_02149,CNTT_HP0327,58,4.20,Hài lòng
KS_02150,CNTT_HP0328,57,4.79,Rất hài lòng
KS_02151,CNTT_HP0329,62,4.64,Rất hài lòng
KS_02152,CNTT_HP0330,33,3.61,Bình thường
KS_02153,CNTT_HP0331,63,4.59,Rất hài lòng
KS_02154,CNTT_HP0332,32,4.20,Hài lòng
KS_02155,CNTT_HP0333,52,3.55,Bình thường
KS_02156,CNTT_HP0334,54,3.99,Bình thường
KS_02157,CNTT_HP0335,44,3.44,Bình thường
KS_02158,CNTT_HP0336,49,4.91,Rất hài lòng
KS_02159,CNTT_HP0337,50,4.32,Hài lòng
KS_02160,CNTT_HP0338,29,3.25,Bình thường
KS_02161,CNTT_HP0339,46,4.80,Rất hài lòng
KS_02162,CNTT_HP0340,49,4.49,Hài lòng
KS_02163,CNTT_HP0341,64,4.02,Hài lòng
KS_02164,CNTT_HP0342,59,4.82,Rất hài lòng
KS_02165,CNTT_HP0343,49,4.92,Rất hài lòng
KS_02166,CNTT_HP0344,63,3.96,Bình thường
KS_02167,CNTT_HP0345,53,5.00,Rất hài lòng
KS_02168,CNTT_HP0346,65,4.58,Rất hài lòng
KS_02169,CNTT_HP0347,57,3.88,Bình thường
KS_02170,CNTT_HP0348,67,4.47,Hài lòng
KS_02171,CNTT_HP0349,30,4.97,Rất hài lòng
KS_02172,CNTT_HP0350,56,4.46,Hài lòng
KS_02173,CNTT_HP0351,48,5.00,Rất hài lòng
KS_02174,CNTT_HP0352,54,4.47,Hài lòng
KS_02175,CNTT_HP0353,44,4.74,Rất hài lòng
KS_02176,CNTT_HP0354,29,4.61,Rất hài lòng
KS_02177,CNTT_HP0355,57,4.87,Rất hài lòng
KS_02178,CNTT_HP0356,35,4.61,Rất hài lòng
KS_02179,CNTT_HP0357,60,4.44,Hài lòng
KS_02180,CNTT_HP0358,38,3.44,Bình thường
KS_02181,CNTT_HP0359,60,4.52,Rất hài lòng
KS_02182,CNTT_HP0360,47,4.80,Rất hài lòng
KS_02183,CNTT_HP0361,63,4.32,Hài lòng
KS_02184,CNTT_HP0362,59,4.17,Hài lòng
KS_02185,CNTT_HP0363,36,3.23,Bình thường
KS_02186,CNTT_HP0364,46,4.98,Rất hài lòng
KS_02187,CNTT_HP0365,36,3.71,Bình thường
KS_02188,CNTT_HP0366,46,4.94,Rất hài lòng
KS_02189,CNTT_HP0367,49,4.59,Rất hài lòng
KS_02190,CNTT_HP0368,52,3.26,Bình thường
KS_02191,CNTT_HP0369,46,4.57,Rất hài lòng
KS_02192,CNTT_HP0370,63,4.76,Rất hài lòng
KS_02193,CNTT_HP0371,56,3.90,Bình thường
KS_02194,CNTT_HP0372,49,4.31,Hài lòng
KS_02195,CNTT_HP0373,44,3.57,Bình thường
KS_02196,CNTT_HP0374,32,4.63,Rất hài lòng
KS_02197,CNTT_HP0375,46,3.69,Bình thường
KS_02198,CNTT_HP0376,40,3.58,Bình thường
KS_02199,CNTT_HP0377,44,4.19,Hài lòng
KS_02200,CNTT_HP0378,58,3.43,Bình thường
KS_02201,CNTT_HP0379,60,4.93,Rất hài lòng
KS_02202,CNTT_HP0380,28,4.56,Rất hài lòng
KS_02203,CNTT_HP0381,48,3.88,Bình thường
KS_02204,CNTT_HP0382,65,4.93,Rất hài lòng
KS_02205,CNTT_HP0383,62,4.82,Rất hài lòng
KS_02206,CNTT_HP0384,27,4.62,Rất hài lòng
KS_02207,CNTT_HP0385,46,4.56,Rất hài lòng
KS_02208,CNTT_HP0386,47,4.46,Hài lòng
KS_02209,CNTT_HP0387,57,4.38,Hài lòng
KS_02210,CNTT_HP0388,70,4.70,Rất hài lòng
KS_02211,CNTT_HP0389,40,3.22,Bình thường
KS_02212,CNTT_HP0390,67,3.65,Bình thường
KS_02213,CNTT_HP0391,48,4.49,Hài lòng
KS_02214,CNTT_HP0392,36,3.37,Bình thường
KS_02215,CNTT_HP0393,53,4.60,Rất hài lòng
KS_02216,CNTT_HP0394,59,4.68,Rất hài lòng
KS_02217,CNTT_HP0395,57,4.50,Rất hài lòng
KS_02218,CNTT_HP0396,36,3.52,Bình thường
KS_02219,CNTT_HP0397,60,4.98,Rất hài lòng
KS_02220,CNTT_HP0398,47,4.80,Rất hài lòng
KS_02221,CNTT_HP0399,56,3.57,Bình thường
KS_02222,CNTT_HP0400,38,3.41,Bình thường
KS_02223,CNTT_HP0401,31,4.61,Rất hài lòng
KS_02224,CNTT_HP0402,56,4.70,Rất hài lòng
KS_02225,CNTT_HP0403,36,4.58,Rất hài lòng
KS_02226,CNTT_HP0404,56,4.86,Rất hài lòng
KS_02227,CNTT_HP0405,41,4.57,Rất hài lòng
KS_02228,CNTT_HP0406,60,4.93,Rất hài lòng
KS_02229,CNTT_HP0407,49,4.61,Rất hài lòng
KS_02230,CNTT_HP0408,38,4.13,Hài lòng
KS_02231,CNTT_HP0409,40,4.49,Hài lòng
KS_02232,CNTT_HP0410,35,3.49,Bình thường
KS_02233,CNTT_HP0411,71,4.79,Rất hài lòng
KS_02234,CNTT_HP0412,30,4.99,Rất hài lòng
KS_02235,CNTT_HP0413,41,3.87,Bình thường
KS_02236,CNTT_HP0414,31,3.77,Bình thường
KS_02237,CNTT_HP0415,54,4.17,Hài lòng
KS_02238,CNTT_HP0416,65,4.22,Hài lòng
KS_02239,CNTT_HP0417,57,3.31,Bình thường
KS_02240,CNTT_HP0418,32,4.36,Hài lòng
KS_02241,CNTT_HP0419,48,4.67,Rất hài lòng
KS_02242,CNTT_HP0420,58,4.54,Rất hài lòng
KS_02243,CNTT_HP0421,57,4.57,Rất hài lòng
KS_02244,CNTT_HP0422,41,4.70,Rất hài lòng
KS_02245,CNTT_HP0423,49,4.59,Rất hài lòng
KS_02246,CNTT_HP0424,42,4.13,Hài lòng
KS_02247,CNTT_HP0425,43,4.45,Hài lòng
KS_02248,CNTT_HP0426,62,4.70,Rất hài lòng
KS_02249,CNTT_HP0427,50,4.80,Rất hài lòng
KS_02250,CNTT_HP0428,41,4.99,Rất hài lòng
KS_02251,CNTT_HP0429,51,3.90,Bình thường
KS_02252,CNTT_HP0430,61,4.21,Hài lòng
KS_02253,CNTT_HP0431,50,4.83,Rất hài lòng
KS_02254,CNTT_HP0432,55,4.80,Rất hài lòng
KS_02255,CNTT_HP0433,37,4.92,Rất hài lòng
KS_02256,CNTT_HP0434,45,3.70,Bình thường
KS_02257,CNTT_HP0435,40,4.70,Rất hài lòng
KS_02258,CNTT_HP0436,62,4.78,Rất hài lòng
KS_02259,CNTT_HP0437,30,4.79,Rất hài lòng
KS_02260,CNTT_HP0438,65,4.36,Hài lòng
KS_02261,CNTT_HP0439,67,4.41,Hài lòng
KS_02262,CNTT_HP0440,33,4.40,Hài lòng
KS_02263,CNTT_HP0441,44,4.67,Rất hài lòng
KS_02264,CNTT_HP0442,36,4.79,Rất hài lòng
KS_02265,CNTT_HP0443,33,4.24,Hài lòng
KS_02266,CNTT_HP0444,35,4.26,Hài lòng
KS_02267,CNTT_HP0445,66,4.68,Rất hài lòng
KS_02268,CNTT_HP0446,54,3.90,Bình thường
KS_02269,CNTT_HP0447,59,3.50,Bình thường
KS_02270,CNTT_HP0448,44,4.68,Rất hài lòng
KS_02271,CNTT_HP0449,72,4.64,Rất hài lòng
KS_02272,CNTT_HP0450,54,4.21,Hài lòng
KS_02273,CNTT_HP0451,34,4.09,Hài lòng
KS_02274,CNTT_HP0452,48,4.76,Rất hài lòng
KS_02275,CNTT_HP0453,44,3.87,Bình thường
KS_02276,CNTT_HP0454,53,4.52,Rất hài lòng
KS_02277,CNTT_HP0455,49,4.85,Rất hài lòng
KS_02278,CNTT_HP0456,71,4.43,Hài lòng
KS_02279,CNTT_HP0457,43,4.76,Rất hài lòng
KS_02280,CNTT_HP0458,57,4.40,Hài lòng
KS_02281,CNTT_HP0459,42,4.21,Hài lòng
KS_02282,CNTT_HP0460,41,3.85,Bình thường
KS_02283,CNTT_HP0461,56,4.93,Rất hài lòng
KS_02284,CNTT_HP0462,29,3.98,Bình thường
KS_02285,CNTT_HP0463,70,4.18,Hài lòng
KS_02286,CNTT_HP0464,40,4.95,Rất hài lòng
KS_02287,CNTT_HP0465,29,4.47,Hài lòng
KS_02288,CNTT_HP0466,38,4.88,Rất hài lòng
KS_02289,CNTT_HP0467,35,4.45,Hài lòng
KS_02290,CNTT_HP0468,54,4.60,Rất hài lòng
KS_02291,CNTT_HP0469,55,4.46,Hài lòng
KS_02292,CNTT_HP0470,43,3.20,Bình thường
KS_02293,CNTT_HP0471,60,4.67,Rất hài lòng
KS_02294,CNTT_HP0472,45,3.93,Bình thường
KS_02295,CNTT_HP0473,52,4.66,Rất hài lòng
KS_02296,CNTT_HP0474,32,4.13,Hài lòng
KS_02297,CNTT_HP0475,65,3.85,Bình thường
KS_02298,CNTT_HP0476,44,4.60,Rất hài lòng
KS_02299,CNTT_HP0477,54,4.54,Rất hài lòng
KS_02300,CNTT_HP0478,56,4.57,Rất hài lòng
KS_02301,CNTT_HP0479,67,4.53,Rất hài lòng
KS_02302,CNTT_HP0480,63,4.42,Hài lòng
KS_02303,CNTT_HP0481,36,3.55,Bình thường
KS_02304,CNTT_HP0482,45,4.20,Hài lòng
KS_02305,CNTT_HP0483,58,4.56,Rất hài lòng
KS_02306,CNTT_HP0484,65,4.28,Hài lòng
KS_02307,CNTT_HP0485,54,3.42,Bình thường
KS_02308,CNTT_HP0486,54,4.66,Rất hài lòng
KS_02309,CNTT_HP0487,43,4.46,Hài lòng
KS_02310,CNTT_HP0488,56,4.35,Hài lòng
KS_02311,CNTT_HP0489,66,4.26,Hài lòng
KS_02312,CNTT_HP0490,29,4.27,Hài lòng
KS_02313,CNTT_HP0491,46,3.57,Bình thường
KS_02314,CNTT_HP0492,35,4.38,Hài lòng
KS_02315,CNTT_HP0493,32,4.56,Rất hài lòng
KS_02316,CNTT_HP0494,61,4.88,Rất hài lòng
KS_02317,CNTT_HP0495,53,4.92,Rất hài lòng
KS_02318,CNTT_HP0496,47,4.66,Rất hài lòng
KS_02319,CNTT_HP0497,52,4.16,Hài lòng
KS_02320,CNTT_HP0498,46,4.44,Hài lòng
KS_02321,NN_HP0001,56,4.75,Rất hài lòng
KS_02322,NN_HP0002,38,4.96,Rất hài lòng
KS_02323,NN_HP0003,48,4.97,Rất hài lòng
KS_02324,NN_HP0004,60,4.81,Rất hài lòng
KS_02325,NN_HP0005,44,4.77,Rất hài lòng
KS_02326,NN_HP0006,46,4.82,Rất hài lòng
KS_02327,NN_HP0007,67,4.82,Rất hài lòng
KS_02328,NN_HP0008,45,4.34,Hài lòng
KS_02329,NN_HP0009,50,4.84,Rất hài lòng
KS_02330,NN_HP0010,58,3.53,Bình thường
KS_02331,NN_HP0011,76,3.82,Bình thường
KS_02332,NN_HP0012,59,4.18,Hài lòng
KS_02333,NN_HP0013,36,4.98,Rất hài lòng
KS_02334,NN_HP0014,43,4.60,Rất hài lòng
KS_02335,NN_HP0015,52,4.42,Hài lòng
KS_02336,NN_HP0016,57,4.93,Rất hài lòng
KS_02337,NN_HP0017,59,4.41,Hài lòng
KS_02338,NN_HP0018,69,4.81,Rất hài lòng
KS_02339,NN_HP0019,49,4.44,Hài lòng
KS_02340,NN_HP0020,66,4.16,Hài lòng
KS_02341,NN_HP0021,57,4.45,Hài lòng
KS_02342,NN_HP0022,58,4.39,Hài lòng
KS_02343,NN_HP0023,39,4.37,Hài lòng
KS_02344,NN_HP0024,50,4.47,Hài lòng
KS_02345,NN_HP0025,49,4.36,Hài lòng
KS_02346,NN_HP0026,63,4.09,Hài lòng
KS_02347,NN_HP0027,71,3.89,Bình thường
KS_02348,NN_HP0028,54,4.50,Rất hài lòng
KS_02349,NN_HP0029,34,4.41,Hài lòng
KS_02350,NN_HP0030,36,4.51,Rất hài lòng
KS_02351,NN_HP0031,67,4.81,Rất hài lòng
KS_02352,NN_HP0032,31,4.79,Rất hài lòng
KS_02353,NN_HP0033,71,4.94,Rất hài lòng
KS_02354,NN_HP0034,49,4.56,Rất hài lòng
KS_02355,NN_HP0035,42,4.82,Rất hài lòng
KS_02356,NN_HP0036,47,4.88,Rất hài lòng
KS_02357,NN_HP0037,45,4.94,Rất hài lòng
KS_02358,NN_HP0038,48,4.60,Rất hài lòng
KS_02359,NN_HP0039,41,4.32,Hài lòng
KS_02360,NN_HP0040,51,3.81,Bình thường
KS_02361,NN_HP0041,58,3.90,Bình thường
KS_02362,NN_HP0042,39,4.68,Rất hài lòng
KS_02363,NN_HP0043,41,4.57,Rất hài lòng
KS_02364,NN_HP0044,45,4.95,Rất hài lòng
KS_02365,NN_HP0045,65,4.36,Hài lòng
KS_02366,NN_HP0046,65,4.89,Rất hài lòng
KS_02367,NN_HP0047,50,3.58,Bình thường
KS_02368,NN_HP0048,36,4.95,Rất hài lòng
KS_02369,NN_HP0049,33,3.91,Bình thường
KS_02370,NN_HP0050,66,3.90,Bình thường
KS_02371,NN_HP0051,44,4.23,Hài lòng
KS_02372,NN_HP0052,60,4.96,Rất hài lòng
KS_02373,NN_HP0053,58,4.67,Rất hài lòng
KS_02374,NN_HP0054,58,4.27,Hài lòng
KS_02375,NN_HP0055,33,3.78,Bình thường
KS_02376,NN_HP0056,72,4.35,Hài lòng
KS_02377,NN_HP0057,30,3.48,Bình thường
KS_02378,NN_HP0058,62,4.68,Rất hài lòng
KS_02379,NN_HP0059,55,4.95,Rất hài lòng
KS_02380,NN_HP0060,43,4.20,Hài lòng
KS_02381,NN_HP0061,56,4.93,Rất hài lòng
KS_02382,NN_HP0062,40,4.64,Rất hài lòng
KS_02383,NN_HP0063,66,4.26,Hài lòng
KS_02384,NN_HP0064,36,3.74,Bình thường
KS_02385,NN_HP0065,53,4.96,Rất hài lòng
KS_02386,NN_HP0066,74,4.76,Rất hài lòng
KS_02387,NN_HP0067,33,4.91,Rất hài lòng
KS_02388,NN_HP0068,60,4.72,Rất hài lòng
KS_02389,NN_HP0069,72,3.52,Bình thường
KS_02390,NN_HP0070,38,3.44,Bình thường
KS_02391,NN_HP0071,63,4.42,Hài lòng
KS_02392,NN_HP0072,54,4.08,Hài lòng
KS_02393,NN_HP0073,70,4.50,Rất hài lòng
KS_02394,NN_HP0074,43,4.51,Rất hài lòng
KS_02395,NN_HP0075,57,4.72,Rất hài lòng
KS_02396,NN_HP0076,74,5.00,Rất hài lòng
KS_02397,NN_HP0077,29,4.55,Rất hài lòng
KS_02398,NN_HP0078,63,4.16,Hài lòng
KS_02399,NN_HP0079,34,3.77,Bình thường
KS_02400,NN_HP0080,60,4.01,Hài lòng
KS_02401,NN_HP0081,73,4.60,Rất hài lòng
KS_02402,NN_HP0082,47,4.48,Hài lòng
KS_02403,NN_HP0083,60,4.86,Rất hài lòng
KS_02404,NN_HP0084,56,4.35,Hài lòng
KS_02405,NN_HP0085,49,4.19,Hài lòng
KS_02406,NN_HP0086,67,4.37,Hài lòng
KS_02407,NN_HP0087,39,4.02,Hài lòng
KS_02408,NN_HP0088,30,3.54,Bình thường
KS_02409,NN_HP0089,67,4.44,Hài lòng
KS_02410,NN_HP0090,32,4.87,Rất hài lòng
KS_02411,NN_HP0091,43,3.33,Bình thường
KS_02412,NN_HP0092,41,4.98,Rất hài lòng
KS_02413,NN_HP0093,50,4.83,Rất hài lòng
KS_02414,NN_HP0094,70,3.74,Bình thường
KS_02415,NN_HP0095,59,3.54,Bình thường
KS_02416,NN_HP0096,51,4.42,Hài lòng
KS_02417,NN_HP0097,57,4.53,Rất hài lòng
KS_02418,NN_HP0098,42,3.72,Bình thường
KS_02419,NN_HP0099,44,4.46,Hài lòng
KS_02420,NN_HP0100,51,4.19,Hài lòng
KS_02421,NN_HP0101,56,4.09,Hài lòng
KS_02422,NN_HP0102,63,3.97,Bình thường
KS_02423,NN_HP0103,54,4.63,Rất hài lòng
KS_02424,NN_HP0104,57,4.32,Hài lòng
KS_02425,NN_HP0105,41,4.15,Hài lòng
KS_02426,NN_HP0106,53,3.52,Bình thường
KS_02427,NN_HP0107,49,3.68,Bình thường
KS_02428,NN_HP0108,43,4.48,Hài lòng
KS_02429,NN_HP0109,68,4.48,Hài lòng
KS_02430,NN_HP0110,27,4.86,Rất hài lòng
KS_02431,NN_HP0111,62,4.94,Rất hài lòng
KS_02432,NN_HP0112,57,4.72,Rất hài lòng
KS_02433,NN_HP0113,64,3.86,Bình thường
KS_02434,NN_HP0114,37,4.03,Hài lòng
KS_02435,NN_HP0115,50,4.76,Rất hài lòng
KS_02436,NN_HP0116,39,4.20,Hài lòng
KS_02437,NN_HP0117,43,4.96,Rất hài lòng
KS_02438,NN_HP0118,48,4.41,Hài lòng
KS_02439,NN_HP0119,47,4.54,Rất hài lòng
KS_02440,NN_HP0120,52,3.76,Bình thường
KS_02441,NN_HP0121,48,4.42,Hài lòng
KS_02442,NN_HP0122,59,4.05,Hài lòng
KS_02443,NN_HP0123,57,4.28,Hài lòng
KS_02444,NN_HP0124,38,4.77,Rất hài lòng
KS_02445,NN_HP0125,71,4.87,Rất hài lòng
KS_02446,NN_HP0126,37,4.41,Hài lòng
KS_02447,NN_HP0127,55,4.56,Rất hài lòng
KS_02448,NN_HP0128,36,4.00,Hài lòng
KS_02449,NN_HP0129,73,4.82,Rất hài lòng
KS_02450,NN_HP0130,51,4.84,Rất hài lòng
KS_02451,NN_HP0131,51,4.39,Hài lòng
KS_02452,NN_HP0132,64,3.33,Bình thường
KS_02453,NN_HP0133,48,4.49,Hài lòng
KS_02454,NN_HP0134,49,4.67,Rất hài lòng
KS_02455,NN_HP0135,39,4.51,Rất hài lòng
KS_02456,NN_HP0136,47,4.99,Rất hài lòng
KS_02457,NN_HP0137,47,3.30,Bình thường
KS_02458,NN_HP0138,54,4.95,Rất hài lòng
KS_02459,NN_HP0139,31,4.26,Hài lòng
KS_02460,NN_HP0140,47,4.73,Rất hài lòng
KS_02461,NN_HP0141,32,3.69,Bình thường
KS_02462,NN_HP0142,37,3.93,Bình thường
KS_02463,NN_HP0143,49,3.52,Bình thường
KS_02464,NN_HP0144,34,4.49,Hài lòng
KS_02465,NN_HP0145,35,4.76,Rất hài lòng
KS_02466,NN_HP0146,41,4.46,Hài lòng
KS_02467,NN_HP0147,34,3.57,Bình thường
KS_02468,NN_HP0148,42,3.89,Bình thường
KS_02469,NN_HP0149,61,3.68,Bình thường
KS_02470,NN_HP0150,36,4.32,Hài lòng
KS_02471,NN_HP0151,30,4.36,Hài lòng
KS_02472,NN_HP0152,54,4.72,Rất hài lòng
KS_02473,NN_HP0153,56,4.78,Rất hài lòng
KS_02474,NN_HP0154,37,4.54,Rất hài lòng
KS_02475,NN_HP0155,44,3.84,Bình thường
KS_02476,NN_HP0156,55,3.36,Bình thường
KS_02477,NN_HP0157,44,4.01,Hài lòng
KS_02478,NN_HP0158,32,4.91,Rất hài lòng
KS_02479,NN_HP0159,39,3.70,Bình thường
KS_02480,NN_HP0160,73,4.81,Rất hài lòng
KS_02481,NN_HP0161,37,4.74,Rất hài lòng
KS_02482,NN_HP0162,49,4.20,Hài lòng
KS_02483,NN_HP0163,52,4.02,Hài lòng
KS_02484,NN_HP0164,69,4.94,Rất hài lòng
KS_02485,NN_HP0165,32,4.20,Hài lòng
KS_02486,NN_HP0166,63,3.50,Bình thường
KS_02487,NN_HP0167,38,4.48,Hài lòng
KS_02488,NN_HP0168,55,4.64,Rất hài lòng
KS_02489,NN_HP0169,56,4.99,Rất hài lòng
KS_02490,NN_HP0170,33,4.89,Rất hài lòng
KS_02491,NN_HP0171,32,4.58,Rất hài lòng
KS_02492,NN_HP0172,46,4.70,Rất hài lòng
KS_02493,NN_HP0173,38,3.61,Bình thường
KS_02494,NN_HP0174,53,4.19,Hài lòng
KS_02495,NN_HP0175,48,5.00,Rất hài lòng
KS_02496,NN_HP0176,42,4.95,Rất hài lòng
KS_02497,NN_HP0177,30,3.55,Bình thường
KS_02498,NN_HP0178,58,3.58,Bình thường
KS_02499,NN_HP0179,39,4.92,Rất hài lòng
KS_02500,NN_HP0180,46,4.64,Rất hài lòng
KS_02501,NN_HP0181,64,3.87,Bình thường
KS_02502,NN_HP0182,61,4.96,Rất hài lòng
KS_02503,NN_HP0183,47,5.00,Rất hài lòng
KS_02504,NN_HP0184,60,4.70,Rất hài lòng
KS_02505,NN_HP0185,56,4.38,Hài lòng
KS_02506,NN_HP0186,38,4.27,Hài lòng
KS_02507,NN_HP0187,50,4.85,Rất hài lòng
KS_02508,NN_HP0188,62,4.91,Rất hài lòng
KS_02509,NN_HP0189,49,4.86,Rất hài lòng
KS_02510,NN_HP0190,41,4.26,Hài lòng
KS_02511,NN_HP0191,71,4.01,Hài lòng
KS_02512,NN_HP0192,46,4.87,Rất hài lòng
KS_02513,NN_HP0193,47,3.55,Bình thường
KS_02514,NN_HP0194,34,3.83,Bình thường
KS_02515,NN_HP0195,59,4.97,Rất hài lòng
KS_02516,NN_HP0196,47,4.54,Rất hài lòng
KS_02517,NN_HP0197,41,4.61,Rất hài lòng
KS_02518,NN_HP0198,63,3.75,Bình thường
KS_02519,NN_HP0199,30,4.43,Hài lòng
KS_02520,NN_HP0200,69,4.53,Rất hài lòng
KS_02521,NN_HP0201,56,3.43,Bình thường
KS_02522,NN_HP0202,32,5.00,Rất hài lòng
KS_02523,NN_HP0203,37,4.06,Hài lòng
KS_02524,NN_HP0204,48,4.97,Rất hài lòng
KS_02525,NN_HP0205,35,3.71,Bình thường
KS_02526,NN_HP0206,54,3.90,Bình thường
KS_02527,NN_HP0207,54,4.89,Rất hài lòng
KS_02528,NN_HP0208,33,4.63,Rất hài lòng
KS_02529,NN_HP0209,30,3.94,Bình thường
KS_02530,NN_HP0210,48,3.88,Bình thường
KS_02531,NN_HP0211,34,4.14,Hài lòng
KS_02532,NN_HP0212,54,3.48,Bình thường
KS_02533,NN_HP0213,58,4.47,Hài lòng
KS_02534,NN_HP0214,40,4.55,Rất hài lòng
KS_02535,NN_HP0215,48,4.11,Hài lòng
KS_02536,NN_HP0216,62,4.37,Hài lòng
KS_02537,NN_HP0217,59,3.36,Bình thường
KS_02538,NN_HP0218,62,4.02,Hài lòng
KS_02539,NN_HP0219,44,3.30,Bình thường
KS_02540,NN_HP0220,57,4.84,Rất hài lòng
KS_02541,NN_HP0221,67,4.90,Rất hài lòng
KS_02542,NN_HP0222,40,4.45,Hài lòng
KS_02543,NN_HP0223,38,4.48,Hài lòng
KS_02544,NN_HP0224,67,3.66,Bình thường
KS_02545,NN_HP0225,42,4.73,Rất hài lòng
KS_02546,NN_HP0226,34,4.48,Hài lòng
KS_02547,NN_HP0227,43,4.18,Hài lòng
KS_02548,NN_HP0228,43,4.98,Rất hài lòng
KS_02549,NN_HP0229,36,4.80,Rất hài lòng
KS_02550,NN_HP0230,64,4.51,Rất hài lòng
KS_02551,NN_HP0231,49,4.66,Rất hài lòng
KS_02552,NN_HP0232,48,4.81,Rất hài lòng
KS_02553,NN_HP0233,49,4.34,Hài lòng
KS_02554,NN_HP0234,58,4.17,Hài lòng
KS_02555,NN_HP0235,42,4.50,Rất hài lòng
KS_02556,NN_HP0236,28,5.00,Rất hài lòng
KS_02557,NN_HP0237,62,3.39,Bình thường
KS_02558,NN_HP0238,56,4.97,Rất hài lòng
KS_02559,NN_HP0239,63,4.92,Rất hài lòng
KS_02560,NN_HP0240,33,4.29,Hài lòng
KS_02561,NN_HP0241,65,4.93,Rất hài lòng
KS_02562,NN_HP0242,34,3.78,Bình thường
KS_02563,NN_HP0243,45,4.57,Rất hài lòng
KS_02564,NN_HP0244,34,4.76,Rất hài lòng
KS_02565,NN_HP0245,52,4.98,Rất hài lòng
KS_02566,NN_HP0246,41,4.18,Hài lòng
KS_02567,NN_HP0247,44,3.69,Bình thường
KS_02568,NN_HP0248,70,4.51,Rất hài lòng
KS_02569,NN_HP0249,38,4.40,Hài lòng
KS_02570,NN_HP0250,35,4.54,Rất hài lòng
KS_02571,NN_HP0251,30,4.84,Rất hài lòng
KS_02572,NN_HP0252,30,4.20,Hài lòng
KS_02573,NN_HP0253,47,4.95,Rất hài lòng
KS_02574,NN_HP0254,57,3.22,Bình thường
KS_02575,NN_HP0255,65,3.33,Bình thường
KS_02576,NN_HP0256,33,4.95,Rất hài lòng
KS_02577,NN_HP0257,42,4.49,Hài lòng
KS_02578,NN_HP0258,32,4.91,Rất hài lòng
KS_02579,NN_HP0259,47,4.54,Rất hài lòng
KS_02580,NN_HP0260,29,3.50,Bình thường
KS_02581,NN_HP0261,61,3.51,Bình thường
KS_02582,NN_HP0262,29,4.84,Rất hài lòng
KS_02583,NN_HP0263,45,4.91,Rất hài lòng
KS_02584,NN_HP0264,29,4.74,Rất hài lòng
KS_02585,NN_HP0265,37,4.57,Rất hài lòng
KS_02586,NN_HP0266,46,4.58,Rất hài lòng
KS_02587,NN_HP0267,49,4.98,Rất hài lòng
KS_02588,NN_HP0268,30,3.64,Bình thường
KS_02589,NN_HP0269,37,3.65,Bình thường
KS_02590,NN_HP0270,59,4.84,Rất hài lòng
KS_02591,NN_HP0271,36,4.94,Rất hài lòng
KS_02592,NN_HP0272,35,4.19,Hài lòng
KS_02593,NN_HP0273,48,3.55,Bình thường
KS_02594,NN_HP0274,37,4.75,Rất hài lòng
KS_02595,NN_HP0275,55,3.86,Bình thường
KS_02596,NN_HP0276,45,4.66,Rất hài lòng
KS_02597,NN_HP0277,33,3.81,Bình thường
KS_02598,NN_HP0278,31,4.78,Rất hài lòng
KS_02599,NN_HP0279,68,4.41,Hài lòng
KS_02600,NN_HP0280,53,3.64,Bình thường
KS_02601,NN_HP0281,34,4.40,Hài lòng
KS_02602,NN_HP0282,50,4.83,Rất hài lòng
KS_02603,NN_HP0283,53,4.74,Rất hài lòng
KS_02604,NN_HP0284,52,4.19,Hài lòng
KS_02605,NN_HP0285,33,3.89,Bình thường
KS_02606,NN_HP0286,41,4.78,Rất hài lòng
KS_02607,NN_HP0287,43,4.56,Rất hài lòng
KS_02608,NN_HP0288,46,4.65,Rất hài lòng
KS_02609,NN_HP0289,36,4.96,Rất hài lòng
KS_02610,NN_HP0290,36,4.84,Rất hài lòng
KS_02611,NN_HP0291,53,4.58,Rất hài lòng
KS_02612,NN_HP0292,74,3.98,Bình thường
KS_02613,NN_HP0293,52,4.44,Hài lòng
KS_02614,NN_HP0294,40,4.76,Rất hài lòng
KS_02615,NN_HP0295,72,4.83,Rất hài lòng
KS_02616,NN_HP0296,52,4.55,Rất hài lòng
KS_02617,NN_HP0297,38,4.84,Rất hài lòng
KS_02618,NN_HP0298,57,4.75,Rất hài lòng
KS_02619,NN_HP0299,52,4.84,Rất hài lòng
KS_02620,NN_HP0300,40,4.41,Hài lòng
KS_02621,NN_HP0301,65,4.41,Hài lòng
KS_02622,NN_HP0302,34,3.95,Bình thường
KS_02623,NN_HP0303,39,4.50,Rất hài lòng
KS_02624,NN_HP0304,75,3.92,Bình thường
KS_02625,NN_HP0305,69,4.41,Hài lòng
KS_02626,NN_HP0306,55,4.17,Hài lòng
KS_02627,NN_HP0307,31,3.52,Bình thường
KS_02628,NN_HP0308,49,4.94,Rất hài lòng
KS_02629,NN_HP0309,32,4.46,Hài lòng
KS_02630,NN_HP0310,55,4.61,Rất hài lòng
KS_02631,NN_HP0311,53,4.79,Rất hài lòng
KS_02632,NN_HP0312,61,4.11,Hài lòng
KS_02633,NN_HP0313,68,4.99,Rất hài lòng
KS_02634,NN_HP0314,27,4.58,Rất hài lòng
KS_02635,NN_HP0315,46,4.96,Rất hài lòng
KS_02636,NN_HP0316,44,4.69,Rất hài lòng
KS_02637,NN_HP0317,62,4.64,Rất hài lòng
KS_02638,NN_HP0318,33,4.28,Hài lòng
KS_02639,NN_HP0319,61,4.56,Rất hài lòng
KS_02640,NN_HP0320,42,4.69,Rất hài lòng
KS_02641,NN_HP0321,53,4.83,Rất hài lòng
KS_02642,NN_HP0322,27,4.24,Hài lòng
KS_02643,NN_HP0323,73,4.96,Rất hài lòng
KS_02644,NN_HP0324,48,4.74,Rất hài lòng
KS_02645,NN_HP0325,55,4.75,Rất hài lòng
KS_02646,NN_HP0326,39,4.61,Rất hài lòng
KS_02647,NN_HP0327,34,4.47,Hài lòng
KS_02648,NN_HP0328,62,4.58,Rất hài lòng
KS_02649,NN_HP0329,56,4.74,Rất hài lòng
KS_02650,NN_HP0330,64,4.08,Hài lòng
KS_02651,NN_HP0331,52,4.95,Rất hài lòng
KS_02652,NN_HP0332,42,3.80,Bình thường
KS_02653,NN_HP0333,64,4.95,Rất hài lòng
KS_02654,NN_HP0334,58,5.00,Rất hài lòng
KS_02655,NN_HP0335,60,4.86,Rất hài lòng
KS_02656,NN_HP0336,61,4.30,Hài lòng
KS_02657,NN_HP0337,36,4.34,Hài lòng
KS_02658,NN_HP0338,72,4.56,Rất hài lòng
KS_02659,NN_HP0339,46,4.41,Hài lòng
KS_02660,NN_HP0340,44,4.82,Rất hài lòng
KS_02661,NN_HP0341,42,4.82,Rất hài lòng
KS_02662,NN_HP0342,35,4.97,Rất hài lòng
KS_02663,NN_HP0343,58,4.55,Rất hài lòng
KS_02664,NN_HP0344,64,4.32,Hài lòng
KS_02665,NN_HP0345,54,4.99,Rất hài lòng
KS_02666,NN_HP0346,50,3.87,Bình thường
KS_02667,NN_HP0347,40,4.12,Hài lòng
KS_02668,NN_HP0348,66,4.54,Rất hài lòng
KS_02669,NN_HP0349,37,4.14,Hài lòng
KS_02670,NN_HP0350,63,4.35,Hài lòng
KS_02671,NN_HP0351,36,3.97,Bình thường
KS_02672,NN_HP0352,34,3.62,Bình thường
KS_02673,NN_HP0353,40,4.87,Rất hài lòng
KS_02674,NN_HP0354,40,3.69,Bình thường
KS_02675,NN_HP0355,73,4.12,Hài lòng
KS_02676,NN_HP0356,50,4.10,Hài lòng
KS_02677,NN_HP0357,66,4.12,Hài lòng
KS_02678,NN_HP0358,31,4.81,Rất hài lòng
KS_02679,NN_HP0359,45,4.42,Hài lòng
KS_02680,NN_HP0360,47,4.07,Hài lòng
KS_02681,NN_HP0361,39,4.73,Rất hài lòng
KS_02682,NN_HP0362,44,4.30,Hài lòng
KS_02683,NN_HP0363,70,3.56,Bình thường
KS_02684,NN_HP0364,63,4.59,Rất hài lòng
KS_02685,NN_HP0365,27,4.49,Hài lòng
KS_02686,NN_HP0366,72,4.62,Rất hài lòng
KS_02687,NN_HP0367,55,4.75,Rất hài lòng
KS_02688,NN_HP0368,62,4.65,Rất hài lòng
KS_02689,NN_HP0369,58,4.97,Rất hài lòng
KS_02690,NN_HP0370,46,4.61,Rất hài lòng
KS_02691,NN_HP0371,33,4.41,Hài lòng
KS_02692,NN_HP0372,72,4.94,Rất hài lòng
KS_02693,NN_HP0373,43,4.70,Rất hài lòng
KS_02694,NN_HP0374,42,4.41,Hài lòng
KS_02695,NN_HP0375,46,4.52,Rất hài lòng
KS_02696,NN_HP0376,38,4.67,Rất hài lòng
KS_02697,NN_HP0377,33,4.95,Rất hài lòng
KS_02698,NN_HP0378,63,3.74,Bình thường
KS_02699,NN_HP0379,55,4.53,Rất hài lòng
KS_02700,NN_HP0380,55,4.59,Rất hài lòng
KS_02701,NN_HP0381,61,4.00,Hài lòng
KS_02702,NN_HP0382,63,4.28,Hài lòng
KS_02703,NN_HP0383,60,4.71,Rất hài lòng
KS_02704,NN_HP0384,54,4.80,Rất hài lòng
KS_02705,NN_HP0385,50,4.69,Rất hài lòng
KS_02706,NN_HP0386,32,4.67,Rất hài lòng
KS_02707,NN_HP0387,43,4.41,Hài lòng
KS_02708,NN_HP0388,44,4.15,Hài lòng
KS_02709,NN_HP0389,55,4.20,Hài lòng
KS_02710,NN_HP0390,43,4.71,Rất hài lòng
KS_02711,NN_HP0391,64,4.61,Rất hài lòng
KS_02712,NN_HP0392,49,4.04,Hài lòng
KS_02713,NN_HP0393,36,3.95,Bình thường
KS_02714,NN_HP0394,71,4.49,Hài lòng
KS_02715,NN_HP0395,29,4.75,Rất hài lòng
KS_02716,NN_HP0396,49,4.88,Rất hài lòng
KS_02717,NN_HP0397,57,3.35,Bình thường
KS_02718,NN_HP0398,55,4.54,Rất hài lòng
KS_02719,NN_HP0399,39,4.52,Rất hài lòng
KS_02720,NN_HP0400,45,4.81,Rất hài lòng
KS_02721,NN_HP0401,63,4.37,Hài lòng
KS_02722,NN_HP0402,31,4.13,Hài lòng
KS_02723,NN_HP0403,29,4.09,Hài lòng
KS_02724,NN_HP0404,57,4.70,Rất hài lòng
KS_02725,NN_HP0405,31,4.10,Hài lòng
KS_02726,NN_HP0406,45,4.07,Hài lòng
KS_02727,NN_HP0407,72,4.39,Hài lòng
KS_02728,NN_HP0408,46,3.65,Bình thường
KS_02729,NN_HP0409,64,4.87,Rất hài lòng
KS_02730,NN_HP0410,64,4.92,Rất hài lòng
KS_02731,NN_HP0411,43,4.36,Hài lòng
KS_02732,NN_HP0412,40,4.90,Rất hài lòng
KS_02733,NN_HP0413,37,4.16,Hài lòng
KS_02734,NN_HP0414,58,4.73,Rất hài lòng
KS_02735,NN_HP0415,46,4.96,Rất hài lòng
KS_02736,NN_HP0416,51,4.92,Rất hài lòng
KS_02737,NN_HP0417,27,4.60,Rất hài lòng
KS_02738,NN_HP0418,30,4.93,Rất hài lòng
KS_02739,NN_HP0419,68,4.61,Rất hài lòng
KS_02740,NN_HP0420,43,4.70,Rất hài lòng
KS_02741,NN_HP0421,53,3.28,Bình thường
KS_02742,NN_HP0422,27,4.98,Rất hài lòng
KS_02743,NN_HP0423,35,3.94,Bình thường
KS_02744,NN_HP0424,49,4.14,Hài lòng
KS_02745,NN_HP0425,65,4.85,Rất hài lòng
KS_02746,NN_HP0426,42,4.14,Hài lòng
KS_02747,NN_HP0427,51,3.37,Bình thường
KS_02748,NN_HP0428,56,3.97,Bình thường
KS_02749,NN_HP0429,38,4.14,Hài lòng
KS_02750,NN_HP0430,55,4.10,Hài lòng
KS_02751,NN_HP0431,59,4.05,Hài lòng
KS_02752,NN_HP0432,37,4.13,Hài lòng
KS_02753,NN_HP0433,56,3.91,Bình thường
KS_02754,NN_HP0434,56,4.83,Rất hài lòng
KS_02755,NN_HP0435,36,4.27,Hài lòng
KS_02756,NN_HP0436,34,4.97,Rất hài lòng
KS_02757,NN_HP0437,30,4.88,Rất hài lòng
KS_02758,NN_HP0438,28,4.72,Rất hài lòng
KS_02759,NN_HP0439,36,4.78,Rất hài lòng
KS_02760,NN_HP0440,46,3.83,Bình thường
KS_02761,NN_HP0441,29,4.73,Rất hài lòng
KS_02762,NN_HP0442,65,4.81,Rất hài lòng
KS_02763,NN_HP0443,64,4.35,Hài lòng
KS_02764,NN_HP0444,31,4.64,Rất hài lòng
KS_02765,NN_HP0445,35,4.31,Hài lòng
KS_02766,NN_HP0446,40,4.99,Rất hài lòng
KS_02767,NN_HP0447,36,4.91,Rất hài lòng
KS_02768,NN_HP0448,28,4.32,Hài lòng
KS_02769,NN_HP0449,40,4.13,Hài lòng
KS_02770,NN_HP0450,62,4.71,Rất hài lòng
KS_02771,NN_HP0451,51,4.41,Hài lòng
KS_02772,NN_HP0452,32,4.78,Rất hài lòng
KS_02773,NN_HP0453,31,3.57,Bình thường
KS_02774,NN_HP0454,41,4.33,Hài lòng
KS_02775,NN_HP0455,31,4.74,Rất hài lòng
KS_02776,NN_HP0456,56,4.44,Hài lòng
KS_02777,NN_HP0457,73,4.24,Hài lòng
KS_02778,NN_HP0458,62,4.65,Rất hài lòng
KS_02779,NN_HP0459,35,4.99,Rất hài lòng
KS_02780,NN_HP0460,31,3.81,Bình thường
KS_02781,NN_HP0461,61,4.75,Rất hài lòng
KS_02782,NN_HP0462,47,4.43,Hài lòng
KS_02783,NN_HP0463,34,3.76,Bình thường
KS_02784,NN_HP0464,67,4.54,Rất hài lòng
KS_02785,NN_HP0465,33,4.48,Hài lòng
KS_02786,NN_HP0466,72,4.50,Rất hài lòng
KS_02787,NN_HP0467,52,3.42,Bình thường
KS_02788,NN_HP0468,29,4.87,Rất hài lòng
KS_02789,NN_HP0469,33,4.95,Rất hài lòng
KS_02790,NN_HP0470,36,4.16,Hài lòng
KS_02791,NN_HP0471,34,4.17,Hài lòng
KS_02792,NN_HP0472,36,4.82,Rất hài lòng
KS_02793,NN_HP0473,57,4.32,Hài lòng
KS_02794,NN_HP0474,48,4.84,Rất hài lòng
KS_02795,NN_HP0475,54,4.94,Rất hài lòng
KS_02796,NN_HP0476,46,4.72,Rất hài lòng
KS_02797,NN_HP0477,39,4.70,Rất hài lòng
KS_02798,NN_HP0478,44,4.12,Hài lòng
KS_02799,NN_HP0479,42,4.36,Hài lòng
KS_02800,NN_HP0480,37,3.82,Bình thường
KS_02801,NN_HP0481,53,3.92,Bình thường
KS_02802,NN_HP0482,47,4.34,Hài lòng
KS_02803,NN_HP0483,43,4.63,Rất hài lòng
KS_02804,NN_HP0484,37,4.38,Hài lòng
KS_02805,NN_HP0485,48,4.99,Rất hài lòng
KS_02806,NN_HP0486,53,3.95,Bình thường
KS_02807,NN_HP0487,52,4.56,Rất hài lòng
KS_02808,NN_HP0488,32,4.58,Rất hài lòng
KS_02809,NN_HP0489,35,4.02,Hài lòng
KS_02810,NN_HP0490,32,4.75,Rất hài lòng
KS_02811,NN_HP0491,61,4.93,Rất hài lòng
KS_02812,NN_HP0492,58,4.94,Rất hài lòng
KS_02813,NN_HP0493,49,3.39,Bình thường
KS_02814,NN_HP0494,72,4.88,Rất hài lòng
KS_02815,NN_HP0495,43,4.38,Hài lòng
KS_02816,NN_HP0496,62,4.39,Hài lòng
KS_02817,NN_HP0497,32,4.30,Hài lòng
KS_02818,NN_HP0498,62,4.13,Hài lòng
KS_02819,NN_HP0499,37,4.91,Rất hài lòng
KS_02820,NN_HP0500,34,4.59,Rất hài lòng
KS_02821,NN_HP0501,36,4.83,Rất hài lòng
KS_02822,NN_HP0502,36,3.39,Bình thường
KS_02823,NN_HP0503,57,3.35,Bình thường
KS_02824,NN_HP0504,59,4.10,Hài lòng
KS_02825,NN_HP0505,51,4.75,Rất hài lòng
KS_02826,NN_HP0506,53,4.92,Rất hài lòng
KS_02827,NN_HP0507,66,4.49,Hài lòng
KS_02828,NN_HP0508,69,4.36,Hài lòng
KS_02829,NN_HP0509,61,4.68,Rất hài lòng
KS_02830,NN_HP0510,41,4.49,Hài lòng
KS_02831,NN_HP0511,63,4.52,Rất hài lòng
KS_02832,NN_HP0512,49,3.97,Bình thường
KS_02833,NN_HP0513,62,3.54,Bình thường
KS_02834,NN_HP0514,65,4.11,Hài lòng
KS_02835,NN_HP0515,33,4.60,Rất hài lòng
KS_02836,NN_HP0516,58,5.00,Rất hài lòng
KS_02837,SP_HP0001,37,5.00,Rất hài lòng
KS_02838,SP_HP0002,59,4.17,Hài lòng
KS_02839,SP_HP0003,54,4.05,Hài lòng
KS_02840,SP_HP0004,53,4.87,Rất hài lòng
KS_02841,SP_HP0005,54,3.26,Bình thường
KS_02842,SP_HP0006,70,4.32,Hài lòng
KS_02843,SP_HP0007,51,4.98,Rất hài lòng
KS_02844,SP_HP0008,52,4.90,Rất hài lòng
KS_02845,SP_HP0009,42,4.47,Hài lòng
KS_02846,SP_HP0010,31,3.50,Bình thường
KS_02847,SP_HP0011,32,4.52,Rất hài lòng
KS_02848,SP_HP0012,40,4.29,Hài lòng
KS_02849,SP_HP0013,51,5.00,Rất hài lòng
KS_02850,SP_HP0014,35,4.55,Rất hài lòng
KS_02851,SP_HP0015,45,4.76,Rất hài lòng
KS_02852,SP_HP0016,55,4.02,Hài lòng
KS_02853,SP_HP0017,53,4.60,Rất hài lòng
KS_02854,SP_HP0018,55,4.93,Rất hài lòng
KS_02855,SP_HP0019,44,4.92,Rất hài lòng
KS_02856,SP_HP0020,57,3.74,Bình thường
KS_02857,SP_HP0021,31,4.20,Hài lòng
KS_02858,SP_HP0022,33,5.00,Rất hài lòng
KS_02859,SP_HP0023,38,4.03,Hài lòng
KS_02860,SP_HP0024,43,3.43,Bình thường
KS_02861,SP_HP0025,37,4.97,Rất hài lòng
KS_02862,SP_HP0026,37,4.72,Rất hài lòng
KS_02863,SP_HP0027,53,4.31,Hài lòng
KS_02864,SP_HP0028,32,4.17,Hài lòng
KS_02865,SP_HP0029,29,4.85,Rất hài lòng
KS_02866,SP_HP0030,34,4.42,Hài lòng
KS_02867,SP_HP0031,33,4.63,Rất hài lòng
KS_02868,SP_HP0032,41,4.38,Hài lòng
KS_02869,SP_HP0033,68,4.34,Hài lòng
KS_02870,SP_HP0034,31,4.87,Rất hài lòng
KS_02871,SP_HP0035,53,4.83,Rất hài lòng
KS_02872,SP_HP0036,62,4.95,Rất hài lòng
KS_02873,SP_HP0037,59,4.85,Rất hài lòng
KS_02874,SP_HP0038,38,4.42,Hài lòng
KS_02875,SP_HP0039,30,4.79,Rất hài lòng
KS_02876,SP_HP0040,50,4.88,Rất hài lòng
KS_02877,SP_HP0041,36,4.31,Hài lòng
KS_02878,SP_HP0042,40,4.76,Rất hài lòng
KS_02879,SP_HP0043,49,4.15,Hài lòng
KS_02880,SP_HP0044,27,4.63,Rất hài lòng
KS_02881,SP_HP0045,45,4.99,Rất hài lòng
KS_02882,SP_HP0046,70,4.94,Rất hài lòng
KS_02883,SP_HP0047,36,4.58,Rất hài lòng
KS_02884,SP_HP0048,63,4.45,Hài lòng
KS_02885,SP_HP0049,70,3.82,Bình thường
KS_02886,SP_HP0050,43,4.30,Hài lòng
KS_02887,SP_HP0051,49,4.59,Rất hài lòng
KS_02888,SP_HP0052,44,4.44,Hài lòng
KS_02889,SP_HP0053,50,4.92,Rất hài lòng
KS_02890,SP_HP0054,62,4.92,Rất hài lòng
KS_02891,SP_HP0055,61,4.09,Hài lòng
KS_02892,SP_HP0056,58,3.57,Bình thường
KS_02893,SP_HP0057,61,4.08,Hài lòng
KS_02894,SP_HP0058,52,4.95,Rất hài lòng
KS_02895,SP_HP0059,61,3.76,Bình thường
KS_02896,SP_HP0060,47,3.85,Bình thường
KS_02897,SP_HP0061,43,4.48,Hài lòng
KS_02898,SP_HP0062,65,4.69,Rất hài lòng
KS_02899,SP_HP0063,39,4.74,Rất hài lòng
KS_02900,SP_HP0064,34,4.63,Rất hài lòng
KS_02901,SP_HP0065,47,4.79,Rất hài lòng
KS_02902,SP_HP0066,41,3.98,Bình thường
KS_02903,SP_HP0067,39,4.74,Rất hài lòng
KS_02904,SP_HP0068,59,4.22,Hài lòng
KS_02905,SP_HP0069,50,4.48,Hài lòng
KS_02906,SP_HP0070,69,4.04,Hài lòng
KS_02907,SP_HP0071,60,4.70,Rất hài lòng
KS_02908,SP_HP0072,70,4.72,Rất hài lòng
KS_02909,SP_HP0073,51,4.61,Rất hài lòng
KS_02910,SP_HP0074,59,4.49,Hài lòng
KS_02911,SP_HP0075,42,4.35,Hài lòng
KS_02912,SP_HP0076,69,4.81,Rất hài lòng
KS_02913,SP_HP0077,62,4.43,Hài lòng
KS_02914,SP_HP0078,51,4.66,Rất hài lòng
KS_02915,SP_HP0079,57,3.50,Bình thường
KS_02916,SP_HP0080,51,4.97,Rất hài lòng
KS_02917,SP_HP0081,58,4.25,Hài lòng
KS_02918,SP_HP0082,57,4.59,Rất hài lòng
KS_02919,SP_HP0083,32,4.40,Hài lòng
KS_02920,SP_HP0084,58,3.48,Bình thường
KS_02921,SP_HP0085,72,3.48,Bình thường
KS_02922,SP_HP0086,34,4.40,Hài lòng
KS_02923,SP_HP0087,43,4.33,Hài lòng
KS_02924,SP_HP0088,58,4.69,Rất hài lòng
KS_02925,SP_HP0089,42,4.57,Rất hài lòng
KS_02926,SP_HP0090,40,4.27,Hài lòng
KS_02927,SP_HP0091,57,4.90,Rất hài lòng
KS_02928,SP_HP0092,64,4.80,Rất hài lòng
KS_02929,SP_HP0093,50,4.35,Hài lòng
KS_02930,SP_HP0094,59,4.28,Hài lòng
KS_02931,SP_HP0095,35,4.43,Hài lòng
KS_02932,SP_HP0096,51,4.99,Rất hài lòng
KS_02933,SP_HP0097,61,4.27,Hài lòng
KS_02934,SP_HP0098,41,4.35,Hài lòng
KS_02935,SP_HP0099,56,4.19,Hài lòng
KS_02936,SP_HP0100,44,4.39,Hài lòng
KS_02937,SP_HP0101,34,4.99,Rất hài lòng
KS_02938,SP_HP0102,41,4.77,Rất hài lòng
KS_02939,SP_HP0103,48,3.65,Bình thường
KS_02940,SP_HP0104,44,4.33,Hài lòng
KS_02941,SP_HP0105,60,4.65,Rất hài lòng
KS_02942,SP_HP0106,49,4.48,Hài lòng
KS_02943,SP_HP0107,47,4.16,Hài lòng
KS_02944,SP_HP0108,31,4.12,Hài lòng
KS_02945,SP_HP0109,44,4.85,Rất hài lòng
KS_02946,SP_HP0110,59,3.65,Bình thường
KS_02947,SP_HP0111,65,4.86,Rất hài lòng
KS_02948,SP_HP0112,49,4.98,Rất hài lòng
KS_02949,SP_HP0113,30,4.42,Hài lòng
KS_02950,SP_HP0114,56,4.76,Rất hài lòng
KS_02951,SP_HP0115,59,4.02,Hài lòng
KS_02952,SP_HP0116,60,4.14,Hài lòng
KS_02953,SP_HP0117,66,4.38,Hài lòng
KS_02954,SP_HP0118,68,4.03,Hài lòng
KS_02955,SP_HP0119,60,4.11,Hài lòng
KS_02956,SP_HP0120,42,4.69,Rất hài lòng
KS_02957,SP_HP0121,65,4.28,Hài lòng
KS_02958,SP_HP0122,49,4.93,Rất hài lòng
KS_02959,SP_HP0123,65,4.84,Rất hài lòng
KS_02960,SP_HP0124,30,4.03,Hài lòng
KS_02961,SP_HP0125,47,4.58,Rất hài lòng
KS_02962,SP_HP0126,40,4.58,Rất hài lòng
KS_02963,SP_HP0127,54,3.55,Bình thường
KS_02964,SP_HP0128,44,4.50,Rất hài lòng
KS_02965,SP_HP0129,73,4.68,Rất hài lòng
KS_02966,SP_HP0130,57,4.70,Rất hài lòng
KS_02967,SP_HP0131,59,4.84,Rất hài lòng
KS_02968,SP_HP0132,51,4.41,Hài lòng
KS_02969,SP_HP0133,33,4.52,Rất hài lòng
KS_02970,SP_HP0134,70,4.62,Rất hài lòng
KS_02971,SP_HP0135,40,3.79,Bình thường
KS_02972,SP_HP0136,32,4.64,Rất hài lòng
KS_02973,SP_HP0137,29,4.40,Hài lòng
KS_02974,SP_HP0138,56,4.31,Hài lòng
KS_02975,SP_HP0139,57,4.14,Hài lòng
KS_02976,SP_HP0140,53,4.20,Hài lòng
KS_02977,SP_HP0141,38,4.84,Rất hài lòng
KS_02978,SP_HP0142,34,3.56,Bình thường
KS_02979,SP_HP0143,65,4.68,Rất hài lòng
KS_02980,SP_HP0144,51,4.61,Rất hài lòng
KS_02981,SP_HP0145,58,3.87,Bình thường
KS_02982,SP_HP0146,65,3.83,Bình thường
KS_02983,SP_HP0147,46,3.86,Bình thường
KS_02984,SP_HP0148,36,4.50,Rất hài lòng
KS_02985,SP_HP0149,41,4.94,Rất hài lòng
KS_02986,SP_HP0150,45,4.41,Hài lòng
KS_02987,SP_HP0151,60,4.67,Rất hài lòng
KS_02988,SP_HP0152,44,4.48,Hài lòng
KS_02989,SP_HP0153,45,4.37,Hài lòng
KS_02990,SP_HP0154,59,4.93,Rất hài lòng
KS_02991,SP_HP0155,34,4.84,Rất hài lòng
KS_02992,SP_HP0156,39,4.97,Rất hài lòng
KS_02993,SP_HP0157,40,4.70,Rất hài lòng
KS_02994,SP_HP0158,57,4.46,Hài lòng
KS_02995,SP_HP0159,58,3.53,Bình thường
KS_02996,SP_HP0160,50,4.90,Rất hài lòng
KS_02997,SP_HP0161,40,4.72,Rất hài lòng
KS_02998,SP_HP0162,56,4.20,Hài lòng
KS_02999,SP_HP0163,63,4.44,Hài lòng
KS_03000,SP_HP0164,50,4.95,Rất hài lòng
KS_03001,SP_HP0165,39,5.00,Rất hài lòng
KS_03002,SP_HP0166,49,3.82,Bình thường
KS_03003,SP_HP0167,64,3.98,Bình thường
KS_03004,SP_HP0168,31,4.79,Rất hài lòng
KS_03005,SP_HP0169,38,4.49,Hài lòng
KS_03006,SP_HP0170,61,4.82,Rất hài lòng
KS_03007,SP_HP0171,43,4.79,Rất hài lòng
KS_03008,SP_HP0172,58,4.43,Hài lòng
KS_03009,SP_HP0173,51,4.97,Rất hài lòng
KS_03010,SP_HP0174,45,4.70,Rất hài lòng
KS_03011,SP_HP0175,70,4.95,Rất hài lòng
KS_03012,SP_HP0176,53,4.32,Hài lòng
KS_03013,SP_HP0177,44,4.59,Rất hài lòng
KS_03014,SP_HP0178,51,3.43,Bình thường
KS_03015,SP_HP0179,42,4.77,Rất hài lòng
KS_03016,SP_HP0180,69,4.47,Hài lòng
KS_03017,SP_HP0181,38,4.06,Hài lòng
KS_03018,SP_HP0182,57,3.85,Bình thường
KS_03019,SP_HP0183,39,3.75,Bình thường
KS_03020,SP_HP0184,35,4.45,Hài lòng
KS_03021,SP_HP0185,44,3.73,Bình thường
KS_03022,SP_HP0186,58,3.78,Bình thường
KS_03023,SP_HP0187,53,4.12,Hài lòng
KS_03024,SP_HP0188,60,3.73,Bình thường
KS_03025,SP_HP0189,59,4.65,Rất hài lòng
KS_03026,SP_HP0190,66,4.46,Hài lòng
KS_03027,SP_HP0191,29,3.68,Bình thường
KS_03028,SP_HP0192,45,4.94,Rất hài lòng
KS_03029,SP_HP0193,44,4.90,Rất hài lòng
KS_03030,SP_HP0194,72,4.81,Rất hài lòng
KS_03031,SP_HP0195,38,4.37,Hài lòng
KS_03032,SP_HP0196,57,4.69,Rất hài lòng
KS_03033,SP_HP0197,64,4.98,Rất hài lòng
KS_03034,SP_HP0198,64,4.59,Rất hài lòng
KS_03035,SP_HP0199,37,4.93,Rất hài lòng
KS_03036,SP_HP0200,64,4.05,Hài lòng
KS_03037,SP_HP0201,63,4.49,Hài lòng
KS_03038,SP_HP0202,32,4.79,Rất hài lòng
KS_03039,SP_HP0203,28,4.61,Rất hài lòng
KS_03040,SP_HP0204,51,4.86,Rất hài lòng
KS_03041,SP_HP0205,74,4.60,Rất hài lòng
KS_03042,SP_HP0206,53,4.63,Rất hài lòng
KS_03043,SP_HP0207,28,4.00,Hài lòng
KS_03044,SP_HP0208,47,4.88,Rất hài lòng
KS_03045,SP_HP0209,44,4.76,Rất hài lòng
KS_03046,SP_HP0210,65,4.96,Rất hài lòng
KS_03047,SP_HP0211,30,4.89,Rất hài lòng
KS_03048,SP_HP0212,67,4.74,Rất hài lòng
KS_03049,SP_HP0213,47,4.39,Hài lòng
KS_03050,SP_HP0214,37,3.97,Bình thường
KS_03051,SP_HP0215,32,3.78,Bình thường
KS_03052,SP_HP0216,32,4.79,Rất hài lòng
KS_03053,SP_HP0217,43,4.43,Hài lòng
KS_03054,SP_HP0218,56,3.89,Bình thường
KS_03055,SP_HP0219,33,4.63,Rất hài lòng
KS_03056,SP_HP0220,31,4.79,Rất hài lòng
KS_03057,SP_HP0221,31,4.88,Rất hài lòng
KS_03058,SP_HP0222,55,4.22,Hài lòng
KS_03059,SP_HP0223,60,4.83,Rất hài lòng
KS_03060,SP_HP0224,46,3.90,Bình thường
KS_03061,SP_HP0225,57,4.09,Hài lòng
KS_03062,SP_HP0226,34,4.84,Rất hài lòng
KS_03063,SP_HP0227,47,4.42,Hài lòng
KS_03064,SP_HP0228,50,3.86,Bình thường
KS_03065,SP_HP0229,58,4.51,Rất hài lòng
KS_03066,SP_HP0230,57,4.13,Hài lòng
KS_03067,SP_HP0231,58,3.68,Bình thường
KS_03068,SP_HP0232,45,4.74,Rất hài lòng
KS_03069,SP_HP0233,47,5.00,Rất hài lòng
KS_03070,SP_HP0234,35,3.66,Bình thường
KS_03071,SP_HP0235,65,4.76,Rất hài lòng
KS_03072,SP_HP0236,28,4.82,Rất hài lòng
KS_03073,SP_HP0237,64,4.29,Hài lòng
KS_03074,SP_HP0238,65,4.25,Hài lòng
KS_03075,SP_HP0239,43,4.99,Rất hài lòng
KS_03076,SP_HP0240,38,4.15,Hài lòng
KS_03077,SP_HP0241,37,4.15,Hài lòng
KS_03078,SP_HP0242,64,4.22,Hài lòng
KS_03079,SP_HP0243,46,4.86,Rất hài lòng
KS_03080,SP_HP0244,27,4.65,Rất hài lòng
KS_03081,SP_HP0245,74,3.84,Bình thường
KS_03082,SP_HP0246,53,4.65,Rất hài lòng
KS_03083,SP_HP0247,60,3.38,Bình thường
KS_03084,SP_HP0248,44,4.95,Rất hài lòng
KS_03085,SP_HP0249,42,4.74,Rất hài lòng
KS_03086,SP_HP0250,52,4.70,Rất hài lòng
KS_03087,SP_HP0251,55,3.58,Bình thường
KS_03088,SP_HP0252,28,3.96,Bình thường
KS_03089,SP_HP0253,52,4.56,Rất hài lòng
KS_03090,SP_HP0254,62,3.73,Bình thường
KS_03091,SP_HP0255,64,4.97,Rất hài lòng
KS_03092,SP_HP0256,64,3.55,Bình thường
KS_03093,SP_HP0257,28,4.78,Rất hài lòng
KS_03094,SP_HP0258,45,4.07,Hài lòng
KS_03095,SP_HP0259,36,4.79,Rất hài lòng
KS_03096,SP_HP0260,46,4.59,Rất hài lòng
KS_03097,SP_HP0261,33,3.41,Bình thường
KS_03098,SP_HP0262,61,4.99,Rất hài lòng
KS_03099,SP_HP0263,45,4.85,Rất hài lòng
KS_03100,SP_HP0264,60,4.36,Hài lòng
KS_03101,SP_HP0265,40,4.87,Rất hài lòng
KS_03102,SP_HP0266,32,4.50,Rất hài lòng
KS_03103,SP_HP0267,35,4.97,Rất hài lòng
KS_03104,SP_HP0268,39,4.99,Rất hài lòng
KS_03105,SP_HP0269,64,4.42,Hài lòng
KS_03106,SP_HP0270,56,4.65,Rất hài lòng
KS_03107,SP_HP0271,36,3.93,Bình thường
KS_03108,SP_HP0272,36,4.25,Hài lòng
KS_03109,SP_HP0273,40,3.52,Bình thường
KS_03110,SP_HP0274,42,4.95,Rất hài lòng
KS_03111,SP_HP0275,41,4.29,Hài lòng
KS_03112,SP_HP0276,48,4.63,Rất hài lòng
KS_03113,SP_HP0277,32,4.43,Hài lòng
KS_03114,SP_HP0278,62,4.46,Hài lòng
KS_03115,SP_HP0279,52,3.56,Bình thường
KS_03116,SP_HP0280,51,4.94,Rất hài lòng
KS_03117,SP_HP0281,36,4.77,Rất hài lòng
KS_03118,SP_HP0282,53,4.64,Rất hài lòng
KS_03119,SP_HP0283,40,3.51,Bình thường
KS_03120,SP_HP0284,40,4.99,Rất hài lòng
KS_03121,SP_HP0285,35,4.98,Rất hài lòng
KS_03122,SP_HP0286,43,4.97,Rất hài lòng
KS_03123,SP_HP0287,48,4.30,Hài lòng
KS_03124,SP_HP0288,41,4.47,Hài lòng
KS_03125,SP_HP0289,47,4.38,Hài lòng
KS_03126,SP_HP0290,30,4.33,Hài lòng
KS_03127,SP_HP0291,36,4.66,Rất hài lòng
KS_03128,SP_HP0292,34,4.76,Rất hài lòng
KS_03129,SP_HP0293,67,4.59,Rất hài lòng
KS_03130,SP_HP0294,49,4.92,Rất hài lòng
KS_03131,SP_HP0295,40,3.95,Bình thường
KS_03132,SP_HP0296,33,4.85,Rất hài lòng
KS_03133,SP_HP0297,54,4.49,Hài lòng
KS_03134,SP_HP0298,33,4.32,Hài lòng
KS_03135,SP_HP0299,33,4.78,Rất hài lòng
KS_03136,SP_HP0300,37,4.75,Rất hài lòng
KS_03137,SP_HP0301,32,4.14,Hài lòng
KS_03138,SP_HP0302,33,4.37,Hài lòng
KS_03139,SP_HP0303,53,4.66,Rất hài lòng
KS_03140,SP_HP0304,60,4.96,Rất hài lòng
KS_03141,SP_HP0305,35,4.96,Rất hài lòng
KS_03142,SP_HP0306,60,4.47,Hài lòng
KS_03143,SP_HP0307,53,4.28,Hài lòng
KS_03144,SP_HP0308,71,4.99,Rất hài lòng
KS_03145,SP_HP0309,50,3.91,Bình thường
KS_03146,SP_HP0310,38,4.73,Rất hài lòng
KS_03147,SP_HP0311,48,4.85,Rất hài lòng
KS_03148,SP_HP0312,35,4.89,Rất hài lòng
KS_03149,SP_HP0313,31,5.00,Rất hài lòng
KS_03150,SP_HP0314,67,4.44,Hài lòng
KS_03151,SP_HP0315,38,4.08,Hài lòng
KS_03152,SP_HP0316,34,4.31,Hài lòng
KS_03153,SP_HP0317,41,4.94,Rất hài lòng
KS_03154,SP_HP0318,43,4.94,Rất hài lòng
KS_03155,SP_HP0319,61,4.90,Rất hài lòng
KS_03156,SP_HP0320,64,4.70,Rất hài lòng
KS_03157,SP_HP0321,59,4.63,Rất hài lòng
KS_03158,SP_HP0322,63,4.92,Rất hài lòng
KS_03159,SP_HP0323,42,4.96,Rất hài lòng
KS_03160,SP_HP0324,52,4.00,Hài lòng
KS_03161,SP_HP0325,36,3.66,Bình thường
KS_03162,SP_HP0326,49,4.22,Hài lòng
KS_03163,SP_HP0327,29,4.33,Hài lòng
KS_03164,SP_HP0328,42,4.83,Rất hài lòng
KS_03165,SP_HP0329,56,3.94,Bình thường
KS_03166,SP_HP0330,54,4.94,Rất hài lòng
KS_03167,SP_HP0331,42,4.86,Rất hài lòng
KS_03168,SP_HP0332,47,4.54,Rất hài lòng
KS_03169,SP_HP0333,35,4.82,Rất hài lòng
KS_03170,SP_HP0334,53,4.26,Hài lòng
KS_03171,SP_HP0335,75,4.47,Hài lòng
KS_03172,SP_HP0336,42,4.97,Rất hài lòng
KS_03173,SP_HP0337,33,3.85,Bình thường
KS_03174,SP_HP0338,68,4.78,Rất hài lòng
KS_03175,SP_HP0339,58,4.74,Rất hài lòng
KS_03176,SP_HP0340,40,4.87,Rất hài lòng
KS_03177,SP_HP0341,47,3.61,Bình thường
KS_03178,SP_HP0342,55,3.87,Bình thường
KS_03179,SP_HP0343,49,4.90,Rất hài lòng
KS_03180,SP_HP0344,29,3.39,Bình thường
KS_03181,SP_HP0345,34,3.63,Bình thường
KS_03182,SP_HP0346,50,5.00,Rất hài lòng
KS_03183,SP_HP0347,37,4.61,Rất hài lòng
KS_03184,SP_HP0348,62,3.78,Bình thường
KS_03185,SP_HP0349,50,4.06,Hài lòng
KS_03186,SP_HP0350,37,4.62,Rất hài lòng
KS_03187,SP_HP0351,50,4.60,Rất hài lòng
KS_03188,SP_HP0352,33,4.94,Rất hài lòng
KS_03189,SP_HP0353,47,4.19,Hài lòng
KS_03190,SP_HP0354,40,3.92,Bình thường
KS_03191,SP_HP0355,43,4.68,Rất hài lòng
KS_03192,SP_HP0356,40,3.96,Bình thường
KS_03193,SP_HP0357,66,4.98,Rất hài lòng
KS_03194,SP_HP0358,49,4.64,Rất hài lòng
KS_03195,SP_HP0359,44,4.79,Rất hài lòng
KS_03196,SP_HP0360,42,4.10,Hài lòng
KS_03197,SP_HP0361,62,4.76,Rất hài lòng
KS_03198,SP_HP0362,40,4.77,Rất hài lòng
KS_03199,SP_HP0363,43,4.73,Rất hài lòng
KS_03200,SP_HP0364,45,4.71,Rất hài lòng
KS_03201,SP_HP0365,39,4.84,Rất hài lòng
KS_03202,SP_HP0366,28,4.89,Rất hài lòng
KS_03203,SP_HP0367,39,4.74,Rất hài lòng
KS_03204,SP_HP0368,41,4.88,Rất hài lòng
KS_03205,SP_HP0369,37,4.96,Rất hài lòng
KS_03206,SP_HP0370,51,3.97,Bình thường
KS_03207,SP_HP0371,45,4.78,Rất hài lòng
KS_03208,SP_HP0372,43,4.94,Rất hài lòng
KS_03209,SP_HP0373,38,4.97,Rất hài lòng
KS_03210,SP_HP0374,65,4.89,Rất hài lòng
KS_03211,SP_HP0375,48,4.63,Rất hài lòng
KS_03212,SP_HP0376,46,4.78,Rất hài lòng
KS_03213,SP_HP0377,52,4.32,Hài lòng
KS_03214,SP_HP0378,53,4.75,Rất hài lòng
KS_03215,SP_HP0379,43,4.90,Rất hài lòng
KS_03216,SP_HP0380,41,3.66,Bình thường
KS_03217,SP_HP0381,48,4.60,Rất hài lòng
KS_03218,SP_HP0382,57,4.02,Hài lòng
KS_03219,SP_HP0383,54,4.74,Rất hài lòng
KS_03220,SP_HP0384,65,4.73,Rất hài lòng
KS_03221,SP_HP0385,59,3.76,Bình thường
KS_03222,SP_HP0386,52,4.54,Rất hài lòng
KS_03223,SP_HP0387,53,4.92,Rất hài lòng
KS_03224,SP_HP0388,60,4.96,Rất hài lòng
KS_03225,SP_HP0389,49,4.54,Rất hài lòng
KS_03226,SP_HP0390,68,4.76,Rất hài lòng
KS_03227,SP_HP0391,42,4.99,Rất hài lòng
KS_03228,SP_HP0392,38,4.19,Hài lòng
KS_03229,SP_HP0393,41,4.47,Hài lòng
KS_03230,SP_HP0394,46,3.41,Bình thường
KS_03231,SP_HP0395,47,4.14,Hài lòng
KS_03232,SP_HP0396,56,4.80,Rất hài lòng
KS_03233,SP_HP0397,43,4.78,Rất hài lòng
KS_03234,SP_HP0398,64,3.99,Bình thường
KS_03235,SP_HP0399,45,4.85,Rất hài lòng
KS_03236,SP_HP0400,65,4.67,Rất hài lòng
KS_03237,SP_HP0401,65,4.72,Rất hài lòng
KS_03238,SP_HP0402,63,4.29,Hài lòng
KS_03239,SP_HP0403,53,4.04,Hài lòng
KS_03240,SP_HP0404,55,4.49,Hài lòng
KS_03241,SP_HP0405,36,4.86,Rất hài lòng
KS_03242,SP_HP0406,48,4.90,Rất hài lòng
KS_03243,SP_HP0407,49,4.71,Rất hài lòng
KS_03244,SP_HP0408,60,3.61,Bình thường
KS_03245,SP_HP0409,34,5.00,Rất hài lòng
KS_03246,SP_HP0410,44,3.30,Bình thường
KS_03247,SP_HP0411,55,4.92,Rất hài lòng
KS_03248,SP_HP0412,32,4.34,Hài lòng
KS_03249,SP_HP0413,63,5.00,Rất hài lòng
KS_03250,SP_HP0414,43,4.98,Rất hài lòng
KS_03251,SP_HP0415,60,3.68,Bình thường
KS_03252,SP_HP0416,49,4.47,Hài lòng
KS_03253,SP_HP0417,48,4.00,Hài lòng
KS_03254,SP_HP0418,49,4.73,Rất hài lòng
KS_03255,SP_HP0419,39,3.82,Bình thường
KS_03256,SP_HP0420,54,4.90,Rất hài lòng
KS_03257,SP_HP0421,34,4.78,Rất hài lòng
KS_03258,SP_HP0422,57,4.80,Rất hài lòng
KS_03259,SP_HP0423,52,4.70,Rất hài lòng
KS_03260,SP_HP0424,60,3.91,Bình thường
KS_03261,SP_HP0425,40,4.84,Rất hài lòng
KS_03262,SP_HP0426,51,4.61,Rất hài lòng
KS_03263,SP_HP0427,37,4.75,Rất hài lòng
KS_03264,SP_HP0428,39,4.44,Hài lòng
KS_03265,SP_HP0429,57,4.76,Rất hài lòng
KS_03266,SP_HP0430,61,4.83,Rất hài lòng
KS_03267,SP_HP0431,44,4.20,Hài lòng
KS_03268,SP_HP0432,39,4.33,Hài lòng
KS_03269,SP_HP0433,62,4.55,Rất hài lòng
KS_03270,SP_HP0434,32,3.79,Bình thường
KS_03271,SP_HP0435,29,4.88,Rất hài lòng
KS_03272,SP_HP0436,41,4.51,Rất hài lòng
KS_03273,SP_HP0437,43,5.00,Rất hài lòng
KS_03274,SP_HP0438,64,4.20,Hài lòng
KS_03275,TS_HP0001,61,4.49,Hài lòng
KS_03276,TS_HP0002,74,3.90,Bình thường
KS_03277,TS_HP0003,37,4.86,Rất hài lòng
KS_03278,TS_HP0004,42,4.76,Rất hài lòng
KS_03279,TS_HP0005,59,4.52,Rất hài lòng
KS_03280,TS_HP0006,56,4.70,Rất hài lòng
KS_03281,TS_HP0007,56,4.93,Rất hài lòng
KS_03282,TS_HP0008,32,4.81,Rất hài lòng
KS_03283,TS_HP0009,38,4.80,Rất hài lòng
KS_03284,TS_HP0010,63,4.81,Rất hài lòng
KS_03285,TS_HP0011,69,4.38,Hài lòng
KS_03286,TS_HP0012,37,4.96,Rất hài lòng
KS_03287,TS_HP0013,37,4.84,Rất hài lòng
KS_03288,TS_HP0014,64,4.69,Rất hài lòng
KS_03289,TS_HP0015,39,4.66,Rất hài lòng
KS_03290,TS_HP0016,30,3.33,Bình thường
KS_03291,TS_HP0017,64,4.85,Rất hài lòng
KS_03292,TS_HP0018,43,4.66,Rất hài lòng
KS_03293,TS_HP0019,55,4.23,Hài lòng
KS_03294,TS_HP0020,65,4.86,Rất hài lòng
KS_03295,TS_HP0021,65,4.87,Rất hài lòng
KS_03296,TS_HP0022,46,4.43,Hài lòng
KS_03297,TS_HP0023,38,4.77,Rất hài lòng
KS_03298,TS_HP0024,61,3.97,Bình thường
KS_03299,TS_HP0025,30,4.75,Rất hài lòng
KS_03300,TS_HP0026,55,4.61,Rất hài lòng
KS_03301,TS_HP0027,34,3.77,Bình thường
KS_03302,TS_HP0028,39,4.43,Hài lòng
KS_03303,TS_HP0029,53,4.97,Rất hài lòng
KS_03304,TS_HP0030,57,3.52,Bình thường
KS_03305,TS_HP0031,44,4.09,Hài lòng
KS_03306,TS_HP0032,59,4.52,Rất hài lòng
KS_03307,TS_HP0033,71,4.66,Rất hài lòng
KS_03308,TS_HP0034,65,4.92,Rất hài lòng
KS_03309,TS_HP0035,38,3.93,Bình thường
KS_03310,TS_HP0036,58,5.00,Rất hài lòng
KS_03311,TS_HP0037,58,4.67,Rất hài lòng
KS_03312,TS_HP0038,28,4.63,Rất hài lòng
KS_03313,TS_HP0039,60,4.03,Hài lòng
KS_03314,TS_HP0040,44,4.51,Rất hài lòng
KS_03315,TS_HP0041,56,4.18,Hài lòng
KS_03316,TS_HP0042,47,4.41,Hài lòng
KS_03317,TS_HP0043,47,4.22,Hài lòng
KS_03318,TS_HP0044,47,4.74,Rất hài lòng
KS_03319,TS_HP0045,53,4.64,Rất hài lòng
KS_03320,TS_HP0046,47,3.72,Bình thường
KS_03321,TS_HP0047,58,4.89,Rất hài lòng
KS_03322,TS_HP0048,55,4.96,Rất hài lòng
KS_03323,TS_HP0049,62,4.11,Hài lòng
KS_03324,TS_HP0050,49,4.20,Hài lòng
KS_03325,TS_HP0051,40,4.65,Rất hài lòng
KS_03326,TS_HP0052,44,3.52,Bình thường
KS_03327,TS_HP0053,65,4.44,Hài lòng
KS_03328,TS_HP0054,43,4.66,Rất hài lòng
KS_03329,TS_HP0055,50,4.10,Hài lòng
KS_03330,TS_HP0056,41,4.88,Rất hài lòng
KS_03331,TS_HP0057,67,4.67,Rất hài lòng
KS_03332,TS_HP0058,44,4.79,Rất hài lòng
KS_03333,TS_HP0059,54,4.69,Rất hài lòng
KS_03334,TS_HP0060,39,4.83,Rất hài lòng
KS_03335,TS_HP0061,69,4.65,Rất hài lòng
KS_03336,TS_HP0062,38,4.97,Rất hài lòng
KS_03337,TS_HP0063,68,4.64,Rất hài lòng
KS_03338,TS_HP0064,60,4.40,Hài lòng
KS_03339,TS_HP0065,66,3.91,Bình thường
KS_03340,TS_HP0066,55,4.99,Rất hài lòng
KS_03341,TS_HP0067,63,4.42,Hài lòng
KS_03342,TS_HP0068,68,3.98,Bình thường
KS_03343,TS_HP0069,51,4.79,Rất hài lòng
KS_03344,TS_HP0070,40,4.96,Rất hài lòng
KS_03345,TS_HP0071,29,4.88,Rất hài lòng
KS_03346,TS_HP0072,27,3.97,Bình thường
KS_03347,TS_HP0073,44,4.75,Rất hài lòng
KS_03348,TS_HP0074,52,4.87,Rất hài lòng
KS_03349,TS_HP0075,55,4.17,Hài lòng
KS_03350,TS_HP0076,53,4.97,Rất hài lòng
KS_03351,TS_HP0077,68,4.96,Rất hài lòng
KS_03352,TS_HP0078,57,3.74,Bình thường
KS_03353,TS_HP0079,31,4.61,Rất hài lòng
KS_03354,TS_HP0080,61,4.32,Hài lòng
KS_03355,TS_HP0081,58,3.85,Bình thường
KS_03356,TS_HP0082,63,4.67,Rất hài lòng
KS_03357,TS_HP0083,38,4.32,Hài lòng
KS_03358,TS_HP0084,61,4.67,Rất hài lòng
KS_03359,TS_HP0085,51,3.95,Bình thường
KS_03360,TS_HP0086,72,4.28,Hài lòng
KS_03361,TS_HP0087,37,4.43,Hài lòng
KS_03362,TS_HP0088,60,4.25,Hài lòng
KS_03363,TS_HP0089,34,4.82,Rất hài lòng
KS_03364,TS_HP0090,62,4.48,Hài lòng
KS_03365,TS_HP0091,49,4.17,Hài lòng
KS_03366,TS_HP0092,38,5.00,Rất hài lòng
KS_03367,TS_HP0093,58,4.52,Rất hài lòng
KS_03368,TS_HP0094,37,4.04,Hài lòng
KS_03369,TS_HP0095,40,4.78,Rất hài lòng
KS_03370,TS_HP0096,62,4.36,Hài lòng
KS_03371,TS_HP0097,58,4.89,Rất hài lòng
KS_03372,TS_HP0098,58,4.63,Rất hài lòng
KS_03373,TS_HP0099,45,4.49,Hài lòng
KS_03374,TS_HP0100,68,4.22,Hài lòng
KS_03375,TS_HP0101,57,4.87,Rất hài lòng
KS_03376,TS_HP0102,54,4.40,Hài lòng
KS_03377,TS_HP0103,52,4.41,Hài lòng
KS_03378,TS_HP0104,63,4.98,Rất hài lòng
KS_03379,TS_HP0105,32,4.94,Rất hài lòng
KS_03380,TS_HP0106,67,4.24,Hài lòng
KS_03381,TS_HP0107,34,4.80,Rất hài lòng
KS_03382,TS_HP0108,65,4.72,Rất hài lòng
KS_03383,TS_HP0109,49,4.52,Rất hài lòng
KS_03384,TS_HP0110,34,4.86,Rất hài lòng
KS_03385,TS_HP0111,45,3.66,Bình thường
KS_03386,TS_HP0112,47,4.20,Hài lòng
KS_03387,TS_HP0113,40,4.06,Hài lòng
KS_03388,TS_HP0114,41,4.37,Hài lòng
KS_03389,TS_HP0115,61,4.73,Rất hài lòng
KS_03390,TS_HP0116,52,4.72,Rất hài lòng
KS_03391,TS_HP0117,60,4.69,Rất hài lòng
KS_03392,TS_HP0118,62,4.10,Hài lòng
KS_03393,TS_HP0119,49,4.33,Hài lòng
KS_03394,TS_HP0120,55,4.37,Hài lòng
KS_03395,TS_HP0121,43,4.52,Rất hài lòng
KS_03396,TS_HP0122,70,4.90,Rất hài lòng
KS_03397,TS_HP0123,50,3.85,Bình thường
KS_03398,TS_HP0124,49,4.99,Rất hài lòng
KS_03399,TS_HP0125,55,4.62,Rất hài lòng
KS_03400,TS_HP0126,49,4.05,Hài lòng
KS_03401,TS_HP0127,34,4.07,Hài lòng
KS_03402,TS_HP0128,39,4.41,Hài lòng
KS_03403,TS_HP0129,39,4.80,Rất hài lòng
KS_03404,TS_HP0130,37,4.99,Rất hài lòng
KS_03405,TS_HP0131,46,4.25,Hài lòng
KS_03406,TS_HP0132,35,4.83,Rất hài lòng
KS_03407,TS_HP0133,54,4.71,Rất hài lòng
KS_03408,TS_HP0134,68,3.71,Bình thường
KS_03409,TS_HP0135,38,4.35,Hài lòng
KS_03410,TS_HP0136,72,4.40,Hài lòng
KS_03411,TS_HP0137,45,4.99,Rất hài lòng
KS_03412,TS_HP0138,31,4.75,Rất hài lòng
KS_03413,TS_HP0139,41,4.34,Hài lòng
KS_03414,TS_HP0140,54,4.37,Hài lòng
KS_03415,TS_HP0141,50,4.50,Rất hài lòng
KS_03416,TS_HP0142,39,4.78,Rất hài lòng
KS_03417,TS_HP0143,61,4.46,Hài lòng
KS_03418,TS_HP0144,37,4.98,Rất hài lòng
KS_03419,TS_HP0145,36,4.88,Rất hài lòng
KS_03420,TS_HP0146,41,4.42,Hài lòng
KS_03421,TS_HP0147,31,4.37,Hài lòng
KS_03422,TS_HP0148,63,4.07,Hài lòng
KS_03423,TS_HP0149,35,4.69,Rất hài lòng
KS_03424,TS_HP0150,54,4.16,Hài lòng
KS_03425,TS_HP0151,53,4.98,Rất hài lòng
KS_03426,TS_HP0152,38,4.51,Rất hài lòng
KS_03427,TS_HP0153,32,3.44,Bình thường
KS_03428,TS_HP0154,72,4.66,Rất hài lòng
KS_03429,TS_HP0155,61,4.34,Hài lòng
KS_03430,TS_HP0156,40,4.67,Rất hài lòng
KS_03431,TS_HP0157,34,4.44,Hài lòng
KS_03432,TS_HP0158,46,4.61,Rất hài lòng
KS_03433,TS_HP0159,46,4.52,Rất hài lòng
KS_03434,TS_HP0160,55,4.97,Rất hài lòng
KS_03435,TS_HP0161,41,4.62,Rất hài lòng
KS_03436,TS_HP0162,34,4.60,Rất hài lòng
KS_03437,TS_HP0163,36,4.71,Rất hài lòng
KS_03438,TS_HP0164,65,4.49,Hài lòng
KS_03439,TS_HP0165,35,3.46,Bình thường
KS_03440,TS_HP0166,38,4.31,Hài lòng
KS_03441,TS_HP0167,71,4.27,Hài lòng
KS_03442,TS_HP0168,61,4.80,Rất hài lòng
KS_03443,TS_HP0169,54,3.65,Bình thường
KS_03444,TS_HP0170,65,4.45,Hài lòng
KS_03445,TS_HP0171,47,4.64,Rất hài lòng
KS_03446,TS_HP0172,34,4.08,Hài lòng
KS_03447,TS_HP0173,48,4.76,Rất hài lòng
KS_03448,TS_HP0174,46,3.50,Bình thường
KS_03449,TS_HP0175,68,4.73,Rất hài lòng
KS_03450,TS_HP0176,52,4.69,Rất hài lòng
KS_03451,TS_HP0177,63,4.90,Rất hài lòng
KS_03452,TS_HP0178,48,4.99,Rất hài lòng
KS_03453,TS_HP0179,35,4.93,Rất hài lòng
KS_03454,TS_HP0180,38,3.39,Bình thường
KS_03455,TS_HP0181,40,4.97,Rất hài lòng
KS_03456,TS_HP0182,33,4.87,Rất hài lòng
KS_03457,TS_HP0183,37,4.82,Rất hài lòng
KS_03458,TS_HP0184,59,4.78,Rất hài lòng
KS_03459,TS_HP0185,43,3.53,Bình thường
KS_03460,TS_HP0186,56,5.00,Rất hài lòng
KS_03461,TS_HP0187,63,5.00,Rất hài lòng
KS_03462,TS_HP0188,35,4.52,Rất hài lòng
KS_03463,TS_HP0189,40,4.62,Rất hài lòng
KS_03464,TS_HP0190,28,4.63,Rất hài lòng
KS_03465,TS_HP0191,58,3.78,Bình thường
KS_03466,TS_HP0192,61,4.54,Rất hài lòng
KS_03467,TS_HP0193,41,4.59,Rất hài lòng
KS_03468,TS_HP0194,31,4.87,Rất hài lòng
KS_03469,TS_HP0195,53,4.23,Hài lòng
KS_03470,TS_HP0196,68,4.34,Hài lòng
KS_03471,TS_HP0197,55,4.68,Rất hài lòng
KS_03472,TS_HP0198,66,4.09,Hài lòng
KS_03473,TS_HP0199,51,4.28,Hài lòng
KS_03474,TS_HP0200,38,5.00,Rất hài lòng
KS_03475,TS_HP0201,43,4.94,Rất hài lòng
KS_03476,TS_HP0202,57,4.12,Hài lòng
KS_03477,TS_HP0203,42,4.32,Hài lòng
KS_03478,TS_HP0204,32,3.82,Bình thường
KS_03479,TS_HP0205,50,4.93,Rất hài lòng
KS_03480,TS_HP0206,58,4.50,Rất hài lòng
KS_03481,TS_HP0207,29,4.65,Rất hài lòng
KS_03482,TS_HP0208,51,4.97,Rất hài lòng
KS_03483,TS_HP0209,67,4.42,Hài lòng
KS_03484,TS_HP0210,62,4.66,Rất hài lòng
KS_03485,TS_HP0211,57,4.75,Rất hài lòng
KS_03486,TS_HP0212,56,4.72,Rất hài lòng
KS_03487,TS_HP0213,59,4.95,Rất hài lòng
KS_03488,TS_HP0214,31,3.48,Bình thường
KS_03489,TS_HP0215,35,4.97,Rất hài lòng
KS_03490,TS_HP0216,50,4.56,Rất hài lòng
KS_03491,TS_HP0217,33,3.56,Bình thường
KS_03492,TS_HP0218,62,4.52,Rất hài lòng
KS_03493,TS_HP0219,32,4.03,Hài lòng
KS_03494,TS_HP0220,43,3.59,Bình thường
KS_03495,TS_HP0221,35,3.67,Bình thường
KS_03496,TS_HP0222,49,3.82,Bình thường
KS_03497,TS_HP0223,42,4.15,Hài lòng
KS_03498,TS_HP0224,32,4.77,Rất hài lòng
KS_03499,TS_HP0225,59,4.91,Rất hài lòng
KS_03500,TS_HP0226,71,4.81,Rất hài lòng
KS_03501,TS_HP0227,44,4.69,Rất hài lòng
KS_03502,TS_HP0228,46,4.73,Rất hài lòng
KS_03503,TS_HP0229,55,4.77,Rất hài lòng
KS_03504,TS_HP0230,31,4.99,Rất hài lòng
KS_03505,TS_HP0231,40,4.75,Rất hài lòng
KS_03506,TS_HP0232,52,4.74,Rất hài lòng
KS_03507,TS_HP0233,44,4.29,Hài lòng
KS_03508,TS_HP0234,41,4.61,Rất hài lòng
KS_03509,TS_HP0235,40,4.89,Rất hài lòng
KS_03510,TS_HP0236,39,4.38,Hài lòng
KS_03511,TS_HP0237,53,4.44,Hài lòng
KS_03512,TS_HP0238,54,4.85,Rất hài lòng
KS_03513,TS_HP0239,59,4.78,Rất hài lòng
KS_03514,TS_HP0240,63,3.91,Bình thường
KS_03515,TS_HP0241,61,4.16,Hài lòng
KS_03516,TS_HP0242,53,4.52,Rất hài lòng
KS_03517,TS_HP0243,31,4.79,Rất hài lòng
KS_03518,TS_HP0244,70,4.98,Rất hài lòng
KS_03519,TS_HP0245,55,4.74,Rất hài lòng
KS_03520,TS_HP0246,35,4.60,Rất hài lòng
KS_03521,TS_HP0247,64,4.82,Rất hài lòng
KS_03522,TS_HP0248,43,4.80,Rất hài lòng
KS_03523,TS_HP0249,44,4.44,Hài lòng
KS_03524,TS_HP0250,50,4.70,Rất hài lòng
KS_03525,TS_HP0251,32,4.40,Hài lòng
KS_03526,TS_HP0252,50,4.60,Rất hài lòng
KS_03527,TS_HP0253,35,4.33,Hài lòng
KS_03528,TS_HP0254,69,4.52,Rất hài lòng
KS_03529,TS_HP0255,49,4.85,Rất hài lòng
KS_03530,TS_HP0256,48,4.88,Rất hài lòng
KS_03531,TS_HP0257,45,4.87,Rất hài lòng
KS_03532,TS_HP0258,61,4.19,Hài lòng
KS_03533,TS_HP0259,59,4.84,Rất hài lòng
KS_03534,TS_HP0260,44,4.34,Hài lòng
KS_03535,TS_HP0261,48,4.77,Rất hài lòng
KS_03536,TS_HP0262,42,4.28,Hài lòng
KS_03537,TS_HP0263,45,4.99,Rất hài lòng
KS_03538,TS_HP0264,65,5.00,Rất hài lòng
KS_03539,TS_HP0265,47,4.85,Rất hài lòng
KS_03540,TS_HP0266,41,4.40,Hài lòng
KS_03541,TS_HP0267,61,3.76,Bình thường
KS_03542,TS_HP0268,53,4.95,Rất hài lòng
KS_03543,TS_HP0269,48,4.57,Rất hài lòng
KS_03544,TS_HP0270,39,4.48,Hài lòng
KS_03545,TS_HP0271,40,3.94,Bình thường
KS_03546,TS_HP0272,45,4.93,Rất hài lòng
KS_03547,TS_HP0273,54,4.98,Rất hài lòng
KS_03548,TS_HP0274,52,4.99,Rất hài lòng
KS_03549,TS_HP0275,30,4.98,Rất hài lòng
KS_03550,TS_HP0276,56,4.77,Rất hài lòng
KS_03551,TS_HP0277,42,4.72,Rất hài lòng
KS_03552,TS_HP0278,46,4.91,Rất hài lòng
KS_03553,TS_HP0279,62,4.80,Rất hài lòng
KS_03554,TS_HP0280,30,4.46,Hài lòng
KS_03555,TS_HP0281,50,4.37,Hài lòng
KS_03556,TS_HP0282,46,4.43,Hài lòng
KS_03557,TS_HP0283,60,4.55,Rất hài lòng
KS_03558,TS_HP0284,67,4.97,Rất hài lòng
KS_03559,TS_HP0285,39,4.62,Rất hài lòng
KS_03560,TS_HP0286,39,4.45,Hài lòng
KS_03561,TS_HP0287,33,4.52,Rất hài lòng
KS_03562,TS_HP0288,72,4.68,Rất hài lòng
KS_03563,TS_HP0289,38,4.85,Rất hài lòng
KS_03564,TS_HP0290,34,4.52,Rất hài lòng
KS_03565,TS_HP0291,43,4.49,Hài lòng
KS_03566,TS_HP0292,44,3.68,Bình thường
KS_03567,TS_HP0293,36,4.99,Rất hài lòng
KS_03568,TS_HP0294,53,4.64,Rất hài lòng
KS_03569,TS_HP0295,49,3.78,Bình thường
KS_03570,TS_HP0296,43,4.82,Rất hài lòng
KS_03571,TS_HP0297,67,4.94,Rất hài lòng
KS_03572,TS_HP0298,35,4.67,Rất hài lòng
KS_03573,TS_HP0299,33,4.42,Hài lòng
KS_03574,TS_HP0300,54,4.25,Hài lòng
KS_03575,TS_HP0301,42,4.65,Rất hài lòng
KS_03576,TS_HP0302,64,4.37,Hài lòng
KS_03577,TS_HP0303,53,4.89,Rất hài lòng
KS_03578,TS_HP0304,40,4.99,Rất hài lòng
KS_03579,TS_HP0305,44,3.88,Bình thường
KS_03580,TS_HP0306,41,4.80,Rất hài lòng
KS_03581,NNGU_HP0001,68,4.06,Hài lòng
KS_03582,NNGU_HP0002,61,4.45,Hài lòng
KS_03583,NNGU_HP0003,57,3.58,Bình thường
KS_03584,NNGU_HP0004,47,4.67,Rất hài lòng
KS_03585,NNGU_HP0005,51,4.84,Rất hài lòng
KS_03586,NNGU_HP0006,65,4.37,Hài lòng
KS_03587,NNGU_HP0007,63,4.87,Rất hài lòng
KS_03588,NNGU_HP0008,64,4.54,Rất hài lòng
KS_03589,NNGU_HP0009,41,4.45,Hài lòng
KS_03590,NNGU_HP0010,55,4.35,Hài lòng
KS_03591,NNGU_HP0011,54,3.31,Bình thường
KS_03592,NNGU_HP0012,52,3.73,Bình thường
KS_03593,NNGU_HP0013,34,4.68,Rất hài lòng
KS_03594,NNGU_HP0014,32,4.44,Hài lòng
KS_03595,NNGU_HP0015,58,3.66,Bình thường
KS_03596,NNGU_HP0016,42,4.90,Rất hài lòng
KS_03597,NNGU_HP0017,38,4.63,Rất hài lòng
KS_03598,NNGU_HP0018,61,4.71,Rất hài lòng
KS_03599,NNGU_HP0019,59,4.15,Hài lòng
KS_03600,NNGU_HP0020,41,4.24,Hài lòng
KS_03601,NNGU_HP0021,64,4.05,Hài lòng
KS_03602,NNGU_HP0022,46,4.55,Rất hài lòng
KS_03603,NNGU_HP0023,41,4.37,Hài lòng
KS_03604,NNGU_HP0024,32,4.74,Rất hài lòng
KS_03605,NNGU_HP0025,46,4.02,Hài lòng
KS_03606,NNGU_HP0026,41,4.74,Rất hài lòng
KS_03607,NNGU_HP0027,39,4.97,Rất hài lòng
KS_03608,NNGU_HP0028,47,4.84,Rất hài lòng
KS_03609,NNGU_HP0029,33,4.55,Rất hài lòng
KS_03610,NNGU_HP0030,34,3.92,Bình thường
KS_03611,NNGU_HP0031,31,3.94,Bình thường
KS_03612,NNGU_HP0032,45,4.54,Rất hài lòng
KS_03613,NNGU_HP0033,38,4.90,Rất hài lòng
KS_03614,NNGU_HP0034,69,4.97,Rất hài lòng
KS_03615,NNGU_HP0035,64,3.84,Bình thường
KS_03616,NNGU_HP0036,32,4.60,Rất hài lòng
KS_03617,NNGU_HP0037,34,4.34,Hài lòng
KS_03618,NNGU_HP0038,44,3.93,Bình thường
KS_03619,NNGU_HP0039,42,4.97,Rất hài lòng
KS_03620,NNGU_HP0040,51,4.69,Rất hài lòng
KS_03621,NNGU_HP0041,58,4.69,Rất hài lòng
KS_03622,NNGU_HP0042,50,4.75,Rất hài lòng
KS_03623,NNGU_HP0043,63,4.55,Rất hài lòng
KS_03624,NNGU_HP0044,60,4.92,Rất hài lòng
KS_03625,NNGU_HP0045,60,4.00,Hài lòng
KS_03626,NNGU_HP0046,38,4.55,Rất hài lòng
KS_03627,NNGU_HP0047,66,4.73,Rất hài lòng
KS_03628,NNGU_HP0048,41,4.30,Hài lòng
KS_03629,NNGU_HP0049,59,4.69,Rất hài lòng
KS_03630,NNGU_HP0050,56,4.65,Rất hài lòng
KS_03631,NNGU_HP0051,62,4.48,Hài lòng
KS_03632,NNGU_HP0052,33,4.73,Rất hài lòng
KS_03633,NNGU_HP0053,54,4.85,Rất hài lòng
KS_03634,NNGU_HP0054,34,4.76,Rất hài lòng
KS_03635,NNGU_HP0055,35,4.80,Rất hài lòng
KS_03636,NNGU_HP0056,41,4.99,Rất hài lòng
KS_03637,NNGU_HP0057,66,4.83,Rất hài lòng
KS_03638,NNGU_HP0058,51,4.49,Hài lòng
KS_03639,NNGU_HP0059,59,4.10,Hài lòng
KS_03640,NNGU_HP0060,47,4.93,Rất hài lòng
KS_03641,NNGU_HP0061,32,4.55,Rất hài lòng
KS_03642,NNGU_HP0062,55,4.80,Rất hài lòng
KS_03643,NNGU_HP0063,41,4.23,Hài lòng
KS_03644,NNGU_HP0064,59,4.81,Rất hài lòng
KS_03645,NNGU_HP0065,45,4.43,Hài lòng
KS_03646,NNGU_HP0066,67,4.88,Rất hài lòng
KS_03647,NNGU_HP0067,34,4.63,Rất hài lòng
KS_03648,NNGU_HP0068,32,4.62,Rất hài lòng
KS_03649,NNGU_HP0069,51,4.76,Rất hài lòng
KS_03650,NNGU_HP0070,45,4.72,Rất hài lòng
KS_03651,NNGU_HP0071,64,3.45,Bình thường
KS_03652,NNGU_HP0072,34,4.75,Rất hài lòng
KS_03653,NNGU_HP0073,74,4.18,Hài lòng
KS_03654,NNGU_HP0074,53,4.55,Rất hài lòng
KS_03655,NNGU_HP0075,56,4.75,Rất hài lòng
KS_03656,NNGU_HP0076,48,4.66,Rất hài lòng
KS_03657,NNGU_HP0077,68,4.84,Rất hài lòng
KS_03658,NNGU_HP0078,50,4.88,Rất hài lòng
KS_03659,NNGU_HP0079,62,4.98,Rất hài lòng
KS_03660,NNGU_HP0080,42,4.02,Hài lòng
KS_03661,NNGU_HP0081,50,4.91,Rất hài lòng
KS_03662,NNGU_HP0082,43,4.95,Rất hài lòng
KS_03663,NNGU_HP0083,49,3.95,Bình thường
KS_03664,NNGU_HP0084,65,4.49,Hài lòng
KS_03665,NNGU_HP0085,54,4.30,Hài lòng
KS_03666,NNGU_HP0086,67,4.32,Hài lòng
KS_03667,NNGU_HP0087,41,4.79,Rất hài lòng
KS_03668,NNGU_HP0088,43,4.05,Hài lòng
KS_03669,NNGU_HP0089,66,4.69,Rất hài lòng
KS_03670,NNGU_HP0090,60,4.90,Rất hài lòng
KS_03671,NNGU_HP0091,53,4.86,Rất hài lòng
KS_03672,NNGU_HP0092,34,4.81,Rất hài lòng
KS_03673,NNGU_HP0093,33,4.76,Rất hài lòng
KS_03674,NNGU_HP0094,61,4.84,Rất hài lòng
KS_03675,NNGU_HP0095,59,4.23,Hài lòng
KS_03676,NNGU_HP0096,63,4.72,Rất hài lòng
KS_03677,NNGU_HP0097,50,4.97,Rất hài lòng
KS_03678,NNGU_HP0098,50,4.58,Rất hài lòng
KS_03679,NNGU_HP0099,53,3.94,Bình thường
KS_03680,NNGU_HP0100,42,4.60,Rất hài lòng
KS_03681,NNGU_HP0101,56,4.77,Rất hài lòng
KS_03682,NNGU_HP0102,66,3.84,Bình thường
KS_03683,NNGU_HP0103,41,4.51,Rất hài lòng
KS_03684,NNGU_HP0104,65,4.54,Rất hài lòng
KS_03685,NNGU_HP0105,70,4.16,Hài lòng
KS_03686,NNGU_HP0106,57,4.89,Rất hài lòng
KS_03687,NNGU_HP0107,43,4.59,Rất hài lòng
KS_03688,NNGU_HP0108,30,4.14,Hài lòng
KS_03689,NNGU_HP0109,31,4.62,Rất hài lòng
KS_03690,NNGU_HP0110,64,3.72,Bình thường
KS_03691,NNGU_HP0111,41,4.98,Rất hài lòng
KS_03692,NNGU_HP0112,38,4.80,Rất hài lòng
KS_03693,NNGU_HP0113,36,4.78,Rất hài lòng
KS_03694,NNGU_HP0114,45,4.95,Rất hài lòng
KS_03695,NNGU_HP0115,60,4.94,Rất hài lòng
KS_03696,NNGU_HP0116,45,3.55,Bình thường
KS_03697,NNGU_HP0117,57,4.79,Rất hài lòng
KS_03698,NNGU_HP0118,41,4.76,Rất hài lòng
KS_03699,NNGU_HP0119,68,4.81,Rất hài lòng
KS_03700,NNGU_HP0120,50,4.63,Rất hài lòng
KS_03701,NNGU_HP0121,38,4.54,Rất hài lòng
KS_03702,NNGU_HP0122,29,4.55,Rất hài lòng
KS_03703,NNGU_HP0123,49,4.96,Rất hài lòng
KS_03704,NNGU_HP0124,53,4.67,Rất hài lòng
KS_03705,NNGU_HP0125,71,4.38,Hài lòng
KS_03706,NNGU_HP0126,62,4.70,Rất hài lòng
KS_03707,NNGU_HP0127,62,4.91,Rất hài lòng
KS_03708,NNGU_HP0128,40,4.44,Hài lòng
KS_03709,NNGU_HP0129,48,4.87,Rất hài lòng
KS_03710,NNGU_HP0130,54,4.41,Hài lòng
KS_03711,NNGU_HP0131,52,4.44,Hài lòng
KS_03712,NNGU_HP0132,36,4.04,Hài lòng
KS_03713,NNGU_HP0133,69,3.44,Bình thường
KS_03714,NNGU_HP0134,58,4.88,Rất hài lòng
KS_03715,NNGU_HP0135,35,4.49,Hài lòng
KS_03716,NNGU_HP0136,57,4.70,Rất hài lòng
KS_03717,NNGU_HP0137,34,4.39,Hài lòng
KS_03718,NNGU_HP0138,59,4.48,Hài lòng
KS_03719,NNGU_HP0139,32,4.32,Hài lòng
KS_03720,NNGU_HP0140,61,4.74,Rất hài lòng
KS_03721,NNGU_HP0141,49,4.24,Hài lòng
KS_03722,NNGU_HP0142,63,4.61,Rất hài lòng
KS_03723,NNGU_HP0143,40,4.83,Rất hài lòng
KS_03724,NNGU_HP0144,47,4.77,Rất hài lòng
KS_03725,NNGU_HP0145,32,3.60,Bình thường
KS_03726,NNGU_HP0146,48,4.54,Rất hài lòng
KS_03727,NNGU_HP0147,38,4.65,Rất hài lòng
KS_03728,NNGU_HP0148,49,5.00,Rất hài lòng
KS_03729,NNGU_HP0149,67,4.40,Hài lòng
KS_03730,NNGU_HP0150,60,4.80,Rất hài lòng
KS_03731,NNGU_HP0151,56,5.00,Rất hài lòng
KS_03732,NNGU_HP0152,54,4.99,Rất hài lòng
KS_03733,NNGU_HP0153,44,4.71,Rất hài lòng
KS_03734,NNGU_HP0154,38,4.11,Hài lòng
KS_03735,NNGU_HP0155,42,4.71,Rất hài lòng
KS_03736,NNGU_HP0156,70,4.11,Hài lòng
KS_03737,NNGU_HP0157,49,4.25,Hài lòng
KS_03738,NNGU_HP0158,41,4.95,Rất hài lòng
KS_03739,NNGU_HP0159,54,4.55,Rất hài lòng
KS_03740,NNGU_HP0160,68,4.75,Rất hài lòng
KS_03741,NNGU_HP0161,45,4.73,Rất hài lòng
KS_03742,NNGU_HP0162,63,4.31,Hài lòng
KS_03743,NNGU_HP0163,49,3.86,Bình thường
KS_03744,NNGU_HP0164,58,4.33,Hài lòng
KS_03745,NNGU_HP0165,29,4.98,Rất hài lòng
KS_03746,NNGU_HP0166,39,4.27,Hài lòng
KS_03747,NNGU_HP0167,44,4.79,Rất hài lòng
KS_03748,NNGU_HP0168,61,4.91,Rất hài lòng
KS_03749,NNGU_HP0169,57,4.76,Rất hài lòng
KS_03750,NNGU_HP0170,47,4.73,Rất hài lòng
KS_03751,NNGU_HP0171,41,4.91,Rất hài lòng
KS_03752,NNGU_HP0172,45,4.66,Rất hài lòng
KS_03753,NNGU_HP0173,46,3.95,Bình thường
KS_03754,NNGU_HP0174,53,4.65,Rất hài lòng
KS_03755,NNGU_HP0175,49,4.96,Rất hài lòng
KS_03756,NNGU_HP0176,35,4.90,Rất hài lòng
KS_03757,NNGU_HP0177,33,4.55,Rất hài lòng
KS_03758,NNGU_HP0178,58,4.59,Rất hài lòng
KS_03759,NNGU_HP0179,52,3.91,Bình thường
KS_03760,NNGU_HP0180,37,4.59,Rất hài lòng
KS_03761,NNGU_HP0181,31,3.25,Bình thường
KS_03762,NNGU_HP0182,61,4.34,Hài lòng
KS_03763,NNGU_HP0183,52,4.92,Rất hài lòng
KS_03764,NNGU_HP0184,43,3.75,Bình thường
KS_03765,NNGU_HP0185,36,4.82,Rất hài lòng
KS_03766,NNGU_HP0186,49,3.61,Bình thường
KS_03767,NNGU_HP0187,41,4.55,Rất hài lòng
KS_03768,NNGU_HP0188,34,4.93,Rất hài lòng
KS_03769,NNGU_HP0189,33,4.85,Rất hài lòng
KS_03770,NNGU_HP0190,59,4.69,Rất hài lòng
KS_03771,NNGU_HP0191,38,4.82,Rất hài lòng
KS_03772,NNGU_HP0192,60,4.32,Hài lòng
KS_03773,NNGU_HP0193,60,4.83,Rất hài lòng
KS_03774,NNGU_HP0194,38,4.87,Rất hài lòng
KS_03775,NNGU_HP0195,65,4.41,Hài lòng
KS_03776,NNGU_HP0196,56,4.47,Hài lòng
KS_03777,NNGU_HP0197,49,4.81,Rất hài lòng
KS_03778,NNGU_HP0198,58,4.61,Rất hài lòng
KS_03779,NNGU_HP0199,44,4.80,Rất hài lòng
KS_03780,NNGU_HP0200,66,4.91,Rất hài lòng
KS_03781,NNGU_HP0201,43,4.61,Rất hài lòng
KS_03782,NNGU_HP0202,52,4.93,Rất hài lòng
KS_03783,NNGU_HP0203,29,4.71,Rất hài lòng
KS_03784,NNGU_HP0204,28,4.58,Rất hài lòng
KS_03785,NNGU_HP0205,46,4.37,Hài lòng
KS_03786,NNGU_HP0206,44,4.52,Rất hài lòng
KS_03787,NNGU_HP0207,31,4.89,Rất hài lòng
KS_03788,NNGU_HP0208,40,4.01,Hài lòng
KS_03789,NNGU_HP0209,52,4.61,Rất hài lòng
KS_03790,NNGU_HP0210,40,4.03,Hài lòng
KS_03791,NNGU_HP0211,28,4.14,Hài lòng
KS_03792,NNGU_HP0212,41,4.26,Hài lòng
KS_03793,NNGU_HP0213,61,4.94,Rất hài lòng
KS_03794,NNGU_HP0214,63,4.41,Hài lòng
KS_03795,NNGU_HP0215,69,4.89,Rất hài lòng
KS_03796,NNGU_HP0216,51,3.93,Bình thường
KS_03797,NNGU_HP0217,58,4.89,Rất hài lòng
KS_03798,NNGU_HP0218,43,4.64,Rất hài lòng
KS_03799,NNGU_HP0219,39,4.88,Rất hài lòng
KS_03800,NNGU_HP0220,63,4.76,Rất hài lòng
KS_03801,NNGU_HP0221,60,4.55,Rất hài lòng
KS_03802,NNGU_HP0222,41,4.86,Rất hài lòng
KS_03803,NNGU_HP0223,41,4.56,Rất hài lòng
KS_03804,NNGU_HP0224,67,3.63,Bình thường
KS_03805,NNGU_HP0225,60,4.77,Rất hài lòng
KS_03806,NNGU_HP0226,48,4.78,Rất hài lòng
KS_03807,NNGU_HP0227,37,4.55,Rất hài lòng
KS_03808,NNGU_HP0228,60,4.81,Rất hài lòng
KS_03809,NNGU_HP0229,54,4.28,Hài lòng
KS_03810,NNGU_HP0230,34,4.89,Rất hài lòng
KS_03811,NNGU_HP0231,57,4.93,Rất hài lòng
KS_03812,NNGU_HP0232,41,3.83,Bình thường
KS_03813,NNGU_HP0233,40,4.76,Rất hài lòng
KS_03814,NNGU_HP0234,50,4.53,Rất hài lòng
KS_03815,NNGU_HP0235,65,4.52,Rất hài lòng
KS_03816,NNGU_HP0236,60,4.87,Rất hài lòng
KS_03817,NNGU_HP0237,64,4.95,Rất hài lòng
KS_03818,NNGU_HP0238,48,4.70,Rất hài lòng
KS_03819,NNGU_HP0239,72,4.51,Rất hài lòng
KS_03820,NNGU_HP0240,46,4.55,Rất hài lòng
KS_03821,NNGU_HP0241,36,4.21,Hài lòng
KS_03822,NNGU_HP0242,40,3.23,Bình thường
KS_03823,NNGU_HP0243,48,4.46,Hài lòng
KS_03824,NNGU_HP0244,56,4.90,Rất hài lòng
KS_03825,NNGU_HP0245,50,3.83,Bình thường
KS_03826,NNGU_HP0246,45,4.60,Rất hài lòng
KS_03827,NNGU_HP0247,45,4.88,Rất hài lòng
KS_03828,NNGU_HP0248,48,4.94,Rất hài lòng
KS_03829,NNGU_HP0249,47,4.54,Rất hài lòng
KS_03830,NNGU_HP0250,64,5.00,Rất hài lòng
KS_03831,NNGU_HP0251,41,4.41,Hài lòng
KS_03832,NNGU_HP0252,59,4.95,Rất hài lòng
KS_03833,NNGU_HP0253,63,4.55,Rất hài lòng
KS_03834,NNGU_HP0254,35,4.55,Rất hài lòng
KS_03835,NNGU_HP0255,51,4.88,Rất hài lòng
KS_03836,NNGU_HP0256,62,4.65,Rất hài lòng
KS_03837,NNGU_HP0257,33,4.66,Rất hài lòng
KS_03838,NNGU_HP0258,47,4.88,Rất hài lòng
KS_03839,NNGU_HP0259,57,4.43,Hài lòng
KS_03840,NNGU_HP0260,65,4.43,Hài lòng
KS_03841,NNGU_HP0261,36,4.62,Rất hài lòng
KS_03842,NNGU_HP0262,62,4.35,Hài lòng
KS_03843,NNGU_HP0263,63,4.93,Rất hài lòng
KS_03844,NNGU_HP0264,60,5.00,Rất hài lòng
KS_03845,NNGU_HP0265,42,4.94,Rất hài lòng
KS_03846,NNGU_HP0266,34,4.85,Rất hài lòng
KS_03847,NNGU_HP0267,41,4.48,Hài lòng
KS_03848,NNGU_HP0268,38,4.71,Rất hài lòng
KS_03849,NNGU_HP0269,31,4.55,Rất hài lòng
KS_03850,NNGU_HP0270,34,4.70,Rất hài lòng
KS_03851,NNGU_HP0271,42,4.48,Hài lòng
KS_03852,NNGU_HP0272,65,4.95,Rất hài lòng
KS_03853,NNGU_HP0273,42,4.53,Rất hài lòng
KS_03854,NNGU_HP0274,44,4.04,Hài lòng
KS_03855,NNGU_HP0275,59,4.49,Hài lòng
KS_03856,NNGU_HP0276,38,4.63,Rất hài lòng
KS_03857,NNGU_HP0277,46,3.59,Bình thường
KS_03858,NNGU_HP0278,57,4.85,Rất hài lòng
KS_03859,NNGU_HP0279,42,4.39,Hài lòng
KS_03860,NNGU_HP0280,54,4.29,Hài lòng
KS_03861,NNGU_HP0281,40,4.91,Rất hài lòng
KS_03862,NNGU_HP0282,37,4.27,Hài lòng
KS_03863,NNGU_HP0283,56,4.79,Rất hài lòng
KS_03864,NNGU_HP0284,47,4.53,Rất hài lòng
KS_03865,NNGU_HP0285,51,4.03,Hài lòng
KS_03866,NNGU_HP0286,32,3.26,Bình thường
KS_03867,NNGU_HP0287,53,4.77,Rất hài lòng
KS_03868,NNGU_HP0288,52,3.89,Bình thường
KS_03869,NNGU_HP0289,50,3.94,Bình thường
KS_03870,NNGU_HP0290,46,4.86,Rất hài lòng
KS_03871,NNGU_HP0291,43,4.73,Rất hài lòng
KS_03872,NNGU_HP0292,47,4.82,Rất hài lòng
KS_03873,NNGU_HP0293,54,4.40,Hài lòng
KS_03874,NNGU_HP0294,41,4.29,Hài lòng
KS_03875,NNGU_HP0295,32,4.48,Hài lòng
KS_03876,NNGU_HP0296,38,4.55,Rất hài lòng
KS_03877,NNGU_HP0297,36,4.44,Hài lòng
KS_03878,NNGU_HP0298,43,4.98,Rất hài lòng
KS_03879,NNGU_HP0299,50,4.78,Rất hài lòng
KS_03880,NNGU_HP0300,69,4.90,Rất hài lòng
KS_03881,NNGU_HP0301,32,4.00,Hài lòng
KS_03882,NNGU_HP0302,49,4.67,Rất hài lòng
KS_03883,NNGU_HP0303,56,4.38,Hài lòng
KS_03884,NNGU_HP0304,35,4.19,Hài lòng
KS_03885,NNGU_HP0305,57,4.15,Hài lòng
KS_03886,NNGU_HP0306,60,4.56,Rất hài lòng
KS_03887,NNGU_HP0307,66,4.80,Rất hài lòng
KS_03888,NNGU_HP0308,45,4.30,Hài lòng
KS_03889,NNGU_HP0309,49,4.55,Rất hài lòng
KS_03890,NNGU_HP0310,38,4.67,Rất hài lòng
KS_03891,NNGU_HP0311,64,4.45,Hài lòng
KS_03892,NNGU_HP0312,47,4.39,Hài lòng
KS_03893,NNGU_HP0313,39,4.99,Rất hài lòng
KS_03894,NNGU_HP0314,39,4.70,Rất hài lòng
KS_03895,NNGU_HP0315,52,4.71,Rất hài lòng
KS_03896,NNGU_HP0316,51,4.77,Rất hài lòng
KS_03897,NNGU_HP0317,35,4.66,Rất hài lòng
KS_03898,NNGU_HP0318,50,4.46,Hài lòng
KS_03899,NNGU_HP0319,48,4.77,Rất hài lòng
KS_03900,NNGU_HP0320,40,4.55,Rất hài lòng
KS_03901,NNGU_HP0321,29,4.55,Rất hài lòng
KS_03902,NNGU_HP0322,55,4.75,Rất hài lòng
KS_03903,NNGU_HP0323,31,5.00,Rất hài lòng
KS_03904,NNGU_HP0324,42,4.94,Rất hài lòng
KS_03905,NNGU_HP0325,37,4.65,Rất hài lòng
KS_03906,NNGU_HP0326,55,4.52,Rất hài lòng
KS_03907,NNGU_HP0327,45,4.84,Rất hài lòng
KS_03908,NNGU_HP0328,54,4.58,Rất hài lòng
KS_03909,NNGU_HP0329,62,4.55,Rất hài lòng
KS_03910,NNGU_HP0330,40,4.90,Rất hài lòng
KS_03911,NNGU_HP0331,46,4.86,Rất hài lòng
KS_03912,NNGU_HP0332,35,4.45,Hài lòng
KS_03913,NNGU_HP0333,56,4.91,Rất hài lòng
KS_03914,NNGU_HP0334,51,4.57,Rất hài lòng
KS_03915,NNGU_HP0335,54,4.17,Hài lòng
KS_03916,NNGU_HP0336,52,4.39,Hài lòng
KS_03917,NNGU_HP0337,60,4.76,Rất hài lòng
KS_03918,NNGU_HP0338,54,4.55,Rất hài lòng
KS_03919,NNGU_HP0339,30,4.81,Rất hài lòng
KS_03920,NNGU_HP0340,56,4.64,Rất hài lòng
KS_03921,NNGU_HP0341,59,4.47,Hài lòng
KS_03922,NNGU_HP0342,46,4.88,Rất hài lòng
KS_03923,NNGU_HP0343,60,4.83,Rất hài lòng
KS_03924,NNGU_HP0344,50,4.59,Rất hài lòng
KS_03925,NNGU_HP0345,39,4.57,Rất hài lòng
KS_03926,NNGU_HP0346,47,4.75,Rất hài lòng
KS_03927,NNGU_HP0347,33,4.98,Rất hài lòng
KS_03928,NNGU_HP0348,34,4.79,Rất hài lòng
KS_03929,KHXHNV_HP0001,36,4.95,Rất hài lòng
KS_03930,KHXHNV_HP0002,45,4.03,Hài lòng
KS_03931,KHXHNV_HP0003,61,4.50,Rất hài lòng
KS_03932,KHXHNV_HP0004,40,4.75,Rất hài lòng
KS_03933,KHXHNV_HP0005,34,4.67,Rất hài lòng
KS_03934,KHXHNV_HP0006,42,4.30,Hài lòng
KS_03935,KHXHNV_HP0007,62,4.89,Rất hài lòng
KS_03936,KHXHNV_HP0008,37,4.67,Rất hài lòng
KS_03937,KHXHNV_HP0009,40,4.58,Rất hài lòng
KS_03938,KHXHNV_HP0010,47,4.58,Rất hài lòng
KS_03939,KHXHNV_HP0011,34,3.95,Bình thường
KS_03940,KHXHNV_HP0012,37,4.71,Rất hài lòng
KS_03941,KHXHNV_HP0013,45,3.71,Bình thường
KS_03942,KHXHNV_HP0014,47,4.90,Rất hài lòng
KS_03943,KHXHNV_HP0015,63,3.39,Bình thường
KS_03944,KHXHNV_HP0016,41,4.68,Rất hài lòng
KS_03945,KHXHNV_HP0017,74,3.76,Bình thường
KS_03946,KHXHNV_HP0018,47,4.67,Rất hài lòng
KS_03947,KHXHNV_HP0019,46,4.58,Rất hài lòng
KS_03948,KHXHNV_HP0020,59,4.60,Rất hài lòng
KS_03949,KHXHNV_HP0021,52,4.73,Rất hài lòng
KS_03950,KHXHNV_HP0022,44,4.08,Hài lòng
KS_03951,KHXHNV_HP0023,64,4.45,Hài lòng
KS_03952,KHXHNV_HP0024,52,4.82,Rất hài lòng
KS_03953,KHXHNV_HP0025,44,4.87,Rất hài lòng
KS_03954,KHXHNV_HP0026,41,4.96,Rất hài lòng
KS_03955,KHXHNV_HP0027,31,4.69,Rất hài lòng
KS_03956,KHXHNV_HP0028,29,4.32,Hài lòng
KS_03957,KHXHNV_HP0029,50,4.98,Rất hài lòng
KS_03958,KHXHNV_HP0030,48,4.77,Rất hài lòng
KS_03959,KHXHNV_HP0031,61,4.67,Rất hài lòng
KS_03960,KHXHNV_HP0032,46,4.58,Rất hài lòng
KS_03961,KHXHNV_HP0033,53,4.86,Rất hài lòng
KS_03962,KHXHNV_HP0034,62,4.58,Rất hài lòng
KS_03963,KHXHNV_HP0035,29,4.46,Hài lòng
KS_03964,KHXHNV_HP0036,44,4.65,Rất hài lòng
KS_03965,KHXHNV_HP0037,61,4.73,Rất hài lòng
KS_03966,KHXHNV_HP0038,65,4.96,Rất hài lòng
KS_03967,KHXHNV_HP0039,50,3.89,Bình thường
KS_03968,KHXHNV_HP0040,62,4.95,Rất hài lòng
KS_03969,KHXHNV_HP0041,66,4.17,Hài lòng
KS_03970,KHXHNV_HP0042,54,4.94,Rất hài lòng
KS_03971,KHXHNV_HP0043,72,4.67,Rất hài lòng
KS_03972,KHXHNV_HP0044,47,4.86,Rất hài lòng
KS_03973,KHXHNV_HP0045,34,4.74,Rất hài lòng
KS_03974,KHXHNV_HP0046,54,4.60,Rất hài lòng
KS_03975,KHXHNV_HP0047,53,4.73,Rất hài lòng
KS_03976,KHXHNV_HP0048,71,4.58,Rất hài lòng
KS_03977,KHXHNV_HP0049,62,4.88,Rất hài lòng
KS_03978,KHXHNV_HP0050,58,4.47,Hài lòng
KS_03979,KHXHNV_HP0051,62,4.90,Rất hài lòng
KS_03980,KHXHNV_HP0052,38,4.94,Rất hài lòng
KS_03981,KHXHNV_HP0053,57,4.30,Hài lòng
KS_03982,KHXHNV_HP0054,55,4.25,Hài lòng
KS_03983,KHXHNV_HP0055,35,4.94,Rất hài lòng
KS_03984,KHXHNV_HP0056,54,4.66,Rất hài lòng
KS_03985,KHXHNV_HP0057,31,3.87,Bình thường
KS_03986,KHXHNV_HP0058,53,4.70,Rất hài lòng
KS_03987,KHXHNV_HP0059,53,4.87,Rất hài lòng
KS_03988,KHXHNV_HP0060,50,4.58,Rất hài lòng
KS_03989,KHXHNV_HP0061,43,4.98,Rất hài lòng
KS_03990,KHXHNV_HP0062,46,4.34,Hài lòng
KS_03991,KHXHNV_HP0063,52,4.94,Rất hài lòng
KS_03992,KHXHNV_HP0064,32,4.98,Rất hài lòng
KS_03993,KHXHNV_HP0065,61,4.96,Rất hài lòng
KS_03994,KHXHNV_HP0066,35,4.98,Rất hài lòng
KS_03995,KHXHNV_HP0067,28,4.91,Rất hài lòng
KS_03996,KHXHNV_HP0068,57,4.97,Rất hài lòng
KS_03997,KHXHNV_HP0069,42,4.89,Rất hài lòng
KS_03998,KHXHNV_HP0070,38,4.19,Hài lòng
KS_03999,KHXHNV_HP0071,60,4.88,Rất hài lòng
KS_04000,KHXHNV_HP0072,40,4.68,Rất hài lòng
KS_04001,KHXHNV_HP0073,42,4.22,Hài lòng
KS_04002,KHXHNV_HP0074,28,4.52,Rất hài lòng
KS_04003,KHXHNV_HP0075,52,4.85,Rất hài lòng
KS_04004,KHXHNV_HP0076,70,4.65,Rất hài lòng
KS_04005,KHXHNV_HP0077,32,4.88,Rất hài lòng
KS_04006,KHXHNV_HP0078,44,4.58,Rất hài lòng
KS_04007,KHXHNV_HP0079,56,4.58,Rất hài lòng
KS_04008,KHXHNV_HP0080,55,4.46,Hài lòng
KS_04009,KHXHNV_HP0081,53,4.88,Rất hài lòng
KS_04010,KHXHNV_HP0082,46,4.20,Hài lòng
KS_04011,KHXHNV_HP0083,47,4.51,Rất hài lòng
KS_04012,KHXHNV_HP0084,56,4.50,Rất hài lòng
KS_04013,KHXHNV_HP0085,49,4.16,Hài lòng
KS_04014,KHXHNV_HP0086,67,3.57,Bình thường
KS_04015,KHXHNV_HP0087,55,4.94,Rất hài lòng
KS_04016,KHXHNV_HP0088,42,4.98,Rất hài lòng
KS_04017,KHXHNV_HP0089,38,4.39,Hài lòng
KS_04018,KHXHNV_HP0090,33,4.16,Hài lòng
KS_04019,KHXHNV_HP0091,27,4.92,Rất hài lòng
KS_04020,KHXHNV_HP0092,65,4.92,Rất hài lòng
KS_04021,KHXHNV_HP0093,51,4.87,Rất hài lòng
KS_04022,KHXHNV_HP0094,71,4.45,Hài lòng
KS_04023,KHXHNV_HP0095,55,4.95,Rất hài lòng
KS_04024,KHXHNV_HP0096,56,4.78,Rất hài lòng
KS_04025,KHXHNV_HP0097,45,4.39,Hài lòng
KS_04026,KHXHNV_HP0098,60,4.36,Hài lòng
KS_04027,KHXHNV_HP0099,63,4.58,Rất hài lòng
KS_04028,KHXHNV_HP0100,71,4.42,Hài lòng
KS_04029,KHXHNV_HP0101,74,4.76,Rất hài lòng
KS_04030,KHXHNV_HP0102,61,4.67,Rất hài lòng
KS_04031,KHXHNV_HP0103,62,4.91,Rất hài lòng
KS_04032,KHXHNV_HP0104,38,4.96,Rất hài lòng
KS_04033,KHXHNV_HP0105,48,4.77,Rất hài lòng
KS_04034,KHXHNV_HP0106,46,4.58,Rất hài lòng
KS_04035,KHXHNV_HP0107,61,4.96,Rất hài lòng
KS_04036,KHXHNV_HP0108,32,4.61,Rất hài lòng
KS_04037,KHXHNV_HP0109,60,4.78,Rất hài lòng
KS_04038,KHXHNV_HP0110,50,4.73,Rất hài lòng
KS_04039,KHXHNV_HP0111,63,4.85,Rất hài lòng
KS_04040,KHXHNV_HP0112,58,4.84,Rất hài lòng
KS_04041,KHXHNV_HP0113,52,4.68,Rất hài lòng
KS_04042,KHXHNV_HP0114,42,4.59,Rất hài lòng
KS_04043,KHXHNV_HP0115,33,4.50,Rất hài lòng
KS_04044,KHXHNV_HP0116,72,3.93,Bình thường
KS_04045,KHXHNV_HP0117,42,4.74,Rất hài lòng
KS_04046,KHXHNV_HP0118,70,3.85,Bình thường
KS_04047,KHXHNV_HP0119,52,4.84,Rất hài lòng
KS_04048,KHXHNV_HP0120,36,4.94,Rất hài lòng
KS_04049,KHXHNV_HP0121,40,4.90,Rất hài lòng
KS_04050,KHXHNV_HP0122,40,4.55,Rất hài lòng
KS_04051,KHXHNV_HP0123,45,3.92,Bình thường
KS_04052,KHXHNV_HP0124,61,4.66,Rất hài lòng
KS_04053,KHXHNV_HP0125,31,4.67,Rất hài lòng
KS_04054,KHXHNV_HP0126,39,4.59,Rất hài lòng
KS_04055,KHXHNV_HP0127,41,4.74,Rất hài lòng
KS_04056,KHXHNV_HP0128,64,4.58,Rất hài lòng
KS_04057,KHXHNV_HP0129,55,4.51,Rất hài lòng
KS_04058,KHXHNV_HP0130,42,4.67,Rất hài lòng
KS_04059,KHXHNV_HP0131,46,4.49,Hài lòng
KS_04060,KHXHNV_HP0132,52,4.80,Rất hài lòng
KS_04061,KHXHNV_HP0133,29,4.93,Rất hài lòng
KS_04062,KHXHNV_HP0134,44,4.71,Rất hài lòng
KS_04063,KHXHNV_HP0135,49,4.16,Hài lòng
KS_04064,KHXHNV_HP0136,38,4.92,Rất hài lòng
KS_04065,KHXHNV_HP0137,35,4.63,Rất hài lòng
KS_04066,KHXHNV_HP0138,56,4.81,Rất hài lòng
KS_04067,KHXHNV_HP0139,39,4.93,Rất hài lòng
KS_04068,KHXHNV_HP0140,37,4.18,Hài lòng
KS_04069,KHXHNV_HP0141,33,4.86,Rất hài lòng
KS_04070,KHXHNV_HP0142,43,4.74,Rất hài lòng
KS_04071,KHXHNV_HP0143,28,4.11,Hài lòng
KS_04072,KHXHNV_HP0144,68,4.82,Rất hài lòng
KS_04073,KHXHNV_HP0145,49,4.84,Rất hài lòng
KS_04074,KHXHNV_HP0146,68,4.59,Rất hài lòng
KS_04075,KHXHNV_HP0147,31,4.62,Rất hài lòng
KS_04076,KHXHNV_HP0148,45,4.16,Hài lòng
KS_04077,KHXHNV_HP0149,50,4.44,Hài lòng
KS_04078,KHXHNV_HP0150,51,4.91,Rất hài lòng
KS_04079,KHXHNV_HP0151,53,4.98,Rất hài lòng
KS_04080,KHXHNV_HP0152,55,5.00,Rất hài lòng
KS_04081,KHXHNV_HP0153,57,4.51,Rất hài lòng
KS_04082,KHXHNV_HP0154,52,4.93,Rất hài lòng
KS_04083,KHXHNV_HP0155,41,4.80,Rất hài lòng
KS_04084,KHXHNV_HP0156,33,4.83,Rất hài lòng
KS_04085,KHXHNV_HP0157,63,3.74,Bình thường
KS_04086,KHXHNV_HP0158,37,3.66,Bình thường
KS_04087,KHXHNV_HP0159,74,4.92,Rất hài lòng
KS_04088,KHXHNV_HP0160,35,4.47,Hài lòng
KS_04089,KHXHNV_HP0161,54,4.71,Rất hài lòng
KS_04090,KHXHNV_HP0162,37,4.93,Rất hài lòng
KS_04091,KHXHNV_HP0163,41,4.58,Rất hài lòng
KS_04092,KHXHNV_HP0164,31,4.23,Hài lòng
KS_04093,KHXHNV_HP0165,47,4.58,Rất hài lòng
KS_04094,KHXHNV_HP0166,55,4.34,Hài lòng
KS_04095,KHXHNV_HP0167,40,4.97,Rất hài lòng
KS_04096,KHXHNV_HP0168,62,4.06,Hài lòng
KS_04097,KHXHNV_HP0169,72,4.87,Rất hài lòng
KS_04098,KHXHNV_HP0170,38,4.55,Rất hài lòng
KS_04099,KHXHNV_HP0171,70,4.71,Rất hài lòng
KS_04100,KHXHNV_HP0172,32,4.85,Rất hài lòng
KS_04101,KHXHNV_HP0173,43,4.51,Rất hài lòng
KS_04102,KHXHNV_HP0174,36,4.86,Rất hài lòng
KS_04103,KHXHNV_HP0175,43,4.78,Rất hài lòng
KS_04104,KHXHNV_HP0176,43,3.34,Bình thường
KS_04105,KHXHNV_HP0177,58,4.32,Hài lòng
KS_04106,KHXHNV_HP0178,53,4.45,Hài lòng
KS_04107,KHXHNV_HP0179,46,4.39,Hài lòng
KS_04108,KHXHNV_HP0180,58,4.20,Hài lòng
KS_04109,KHXHNV_HP0181,72,4.92,Rất hài lòng
KS_04110,KHXHNV_HP0182,57,3.43,Bình thường
KS_04111,KHXHNV_HP0183,46,4.10,Hài lòng
KS_04112,KHXHNV_HP0184,69,4.99,Rất hài lòng
KS_04113,KHXHNV_HP0185,65,4.63,Rất hài lòng
KS_04114,KHXHNV_HP0186,37,4.94,Rất hài lòng
KS_04115,KHXHNV_HP0187,68,4.52,Rất hài lòng
KS_04116,KHXHNV_HP0188,31,4.99,Rất hài lòng
KS_04117,KHXHNV_HP0189,58,3.49,Bình thường
KS_04118,KHXHNV_HP0190,54,4.98,Rất hài lòng
KS_04119,KHXHNV_HP0191,34,4.89,Rất hài lòng
KS_04120,KHXHNV_HP0192,58,4.73,Rất hài lòng
KS_04121,KHXHNV_HP0193,60,4.69,Rất hài lòng
KS_04122,KHXHNV_HP0194,36,4.58,Rất hài lòng
KS_04123,KHXHNV_HP0195,35,4.98,Rất hài lòng
KS_04124,KHXHNV_HP0196,37,4.80,Rất hài lòng
KS_04125,KHXHNV_HP0197,53,4.66,Rất hài lòng
KS_04126,KHXHNV_HP0198,58,4.89,Rất hài lòng
KS_04127,KHXHNV_HP0199,61,3.70,Bình thường
KS_04128,KHXHNV_HP0200,54,4.09,Hài lòng
KS_04129,KHXHNV_HP0201,55,4.95,Rất hài lòng
KS_04130,KHXHNV_HP0202,54,4.89,Rất hài lòng
KS_04131,KHXHNV_HP0203,49,3.98,Bình thường
KS_04132,KHXHNV_HP0204,55,4.03,Hài lòng
KS_04133,KHXHNV_HP0205,55,4.81,Rất hài lòng
KS_04134,KHXHNV_HP0206,49,4.92,Rất hài lòng
KS_04135,KHXHNV_HP0207,44,4.30,Hài lòng
KS_04136,KHXHNV_HP0208,29,4.45,Hài lòng
KS_04137,KHXHNV_HP0209,46,4.20,Hài lòng
KS_04138,KHXHNV_HP0210,55,4.88,Rất hài lòng
KS_04139,KHXHNV_HP0211,41,4.28,Hài lòng
KS_04140,KHXHNV_HP0212,43,4.99,Rất hài lòng
KS_04141,KHXHNV_HP0213,51,4.89,Rất hài lòng
KS_04142,KHXHNV_HP0214,57,4.66,Rất hài lòng
KS_04143,KHXHNV_HP0215,61,4.84,Rất hài lòng
KS_04144,KHXHNV_HP0216,61,3.22,Bình thường
KS_04145,KHXHNV_HP0217,45,4.78,Rất hài lòng
KS_04146,KHXHNV_HP0218,62,4.66,Rất hài lòng
KS_04147,KHXHNV_HP0219,63,4.82,Rất hài lòng
KS_04148,KHXHNV_HP0220,36,4.42,Hài lòng
KS_04149,KHXHNV_HP0221,34,4.82,Rất hài lòng
KS_04150,KHXHNV_HP0222,48,3.30,Bình thường
KS_04151,KHXHNV_HP0223,48,4.50,Rất hài lòng
KS_04152,KHXHNV_HP0224,62,4.26,Hài lòng
KS_04153,KHXHNV_HP0225,55,4.76,Rất hài lòng
KS_04154,KHXHNV_HP0226,43,4.72,Rất hài lòng
KS_04155,KHXHNV_HP0227,55,4.97,Rất hài lòng
KS_04156,KHXHNV_HP0228,54,4.73,Rất hài lòng
KS_04157,KHXHNV_HP0229,28,3.46,Bình thường
KS_04158,KHXHNV_HP0230,59,4.97,Rất hài lòng
KS_04159,KHXHNV_HP0231,40,4.58,Rất hài lòng
KS_04160,KHXHNV_HP0232,61,4.34,Hài lòng
KS_04161,KHXHNV_HP0233,60,4.67,Rất hài lòng
KS_04162,KHXHNV_HP0234,37,4.22,Hài lòng
KS_04163,KHXHNV_HP0235,53,4.44,Hài lòng
KS_04164,KHXHNV_HP0236,62,4.99,Rất hài lòng
KS_04165,KHXHNV_HP0237,36,4.29,Hài lòng
KS_04166,KHXHNV_HP0238,42,4.55,Rất hài lòng
KS_04167,KHXHNV_HP0239,41,4.72,Rất hài lòng
KS_04168,KHXHNV_HP0240,34,4.87,Rất hài lòng
KS_04169,KHXHNV_HP0241,57,4.94,Rất hài lòng
KS_04170,KHXHNV_HP0242,52,3.99,Bình thường
KS_04171,KHXHNV_HP0243,44,5.00,Rất hài lòng
KS_04172,KHXHNV_HP0244,56,4.58,Rất hài lòng
KS_04173,KHXHNV_HP0245,48,4.43,Hài lòng
KS_04174,KHXHNV_HP0246,52,4.89,Rất hài lòng
KS_04175,KHXHNV_HP0247,35,4.93,Rất hài lòng
KS_04176,KHXHNV_HP0248,52,4.31,Hài lòng
KS_04177,KHXHNV_HP0249,43,4.98,Rất hài lòng
KS_04178,KHXHNV_HP0250,61,4.03,Hài lòng
KS_04179,KHXHNV_HP0251,49,4.61,Rất hài lòng
KS_04180,KHXHNV_HP0252,34,4.57,Rất hài lòng
KS_04181,KHXHNV_HP0253,35,4.65,Rất hài lòng
KS_04182,KHXHNV_HP0254,58,4.27,Hài lòng
KS_04183,KHXHNV_HP0255,60,4.42,Hài lòng
KS_04184,KHXHNV_HP0256,52,4.97,Rất hài lòng
KS_04185,KHXHNV_HP0257,59,4.27,Hài lòng
KS_04186,KHXHNV_HP0258,50,3.89,Bình thường
KS_04187,KHXHNV_HP0259,33,4.99,Rất hài lòng
KS_04188,KHXHNV_HP0260,43,4.81,Rất hài lòng
KS_04189,KHXHNV_HP0261,57,4.49,Hài lòng
KS_04190,KHXHNV_HP0262,40,4.76,Rất hài lòng
KS_04191,KHXHNV_HP0263,66,4.53,Rất hài lòng
KS_04192,KHXHNV_HP0264,55,4.45,Hài lòng
KS_04193,KHXHNV_HP0265,46,4.70,Rất hài lòng
KS_04194,KHXHNV_HP0266,30,3.56,Bình thường
KS_04195,KHXHNV_HP0267,37,4.71,Rất hài lòng
KS_04196,KHXHNV_HP0268,60,4.62,Rất hài lòng
KS_04197,KHXHNV_HP0269,44,4.63,Rất hài lòng
KS_04198,KHXHNV_HP0270,56,4.58,Rất hài lòng
KS_04199,KHXHNV_HP0271,44,4.93,Rất hài lòng
KS_04200,KHXHNV_HP0272,31,4.46,Hài lòng
KS_04201,KHXHNV_HP0273,37,4.48,Hài lòng
KS_04202,KHXHNV_HP0274,53,4.47,Hài lòng
KS_04203,CNSHTP_HP0001,58,4.60,Rất hài lòng
KS_04204,CNSHTP_HP0002,67,4.96,Rất hài lòng
KS_04205,CNSHTP_HP0003,41,4.60,Rất hài lòng
KS_04206,CNSHTP_HP0004,56,3.83,Bình thường
KS_04207,CNSHTP_HP0005,52,4.61,Rất hài lòng
KS_04208,CNSHTP_HP0006,49,4.42,Hài lòng
KS_04209,CNSHTP_HP0007,41,4.61,Rất hài lòng
KS_04210,CNSHTP_HP0008,51,4.94,Rất hài lòng
KS_04211,CNSHTP_HP0009,58,4.64,Rất hài lòng
KS_04212,CNSHTP_HP0010,58,4.37,Hài lòng
KS_04213,CNSHTP_HP0011,69,4.97,Rất hài lòng
KS_04214,CNSHTP_HP0012,57,4.96,Rất hài lòng
KS_04215,CNSHTP_HP0013,60,4.24,Hài lòng
KS_04216,CNSHTP_HP0014,42,4.80,Rất hài lòng
KS_04217,CNSHTP_HP0015,41,3.96,Bình thường
KS_04218,CNSHTP_HP0016,46,4.45,Hài lòng
KS_04219,CNSHTP_HP0017,28,4.95,Rất hài lòng
KS_04220,CNSHTP_HP0018,51,4.95,Rất hài lòng
KS_04221,CNSHTP_HP0019,46,4.83,Rất hài lòng
KS_04222,CNSHTP_HP0020,54,4.88,Rất hài lòng
KS_04223,CNSHTP_HP0021,28,4.61,Rất hài lòng
KS_04224,CNSHTP_HP0022,44,4.74,Rất hài lòng
KS_04225,CNSHTP_HP0023,63,4.93,Rất hài lòng
KS_04226,CNSHTP_HP0024,30,4.38,Hài lòng
KS_04227,CNSHTP_HP0025,40,4.40,Hài lòng
KS_04228,CNSHTP_HP0026,40,4.69,Rất hài lòng
KS_04229,CNSHTP_HP0027,60,4.79,Rất hài lòng
KS_04230,CNSHTP_HP0028,52,4.63,Rất hài lòng
KS_04231,CNSHTP_HP0029,50,3.76,Bình thường
KS_04232,CNSHTP_HP0030,56,4.84,Rất hài lòng
KS_04233,CNSHTP_HP0031,44,4.51,Rất hài lòng
KS_04234,CNSHTP_HP0032,43,3.97,Bình thường
KS_04235,CNSHTP_HP0033,45,4.30,Hài lòng
KS_04236,CNSHTP_HP0034,38,4.48,Hài lòng
KS_04237,CNSHTP_HP0035,37,4.94,Rất hài lòng
KS_04238,CNSHTP_HP0036,58,4.65,Rất hài lòng
KS_04239,CNSHTP_HP0037,49,4.81,Rất hài lòng
KS_04240,CNSHTP_HP0038,53,4.85,Rất hài lòng
KS_04241,CNSHTP_HP0039,37,4.34,Hài lòng
KS_04242,CNSHTP_HP0040,29,4.72,Rất hài lòng
KS_04243,CNSHTP_HP0041,32,4.44,Hài lòng
KS_04244,CNSHTP_HP0042,68,4.61,Rất hài lòng
KS_04245,CNSHTP_HP0043,59,4.82,Rất hài lòng
KS_04246,CNSHTP_HP0044,70,4.78,Rất hài lòng
KS_04247,CNSHTP_HP0045,57,4.67,Rất hài lòng
KS_04248,CNSHTP_HP0046,32,4.86,Rất hài lòng
KS_04249,CNSHTP_HP0047,67,4.59,Rất hài lòng
KS_04250,CNSHTP_HP0048,37,4.57,Rất hài lòng
KS_04251,CNSHTP_HP0049,61,4.92,Rất hài lòng
KS_04252,CNSHTP_HP0050,68,4.71,Rất hài lòng
KS_04253,CNSHTP_HP0051,46,4.91,Rất hài lòng
KS_04254,CNSHTP_HP0052,62,4.33,Hài lòng
KS_04255,CNSHTP_HP0053,46,4.78,Rất hài lòng
KS_04256,CNSHTP_HP0054,46,4.55,Rất hài lòng
KS_04257,CNSHTP_HP0055,48,4.93,Rất hài lòng
KS_04258,CNSHTP_HP0056,48,4.61,Rất hài lòng
KS_04259,CNSHTP_HP0057,36,4.40,Hài lòng
KS_04260,CNSHTP_HP0058,53,4.41,Hài lòng
KS_04261,CNSHTP_HP0059,62,4.99,Rất hài lòng
KS_04262,CNSHTP_HP0060,46,4.12,Hài lòng
KS_04263,CNSHTP_HP0061,61,4.66,Rất hài lòng
KS_04264,CNSHTP_HP0062,53,4.98,Rất hài lòng
KS_04265,CNSHTP_HP0063,51,4.76,Rất hài lòng
KS_04266,CNSHTP_HP0064,35,4.94,Rất hài lòng
KS_04267,CNSHTP_HP0065,62,4.32,Hài lòng
KS_04268,CNSHTP_HP0066,34,4.39,Hài lòng
KS_04269,CNSHTP_HP0067,71,4.61,Rất hài lòng
KS_04270,CNSHTP_HP0068,53,4.78,Rất hài lòng
KS_04271,CNSHTP_HP0069,33,4.53,Rất hài lòng
KS_04272,CNSHTP_HP0070,58,4.84,Rất hài lòng
KS_04273,CNSHTP_HP0071,41,4.77,Rất hài lòng
KS_04274,CNSHTP_HP0072,52,4.38,Hài lòng
KS_04275,CNSHTP_HP0073,62,4.98,Rất hài lòng
KS_04276,CNSHTP_HP0074,44,4.70,Rất hài lòng
KS_04277,CNSHTP_HP0075,57,4.95,Rất hài lòng
KS_04278,CNSHTP_HP0076,50,4.04,Hài lòng
KS_04279,CNSHTP_HP0077,35,4.84,Rất hài lòng
KS_04280,CNSHTP_HP0078,44,4.61,Rất hài lòng
KS_04281,CNSHTP_HP0079,39,4.71,Rất hài lòng
KS_04282,CNSHTP_HP0080,38,4.95,Rất hài lòng
KS_04283,CNSHTP_HP0081,67,4.72,Rất hài lòng
KS_04284,CNSHTP_HP0082,41,4.73,Rất hài lòng
KS_04285,CNSHTP_HP0083,39,4.79,Rất hài lòng
KS_04286,CNSHTP_HP0084,50,4.62,Rất hài lòng
KS_04287,CNSHTP_HP0085,43,4.61,Rất hài lòng
KS_04288,CNSHTP_HP0086,38,4.56,Rất hài lòng
KS_04289,CNSHTP_HP0087,67,4.75,Rất hài lòng
KS_04290,CNSHTP_HP0088,51,4.96,Rất hài lòng
KS_04291,CNSHTP_HP0089,37,4.61,Rất hài lòng
KS_04292,CNSHTP_HP0090,33,3.98,Bình thường
KS_04293,CNSHTP_HP0091,29,4.78,Rất hài lòng
KS_04294,CNSHTP_HP0092,39,4.84,Rất hài lòng
KS_04295,CNSHTP_HP0093,45,4.99,Rất hài lòng
KS_04296,CNSHTP_HP0094,58,4.52,Rất hài lòng
KS_04297,CNSHTP_HP0095,54,4.61,Rất hài lòng
KS_04298,CNSHTP_HP0096,70,4.61,Rất hài lòng
KS_04299,CNSHTP_HP0097,56,4.61,Rất hài lòng
KS_04300,CNSHTP_HP0098,52,4.61,Rất hài lòng
KS_04301,CNSHTP_HP0099,54,4.92,Rất hài lòng
KS_04302,CNSHTP_HP0100,44,4.63,Rất hài lòng
KS_04303,CNSHTP_HP0101,41,4.31,Hài lòng
KS_04304,CNSHTP_HP0102,69,4.14,Hài lòng
KS_04305,CNSHTP_HP0103,68,3.88,Bình thường
KS_04306,CNSHTP_HP0104,60,4.05,Hài lòng
KS_04307,CNSHTP_HP0105,31,4.68,Rất hài lòng
KS_04308,CNSHTP_HP0106,66,4.33,Hài lòng
KS_04309,CNSHTP_HP0107,50,4.71,Rất hài lòng
KS_04310,CNSHTP_HP0108,41,4.91,Rất hài lòng
KS_04311,CNSHTP_HP0109,65,4.78,Rất hài lòng
KS_04312,CNSHTP_HP0110,32,4.27,Hài lòng
KS_04313,CNSHTP_HP0111,30,4.79,Rất hài lòng
KS_04314,CNSHTP_HP0112,45,4.76,Rất hài lòng
KS_04315,CNSHTP_HP0113,60,4.42,Hài lòng
KS_04316,CNSHTP_HP0114,58,4.97,Rất hài lòng
KS_04317,CNSHTP_HP0115,49,4.50,Rất hài lòng
KS_04318,CNSHTP_HP0116,65,4.90,Rất hài lòng
KS_04319,CNSHTP_HP0117,38,4.91,Rất hài lòng
KS_04320,CNSHTP_HP0118,47,4.88,Rất hài lòng
KS_04321,CNSHTP_HP0119,51,4.71,Rất hài lòng
KS_04322,CNSHTP_HP0120,38,4.61,Rất hài lòng
KS_04323,CNSHTP_HP0121,34,4.81,Rất hài lòng
KS_04324,CNSHTP_HP0122,63,3.99,Bình thường
KS_04325,CNSHTP_HP0123,50,4.24,Hài lòng
KS_04326,CNSHTP_HP0124,34,4.50,Rất hài lòng
KS_04327,CNSHTP_HP0125,37,4.93,Rất hài lòng
KS_04328,CNSHTP_HP0126,34,4.55,Rất hài lòng
KS_04329,CNSHTP_HP0127,44,4.99,Rất hài lòng
KS_04330,CNSHTP_HP0128,37,4.52,Rất hài lòng
KS_04331,CNSHTP_HP0129,51,4.84,Rất hài lòng
KS_04332,CNSHTP_HP0130,43,4.86,Rất hài lòng
KS_04333,CNSHTP_HP0131,48,4.62,Rất hài lòng
KS_04334,CNSHTP_HP0132,36,4.84,Rất hài lòng
KS_04335,CNSHTP_HP0133,36,5.00,Rất hài lòng
KS_04336,CNSHTP_HP0134,38,4.97,Rất hài lòng
KS_04337,CNSHTP_HP0135,32,4.31,Hài lòng
KS_04338,CNSHTP_HP0136,38,4.26,Hài lòng
KS_04339,CNSHTP_HP0137,62,4.63,Rất hài lòng
KS_04340,CNSHTP_HP0138,35,4.61,Rất hài lòng
KS_04341,CNSHTP_HP0139,29,4.94,Rất hài lòng
KS_04342,CNSHTP_HP0140,48,4.49,Hài lòng
KS_04343,CNSHTP_HP0141,64,4.41,Hài lòng
KS_04344,CNSHTP_HP0142,57,4.40,Hài lòng
KS_04345,CNSHTP_HP0143,33,4.36,Hài lòng
KS_04346,CNSHTP_HP0144,53,4.31,Hài lòng
KS_04347,CNSHTP_HP0145,56,4.26,Hài lòng
KS_04348,CNSHTP_HP0146,38,4.54,Rất hài lòng
KS_04349,CNSHTP_HP0147,67,4.28,Hài lòng
KS_04350,CNSHTP_HP0148,69,4.14,Hài lòng
KS_04351,CNSHTP_HP0149,48,5.00,Rất hài lòng
KS_04352,CNSHTP_HP0150,40,4.56,Rất hài lòng
KS_04353,CNSHTP_HP0151,54,4.70,Rất hài lòng
KS_04354,CNSHTP_HP0152,67,4.09,Hài lòng
KS_04355,CNSHTP_HP0153,43,3.81,Bình thường
KS_04356,CNSHTP_HP0154,36,4.88,Rất hài lòng
KS_04357,CNSHTP_HP0155,29,4.82,Rất hài lòng
KS_04358,CNSHTP_HP0156,49,4.30,Hài lòng
KS_04359,CNSHTP_HP0157,43,4.61,Rất hài lòng
KS_04360,CNSHTP_HP0158,66,4.61,Rất hài lòng
KS_04361,CNSHTP_HP0159,57,4.31,Hài lòng
KS_04362,CNSHTP_HP0160,52,4.30,Hài lòng
KS_04363,CNSHTP_HP0161,29,4.91,Rất hài lòng
KS_04364,CNSHTP_HP0162,56,4.78,Rất hài lòng
KS_04365,CNSHTP_HP0163,68,4.18,Hài lòng
KS_04366,CNSHTP_HP0164,59,4.74,Rất hài lòng
KS_04367,CNSHTP_HP0165,63,4.45,Hài lòng
KS_04368,CNSHTP_HP0166,41,4.80,Rất hài lòng
KS_04369,CNSHTP_HP0167,46,4.36,Hài lòng
KS_04370,CNSHTP_HP0168,53,4.96,Rất hài lòng
KS_04371,CNSHTP_HP0169,30,4.97,Rất hài lòng
KS_04372,CNSHTP_HP0170,54,4.81,Rất hài lòng
KS_04373,CNSHTP_HP0171,35,4.51,Rất hài lòng
KS_04374,CNSHTP_HP0172,58,4.05,Hài lòng
KS_04375,CNSHTP_HP0173,60,4.94,Rất hài lòng
KS_04376,CNSHTP_HP0174,51,3.83,Bình thường
KS_04377,CNSHTP_HP0175,50,4.81,Rất hài lòng
KS_04378,CNSHTP_HP0176,67,4.74,Rất hài lòng
KS_04379,CNSHTP_HP0177,52,4.74,Rất hài lòng
KS_04380,CNSHTP_HP0178,52,4.07,Hài lòng
KS_04381,CNSHTP_HP0179,55,4.25,Hài lòng
KS_04382,CNSHTP_HP0180,64,4.91,Rất hài lòng
KS_04383,CNSHTP_HP0181,32,4.62,Rất hài lòng
KS_04384,CNSHTP_HP0182,67,4.93,Rất hài lòng
KS_04385,CNSHTP_HP0183,47,4.85,Rất hài lòng
KS_04386,CNSHTP_HP0184,51,4.83,Rất hài lòng
