ma_lop_hp,ma_don_vi,ma_mon_hoc,ten_mon_hoc,so_tin_chi,so_sinh_vien,giang_vien,hoc_ky,nam_hoc
BK_HP0001,BK,ME100,Cơ học kỹ thuật,3,40,Đỗ Quốc Cường,HK1,2025-2026
BK_HP0002,BK,EE101,Vật liệu cơ khí,3,43,Phạm Bảo Cường,HK1,2025-2026
BK_HP0003,BK,CE102,Thiết kế chi tiết máy,3,38,Ngô Ngọc Dũng,HK1,2025-2026
BK_HP0004,BK,AE103,Kỹ thuật nhiệt,2,57,Phạm Xuân Dũng,HK1,2025-2026
BK_HP0005,BK,ME104,Kỹ thuật điện đại cương,2,36,Lý Ngọc Quân,HK1,2025-2026
BK_HP0006,BK,EE105,Tự động hóa sản xuất,2,68,Lý Minh Hiếu,HK1,2025-2026
BK_HP0007,BK,CE106,Sức bền vật liệu,3,79,Nguyễn Minh Huy,HK1,2025-2026
BK_HP0008,BK,AE107,Kỹ thuật điều khiển,3,41,Huỳnh Văn Bình,HK1,2025-2026
BK_HP0009,BK,ME108,Vẽ kỹ thuật công nghiệp,4,69,Phan Thị Bình,HK1,2025-2026
BK_HP0010,BK,EE109,Cơ học kỹ thuật,4,65,Dương Trọng Tuấn,HK1,2025-2026
BK_HP0011,BK,CE110,Vật liệu cơ khí,4,36,Bùi Minh Dũng,HK1,2025-2026
BK_HP0012,BK,AE111,Thiết kế chi tiết máy,3,75,Ngô Thanh Giang,HK1,2025-2026
BK_HP0013,BK,ME112,Kỹ thuật nhiệt,3,42,Đỗ Minh Tâm,HK1,2025-2026
BK_HP0014,BK,EE113,Kỹ thuật điện đại cương,2,37,Dương Anh Vũ,HK1,2025-2026
BK_HP0015,BK,CE114,Tự động hóa sản xuất,3,78,Võ Bảo An,HK1,2025-2026
BK_HP0016,BK,AE115,Sức bền vật liệu,3,61,Hoàng Trọng Bình,HK1,2025-2026
BK_HP0017,BK,ME116,Kỹ thuật điều khiển,4,72,Dương Kim Quân,HK1,2025-2026
BK_HP0018,BK,EE117,Vẽ kỹ thuật công nghiệp,2,39,Võ Quốc Sơn,HK1,2025-2026
BK_HP0019,BK,CE118,Cơ học kỹ thuật,2,76,Đặng Đức An,HK1,2025-2026
BK_HP0020,BK,AE119,Vật liệu cơ khí,2,70,Trần Anh Hải,HK1,2025-2026
BK_HP0021,BK,ME120,Thiết kế chi tiết máy,4,42,Trần Hải An,HK1,2025-2026
BK_HP0022,BK,EE121,Kỹ thuật nhiệt,4,78,Vũ Minh Tuấn,HK1,2025-2026
BK_HP0023,BK,CE122,Kỹ thuật điện đại cương,4,43,Ngô Đức Linh,HK1,2025-2026
BK_HP0024,BK,AE123,Tự động hóa sản xuất,2,65,Vũ Ngọc Hải,HK1,2025-2026
BK_HP0025,BK,ME124,Sức bền vật liệu,3,63,Trần Hải Hoàng,HK1,2025-2026
BK_HP0026,BK,EE125,Kỹ thuật điều khiển,4,76,Đỗ Hải Phong,HK1,2025-2026
BK_HP0027,BK,CE126,Vẽ kỹ thuật công nghiệp,2,67,Nguyễn Ngọc Hùng,HK1,2025-2026
BK_HP0028,BK,AE127,Cơ học kỹ thuật,4,41,Trần Thị Thảo,HK1,2025-2026
BK_HP0029,BK,ME128,Vật liệu cơ khí,4,47,Lê Xuân Nam,HK1,2025-2026
BK_HP0030,BK,EE129,Thiết kế chi tiết máy,3,76,Lý Kim Giang,HK1,2025-2026
BK_HP0031,BK,CE130,Kỹ thuật nhiệt,3,66,Dương Thanh Nghĩa,HK1,2025-2026
BK_HP0032,BK,AE131,Kỹ thuật điện đại cương,3,54,Bùi Trọng Hoàng,HK1,2025-2026
BK_HP0033,BK,ME132,Tự động hóa sản xuất,3,39,Lý Thị Trang,HK1,2025-2026
BK_HP0034,BK,EE133,Sức bền vật liệu,3,38,Đỗ Quốc Trung,HK1,2025-2026
BK_HP0035,BK,CE134,Kỹ thuật điều khiển,2,60,Hồ Hải Hoàng,HK1,2025-2026
BK_HP0036,BK,AE135,Vẽ kỹ thuật công nghiệp,3,54,Lê Minh Huy,HK1,2025-2026
BK_HP0037,BK,ME136,Cơ học kỹ thuật,3,44,Hoàng Kim Trung,HK1,2025-2026
BK_HP0038,BK,EE137,Vật liệu cơ khí,2,40,Lê Kim An,HK1,2025-2026
BK_HP0039,BK,CE138,Thiết kế chi tiết máy,2,65,Đỗ Đức Mai,HK1,2025-2026
BK_HP0040,BK,AE139,Kỹ thuật nhiệt,3,71,Lý Kim Phong,HK1,2025-2026
BK_HP0041,BK,ME140,Kỹ thuật điện đại cương,4,71,Ngô Xuân Thắng,HK1,2025-2026
BK_HP0042,BK,EE141,Tự động hóa sản xuất,4,66,Phan Văn Phúc,HK1,2025-2026
BK_HP0043,BK,CE142,Sức bền vật liệu,2,72,Phạm Hữu Phúc,HK1,2025-2026
BK_HP0044,BK,AE143,Kỹ thuật điều khiển,3,74,Dương Kim Tuấn,HK1,2025-2026
BK_HP0045,BK,ME144,Vẽ kỹ thuật công nghiệp,3,80,Lý Văn Thảo,HK1,2025-2026
BK_HP0046,BK,EE145,Cơ học kỹ thuật,2,44,Phạm Xuân Thảo,HK1,2025-2026
BK_HP0047,BK,CE146,Vật liệu cơ khí,4,63,Lê Minh Vinh,HK1,2025-2026
BK_HP0048,BK,AE147,Thiết kế chi tiết máy,3,66,Bùi Minh Cường,HK1,2025-2026
BK_HP0049,BK,ME148,Kỹ thuật nhiệt,4,69,Phan Ngọc Tùng,HK1,2025-2026
BK_HP0050,BK,EE149,Kỹ thuật điện đại cương,3,35,Phạm Hữu Vũ,HK1,2025-2026
BK_HP0051,BK,CE150,Tự động hóa sản xuất,3,80,Hồ Kim Trang,HK1,2025-2026
BK_HP0052,BK,AE151,Sức bền vật liệu,3,61,Phạm Hải Tâm,HK1,2025-2026
BK_HP0053,BK,ME152,Kỹ thuật điều khiển,3,50,Trần Anh Thắng,HK1,2025-2026
BK_HP0054,BK,EE153,Vẽ kỹ thuật công nghiệp,3,72,Phan Bảo Linh,HK1,2025-2026
BK_HP0055,BK,CE154,Cơ học kỹ thuật,3,55,Trần Văn Tuấn,HK1,2025-2026
BK_HP0056,BK,AE155,Vật liệu cơ khí,4,79,Lý Thị Tâm,HK1,2025-2026
BK_HP0057,BK,ME156,Thiết kế chi tiết máy,4,59,Đặng Minh Trung,HK1,2025-2026
BK_HP0058,BK,EE157,Kỹ thuật nhiệt,2,73,Đặng Trọng Thảo,HK1,2025-2026
BK_HP0059,BK,CE158,Kỹ thuật điện đại cương,3,61,Đỗ Thị Nam,HK1,2025-2026
BK_HP0060,BK,AE159,Tự động hóa sản xuất,3,58,Dương Thanh Thắng,HK1,2025-2026
BK_HP0061,BK,ME160,Sức bền vật liệu,3,35,Nguyễn Kim Hiếu,HK1,2025-2026
BK_HP0062,BK,EE161,Kỹ thuật điều khiển,2,76,Phan Văn Mai,HK1,2025-2026
BK_HP0063,BK,CE162,Vẽ kỹ thuật công nghiệp,4,45,Trần Kim Long,HK1,2025-2026
BK_HP0064,BK,AE163,Cơ học kỹ thuật,4,77,Bùi Thị Hà,HK1,2025-2026
BK_HP0065,BK,ME164,Vật liệu cơ khí,3,45,Hồ Hải Hùng,HK1,2025-2026
BK_HP0066,BK,EE165,Thiết kế chi tiết máy,3,41,Phạm Trọng Linh,HK1,2025-2026
BK_HP0067,BK,CE166,Kỹ thuật nhiệt,2,56,Phạm Bảo Bình,HK1,2025-2026
BK_HP0068,BK,AE167,Kỹ thuật điện đại cương,3,80,Nguyễn Hữu An,HK1,2025-2026
BK_HP0069,BK,ME168,Tự động hóa sản xuất,2,65,Dương Ngọc Phúc,HK1,2025-2026
BK_HP0070,BK,EE169,Sức bền vật liệu,3,37,Bùi Thị Sơn,HK1,2025-2026
BK_HP0071,BK,CE170,Kỹ thuật điều khiển,3,62,Đỗ Thanh Giang,HK1,2025-2026
BK_HP0072,BK,AE171,Vẽ kỹ thuật công nghiệp,4,79,Hoàng Đức Cường,HK1,2025-2026
BK_HP0073,BK,ME172,Cơ học kỹ thuật,3,71,Đặng Hữu Trang,HK1,2025-2026
BK_HP0074,BK,EE173,Vật liệu cơ khí,4,47,Hoàng Hải Trang,HK1,2025-2026
BK_HP0075,BK,CE174,Thiết kế chi tiết máy,3,80,Hồ Xuân Nghĩa,HK1,2025-2026
BK_HP0076,BK,AE175,Kỹ thuật nhiệt,3,69,Phan Thị Bình,HK1,2025-2026
BK_HP0077,BK,ME176,Kỹ thuật điện đại cương,3,38,Đặng Ngọc Trung,HK1,2025-2026
BK_HP0078,BK,EE177,Tự động hóa sản xuất,3,56,Ngô Ngọc Tuấn,HK1,2025-2026
BK_HP0079,BK,CE178,Sức bền vật liệu,3,36,Vũ Xuân Sơn,HK1,2025-2026
BK_HP0080,BK,AE179,Kỹ thuật điều khiển,4,42,Huỳnh Ngọc An,HK1,2025-2026
BK_HP0081,BK,ME180,Vẽ kỹ thuật công nghiệp,3,63,Dương Minh Sơn,HK1,2025-2026
BK_HP0082,BK,EE181,Cơ học kỹ thuật,3,69,Vũ Bảo Thắng,HK1,2025-2026
BK_HP0083,BK,CE182,Vật liệu cơ khí,3,37,Đỗ Quốc Trang,HK1,2025-2026
BK_HP0084,BK,AE183,Thiết kế chi tiết máy,3,57,Huỳnh Thanh Tùng,HK1,2025-2026
BK_HP0085,BK,ME184,Kỹ thuật nhiệt,3,74,Nguyễn Thanh Trang,HK1,2025-2026
BK_HP0086,BK,EE185,Kỹ thuật điện đại cương,3,79,Ngô Trọng Vũ,HK1,2025-2026
BK_HP0087,BK,CE186,Tự động hóa sản xuất,4,58,Lý Ngọc Bình,HK1,2025-2026
BK_HP0088,BK,AE187,Sức bền vật liệu,3,58,Trần Hữu Vũ,HK1,2025-2026
BK_HP0089,BK,ME188,Kỹ thuật điều khiển,2,74,Huỳnh Quốc Mai,HK1,2025-2026
BK_HP0090,BK,EE189,Vẽ kỹ thuật công nghiệp,4,80,Lê Thị Khoa,HK1,2025-2026
BK_HP0091,BK,CE190,Cơ học kỹ thuật,2,53,Nguyễn Minh Mai,HK1,2025-2026
BK_HP0092,BK,AE191,Vật liệu cơ khí,2,55,Lý Thị Tâm,HK1,2025-2026
BK_HP0093,BK,ME192,Thiết kế chi tiết máy,4,45,Phan Đức Khoa,HK1,2025-2026
BK_HP0094,BK,EE193,Kỹ thuật nhiệt,3,51,Lý Hữu Khoa,HK1,2025-2026
BK_HP0095,BK,CE194,Kỹ thuật điện đại cương,3,74,Võ Minh Linh,HK1,2025-2026
BK_HP0096,BK,AE195,Tự động hóa sản xuất,4,44,Đặng Trọng Trung,HK1,2025-2026
BK_HP0097,BK,ME196,Sức bền vật liệu,3,41,Đặng Minh Hoàng,HK1,2025-2026
BK_HP0098,BK,EE197,Kỹ thuật điều khiển,3,50,Hồ Trọng Sơn,HK1,2025-2026
BK_HP0099,BK,CE198,Vẽ kỹ thuật công nghiệp,3,75,Vũ Thanh Nam,HK1,2025-2026
BK_HP0100,BK,AE199,Cơ học kỹ thuật,2,76,Huỳnh Minh An,HK1,2025-2026
BK_HP0101,BK,ME200,Vật liệu cơ khí,4,44,Bùi Trọng Dũng,HK1,2025-2026
BK_HP0102,BK,EE201,Thiết kế chi tiết máy,3,51,Bùi Đức Nam,HK1,2025-2026
BK_HP0103,BK,CE202,Kỹ thuật nhiệt,2,63,Phan Kim Tùng,HK1,2025-2026
BK_HP0104,BK,AE203,Kỹ thuật điện đại cương,3,56,Phạm Minh Long,HK1,2025-2026
BK_HP0105,BK,ME204,Tự động hóa sản xuất,2,59,Dương Văn Linh,HK1,2025-2026
BK_HP0106,BK,EE205,Sức bền vật liệu,4,41,Trần Anh An,HK1,2025-2026
BK_HP0107,BK,CE206,Kỹ thuật điều khiển,4,41,Võ Quốc Nghĩa,HK1,2025-2026
BK_HP0108,BK,AE207,Vẽ kỹ thuật công nghiệp,3,63,Vũ Hữu Phúc,HK1,2025-2026
BK_HP0109,BK,ME208,Cơ học kỹ thuật,3,35,Phan Trọng Hiếu,HK1,2025-2026
BK_HP0110,BK,EE209,Vật liệu cơ khí,2,43,Phạm Hải Hải,HK1,2025-2026
BK_HP0111,BK,CE210,Thiết kế chi tiết máy,4,46,Lê Thị Hiếu,HK1,2025-2026
BK_HP0112,BK,AE211,Kỹ thuật nhiệt,3,74,Phan Hải Hoàng,HK1,2025-2026
BK_HP0113,BK,ME212,Kỹ thuật điện đại cương,3,57,Trần Bảo Tuấn,HK1,2025-2026
BK_HP0114,BK,EE213,Tự động hóa sản xuất,4,57,Phạm Minh Nam,HK1,2025-2026
BK_HP0115,BK,CE214,Sức bền vật liệu,4,57,Vũ Anh Long,HK1,2025-2026
BK_HP0116,BK,AE215,Kỹ thuật điều khiển,3,49,Đỗ Kim Nam,HK1,2025-2026
BK_HP0117,BK,ME216,Vẽ kỹ thuật công nghiệp,2,40,Hoàng Quốc Hiếu,HK1,2025-2026
BK_HP0118,BK,EE217,Cơ học kỹ thuật,4,40,Dương Bảo Thắng,HK1,2025-2026
BK_HP0119,BK,CE218,Vật liệu cơ khí,2,55,Lê Thị Mai,HK1,2025-2026
BK_HP0120,BK,AE219,Thiết kế chi tiết máy,3,42,Huỳnh Xuân Hà,HK1,2025-2026
BK_HP0121,BK,ME220,Kỹ thuật nhiệt,3,63,Lê Ngọc Cường,HK1,2025-2026
BK_HP0122,BK,EE221,Kỹ thuật điện đại cương,4,65,Phạm Đức Bình,HK1,2025-2026
BK_HP0123,BK,CE222,Tự động hóa sản xuất,4,51,Vũ Hữu Bình,HK1,2025-2026
BK_HP0124,BK,AE223,Sức bền vật liệu,2,44,Lê Bảo Phúc,HK1,2025-2026
BK_HP0125,BK,ME224,Kỹ thuật điều khiển,4,37,Lý Xuân Phúc,HK1,2025-2026
BK_HP0126,BK,EE225,Vẽ kỹ thuật công nghiệp,3,53,Phạm Quốc Quân,HK1,2025-2026
BK_HP0127,BK,CE226,Cơ học kỹ thuật,2,62,Hoàng Ngọc Hải,HK1,2025-2026
BK_HP0128,BK,AE227,Vật liệu cơ khí,3,67,Dương Hải Huy,HK1,2025-2026
BK_HP0129,BK,ME228,Thiết kế chi tiết máy,4,47,Bùi Hải Hùng,HK1,2025-2026
BK_HP0130,BK,EE229,Kỹ thuật nhiệt,2,57,Dương Kim Dũng,HK1,2025-2026
BK_HP0131,BK,CE230,Kỹ thuật điện đại cương,2,74,Lý Thanh Hoàng,HK1,2025-2026
BK_HP0132,BK,AE231,Tự động hóa sản xuất,2,72,Phạm Minh Quân,HK1,2025-2026
BK_HP0133,BK,ME232,Sức bền vật liệu,2,57,Nguyễn Hải Hà,HK1,2025-2026
BK_HP0134,BK,EE233,Kỹ thuật điều khiển,3,78,Huỳnh Thanh Thắng,HK1,2025-2026
BK_HP0135,BK,CE234,Vẽ kỹ thuật công nghiệp,3,64,Hoàng Hữu Khoa,HK1,2025-2026
BK_HP0136,BK,AE235,Cơ học kỹ thuật,3,57,Huỳnh Trọng Hiếu,HK1,2025-2026
BK_HP0137,BK,ME236,Vật liệu cơ khí,4,60,Trần Minh An,HK1,2025-2026
BK_HP0138,BK,EE237,Thiết kế chi tiết máy,2,46,Lý Trọng Huy,HK1,2025-2026
BK_HP0139,BK,CE238,Kỹ thuật nhiệt,4,67,Vũ Hữu Nam,HK1,2025-2026
BK_HP0140,BK,AE239,Kỹ thuật điện đại cương,4,66,Hồ Bảo Nam,HK1,2025-2026
BK_HP0141,BK,ME240,Tự động hóa sản xuất,4,60,Lý Quốc Dũng,HK1,2025-2026
BK_HP0142,BK,EE241,Sức bền vật liệu,3,47,Phan Quốc Hoàng,HK1,2025-2026
BK_HP0143,BK,CE242,Kỹ thuật điều khiển,4,60,Phạm Xuân Phong,HK1,2025-2026
BK_HP0144,BK,AE243,Vẽ kỹ thuật công nghiệp,2,61,Phạm Trọng Linh,HK1,2025-2026
BK_HP0145,BK,ME244,Cơ học kỹ thuật,3,55,Vũ Ngọc Sơn,HK1,2025-2026
BK_HP0146,BK,EE245,Vật liệu cơ khí,3,70,Dương Quốc Long,HK1,2025-2026
BK_HP0147,BK,CE246,Thiết kế chi tiết máy,4,45,Đặng Anh Tùng,HK1,2025-2026
BK_HP0148,BK,AE247,Kỹ thuật nhiệt,4,46,Hồ Quốc Tâm,HK1,2025-2026
BK_HP0149,BK,ME248,Kỹ thuật điện đại cương,2,79,Đặng Kim An,HK1,2025-2026
BK_HP0150,BK,EE249,Tự động hóa sản xuất,2,41,Bùi Đức Vinh,HK1,2025-2026
BK_HP0151,BK,CE250,Sức bền vật liệu,3,48,Lê Văn Mai,HK1,2025-2026
BK_HP0152,BK,AE251,Kỹ thuật điều khiển,2,75,Ngô Anh Long,HK1,2025-2026
BK_HP0153,BK,ME252,Vẽ kỹ thuật công nghiệp,3,40,Lê Bảo Bình,HK1,2025-2026
BK_HP0154,BK,EE253,Cơ học kỹ thuật,3,38,Đặng Thị Cường,HK1,2025-2026
BK_HP0155,BK,CE254,Vật liệu cơ khí,3,50,Bùi Thanh Khoa,HK1,2025-2026
BK_HP0156,BK,AE255,Thiết kế chi tiết máy,3,51,Vũ Anh Dũng,HK1,2025-2026
BK_HP0157,BK,ME256,Kỹ thuật nhiệt,3,67,Bùi Minh Trang,HK1,2025-2026
BK_HP0158,BK,EE257,Kỹ thuật điện đại cương,3,71,Lê Thị Phúc,HK1,2025-2026
BK_HP0159,BK,CE258,Tự động hóa sản xuất,4,43,Hoàng Văn Phúc,HK1,2025-2026
BK_HP0160,BK,AE259,Sức bền vật liệu,3,69,Lê Văn Vinh,HK1,2025-2026
BK_HP0161,BK,ME260,Kỹ thuật điều khiển,4,77,Lý Văn Linh,HK1,2025-2026
BK_HP0162,BK,EE261,Vẽ kỹ thuật công nghiệp,4,62,Hoàng Xuân Phúc,HK1,2025-2026
BK_HP0163,BK,CE262,Cơ học kỹ thuật,3,49,Ngô Anh Dũng,HK1,2025-2026
BK_HP0164,BK,AE263,Vật liệu cơ khí,3,67,Hoàng Xuân Sơn,HK1,2025-2026
BK_HP0165,BK,ME264,Thiết kế chi tiết máy,3,67,Hoàng Hải Long,HK1,2025-2026
BK_HP0166,BK,EE265,Kỹ thuật nhiệt,2,76,Hoàng Bảo Hùng,HK1,2025-2026
BK_HP0167,BK,CE266,Kỹ thuật điện đại cương,2,37,Ngô Hải Hùng,HK1,2025-2026
BK_HP0168,BK,AE267,Tự động hóa sản xuất,3,79,Vũ Thị Hoàng,HK1,2025-2026
BK_HP0169,BK,ME268,Sức bền vật liệu,2,67,Lý Hải Vinh,HK1,2025-2026
BK_HP0170,BK,EE269,Kỹ thuật điều khiển,2,49,Vũ Hải Khoa,HK1,2025-2026
BK_HP0171,BK,CE270,Vẽ kỹ thuật công nghiệp,4,49,Bùi Quốc Bình,HK1,2025-2026
BK_HP0172,BK,AE271,Cơ học kỹ thuật,2,53,Võ Hữu Sơn,HK1,2025-2026
BK_HP0173,BK,ME272,Vật liệu cơ khí,2,71,Bùi Hữu Hà,HK1,2025-2026
BK_HP0174,BK,EE273,Thiết kế chi tiết máy,3,76,Đặng Bảo Quân,HK1,2025-2026
BK_HP0175,BK,CE274,Kỹ thuật nhiệt,3,60,Hoàng Ngọc Vinh,HK1,2025-2026
BK_HP0176,BK,AE275,Kỹ thuật điện đại cương,3,38,Dương Minh Hùng,HK1,2025-2026
BK_HP0177,BK,ME276,Tự động hóa sản xuất,2,55,Bùi Minh Dũng,HK1,2025-2026
BK_HP0178,BK,EE277,Sức bền vật liệu,3,47,Nguyễn Xuân Phúc,HK1,2025-2026
BK_HP0179,BK,CE278,Kỹ thuật điều khiển,2,64,Lê Kim Quân,HK1,2025-2026
BK_HP0180,BK,AE279,Vẽ kỹ thuật công nghiệp,2,66,Bùi Kim Mai,HK1,2025-2026
BK_HP0181,BK,ME280,Cơ học kỹ thuật,4,59,Bùi Bảo Trung,HK1,2025-2026
BK_HP0182,BK,EE281,Vật liệu cơ khí,3,53,Nguyễn Thị An,HK1,2025-2026
BK_HP0183,BK,CE282,Thiết kế chi tiết máy,3,50,Ngô Ngọc Thắng,HK1,2025-2026
BK_HP0184,BK,AE283,Kỹ thuật nhiệt,4,61,Lý Bảo Hiếu,HK1,2025-2026
BK_HP0185,BK,ME284,Kỹ thuật điện đại cương,3,70,Phan Đức Tuấn,HK1,2025-2026
BK_HP0186,BK,EE285,Tự động hóa sản xuất,3,73,Hồ Xuân Sơn,HK1,2025-2026
BK_HP0187,BK,CE286,Sức bền vật liệu,4,68,Huỳnh Bảo Trung,HK1,2025-2026
BK_HP0188,BK,AE287,Kỹ thuật điều khiển,4,36,Võ Thị Vũ,HK1,2025-2026
BK_HP0189,BK,ME288,Vẽ kỹ thuật công nghiệp,3,80,Hoàng Văn Thảo,HK1,2025-2026
BK_HP0190,BK,EE289,Cơ học kỹ thuật,4,35,Đặng Hữu Dũng,HK1,2025-2026
BK_HP0191,BK,CE290,Vật liệu cơ khí,3,63,Vũ Trọng Nam,HK1,2025-2026
BK_HP0192,BK,AE291,Thiết kế chi tiết máy,3,63,Ngô Đức Mai,HK1,2025-2026
BK_HP0193,BK,ME292,Kỹ thuật nhiệt,2,80,Bùi Trọng Thắng,HK1,2025-2026
BK_HP0194,BK,EE293,Kỹ thuật điện đại cương,3,43,Bùi Hữu Trung,HK1,2025-2026
BK_HP0195,BK,CE294,Tự động hóa sản xuất,4,53,Hoàng Kim Hà,HK1,2025-2026
BK_HP0196,BK,AE295,Sức bền vật liệu,2,47,Hồ Quốc Hiếu,HK1,2025-2026
BK_HP0197,BK,ME296,Kỹ thuật điều khiển,3,80,Vũ Minh Hải,HK1,2025-2026
BK_HP0198,BK,EE297,Vẽ kỹ thuật công nghiệp,4,76,Huỳnh Hữu Vũ,HK1,2025-2026
BK_HP0199,BK,CE298,Cơ học kỹ thuật,4,78,Đặng Bảo Phúc,HK1,2025-2026
BK_HP0200,BK,AE299,Vật liệu cơ khí,3,71,Phạm Anh Sơn,HK1,2025-2026
BK_HP0201,BK,ME300,Thiết kế chi tiết máy,4,44,Ngô Đức Tùng,HK1,2025-2026
BK_HP0202,BK,EE301,Kỹ thuật nhiệt,3,62,Phan Văn Thắng,HK1,2025-2026
BK_HP0203,BK,CE302,Kỹ thuật điện đại cương,4,65,Vũ Anh Huy,HK1,2025-2026
BK_HP0204,BK,AE303,Tự động hóa sản xuất,3,64,Võ Đức Vũ,HK1,2025-2026
BK_HP0205,BK,ME304,Sức bền vật liệu,3,77,Bùi Xuân Tuấn,HK1,2025-2026
BK_HP0206,BK,EE305,Kỹ thuật điều khiển,2,61,Lê Hải Long,HK1,2025-2026
BK_HP0207,BK,CE306,Vẽ kỹ thuật công nghiệp,3,49,Phan Quốc Hoàng,HK1,2025-2026
BK_HP0208,BK,AE307,Cơ học kỹ thuật,4,47,Võ Trọng Cường,HK1,2025-2026
BK_HP0209,BK,ME308,Vật liệu cơ khí,2,68,Ngô Thị Sơn,HK1,2025-2026
BK_HP0210,BK,EE309,Thiết kế chi tiết máy,3,50,Nguyễn Kim Nghĩa,HK1,2025-2026
BK_HP0211,BK,CE310,Kỹ thuật nhiệt,3,64,Đặng Trọng Giang,HK1,2025-2026
BK_HP0212,BK,AE311,Kỹ thuật điện đại cương,2,35,Vũ Quốc Cường,HK1,2025-2026
BK_HP0213,BK,ME312,Tự động hóa sản xuất,3,41,Hoàng Ngọc Nam,HK1,2025-2026
BK_HP0214,BK,EE313,Sức bền vật liệu,4,63,Phan Anh Hải,HK1,2025-2026
BK_HP0215,BK,CE314,Kỹ thuật điều khiển,2,78,Phạm Quốc Thảo,HK1,2025-2026
BK_HP0216,BK,AE315,Vẽ kỹ thuật công nghiệp,4,64,Ngô Thị Tùng,HK1,2025-2026
BK_HP0217,BK,ME316,Cơ học kỹ thuật,3,48,Võ Anh Linh,HK1,2025-2026
BK_HP0218,BK,EE317,Vật liệu cơ khí,4,63,Đặng Minh Long,HK1,2025-2026
BK_HP0219,BK,CE318,Thiết kế chi tiết máy,3,77,Bùi Hải Thảo,HK1,2025-2026
BK_HP0220,BK,AE319,Kỹ thuật nhiệt,3,53,Hoàng Anh Nghĩa,HK1,2025-2026
BK_HP0221,BK,ME320,Kỹ thuật điện đại cương,3,45,Đặng Bảo Hà,HK1,2025-2026
BK_HP0222,BK,EE321,Tự động hóa sản xuất,4,76,Lý Xuân Hoàng,HK1,2025-2026
BK_HP0223,BK,CE322,Sức bền vật liệu,4,44,Bùi Quốc Phúc,HK1,2025-2026
BK_HP0224,BK,AE323,Kỹ thuật điều khiển,3,44,Huỳnh Xuân Hiếu,HK1,2025-2026
BK_HP0225,BK,ME324,Vẽ kỹ thuật công nghiệp,2,35,Nguyễn Trọng Bình,HK1,2025-2026
BK_HP0226,BK,EE325,Cơ học kỹ thuật,4,50,Ngô Hải Giang,HK1,2025-2026
BK_HP0227,BK,CE326,Vật liệu cơ khí,3,45,Đỗ Hải Dũng,HK1,2025-2026
BK_HP0228,BK,AE327,Thiết kế chi tiết máy,4,44,Trần Văn Bình,HK1,2025-2026
BK_HP0229,BK,ME328,Kỹ thuật nhiệt,4,35,Bùi Kim Hiếu,HK1,2025-2026
BK_HP0230,BK,EE329,Kỹ thuật điện đại cương,4,36,Huỳnh Hữu Thảo,HK1,2025-2026
BK_HP0231,BK,CE330,Tự động hóa sản xuất,3,48,Lê Bảo Nam,HK1,2025-2026
BK_HP0232,BK,AE331,Sức bền vật liệu,4,47,Nguyễn Kim Quân,HK1,2025-2026
BK_HP0233,BK,ME332,Kỹ thuật điều khiển,3,73,Nguyễn Bảo Quân,HK1,2025-2026
BK_HP0234,BK,EE333,Vẽ kỹ thuật công nghiệp,3,51,Ngô Đức Hải,HK1,2025-2026
BK_HP0235,BK,CE334,Cơ học kỹ thuật,2,74,Dương Đức Quân,HK1,2025-2026
BK_HP0236,BK,AE335,Vật liệu cơ khí,3,68,Phan Trọng Dũng,HK1,2025-2026
BK_HP0237,BK,ME336,Thiết kế chi tiết máy,4,69,Đỗ Thị Bình,HK1,2025-2026
BK_HP0238,BK,EE337,Kỹ thuật nhiệt,2,41,Võ Bảo Trang,HK1,2025-2026
BK_HP0239,BK,CE338,Kỹ thuật điện đại cương,2,35,Đặng Thị Trang,HK1,2025-2026
BK_HP0240,BK,AE339,Tự động hóa sản xuất,3,78,Đặng Hữu Long,HK1,2025-2026
BK_HP0241,BK,ME340,Sức bền vật liệu,2,36,Hoàng Kim Thảo,HK1,2025-2026
BK_HP0242,BK,EE341,Kỹ thuật điều khiển,3,59,Dương Anh Hoàng,HK1,2025-2026
BK_HP0243,BK,CE342,Vẽ kỹ thuật công nghiệp,2,56,Dương Đức Quân,HK1,2025-2026
BK_HP0244,BK,AE343,Cơ học kỹ thuật,3,62,Lê Bảo Thảo,HK1,2025-2026
BK_HP0245,BK,ME344,Vật liệu cơ khí,3,56,Trần Thanh Khoa,HK1,2025-2026
BK_HP0246,BK,EE345,Thiết kế chi tiết máy,2,53,Phan Văn Hải,HK1,2025-2026
BK_HP0247,BK,CE346,Kỹ thuật nhiệt,2,66,Võ Trọng Mai,HK1,2025-2026
BK_HP0248,BK,AE347,Kỹ thuật điện đại cương,3,35,Phan Anh Tâm,HK1,2025-2026
BK_HP0249,BK,ME348,Tự động hóa sản xuất,3,58,Đặng Văn Quân,HK1,2025-2026
BK_HP0250,BK,EE349,Sức bền vật liệu,2,65,Phan Anh Huy,HK1,2025-2026
BK_HP0251,BK,CE350,Kỹ thuật điều khiển,4,47,Võ Thanh Phúc,HK1,2025-2026
BK_HP0252,BK,AE351,Vẽ kỹ thuật công nghiệp,3,48,Đặng Anh Mai,HK1,2025-2026
BK_HP0253,BK,ME352,Cơ học kỹ thuật,2,46,Huỳnh Xuân Thắng,HK1,2025-2026
BK_HP0254,BK,EE353,Vật liệu cơ khí,3,72,Đỗ Thị Thảo,HK1,2025-2026
BK_HP0255,BK,CE354,Thiết kế chi tiết máy,2,60,Bùi Minh Thắng,HK1,2025-2026
BK_HP0256,BK,AE355,Kỹ thuật nhiệt,4,64,Phan Thị Trang,HK1,2025-2026
BK_HP0257,BK,ME356,Kỹ thuật điện đại cương,3,43,Phạm Thị Huy,HK1,2025-2026
BK_HP0258,BK,EE357,Tự động hóa sản xuất,3,62,Hoàng Đức Hiếu,HK1,2025-2026
BK_HP0259,BK,CE358,Sức bền vật liệu,3,67,Nguyễn Hải Phúc,HK1,2025-2026
BK_HP0260,BK,AE359,Kỹ thuật điều khiển,4,62,Huỳnh Minh Phong,HK1,2025-2026
BK_HP0261,BK,ME360,Vẽ kỹ thuật công nghiệp,3,61,Đặng Hữu Thắng,HK1,2025-2026
BK_HP0262,BK,EE361,Cơ học kỹ thuật,3,48,Phan Quốc Hùng,HK1,2025-2026
BK_HP0263,BK,CE362,Vật liệu cơ khí,4,79,Lý Minh Huy,HK1,2025-2026
BK_HP0264,BK,AE363,Thiết kế chi tiết máy,3,54,Vũ Hữu Hà,HK1,2025-2026
BK_HP0265,BK,ME364,Kỹ thuật nhiệt,2,45,Phan Trọng Mai,HK1,2025-2026
BK_HP0266,BK,EE365,Kỹ thuật điện đại cương,2,76,Bùi Văn Nghĩa,HK1,2025-2026
BK_HP0267,BK,CE366,Tự động hóa sản xuất,4,35,Đặng Ngọc Hùng,HK1,2025-2026
BK_HP0268,BK,AE367,Sức bền vật liệu,4,41,Ngô Xuân Hùng,HK1,2025-2026
BK_HP0269,BK,ME368,Kỹ thuật điều khiển,4,42,Vũ Ngọc Tâm,HK1,2025-2026
BK_HP0270,BK,EE369,Vẽ kỹ thuật công nghiệp,3,66,Huỳnh Văn Phúc,HK1,2025-2026
BK_HP0271,BK,CE370,Cơ học kỹ thuật,3,42,Huỳnh Bảo Cường,HK1,2025-2026
BK_HP0272,BK,AE371,Vật liệu cơ khí,4,62,Nguyễn Bảo Dũng,HK1,2025-2026
BK_HP0273,BK,ME372,Thiết kế chi tiết máy,3,35,Trần Quốc Hoàng,HK1,2025-2026
BK_HP0274,BK,EE373,Kỹ thuật nhiệt,4,50,Đỗ Thị Tuấn,HK1,2025-2026
BK_HP0275,BK,CE374,Kỹ thuật điện đại cương,3,75,Bùi Thanh Nam,HK1,2025-2026
BK_HP0276,BK,AE375,Tự động hóa sản xuất,4,73,Lý Xuân Hiếu,HK1,2025-2026
BK_HP0277,BK,ME376,Sức bền vật liệu,4,73,Hồ Thanh Cường,HK1,2025-2026
BK_HP0278,BK,EE377,Kỹ thuật điều khiển,3,62,Bùi Minh Hà,HK1,2025-2026
BK_HP0279,BK,CE378,Vẽ kỹ thuật công nghiệp,3,58,Bùi Bảo Phong,HK1,2025-2026
BK_HP0280,BK,AE379,Cơ học kỹ thuật,2,37,Dương Anh Phúc,HK1,2025-2026
BK_HP0281,BK,ME380,Vật liệu cơ khí,3,45,Vũ Anh Hải,HK1,2025-2026
BK_HP0282,BK,EE381,Thiết kế chi tiết máy,3,67,Huỳnh Đức Thắng,HK1,2025-2026
BK_HP0283,BK,CE382,Kỹ thuật nhiệt,2,52,Ngô Ngọc An,HK1,2025-2026
BK_HP0284,BK,AE383,Kỹ thuật điện đại cương,4,55,Dương Đức Thảo,HK1,2025-2026
BK_HP0285,BK,ME384,Tự động hóa sản xuất,2,73,Lê Kim Thắng,HK1,2025-2026
BK_HP0286,BK,EE385,Sức bền vật liệu,3,72,Hồ Minh An,HK1,2025-2026
BK_HP0287,BK,CE386,Kỹ thuật điều khiển,3,57,Đặng Văn Tâm,HK1,2025-2026
BK_HP0288,BK,AE387,Vẽ kỹ thuật công nghiệp,2,49,Vũ Anh Thắng,HK1,2025-2026
BK_HP0289,BK,ME388,Cơ học kỹ thuật,3,71,Ngô Trọng Trang,HK1,2025-2026
BK_HP0290,BK,EE389,Vật liệu cơ khí,4,57,Huỳnh Trọng Trang,HK1,2025-2026
BK_HP0291,BK,CE390,Thiết kế chi tiết máy,4,55,Vũ Thanh Hà,HK1,2025-2026
BK_HP0292,BK,AE391,Kỹ thuật nhiệt,4,40,Đỗ Quốc Trang,HK1,2025-2026
BK_HP0293,BK,ME392,Kỹ thuật điện đại cương,3,69,Dương Ngọc Nghĩa,HK1,2025-2026
BK_HP0294,BK,EE393,Tự động hóa sản xuất,2,53,Vũ Thị Vinh,HK1,2025-2026
BK_HP0295,BK,CE394,Sức bền vật liệu,3,42,Lý Hữu Hùng,HK1,2025-2026
BK_HP0296,BK,AE395,Kỹ thuật điều khiển,4,78,Lê Bảo Giang,HK1,2025-2026
BK_HP0297,BK,ME396,Vẽ kỹ thuật công nghiệp,2,75,Đặng Bảo Vũ,HK1,2025-2026
BK_HP0298,BK,EE397,Cơ học kỹ thuật,3,41,Nguyễn Kim Tùng,HK1,2025-2026
BK_HP0299,BK,CE398,Vật liệu cơ khí,4,70,Vũ Minh Dũng,HK1,2025-2026
BK_HP0300,BK,AE399,Thiết kế chi tiết máy,3,47,Võ Kim Phong,HK1,2025-2026
BK_HP0301,BK,ME400,Kỹ thuật nhiệt,3,41,Phạm Bảo Sơn,HK1,2025-2026
BK_HP0302,BK,EE401,Kỹ thuật điện đại cương,2,35,Vũ Hải Cường,HK1,2025-2026
BK_HP0303,BK,CE402,Tự động hóa sản xuất,3,65,Lý Văn Vinh,HK1,2025-2026
BK_HP0304,BK,AE403,Sức bền vật liệu,2,50,Ngô Bảo An,HK1,2025-2026
BK_HP0305,BK,ME404,Kỹ thuật điều khiển,3,65,Bùi Quốc Tuấn,HK1,2025-2026
BK_HP0306,BK,EE405,Vẽ kỹ thuật công nghiệp,4,78,Ngô Hữu Phúc,HK1,2025-2026
BK_HP0307,BK,CE406,Cơ học kỹ thuật,4,77,Dương Ngọc Quân,HK1,2025-2026
BK_HP0308,BK,AE407,Vật liệu cơ khí,2,55,Dương Văn Dũng,HK1,2025-2026
BK_HP0309,BK,ME408,Thiết kế chi tiết máy,4,72,Vũ Hữu Mai,HK1,2025-2026
BK_HP0310,BK,EE409,Kỹ thuật nhiệt,3,59,Nguyễn Hữu Dũng,HK1,2025-2026
BK_HP0311,BK,CE410,Kỹ thuật điện đại cương,3,68,Vũ Quốc Cường,HK1,2025-2026
BK_HP0312,BK,AE411,Tự động hóa sản xuất,3,48,Hồ Ngọc An,HK1,2025-2026
BK_HP0313,BK,ME412,Sức bền vật liệu,2,44,Vũ Văn Sơn,HK1,2025-2026
BK_HP0314,BK,EE413,Kỹ thuật điều khiển,3,70,Trần Thanh Thắng,HK1,2025-2026
BK_HP0315,BK,CE414,Vẽ kỹ thuật công nghiệp,4,35,Lý Ngọc Hà,HK1,2025-2026
BK_HP0316,BK,AE415,Cơ học kỹ thuật,3,45,Hoàng Bảo Khoa,HK1,2025-2026
BK_HP0317,BK,ME416,Vật liệu cơ khí,3,62,Trần Hải Bình,HK1,2025-2026
BK_HP0318,BK,EE417,Thiết kế chi tiết máy,3,65,Đỗ Anh Khoa,HK1,2025-2026
BK_HP0319,BK,CE418,Kỹ thuật nhiệt,2,36,Đặng Hải Thắng,HK1,2025-2026
BK_HP0320,BK,AE419,Kỹ thuật điện đại cương,4,66,Vũ Văn Hoàng,HK1,2025-2026
BK_HP0321,BK,ME420,Tự động hóa sản xuất,2,61,Phan Bảo Phong,HK1,2025-2026
BK_HP0322,BK,EE421,Sức bền vật liệu,2,46,Phan Xuân Tuấn,HK1,2025-2026
BK_HP0323,BK,CE422,Kỹ thuật điều khiển,4,76,Trần Trọng Tùng,HK1,2025-2026
BK_HP0324,BK,AE423,Vẽ kỹ thuật công nghiệp,4,50,Lý Bảo Linh,HK1,2025-2026
BK_HP0325,BK,ME424,Cơ học kỹ thuật,3,80,Vũ Bảo Mai,HK1,2025-2026
BK_HP0326,BK,EE425,Vật liệu cơ khí,3,38,Phan Bảo Sơn,HK1,2025-2026
BK_HP0327,BK,CE426,Thiết kế chi tiết máy,3,60,Lý Đức Thảo,HK1,2025-2026
BK_HP0328,BK,AE427,Kỹ thuật nhiệt,4,41,Dương Văn Long,HK1,2025-2026
BK_HP0329,BK,ME428,Kỹ thuật điện đại cương,3,51,Lê Thanh Vinh,HK1,2025-2026
BK_HP0330,BK,EE429,Tự động hóa sản xuất,2,45,Hồ Xuân Dũng,HK1,2025-2026
BK_HP0331,BK,CE430,Sức bền vật liệu,3,37,Hồ Hải Trang,HK1,2025-2026
BK_HP0332,BK,AE431,Kỹ thuật điều khiển,3,47,Phạm Văn Hiếu,HK1,2025-2026
BK_HP0333,BK,ME432,Vẽ kỹ thuật công nghiệp,3,77,Trần Xuân Quân,HK1,2025-2026
BK_HP0334,BK,EE433,Cơ học kỹ thuật,3,66,Lê Thị Sơn,HK1,2025-2026
BK_HP0335,BK,CE434,Vật liệu cơ khí,3,55,Hoàng Hải Hải,HK1,2025-2026
BK_HP0336,BK,AE435,Thiết kế chi tiết máy,3,68,Vũ Văn Trang,HK1,2025-2026
BK_HP0337,BK,ME436,Kỹ thuật nhiệt,3,47,Vũ Kim Trung,HK1,2025-2026
BK_HP0338,BK,EE437,Kỹ thuật điện đại cương,4,59,Lý Hữu Sơn,HK1,2025-2026
BK_HP0339,BK,CE438,Tự động hóa sản xuất,3,41,Hoàng Quốc Nghĩa,HK1,2025-2026
BK_HP0340,BK,AE439,Sức bền vật liệu,2,61,Võ Đức Huy,HK1,2025-2026
BK_HP0341,BK,ME440,Kỹ thuật điều khiển,3,44,Bùi Minh Long,HK1,2025-2026
BK_HP0342,BK,EE441,Vẽ kỹ thuật công nghiệp,3,75,Phạm Minh Hiếu,HK1,2025-2026
BK_HP0343,BK,CE442,Cơ học kỹ thuật,3,67,Lê Kim Huy,HK1,2025-2026
BK_HP0344,BK,AE443,Vật liệu cơ khí,3,52,Phan Minh Bình,HK1,2025-2026
BK_HP0345,BK,ME444,Thiết kế chi tiết máy,2,40,Hồ Kim Tuấn,HK1,2025-2026
BK_HP0346,BK,EE445,Kỹ thuật nhiệt,4,69,Huỳnh Văn Trang,HK1,2025-2026
BK_HP0347,BK,CE446,Kỹ thuật điện đại cương,4,59,Phạm Anh Hiếu,HK1,2025-2026
BK_HP0348,BK,AE447,Tự động hóa sản xuất,3,77,Nguyễn Thanh Long,HK1,2025-2026
BK_HP0349,BK,ME448,Sức bền vật liệu,3,45,Hồ Thị Mai,HK1,2025-2026
BK_HP0350,BK,EE449,Kỹ thuật điều khiển,3,42,Nguyễn Đức Sơn,HK1,2025-2026
BK_HP0351,BK,CE450,Vẽ kỹ thuật công nghiệp,4,76,Đỗ Bảo Tùng,HK1,2025-2026
BK_HP0352,BK,AE451,Cơ học kỹ thuật,2,44,Dương Bảo Tùng,HK1,2025-2026
BK_HP0353,BK,ME452,Vật liệu cơ khí,3,67,Vũ Quốc Cường,HK1,2025-2026
BK_HP0354,BK,EE453,Thiết kế chi tiết máy,3,36,Lê Đức Thảo,HK1,2025-2026
BK_HP0355,BK,CE454,Kỹ thuật nhiệt,3,42,Hoàng Quốc Vinh,HK1,2025-2026
BK_HP0356,BK,AE455,Kỹ thuật điện đại cương,2,40,Đỗ Thị Khoa,HK1,2025-2026
BK_HP0357,BK,ME456,Tự động hóa sản xuất,4,43,Phạm Quốc An,HK1,2025-2026
BK_HP0358,BK,EE457,Sức bền vật liệu,2,76,Lý Văn Phúc,HK1,2025-2026
BK_HP0359,BK,CE458,Kỹ thuật điều khiển,4,57,Đặng Thị Thảo,HK1,2025-2026
BK_HP0360,BK,AE459,Vẽ kỹ thuật công nghiệp,3,50,Hồ Hữu Thắng,HK1,2025-2026
BK_HP0361,BK,ME460,Cơ học kỹ thuật,3,70,Dương Anh Thắng,HK1,2025-2026
BK_HP0362,BK,EE461,Vật liệu cơ khí,3,38,Lê Anh Hùng,HK1,2025-2026
BK_HP0363,BK,CE462,Thiết kế chi tiết máy,2,57,Ngô Văn Nghĩa,HK1,2025-2026
BK_HP0364,BK,AE463,Kỹ thuật nhiệt,3,35,Trần Thanh Trung,HK1,2025-2026
BK_HP0365,BK,ME464,Kỹ thuật điện đại cương,3,41,Lý Ngọc Linh,HK1,2025-2026
BK_HP0366,BK,EE465,Tự động hóa sản xuất,2,77,Trần Thị Tuấn,HK1,2025-2026
BK_HP0367,BK,CE466,Sức bền vật liệu,2,46,Phạm Hải Vinh,HK1,2025-2026
BK_HP0368,BK,AE467,Kỹ thuật điều khiển,3,41,Huỳnh Minh Trang,HK1,2025-2026
BK_HP0369,BK,ME468,Vẽ kỹ thuật công nghiệp,4,67,Trần Hữu Cường,HK1,2025-2026
BK_HP0370,BK,EE469,Cơ học kỹ thuật,3,37,Dương Thị Nghĩa,HK1,2025-2026
BK_HP0371,BK,CE470,Vật liệu cơ khí,3,64,Nguyễn Thị Hùng,HK1,2025-2026
BK_HP0372,BK,AE471,Thiết kế chi tiết máy,3,43,Huỳnh Văn Vinh,HK1,2025-2026
BK_HP0373,BK,ME472,Kỹ thuật nhiệt,2,45,Võ Đức Long,HK1,2025-2026
BK_HP0374,BK,EE473,Kỹ thuật điện đại cương,3,49,Phan Văn Hải,HK1,2025-2026
BK_HP0375,BK,CE474,Tự động hóa sản xuất,4,40,Phạm Thị Dũng,HK1,2025-2026
BK_HP0376,BK,AE475,Sức bền vật liệu,3,70,Vũ Ngọc Tâm,HK1,2025-2026
BK_HP0377,BK,ME476,Kỹ thuật điều khiển,2,59,Hoàng Kim Giang,HK1,2025-2026
BK_HP0378,BK,EE477,Vẽ kỹ thuật công nghiệp,3,35,Đỗ Ngọc Hiếu,HK1,2025-2026
BK_HP0379,BK,CE478,Cơ học kỹ thuật,2,50,Nguyễn Trọng Giang,HK1,2025-2026
BK_HP0380,BK,AE479,Vật liệu cơ khí,3,69,Huỳnh Minh Bình,HK1,2025-2026
BK_HP0381,BK,ME480,Thiết kế chi tiết máy,4,47,Lê Thị Tuấn,HK1,2025-2026
BK_HP0382,BK,EE481,Kỹ thuật nhiệt,2,62,Ngô Bảo Huy,HK1,2025-2026
BK_HP0383,BK,CE482,Kỹ thuật điện đại cương,4,63,Trần Xuân Phong,HK1,2025-2026
BK_HP0384,BK,AE483,Tự động hóa sản xuất,4,47,Huỳnh Xuân Linh,HK1,2025-2026
BK_HP0385,BK,ME484,Sức bền vật liệu,3,63,Vũ Thanh Vũ,HK1,2025-2026
BK_HP0386,BK,EE485,Kỹ thuật điều khiển,3,42,Đỗ Thị Hùng,HK1,2025-2026
BK_HP0387,BK,CE486,Vẽ kỹ thuật công nghiệp,3,62,Võ Kim Dũng,HK1,2025-2026
BK_HP0388,BK,AE487,Cơ học kỹ thuật,2,50,Phan Văn Cường,HK1,2025-2026
BK_HP0389,BK,ME488,Vật liệu cơ khí,3,51,Bùi Quốc Dũng,HK1,2025-2026
BK_HP0390,BK,EE489,Thiết kế chi tiết máy,3,75,Trần Hải Tùng,HK1,2025-2026
BK_HP0391,BK,CE490,Kỹ thuật nhiệt,3,58,Bùi Bảo Vũ,HK1,2025-2026
BK_HP0392,BK,AE491,Kỹ thuật điện đại cương,2,76,Hoàng Minh Dũng,HK1,2025-2026
BK_HP0393,BK,ME492,Tự động hóa sản xuất,3,56,Phạm Ngọc Bình,HK1,2025-2026
BK_HP0394,BK,EE493,Sức bền vật liệu,4,55,Võ Minh Mai,HK1,2025-2026
BK_HP0395,BK,CE494,Kỹ thuật điều khiển,3,55,Nguyễn Quốc Huy,HK1,2025-2026
BK_HP0396,BK,AE495,Vẽ kỹ thuật công nghiệp,4,70,Võ Minh Thắng,HK1,2025-2026
BK_HP0397,BK,ME496,Cơ học kỹ thuật,2,67,Vũ Trọng Nam,HK1,2025-2026
BK_HP0398,BK,EE497,Vật liệu cơ khí,3,42,Phạm Thị Linh,HK1,2025-2026
BK_HP0399,BK,CE498,Thiết kế chi tiết máy,4,54,Hoàng Bảo Hùng,HK1,2025-2026
BK_HP0400,BK,AE499,Kỹ thuật nhiệt,2,48,Dương Đức Thắng,HK1,2025-2026
BK_HP0401,BK,ME500,Kỹ thuật điện đại cương,3,65,Hoàng Thanh Sơn,HK1,2025-2026
BK_HP0402,BK,EE501,Tự động hóa sản xuất,4,64,Vũ Minh Huy,HK1,2025-2026
BK_HP0403,BK,CE502,Sức bền vật liệu,3,60,Hồ Hải Thảo,HK1,2025-2026
BK_HP0404,BK,AE503,Kỹ thuật điều khiển,4,55,Vũ Hữu Cường,HK1,2025-2026
BK_HP0405,BK,ME504,Vẽ kỹ thuật công nghiệp,2,50,Hoàng Anh Mai,HK1,2025-2026
BK_HP0406,BK,EE505,Cơ học kỹ thuật,3,50,Hoàng Trọng Hoàng,HK1,2025-2026
BK_HP0407,BK,CE506,Vật liệu cơ khí,3,73,Lê Xuân Cường,HK1,2025-2026
BK_HP0408,BK,AE507,Thiết kế chi tiết máy,4,49,Phan Minh Nghĩa,HK1,2025-2026
BK_HP0409,BK,ME508,Kỹ thuật nhiệt,3,43,Bùi Đức Phúc,HK1,2025-2026
BK_HP0410,BK,EE509,Kỹ thuật điện đại cương,3,39,Võ Đức Trung,HK1,2025-2026
BK_HP0411,BK,CE510,Tự động hóa sản xuất,4,69,Phan Đức Phong,HK1,2025-2026
BK_HP0412,BK,AE511,Sức bền vật liệu,3,48,Lý Quốc Thắng,HK1,2025-2026
BK_HP0413,BK,ME512,Kỹ thuật điều khiển,2,40,Bùi Bảo Vinh,HK1,2025-2026
BK_HP0414,BK,EE513,Vẽ kỹ thuật công nghiệp,3,47,Đỗ Trọng Quân,HK1,2025-2026
BK_HP0415,BK,CE514,Cơ học kỹ thuật,2,39,Nguyễn Hải Hà,HK1,2025-2026
BK_HP0416,BK,AE515,Vật liệu cơ khí,3,39,Huỳnh Kim Bình,HK1,2025-2026
BK_HP0417,BK,ME516,Thiết kế chi tiết máy,2,67,Võ Anh Vũ,HK1,2025-2026
BK_HP0418,BK,EE517,Kỹ thuật nhiệt,3,48,Trần Anh Nghĩa,HK1,2025-2026
BK_HP0419,BK,CE518,Kỹ thuật điện đại cương,3,71,Phạm Thị Cường,HK1,2025-2026
BK_HP0420,BK,AE519,Tự động hóa sản xuất,3,69,Đặng Thị Huy,HK1,2025-2026
BK_HP0421,BK,ME520,Sức bền vật liệu,2,72,Đặng Anh Tuấn,HK1,2025-2026
BK_HP0422,BK,EE521,Kỹ thuật điều khiển,2,47,Dương Thanh Tùng,HK1,2025-2026
BK_HP0423,BK,CE522,Vẽ kỹ thuật công nghiệp,3,61,Lý Hải Trung,HK1,2025-2026
BK_HP0424,BK,AE523,Cơ học kỹ thuật,2,43,Phạm Hải Mai,HK1,2025-2026
BK_HP0425,BK,ME524,Vật liệu cơ khí,3,79,Đặng Hữu Mai,HK1,2025-2026
BK_HP0426,BK,EE525,Thiết kế chi tiết máy,3,56,Hoàng Ngọc Hiếu,HK1,2025-2026
BK_HP0427,BK,CE526,Kỹ thuật nhiệt,2,59,Trần Kim Sơn,HK1,2025-2026
BK_HP0428,BK,AE527,Kỹ thuật điện đại cương,2,53,Bùi Thanh Phúc,HK1,2025-2026
BK_HP0429,BK,ME528,Tự động hóa sản xuất,3,58,Lê Minh Nghĩa,HK1,2025-2026
BK_HP0430,BK,EE529,Sức bền vật liệu,3,47,Bùi Đức Phong,HK1,2025-2026
BK_HP0431,BK,CE530,Kỹ thuật điều khiển,4,56,Phạm Thanh Thắng,HK1,2025-2026
BK_HP0432,BK,AE531,Vẽ kỹ thuật công nghiệp,4,56,Hồ Hải Dũng,HK1,2025-2026
BK_HP0433,BK,ME532,Cơ học kỹ thuật,4,61,Bùi Bảo Khoa,HK1,2025-2026
BK_HP0434,BK,EE533,Vật liệu cơ khí,2,47,Võ Ngọc Tuấn,HK1,2025-2026
BK_HP0435,BK,CE534,Thiết kế chi tiết máy,4,69,Lê Thanh Cường,HK1,2025-2026
BK_HP0436,BK,AE535,Kỹ thuật nhiệt,2,57,Phan Đức Giang,HK1,2025-2026
BK_HP0437,BK,ME536,Kỹ thuật điện đại cương,3,61,Nguyễn Bảo An,HK1,2025-2026
BK_HP0438,BK,EE537,Tự động hóa sản xuất,3,74,Dương Hữu Trung,HK1,2025-2026
BK_HP0439,BK,CE538,Sức bền vật liệu,3,41,Dương Hải Nam,HK1,2025-2026
BK_HP0440,BK,AE539,Kỹ thuật điều khiển,4,77,Võ Bảo Nam,HK1,2025-2026
BK_HP0441,BK,ME540,Vẽ kỹ thuật công nghiệp,3,59,Vũ Kim Khoa,HK1,2025-2026
BK_HP0442,BK,EE541,Cơ học kỹ thuật,3,42,Phan Minh Hà,HK1,2025-2026
BK_HP0443,BK,CE542,Vật liệu cơ khí,2,37,Phạm Thị Quân,HK1,2025-2026
BK_HP0444,BK,AE543,Thiết kế chi tiết máy,4,52,Trần Xuân Long,HK1,2025-2026
BK_HP0445,BK,ME544,Kỹ thuật nhiệt,3,69,Hồ Thị Thảo,HK1,2025-2026
BK_HP0446,BK,EE545,Kỹ thuật điện đại cương,3,50,Đặng Văn Thắng,HK1,2025-2026
BK_HP0447,BK,CE546,Tự động hóa sản xuất,4,66,Võ Minh Thắng,HK1,2025-2026
BK_HP0448,BK,AE547,Sức bền vật liệu,4,40,Trần Quốc Long,HK1,2025-2026
BK_HP0449,BK,ME548,Kỹ thuật điều khiển,3,68,Hồ Quốc Hiếu,HK1,2025-2026
BK_HP0450,BK,EE549,Vẽ kỹ thuật công nghiệp,4,49,Phạm Trọng Giang,HK1,2025-2026
BK_HP0451,BK,CE550,Cơ học kỹ thuật,4,42,Trần Bảo Hiếu,HK1,2025-2026
BK_HP0452,BK,AE551,Vật liệu cơ khí,3,74,Ngô Minh Khoa,HK1,2025-2026
BK_HP0453,BK,ME552,Thiết kế chi tiết máy,4,49,Dương Trọng Hoàng,HK1,2025-2026
BK_HP0454,BK,EE553,Kỹ thuật nhiệt,3,36,Phạm Trọng Phúc,HK1,2025-2026
BK_HP0455,BK,CE554,Kỹ thuật điện đại cương,4,73,Ngô Hữu Trang,HK1,2025-2026
BK_HP0456,BK,AE555,Tự động hóa sản xuất,4,72,Phan Quốc Linh,HK1,2025-2026
BK_HP0457,BK,ME556,Sức bền vật liệu,2,49,Lý Xuân Hiếu,HK1,2025-2026
BK_HP0458,BK,EE557,Kỹ thuật điều khiển,3,52,Phạm Xuân Trung,HK1,2025-2026
BK_HP0459,BK,CE558,Vẽ kỹ thuật công nghiệp,3,52,Đặng Thanh Hùng,HK1,2025-2026
BK_HP0460,BK,AE559,Cơ học kỹ thuật,2,65,Phạm Quốc Khoa,HK1,2025-2026
BK_HP0461,BK,ME560,Vật liệu cơ khí,3,36,Võ Quốc Hoàng,HK1,2025-2026
BK_HP0462,BK,EE561,Thiết kế chi tiết máy,2,79,Võ Anh Khoa,HK1,2025-2026
BK_HP0463,BK,CE562,Kỹ thuật nhiệt,4,57,Lý Quốc Thắng,HK1,2025-2026
BK_HP0464,BK,AE563,Kỹ thuật điện đại cương,3,77,Bùi Thanh Khoa,HK1,2025-2026
BK_HP0465,BK,ME564,Tự động hóa sản xuất,4,35,Phạm Thanh Thắng,HK1,2025-2026
BK_HP0466,BK,EE565,Sức bền vật liệu,3,49,Phan Hải Giang,HK1,2025-2026
BK_HP0467,BK,CE566,Kỹ thuật điều khiển,3,72,Hoàng Minh Trung,HK1,2025-2026
BK_HP0468,BK,AE567,Vẽ kỹ thuật công nghiệp,3,42,Vũ Bảo An,HK1,2025-2026
BK_HP0469,BK,ME568,Cơ học kỹ thuật,4,66,Nguyễn Anh Nghĩa,HK1,2025-2026
BK_HP0470,BK,EE569,Vật liệu cơ khí,4,75,Hoàng Xuân Hải,HK1,2025-2026
BK_HP0471,BK,CE570,Thiết kế chi tiết máy,2,64,Bùi Hữu Thảo,HK1,2025-2026
BK_HP0472,BK,AE571,Kỹ thuật nhiệt,3,76,Trần Xuân Khoa,HK1,2025-2026
BK_HP0473,BK,ME572,Kỹ thuật điện đại cương,3,65,Hồ Thị Khoa,HK1,2025-2026
BK_HP0474,BK,EE573,Tự động hóa sản xuất,2,48,Lê Xuân Tùng,HK1,2025-2026
BK_HP0475,BK,CE574,Sức bền vật liệu,2,76,Đỗ Trọng Quân,HK1,2025-2026
BK_HP0476,BK,AE575,Kỹ thuật điều khiển,3,60,Hồ Kim Hiếu,HK1,2025-2026
BK_HP0477,BK,ME576,Vẽ kỹ thuật công nghiệp,4,79,Lê Đức Tuấn,HK1,2025-2026
BK_HP0478,BK,EE577,Cơ học kỹ thuật,3,56,Phan Thị Hùng,HK1,2025-2026
BK_HP0479,BK,CE578,Vật liệu cơ khí,3,39,Đỗ Thị Cường,HK1,2025-2026
BK_HP0480,BK,AE579,Thiết kế chi tiết máy,3,67,Phan Hải An,HK1,2025-2026
BK_HP0481,BK,ME580,Kỹ thuật nhiệt,4,76,Đỗ Thị Cường,HK1,2025-2026
BK_HP0482,BK,EE581,Kỹ thuật điện đại cương,2,45,Võ Hữu Nam,HK1,2025-2026
BK_HP0483,BK,CE582,Tự động hóa sản xuất,3,55,Bùi Xuân Phúc,HK1,2025-2026
BK_HP0484,BK,AE583,Sức bền vật liệu,2,36,Dương Minh An,HK1,2025-2026
BK_HP0485,BK,ME584,Kỹ thuật điều khiển,3,49,Huỳnh Xuân Hoàng,HK1,2025-2026
BK_HP0486,BK,EE585,Vẽ kỹ thuật công nghiệp,3,47,Hoàng Trọng Huy,HK1,2025-2026
BK_HP0487,BK,CE586,Cơ học kỹ thuật,3,58,Trần Hữu Nghĩa,HK1,2025-2026
BK_HP0488,BK,AE587,Vật liệu cơ khí,3,41,Trần Hữu Hiếu,HK1,2025-2026
BK_HP0489,BK,ME588,Thiết kế chi tiết máy,3,70,Lý Hữu Giang,HK1,2025-2026
BK_HP0490,BK,EE589,Kỹ thuật nhiệt,2,42,Đỗ Anh Phong,HK1,2025-2026
BK_HP0491,BK,CE590,Kỹ thuật điện đại cương,4,59,Huỳnh Bảo Quân,HK1,2025-2026
BK_HP0492,BK,AE591,Tự động hóa sản xuất,3,79,Võ Kim Linh,HK1,2025-2026
BK_HP0493,BK,ME592,Sức bền vật liệu,4,56,Ngô Ngọc Phúc,HK1,2025-2026
BK_HP0494,BK,EE593,Kỹ thuật điều khiển,3,69,Hồ Hải Phong,HK1,2025-2026
BK_HP0495,BK,CE594,Vẽ kỹ thuật công nghiệp,3,43,Vũ Đức Quân,HK1,2025-2026
BK_HP0496,BK,AE595,Cơ học kỹ thuật,3,46,Lê Đức Mai,HK1,2025-2026
BK_HP0497,BK,ME596,Vật liệu cơ khí,4,49,Bùi Anh Hiếu,HK1,2025-2026
BK_HP0498,BK,EE597,Thiết kế chi tiết máy,3,54,Phạm Anh Nghĩa,HK1,2025-2026
BK_HP0499,BK,CE598,Kỹ thuật nhiệt,3,60,Ngô Thị Thảo,HK1,2025-2026
BK_HP0500,BK,AE599,Kỹ thuật điện đại cương,4,61,Nguyễn Đức Hà,HK1,2025-2026
BK_HP0501,BK,ME600,Tự động hóa sản xuất,3,72,Đỗ Thanh Nghĩa,HK1,2025-2026
BK_HP0502,BK,EE601,Sức bền vật liệu,2,40,Đặng Minh Phúc,HK1,2025-2026
BK_HP0503,BK,CE602,Kỹ thuật điều khiển,3,80,Phan Anh Phúc,HK1,2025-2026
BK_HP0504,BK,AE603,Vẽ kỹ thuật công nghiệp,4,40,Đỗ Kim Huy,HK1,2025-2026
BK_HP0505,BK,ME604,Cơ học kỹ thuật,3,66,Phạm Thị Thảo,HK1,2025-2026
BK_HP0506,BK,EE605,Vật liệu cơ khí,3,42,Hồ Anh Phúc,HK1,2025-2026
BK_HP0507,BK,CE606,Thiết kế chi tiết máy,4,59,Huỳnh Ngọc Khoa,HK1,2025-2026
BK_HP0508,BK,AE607,Kỹ thuật nhiệt,3,80,Hoàng Bảo Tuấn,HK1,2025-2026
BK_HP0509,BK,ME608,Kỹ thuật điện đại cương,2,48,Bùi Văn Hiếu,HK1,2025-2026
BK_HP0510,BK,EE609,Tự động hóa sản xuất,4,78,Phan Hữu Sơn,HK1,2025-2026
BK_HP0511,BK,CE610,Sức bền vật liệu,3,41,Bùi Anh Khoa,HK1,2025-2026
BK_HP0512,BK,AE611,Kỹ thuật điều khiển,3,46,Bùi Minh Long,HK1,2025-2026
BK_HP0513,BK,ME612,Vẽ kỹ thuật công nghiệp,2,55,Hồ Thanh Bình,HK1,2025-2026
BK_HP0514,BK,EE613,Cơ học kỹ thuật,3,75,Võ Minh Hoàng,HK1,2025-2026
BK_HP0515,BK,CE614,Vật liệu cơ khí,2,51,Đặng Quốc Hùng,HK1,2025-2026
BK_HP0516,BK,AE615,Thiết kế chi tiết máy,3,53,Ngô Thị Mai,HK1,2025-2026
BK_HP0517,BK,ME616,Kỹ thuật nhiệt,4,43,Hoàng Văn Trung,HK1,2025-2026
BK_HP0518,BK,EE617,Kỹ thuật điện đại cương,3,67,Hoàng Hữu Tuấn,HK1,2025-2026
BK_HP0519,BK,CE618,Tự động hóa sản xuất,4,40,Lê Minh Thảo,HK1,2025-2026
BK_HP0520,BK,AE619,Sức bền vật liệu,2,58,Dương Thị Thảo,HK1,2025-2026
BK_HP0521,BK,ME620,Kỹ thuật điều khiển,3,68,Hoàng Ngọc Hùng,HK1,2025-2026
BK_HP0522,BK,EE621,Vẽ kỹ thuật công nghiệp,3,53,Bùi Minh Thảo,HK1,2025-2026
BK_HP0523,BK,CE622,Cơ học kỹ thuật,3,60,Lê Xuân Thắng,HK1,2025-2026
BK_HP0524,BK,AE623,Vật liệu cơ khí,3,76,Đỗ Bảo Trung,HK1,2025-2026
BK_HP0525,BK,ME624,Thiết kế chi tiết máy,4,39,Trần Quốc Vũ,HK1,2025-2026
BK_HP0526,BK,EE625,Kỹ thuật nhiệt,3,54,Phan Hữu Hải,HK1,2025-2026
BK_HP0527,BK,CE626,Kỹ thuật điện đại cương,4,67,Đỗ Kim Tâm,HK1,2025-2026
BK_HP0528,BK,AE627,Tự động hóa sản xuất,4,61,Vũ Trọng Hoàng,HK1,2025-2026
BK_HP0529,BK,ME628,Sức bền vật liệu,3,61,Võ Hữu Nghĩa,HK1,2025-2026
BK_HP0530,BK,EE629,Kỹ thuật điều khiển,3,54,Vũ Thị Huy,HK1,2025-2026
BK_HP0531,BK,CE630,Vẽ kỹ thuật công nghiệp,2,40,Bùi Hải Khoa,HK1,2025-2026
BK_HP0532,BK,AE631,Cơ học kỹ thuật,2,49,Phạm Kim Hải,HK1,2025-2026
BK_HP0533,BK,ME632,Vật liệu cơ khí,4,44,Phan Thanh Hải,HK1,2025-2026
BK_HP0534,BK,EE633,Thiết kế chi tiết máy,4,48,Hồ Thị Hùng,HK1,2025-2026
BK_HP0535,BK,CE634,Kỹ thuật nhiệt,3,41,Hồ Văn Phong,HK1,2025-2026
BK_HP0536,BK,AE635,Kỹ thuật điện đại cương,2,35,Phan Minh Nghĩa,HK1,2025-2026
BK_HP0537,BK,ME636,Tự động hóa sản xuất,4,78,Lê Hải Linh,HK1,2025-2026
BK_HP0538,BK,EE637,Sức bền vật liệu,3,40,Phan Đức Hà,HK1,2025-2026
BK_HP0539,BK,CE638,Kỹ thuật điều khiển,2,43,Hồ Minh Linh,HK1,2025-2026
BK_HP0540,BK,AE639,Vẽ kỹ thuật công nghiệp,4,75,Đặng Kim Tâm,HK1,2025-2026
BK_HP0541,BK,ME640,Cơ học kỹ thuật,4,38,Đặng Kim Mai,HK1,2025-2026
BK_HP0542,BK,EE641,Vật liệu cơ khí,2,41,Đỗ Bảo Long,HK1,2025-2026
BK_HP0543,BK,CE642,Thiết kế chi tiết máy,3,66,Nguyễn Hữu An,HK1,2025-2026
BK_HP0544,BK,AE643,Kỹ thuật nhiệt,3,43,Đặng Kim Linh,HK1,2025-2026
BK_HP0545,BK,ME644,Kỹ thuật điện đại cương,2,78,Phan Thanh Huy,HK1,2025-2026
BK_HP0546,BK,EE645,Tự động hóa sản xuất,3,35,Bùi Văn Phúc,HK1,2025-2026
BK_HP0547,BK,CE646,Sức bền vật liệu,2,36,Bùi Minh Cường,HK1,2025-2026
BK_HP0548,BK,AE647,Kỹ thuật điều khiển,2,65,Trần Kim Dũng,HK1,2025-2026
BK_HP0549,BK,ME648,Vẽ kỹ thuật công nghiệp,4,42,Hồ Bảo Thắng,HK1,2025-2026
BK_HP0550,BK,EE649,Cơ học kỹ thuật,3,44,Nguyễn Xuân Sơn,HK1,2025-2026
BK_HP0551,BK,CE650,Vật liệu cơ khí,3,47,Hoàng Hải Vũ,HK1,2025-2026
BK_HP0552,BK,AE651,Thiết kế chi tiết máy,3,59,Lê Hữu Nghĩa,HK1,2025-2026
BK_HP0553,BK,ME652,Kỹ thuật nhiệt,3,68,Nguyễn Thị Quân,HK1,2025-2026
BK_HP0554,BK,EE653,Kỹ thuật điện đại cương,4,65,Bùi Thị An,HK1,2025-2026
BK_HP0555,BK,CE654,Tự động hóa sản xuất,3,71,Trần Đức Nghĩa,HK1,2025-2026
BK_HP0556,BK,AE655,Sức bền vật liệu,2,35,Trần Đức Sơn,HK1,2025-2026
BK_HP0557,BK,ME656,Kỹ thuật điều khiển,3,64,Ngô Minh Vũ,HK1,2025-2026
BK_HP0558,BK,EE657,Vẽ kỹ thuật công nghiệp,3,60,Bùi Ngọc Mai,HK1,2025-2026
BK_HP0559,BK,CE658,Cơ học kỹ thuật,3,77,Đỗ Trọng Hoàng,HK1,2025-2026
BK_HP0560,BK,AE659,Vật liệu cơ khí,4,63,Nguyễn Đức Khoa,HK1,2025-2026
BK_HP0561,BK,ME660,Thiết kế chi tiết máy,4,64,Hồ Xuân Hùng,HK1,2025-2026
BK_HP0562,BK,EE661,Kỹ thuật nhiệt,3,73,Đỗ Anh Linh,HK1,2025-2026
BK_HP0563,BK,CE662,Kỹ thuật điện đại cương,3,59,Phan Quốc Phong,HK1,2025-2026
BK_HP0564,BK,AE663,Tự động hóa sản xuất,4,39,Trần Thị Hoàng,HK1,2025-2026
BK_HP0565,BK,ME664,Sức bền vật liệu,2,73,Vũ Anh Khoa,HK1,2025-2026
BK_HP0566,BK,EE665,Kỹ thuật điều khiển,3,37,Dương Trọng Nam,HK1,2025-2026
BK_HP0567,BK,CE666,Vẽ kỹ thuật công nghiệp,3,39,Lý Minh Long,HK1,2025-2026
BK_HP0568,BK,AE667,Cơ học kỹ thuật,2,36,Trần Xuân Quân,HK1,2025-2026
BK_HP0569,BK,ME668,Vật liệu cơ khí,3,69,Dương Trọng Linh,HK1,2025-2026
BK_HP0570,BK,EE669,Thiết kế chi tiết máy,3,65,Phan Thị Vinh,HK1,2025-2026
BK_HP0571,BK,CE670,Kỹ thuật nhiệt,2,49,Võ Quốc Vinh,HK1,2025-2026
BK_HP0572,BK,AE671,Kỹ thuật điện đại cương,3,70,Phạm Thanh Linh,HK1,2025-2026
BK_HP0573,BK,ME672,Tự động hóa sản xuất,4,61,Trần Hải Hải,HK1,2025-2026
BK_HP0574,BK,EE673,Sức bền vật liệu,4,74,Lê Xuân Nam,HK1,2025-2026
BK_HP0575,BK,CE674,Kỹ thuật điều khiển,3,65,Phạm Đức Tuấn,HK1,2025-2026
BK_HP0576,BK,AE675,Vẽ kỹ thuật công nghiệp,3,71,Phạm Đức Long,HK1,2025-2026
BK_HP0577,BK,ME676,Cơ học kỹ thuật,4,63,Hoàng Văn Trang,HK1,2025-2026
BK_HP0578,BK,EE677,Vật liệu cơ khí,4,76,Lý Thanh Nghĩa,HK1,2025-2026
BK_HP0579,BK,CE678,Thiết kế chi tiết máy,2,43,Ngô Đức Thắng,HK1,2025-2026
BK_HP0580,BK,AE679,Kỹ thuật nhiệt,3,51,Đỗ Minh Bình,HK1,2025-2026
BK_HP0581,BK,ME680,Kỹ thuật điện đại cương,4,79,Lê Trọng Quân,HK1,2025-2026
BK_HP0582,BK,EE681,Tự động hóa sản xuất,3,72,Ngô Xuân Linh,HK1,2025-2026
BK_HP0583,BK,CE682,Sức bền vật liệu,2,71,Lý Hải Mai,HK1,2025-2026
BK_HP0584,BK,AE683,Kỹ thuật điều khiển,3,41,Bùi Minh Vinh,HK1,2025-2026
BK_HP0585,BK,ME684,Vẽ kỹ thuật công nghiệp,3,59,Bùi Trọng Trang,HK1,2025-2026
BK_HP0586,BK,EE685,Cơ học kỹ thuật,4,70,Đặng Thanh Tâm,HK1,2025-2026
BK_HP0587,BK,CE686,Vật liệu cơ khí,3,76,Dương Thanh Vinh,HK1,2025-2026
BK_HP0588,BK,AE687,Thiết kế chi tiết máy,2,61,Vũ Anh Nghĩa,HK1,2025-2026
BK_HP0589,BK,ME688,Kỹ thuật nhiệt,2,80,Ngô Kim Hoàng,HK1,2025-2026
BK_HP0590,BK,EE689,Kỹ thuật điện đại cương,2,65,Trần Văn Long,HK1,2025-2026
BK_HP0591,BK,CE690,Tự động hóa sản xuất,4,61,Vũ Thị Quân,HK1,2025-2026
BK_HP0592,BK,AE691,Sức bền vật liệu,3,77,Hồ Hữu Tùng,HK1,2025-2026
BK_HP0593,BK,ME692,Kỹ thuật điều khiển,4,45,Nguyễn Hữu Nam,HK1,2025-2026
BK_HP0594,BK,EE693,Vẽ kỹ thuật công nghiệp,3,60,Nguyễn Kim Tuấn,HK1,2025-2026
BK_HP0595,BK,CE694,Cơ học kỹ thuật,3,61,Trần Thị Trang,HK1,2025-2026
BK_HP0596,BK,AE695,Vật liệu cơ khí,4,67,Huỳnh Quốc Thảo,HK1,2025-2026
BK_HP0597,BK,ME696,Thiết kế chi tiết máy,2,40,Phan Kim Quân,HK1,2025-2026
BK_HP0598,BK,EE697,Kỹ thuật nhiệt,3,49,Huỳnh Trọng Thắng,HK1,2025-2026
BK_HP0599,BK,CE698,Kỹ thuật điện đại cương,3,53,Ngô Thanh Tùng,HK1,2025-2026
BK_HP0600,BK,AE699,Tự động hóa sản xuất,4,78,Đỗ Thị Tùng,HK1,2025-2026
BK_HP0601,BK,ME700,Sức bền vật liệu,2,59,Huỳnh Văn Khoa,HK1,2025-2026
BK_HP0602,BK,EE701,Kỹ thuật điều khiển,2,67,Ngô Hữu Sơn,HK1,2025-2026
BK_HP0603,BK,CE702,Vẽ kỹ thuật công nghiệp,4,57,Trần Ngọc Quân,HK1,2025-2026
BK_HP0604,BK,AE703,Cơ học kỹ thuật,3,49,Dương Văn Hiếu,HK1,2025-2026
BK_HP0605,BK,ME704,Vật liệu cơ khí,4,57,Trần Đức Hoàng,HK1,2025-2026
BK_HP0606,BK,EE705,Thiết kế chi tiết máy,3,66,Lê Thị Hoàng,HK1,2025-2026
BK_HP0607,BK,CE706,Kỹ thuật nhiệt,4,36,Ngô Hữu Tuấn,HK1,2025-2026
BK_HP0608,BK,AE707,Kỹ thuật điện đại cương,4,35,Huỳnh Hữu Mai,HK1,2025-2026
BK_HP0609,BK,ME708,Tự động hóa sản xuất,3,57,Huỳnh Kim Phong,HK1,2025-2026
BK_HP0610,BK,EE709,Sức bền vật liệu,3,73,Huỳnh Minh Vũ,HK1,2025-2026
BK_HP0611,BK,CE710,Kỹ thuật điều khiển,3,58,Bùi Anh Sơn,HK1,2025-2026
BK_HP0612,BK,AE711,Vẽ kỹ thuật công nghiệp,2,71,Ngô Trọng Hoàng,HK1,2025-2026
BK_HP0613,BK,ME712,Cơ học kỹ thuật,3,48,Ngô Ngọc Hoàng,HK1,2025-2026
BK_HP0614,BK,EE713,Vật liệu cơ khí,3,68,Huỳnh Anh Trung,HK1,2025-2026
BK_HP0615,BK,CE714,Thiết kế chi tiết máy,4,79,Dương Hữu Nam,HK1,2025-2026
BK_HP0616,BK,AE715,Kỹ thuật nhiệt,4,73,Lê Kim Thảo,HK1,2025-2026
BK_HP0617,BK,ME716,Kỹ thuật điện đại cương,3,47,Hồ Thanh Bình,HK1,2025-2026
BK_HP0618,BK,EE717,Tự động hóa sản xuất,3,75,Phạm Văn Thắng,HK1,2025-2026
BK_HP0619,BK,CE718,Sức bền vật liệu,3,53,Phạm Đức Nam,HK1,2025-2026
BK_HP0620,BK,AE719,Kỹ thuật điều khiển,2,48,Lê Minh Thắng,HK1,2025-2026
BK_HP0621,BK,ME720,Vẽ kỹ thuật công nghiệp,3,46,Lê Hải Hiếu,HK1,2025-2026
BK_HP0622,BK,EE721,Cơ học kỹ thuật,2,45,Đặng Thị Tùng,HK1,2025-2026
BK_HP0623,BK,CE722,Vật liệu cơ khí,2,73,Võ Hữu Thắng,HK1,2025-2026
BK_HP0624,BK,AE723,Thiết kế chi tiết máy,3,69,Vũ Hữu Hoàng,HK1,2025-2026
BK_HP0625,BK,ME724,Kỹ thuật nhiệt,2,52,Trần Trọng Tùng,HK1,2025-2026
BK_HP0626,BK,EE725,Kỹ thuật điện đại cương,3,58,Huỳnh Trọng Hoàng,HK1,2025-2026
BK_HP0627,BK,CE726,Tự động hóa sản xuất,4,37,Ngô Anh Thảo,HK1,2025-2026
BK_HP0628,BK,AE727,Sức bền vật liệu,4,49,Lý Hữu An,HK1,2025-2026
BK_HP0629,BK,ME728,Kỹ thuật điều khiển,3,42,Ngô Bảo Nghĩa,HK1,2025-2026
BK_HP0630,BK,EE729,Vẽ kỹ thuật công nghiệp,3,46,Phạm Xuân Bình,HK1,2025-2026
BK_HP0631,BK,CE730,Cơ học kỹ thuật,3,43,Đỗ Đức Tâm,HK1,2025-2026
BK_HP0632,BK,AE731,Vật liệu cơ khí,3,67,Hồ Xuân Khoa,HK1,2025-2026
BK_HP0633,BK,ME732,Thiết kế chi tiết máy,2,44,Huỳnh Kim Trung,HK1,2025-2026
BK_HP0634,BK,EE733,Kỹ thuật nhiệt,4,76,Dương Kim Thảo,HK1,2025-2026
BK_HP0635,BK,CE734,Kỹ thuật điện đại cương,4,78,Ngô Trọng Khoa,HK1,2025-2026
BK_HP0636,BK,AE735,Tự động hóa sản xuất,4,35,Nguyễn Quốc Thắng,HK1,2025-2026
BK_HP0637,BK,ME736,Sức bền vật liệu,2,46,Dương Kim Linh,HK1,2025-2026
BK_HP0638,BK,EE737,Kỹ thuật điều khiển,4,46,Huỳnh Minh An,HK1,2025-2026
BK_HP0639,BK,CE738,Vẽ kỹ thuật công nghiệp,2,45,Bùi Minh Linh,HK1,2025-2026
BK_HP0640,BK,AE739,Cơ học kỹ thuật,3,75,Bùi Trọng Huy,HK1,2025-2026
BK_HP0641,BK,ME740,Vật liệu cơ khí,3,58,Hoàng Ngọc Bình,HK1,2025-2026
BK_HP0642,BK,EE741,Thiết kế chi tiết máy,3,69,Phan Anh Bình,HK1,2025-2026
BK_HP0643,BK,CE742,Kỹ thuật nhiệt,3,78,Vũ Minh Nam,HK1,2025-2026
BK_HP0644,BK,AE743,Kỹ thuật điện đại cương,4,68,Bùi Kim Long,HK1,2025-2026
BK_HP0645,BK,ME744,Tự động hóa sản xuất,4,80,Phan Kim Vũ,HK1,2025-2026
BK_HP0646,BK,EE745,Sức bền vật liệu,4,70,Ngô Thị Nghĩa,HK1,2025-2026
BK_HP0647,BK,CE746,Kỹ thuật điều khiển,2,65,Lê Bảo Trung,HK1,2025-2026
BK_HP0648,BK,AE747,Vẽ kỹ thuật công nghiệp,3,54,Phạm Ngọc Giang,HK1,2025-2026
BK_HP0649,BK,ME748,Cơ học kỹ thuật,3,39,Hoàng Xuân Linh,HK1,2025-2026
BK_HP0650,BK,EE749,Vật liệu cơ khí,3,43,Phan Xuân Trang,HK1,2025-2026
BK_HP0651,BK,CE750,Thiết kế chi tiết máy,3,62,Lê Trọng Trang,HK1,2025-2026
BK_HP0652,BK,AE751,Kỹ thuật nhiệt,3,45,Đặng Kim Giang,HK1,2025-2026
BK_HP0653,BK,ME752,Kỹ thuật điện đại cương,2,73,Ngô Thanh Huy,HK1,2025-2026
BK_HP0654,BK,EE753,Tự động hóa sản xuất,2,69,Ngô Minh Quân,HK1,2025-2026
BK_HP0655,BK,CE754,Sức bền vật liệu,3,76,Phạm Quốc Tuấn,HK1,2025-2026
BK_HP0656,BK,AE755,Kỹ thuật điều khiển,3,64,Võ Quốc Thảo,HK1,2025-2026
BK_HP0657,BK,ME756,Vẽ kỹ thuật công nghiệp,4,53,Huỳnh Xuân Long,HK1,2025-2026
BK_HP0658,BK,EE757,Cơ học kỹ thuật,3,73,Lê Quốc Thắng,HK1,2025-2026
BK_HP0659,BK,CE758,Vật liệu cơ khí,3,79,Ngô Kim Tâm,HK1,2025-2026
BK_HP0660,BK,AE759,Thiết kế chi tiết máy,3,60,Hồ Quốc Trung,HK1,2025-2026
BK_HP0661,BK,ME760,Kỹ thuật nhiệt,4,38,Huỳnh Ngọc Nghĩa,HK1,2025-2026
BK_HP0662,BK,EE761,Kỹ thuật điện đại cương,4,59,Dương Hải Khoa,HK1,2025-2026
BK_HP0663,BK,CE762,Tự động hóa sản xuất,2,65,Lý Kim Vinh,HK1,2025-2026
BK_HP0664,BK,AE763,Sức bền vật liệu,4,63,Ngô Đức Huy,HK1,2025-2026
BK_HP0665,BK,ME764,Kỹ thuật điều khiển,2,49,Đặng Kim Long,HK1,2025-2026
BK_HP0666,BK,EE765,Vẽ kỹ thuật công nghiệp,4,60,Trần Văn Linh,HK1,2025-2026
BK_HP0667,BK,CE766,Cơ học kỹ thuật,4,53,Ngô Hữu Trung,HK1,2025-2026
BK_HP0668,BK,AE767,Vật liệu cơ khí,3,43,Bùi Trọng Thắng,HK1,2025-2026
BK_HP0669,BK,ME768,Thiết kế chi tiết máy,4,50,Ngô Hữu Huy,HK1,2025-2026
BK_HP0670,BK,EE769,Kỹ thuật nhiệt,3,63,Võ Hải Hà,HK1,2025-2026
BK_HP0671,BK,CE770,Kỹ thuật điện đại cương,4,47,Lý Văn Phong,HK1,2025-2026
BK_HP0672,BK,AE771,Tự động hóa sản xuất,4,66,Nguyễn Quốc Long,HK1,2025-2026
BK_HP0673,BK,ME772,Sức bền vật liệu,2,78,Lê Hải Khoa,HK1,2025-2026
BK_HP0674,BK,EE773,Kỹ thuật điều khiển,4,67,Dương Bảo Hà,HK1,2025-2026
BK_HP0675,BK,CE774,Vẽ kỹ thuật công nghiệp,2,45,Hồ Ngọc Tuấn,HK1,2025-2026
BK_HP0676,BK,AE775,Cơ học kỹ thuật,2,62,Huỳnh Văn Khoa,HK1,2025-2026
BK_HP0677,BK,ME776,Vật liệu cơ khí,3,41,Bùi Minh Long,HK1,2025-2026
BK_HP0678,BK,EE777,Thiết kế chi tiết máy,2,63,Đỗ Anh Tùng,HK1,2025-2026
BK_HP0679,BK,CE778,Kỹ thuật nhiệt,4,75,Lý Ngọc Hải,HK1,2025-2026
BK_HP0680,BK,AE779,Kỹ thuật điện đại cương,4,60,Phan Hải Sơn,HK1,2025-2026
BK_HP0681,BK,ME780,Tự động hóa sản xuất,4,44,Phạm Hữu Sơn,HK1,2025-2026
BK_HP0682,BK,EE781,Sức bền vật liệu,4,70,Lê Anh Phong,HK1,2025-2026
BK_HP0683,BK,CE782,Kỹ thuật điều khiển,3,67,Đặng Bảo Phong,HK1,2025-2026
BK_HP0684,BK,AE783,Vẽ kỹ thuật công nghiệp,2,35,Đỗ Hữu Hà,HK1,2025-2026
KHTN_HP0001,KHTN,MATH100,Giải tích 1,4,50,Phan Hải Nghĩa,HK1,2025-2026
KHTN_HP0002,KHTN,PHYS101,Giải tích 2,3,69,Phan Minh Quân,HK1,2025-2026
KHTN_HP0003,KHTN,CHEM102,Đại số tuyến tính,3,74,Phan Bảo Quân,HK1,2025-2026
KHTN_HP0004,KHTN,BIO103,Vật lý đại cương 1,3,67,Hoàng Minh Mai,HK1,2025-2026
KHTN_HP0005,KHTN,MATH104,Vật lý lượng tử,4,67,Bùi Đức Tâm,HK1,2025-2026
KHTN_HP0006,KHTN,PHYS105,Hóa vô cơ căn bản,3,57,Huỳnh Văn Quân,HK1,2025-2026
KHTN_HP0007,KHTN,CHEM106,Hóa phân tích,3,37,Hoàng Trọng Linh,HK1,2025-2026
KHTN_HP0008,KHTN,BIO107,Xác suất và thống kê,2,66,Phạm Thanh Tùng,HK1,2025-2026
KHTN_HP0009,KHTN,MATH108,Hóa học hữu cơ,2,60,Vũ Bảo Giang,HK1,2025-2026
KHTN_HP0010,KHTN,PHYS109,Giải tích 1,2,49,Hoàng Đức An,HK1,2025-2026
KHTN_HP0011,KHTN,CHEM110,Giải tích 2,4,78,Ngô Văn Hà,HK1,2025-2026
KHTN_HP0012,KHTN,BIO111,Đại số tuyến tính,2,46,Phạm Xuân Phong,HK1,2025-2026
KHTN_HP0013,KHTN,MATH112,Vật lý đại cương 1,2,48,Dương Minh Tâm,HK1,2025-2026
KHTN_HP0014,KHTN,PHYS113,Vật lý lượng tử,2,72,Nguyễn Quốc Hùng,HK1,2025-2026
KHTN_HP0015,KHTN,CHEM114,Hóa vô cơ căn bản,2,74,Vũ Thanh Trang,HK1,2025-2026
KHTN_HP0016,KHTN,BIO115,Hóa phân tích,2,37,Nguyễn Trọng Hoàng,HK1,2025-2026
KHTN_HP0017,KHTN,MATH116,Xác suất và thống kê,3,46,Bùi Hữu Phúc,HK1,2025-2026
KHTN_HP0018,KHTN,PHYS117,Hóa học hữu cơ,3,38,Huỳnh Kim Nam,HK1,2025-2026
KHTN_HP0019,KHTN,CHEM118,Giải tích 1,4,66,Đỗ Thị Thắng,HK1,2025-2026
KHTN_HP0020,KHTN,BIO119,Giải tích 2,3,44,Lý Minh Vinh,HK1,2025-2026
KHTN_HP0021,KHTN,MATH120,Đại số tuyến tính,3,51,Đặng Bảo Khoa,HK1,2025-2026
KHTN_HP0022,KHTN,PHYS121,Vật lý đại cương 1,2,50,Phạm Hải Hà,HK1,2025-2026
KHTN_HP0023,KHTN,CHEM122,Vật lý lượng tử,3,69,Vũ Đức Thảo,HK1,2025-2026
KHTN_HP0024,KHTN,BIO123,Hóa vô cơ căn bản,3,65,Nguyễn Anh Bình,HK1,2025-2026
KHTN_HP0025,KHTN,MATH124,Hóa phân tích,2,79,Hồ Trọng Mai,HK1,2025-2026
KHTN_HP0026,KHTN,PHYS125,Xác suất và thống kê,2,42,Trần Bảo Trang,HK1,2025-2026
KHTN_HP0027,KHTN,CHEM126,Hóa học hữu cơ,3,53,Võ Trọng Dũng,HK1,2025-2026
KHTN_HP0028,KHTN,BIO127,Giải tích 1,3,64,Phạm Hữu Hiếu,HK1,2025-2026
KHTN_HP0029,KHTN,MATH128,Giải tích 2,2,58,Trần Thanh Trung,HK1,2025-2026
KHTN_HP0030,KHTN,PHYS129,Đại số tuyến tính,2,73,Huỳnh Ngọc Tuấn,HK1,2025-2026
KHTN_HP0031,KHTN,CHEM130,Vật lý đại cương 1,4,69,Bùi Minh An,HK1,2025-2026
KHTN_HP0032,KHTN,BIO131,Vật lý lượng tử,3,44,Trần Thanh Hải,HK1,2025-2026
KHTN_HP0033,KHTN,MATH132,Hóa vô cơ căn bản,2,66,Ngô Quốc Cường,HK1,2025-2026
KHTN_HP0034,KHTN,PHYS133,Hóa phân tích,2,41,Vũ Văn An,HK1,2025-2026
KHTN_HP0035,KHTN,CHEM134,Xác suất và thống kê,4,70,Nguyễn Anh Trang,HK1,2025-2026
KHTN_HP0036,KHTN,BIO135,Hóa học hữu cơ,3,77,Trần Ngọc Vinh,HK1,2025-2026
KHTN_HP0037,KHTN,MATH136,Giải tích 1,3,37,Vũ Thanh Sơn,HK1,2025-2026
KHTN_HP0038,KHTN,PHYS137,Giải tích 2,3,44,Lê Đức Hoàng,HK1,2025-2026
KHTN_HP0039,KHTN,CHEM138,Đại số tuyến tính,2,73,Lý Thanh Hoàng,HK1,2025-2026
KHTN_HP0040,KHTN,BIO139,Vật lý đại cương 1,4,62,Trần Đức Quân,HK1,2025-2026
KHTN_HP0041,KHTN,MATH140,Vật lý lượng tử,3,72,Bùi Trọng Hùng,HK1,2025-2026
KHTN_HP0042,KHTN,PHYS141,Hóa vô cơ căn bản,3,47,Phạm Thị Bình,HK1,2025-2026
KHTN_HP0043,KHTN,CHEM142,Hóa phân tích,3,37,Vũ Trọng Phong,HK1,2025-2026
KHTN_HP0044,KHTN,BIO143,Xác suất và thống kê,3,53,Phạm Đức Tùng,HK1,2025-2026
KHTN_HP0045,KHTN,MATH144,Hóa học hữu cơ,2,73,Hoàng Anh Tùng,HK1,2025-2026
KHTN_HP0046,KHTN,PHYS145,Giải tích 1,4,77,Đặng Xuân Trung,HK1,2025-2026
KHTN_HP0047,KHTN,CHEM146,Giải tích 2,3,44,Đặng Hữu Khoa,HK1,2025-2026
KHTN_HP0048,KHTN,BIO147,Đại số tuyến tính,4,36,Vũ Anh Thắng,HK1,2025-2026
KHTN_HP0049,KHTN,MATH148,Vật lý đại cương 1,2,36,Đỗ Quốc Trung,HK1,2025-2026
KHTN_HP0050,KHTN,PHYS149,Vật lý lượng tử,2,56,Trần Bảo Phúc,HK1,2025-2026
KHTN_HP0051,KHTN,CHEM150,Hóa vô cơ căn bản,3,53,Phạm Anh Khoa,HK1,2025-2026
KHTN_HP0052,KHTN,BIO151,Hóa phân tích,4,41,Vũ Ngọc Dũng,HK1,2025-2026
KHTN_HP0053,KHTN,MATH152,Xác suất và thống kê,4,75,Ngô Trọng Vinh,HK1,2025-2026
KHTN_HP0054,KHTN,PHYS153,Hóa học hữu cơ,3,52,Hoàng Đức Tâm,HK1,2025-2026
KHTN_HP0055,KHTN,CHEM154,Giải tích 1,3,48,Nguyễn Xuân Sơn,HK1,2025-2026
KHTN_HP0056,KHTN,BIO155,Giải tích 2,4,52,Lê Đức Khoa,HK1,2025-2026
KHTN_HP0057,KHTN,MATH156,Đại số tuyến tính,2,69,Hoàng Xuân Nam,HK1,2025-2026
KHTN_HP0058,KHTN,PHYS157,Vật lý đại cương 1,2,61,Phan Trọng Mai,HK1,2025-2026
KHTN_HP0059,KHTN,CHEM158,Vật lý lượng tử,3,63,Dương Văn Giang,HK1,2025-2026
KHTN_HP0060,KHTN,BIO159,Hóa vô cơ căn bản,4,53,Đỗ Bảo Tùng,HK1,2025-2026
KHTN_HP0061,KHTN,MATH160,Hóa phân tích,3,49,Trần Trọng Trung,HK1,2025-2026
KHTN_HP0062,KHTN,PHYS161,Xác suất và thống kê,3,37,Hồ Xuân Hải,HK1,2025-2026
KHTN_HP0063,KHTN,CHEM162,Hóa học hữu cơ,4,64,Võ Anh Dũng,HK1,2025-2026
KHTN_HP0064,KHTN,BIO163,Giải tích 1,2,63,Phạm Hữu Tùng,HK1,2025-2026
KHTN_HP0065,KHTN,MATH164,Giải tích 2,2,56,Vũ Thanh Phúc,HK1,2025-2026
KHTN_HP0066,KHTN,PHYS165,Đại số tuyến tính,3,64,Dương Hải Trang,HK1,2025-2026
KHTN_HP0067,KHTN,CHEM166,Vật lý đại cương 1,3,51,Hoàng Hải Sơn,HK1,2025-2026
KHTN_HP0068,KHTN,BIO167,Vật lý lượng tử,3,79,Phạm Trọng Khoa,HK1,2025-2026
KHTN_HP0069,KHTN,MATH168,Hóa vô cơ căn bản,2,72,Phan Hữu Quân,HK1,2025-2026
KHTN_HP0070,KHTN,PHYS169,Hóa phân tích,3,46,Huỳnh Bảo Cường,HK1,2025-2026
KHTN_HP0071,KHTN,CHEM170,Xác suất và thống kê,2,53,Lý Quốc Mai,HK1,2025-2026
KHTN_HP0072,KHTN,BIO171,Hóa học hữu cơ,3,42,Đặng Văn Cường,HK1,2025-2026
KHTN_HP0073,KHTN,MATH172,Giải tích 1,4,42,Ngô Xuân Vũ,HK1,2025-2026
KHTN_HP0074,KHTN,PHYS173,Giải tích 2,3,75,Hoàng Văn Phúc,HK1,2025-2026
KHTN_HP0075,KHTN,CHEM174,Đại số tuyến tính,3,68,Trần Minh Tâm,HK1,2025-2026
KHTN_HP0076,KHTN,BIO175,Vật lý đại cương 1,3,51,Dương Minh Long,HK1,2025-2026
KHTN_HP0077,KHTN,MATH176,Vật lý lượng tử,3,60,Đặng Trọng Phong,HK1,2025-2026
KHTN_HP0078,KHTN,PHYS177,Hóa vô cơ căn bản,3,48,Đỗ Hữu Nghĩa,HK1,2025-2026
KHTN_HP0079,KHTN,CHEM178,Hóa phân tích,3,67,Đặng Ngọc Trung,HK1,2025-2026
KHTN_HP0080,KHTN,BIO179,Xác suất và thống kê,3,59,Đỗ Kim Hà,HK1,2025-2026
KHTN_HP0081,KHTN,MATH180,Hóa học hữu cơ,2,67,Đặng Kim Giang,HK1,2025-2026
KHTN_HP0082,KHTN,PHYS181,Giải tích 1,3,35,Đặng Thị Vinh,HK1,2025-2026
KHTN_HP0083,KHTN,CHEM182,Giải tích 2,4,53,Hồ Văn Thắng,HK1,2025-2026
KHTN_HP0084,KHTN,BIO183,Đại số tuyến tính,3,80,Vũ Hải Cường,HK1,2025-2026
KHTN_HP0085,KHTN,MATH184,Vật lý đại cương 1,3,62,Bùi Hải Nam,HK1,2025-2026
KHTN_HP0086,KHTN,PHYS185,Vật lý lượng tử,3,57,Lê Quốc Phong,HK1,2025-2026
KHTN_HP0087,KHTN,CHEM186,Hóa vô cơ căn bản,4,73,Lê Hải Linh,HK1,2025-2026
KHTN_HP0088,KHTN,BIO187,Hóa phân tích,3,35,Trần Bảo Hải,HK1,2025-2026
KHTN_HP0089,KHTN,MATH188,Xác suất và thống kê,4,69,Phan Thanh Phong,HK1,2025-2026
KHTN_HP0090,KHTN,PHYS189,Hóa học hữu cơ,4,54,Nguyễn Hải Long,HK1,2025-2026
KHTN_HP0091,KHTN,CHEM190,Giải tích 1,3,59,Lê Hữu Quân,HK1,2025-2026
KHTN_HP0092,KHTN,BIO191,Giải tích 2,2,76,Bùi Kim Phúc,HK1,2025-2026
KHTN_HP0093,KHTN,MATH192,Đại số tuyến tính,3,52,Dương Bảo Tùng,HK1,2025-2026
KHTN_HP0094,KHTN,PHYS193,Vật lý đại cương 1,4,76,Lý Minh Quân,HK1,2025-2026
KHTN_HP0095,KHTN,CHEM194,Vật lý lượng tử,3,41,Lê Minh Vinh,HK1,2025-2026
KHTN_HP0096,KHTN,BIO195,Hóa vô cơ căn bản,3,53,Đặng Văn Hiếu,HK1,2025-2026
KHTN_HP0097,KHTN,MATH196,Hóa phân tích,3,70,Bùi Ngọc An,HK1,2025-2026
KHTN_HP0098,KHTN,PHYS197,Xác suất và thống kê,4,38,Đặng Kim Mai,HK1,2025-2026
KHTN_HP0099,KHTN,CHEM198,Hóa học hữu cơ,4,77,Vũ Ngọc Hoàng,HK1,2025-2026
KHTN_HP0100,KHTN,BIO199,Giải tích 1,3,68,Ngô Trọng Cường,HK1,2025-2026
KHTN_HP0101,KHTN,MATH200,Giải tích 2,2,57,Phạm Hải Trung,HK1,2025-2026
KHTN_HP0102,KHTN,PHYS201,Đại số tuyến tính,4,77,Nguyễn Anh Hải,HK1,2025-2026
KHTN_HP0103,KHTN,CHEM202,Vật lý đại cương 1,3,54,Phạm Đức Sơn,HK1,2025-2026
KHTN_HP0104,KHTN,BIO203,Vật lý lượng tử,3,41,Vũ Hữu Hải,HK1,2025-2026
KHTN_HP0105,KHTN,MATH204,Hóa vô cơ căn bản,4,64,Đặng Quốc Vinh,HK1,2025-2026
KHTN_HP0106,KHTN,PHYS205,Hóa phân tích,3,73,Dương Thị Dũng,HK1,2025-2026
KHTN_HP0107,KHTN,CHEM206,Xác suất và thống kê,3,51,Nguyễn Kim Vũ,HK1,2025-2026
KHTN_HP0108,KHTN,BIO207,Hóa học hữu cơ,2,56,Huỳnh Quốc Dũng,HK1,2025-2026
KHTN_HP0109,KHTN,MATH208,Giải tích 1,3,58,Dương Minh Linh,HK1,2025-2026
KHTN_HP0110,KHTN,PHYS209,Giải tích 2,3,65,Nguyễn Hải Dũng,HK1,2025-2026
KHTN_HP0111,KHTN,CHEM210,Đại số tuyến tính,2,52,Nguyễn Đức Trung,HK1,2025-2026
KHTN_HP0112,KHTN,BIO211,Vật lý đại cương 1,3,50,Hồ Hữu Hải,HK1,2025-2026
KHTN_HP0113,KHTN,MATH212,Vật lý lượng tử,3,79,Lý Hữu Hiếu,HK1,2025-2026
KHTN_HP0114,KHTN,PHYS213,Hóa vô cơ căn bản,3,57,Vũ Hữu Trung,HK1,2025-2026
KHTN_HP0115,KHTN,CHEM214,Hóa phân tích,3,55,Đỗ Văn Hoàng,HK1,2025-2026
KHTN_HP0116,KHTN,BIO215,Xác suất và thống kê,4,45,Nguyễn Thanh Trang,HK1,2025-2026
KHTN_HP0117,KHTN,MATH216,Hóa học hữu cơ,2,53,Lê Thanh Giang,HK1,2025-2026
KHTN_HP0118,KHTN,PHYS217,Giải tích 1,3,64,Huỳnh Hải Nghĩa,HK1,2025-2026
KHTN_HP0119,KHTN,CHEM218,Giải tích 2,3,76,Vũ Ngọc Thắng,HK1,2025-2026
KHTN_HP0120,KHTN,BIO219,Đại số tuyến tính,4,49,Nguyễn Kim Vũ,HK1,2025-2026
KHTN_HP0121,KHTN,MATH220,Vật lý đại cương 1,3,64,Lê Kim Cường,HK1,2025-2026
KHTN_HP0122,KHTN,PHYS221,Vật lý lượng tử,4,54,Phan Minh Nam,HK1,2025-2026
KHTN_HP0123,KHTN,CHEM222,Hóa vô cơ căn bản,3,37,Hồ Xuân Dũng,HK1,2025-2026
KHTN_HP0124,KHTN,BIO223,Hóa phân tích,3,67,Bùi Đức Dũng,HK1,2025-2026
KHTN_HP0125,KHTN,MATH224,Xác suất và thống kê,4,43,Phạm Xuân Mai,HK1,2025-2026
KHTN_HP0126,KHTN,PHYS225,Hóa học hữu cơ,4,75,Ngô Xuân Huy,HK1,2025-2026
KHTN_HP0127,KHTN,CHEM226,Giải tích 1,4,50,Đỗ Trọng Cường,HK1,2025-2026
KHTN_HP0128,KHTN,BIO227,Giải tích 2,4,67,Trần Anh Hùng,HK1,2025-2026
KHTN_HP0129,KHTN,MATH228,Đại số tuyến tính,4,55,Hoàng Thị Cường,HK1,2025-2026
KHTN_HP0130,KHTN,PHYS229,Vật lý đại cương 1,3,40,Bùi Hải Hoàng,HK1,2025-2026
KHTN_HP0131,KHTN,CHEM230,Vật lý lượng tử,4,49,Đỗ Thị Hiếu,HK1,2025-2026
KHTN_HP0132,KHTN,BIO231,Hóa vô cơ căn bản,2,40,Đặng Kim Nghĩa,HK1,2025-2026
KHTN_HP0133,KHTN,MATH232,Hóa phân tích,3,52,Đặng Ngọc Thảo,HK1,2025-2026
KHTN_HP0134,KHTN,PHYS233,Xác suất và thống kê,3,37,Lê Bảo Trung,HK1,2025-2026
KHTN_HP0135,KHTN,CHEM234,Hóa học hữu cơ,4,67,Hồ Hải Tuấn,HK1,2025-2026
KHTN_HP0136,KHTN,BIO235,Giải tích 1,2,57,Lê Xuân Thảo,HK1,2025-2026
KHTN_HP0137,KHTN,MATH236,Giải tích 2,2,63,Ngô Anh Sơn,HK1,2025-2026
KHTN_HP0138,KHTN,PHYS237,Đại số tuyến tính,3,44,Đỗ Hải Trung,HK1,2025-2026
KHTN_HP0139,KHTN,CHEM238,Vật lý đại cương 1,3,57,Võ Minh An,HK1,2025-2026
KHTN_HP0140,KHTN,BIO239,Vật lý lượng tử,4,75,Trần Đức Vinh,HK1,2025-2026
KHTN_HP0141,KHTN,MATH240,Hóa vô cơ căn bản,4,68,Đặng Anh Huy,HK1,2025-2026
KHTN_HP0142,KHTN,PHYS241,Hóa phân tích,2,52,Ngô Thị Long,HK1,2025-2026
KHTN_HP0143,KHTN,CHEM242,Xác suất và thống kê,2,75,Ngô Thị Tùng,HK1,2025-2026
KHTN_HP0144,KHTN,BIO243,Hóa học hữu cơ,4,52,Phạm Quốc Bình,HK1,2025-2026
KHTN_HP0145,KHTN,MATH244,Giải tích 1,3,68,Hoàng Anh Thảo,HK1,2025-2026
KHTN_HP0146,KHTN,PHYS245,Giải tích 2,3,65,Lê Quốc Quân,HK1,2025-2026
KHTN_HP0147,KHTN,CHEM246,Đại số tuyến tính,4,43,Hoàng Minh Tâm,HK1,2025-2026
KHTN_HP0148,KHTN,BIO247,Vật lý đại cương 1,3,38,Phạm Thị Hà,HK1,2025-2026
KHTN_HP0149,KHTN,MATH248,Vật lý lượng tử,2,77,Hoàng Xuân Vinh,HK1,2025-2026
KHTN_HP0150,KHTN,PHYS249,Hóa vô cơ căn bản,4,65,Bùi Anh Hải,HK1,2025-2026
KHTN_HP0151,KHTN,CHEM250,Hóa phân tích,2,38,Phạm Hữu Vinh,HK1,2025-2026
KHTN_HP0152,KHTN,BIO251,Xác suất và thống kê,3,76,Phạm Thị Hải,HK1,2025-2026
KHTN_HP0153,KHTN,MATH252,Hóa học hữu cơ,3,76,Lê Xuân Nghĩa,HK1,2025-2026
KHTN_HP0154,KHTN,PHYS253,Giải tích 1,4,39,Vũ Ngọc Phúc,HK1,2025-2026
KHTN_HP0155,KHTN,CHEM254,Giải tích 2,2,79,Vũ Thanh Mai,HK1,2025-2026
KHTN_HP0156,KHTN,BIO255,Đại số tuyến tính,3,46,Phan Thị Nghĩa,HK1,2025-2026
KHTN_HP0157,KHTN,MATH256,Vật lý đại cương 1,3,66,Phạm Quốc Quân,HK1,2025-2026
KHTN_HP0158,KHTN,PHYS257,Vật lý lượng tử,3,43,Nguyễn Quốc Hà,HK1,2025-2026
KHTN_HP0159,KHTN,CHEM258,Hóa vô cơ căn bản,4,41,Hồ Đức Phong,HK1,2025-2026
KHTN_HP0160,KHTN,BIO259,Hóa phân tích,3,48,Vũ Hữu Long,HK1,2025-2026
KHTN_HP0161,KHTN,MATH260,Xác suất và thống kê,3,78,Bùi Kim Tùng,HK1,2025-2026
KHTN_HP0162,KHTN,PHYS261,Hóa học hữu cơ,4,60,Lý Kim An,HK1,2025-2026
KHTN_HP0163,KHTN,CHEM262,Giải tích 1,3,60,Phan Hải Khoa,HK1,2025-2026
KHTN_HP0164,KHTN,BIO263,Giải tích 2,3,35,Phan Bảo Hà,HK1,2025-2026
KHTN_HP0165,KHTN,MATH264,Đại số tuyến tính,2,44,Trần Hữu Phong,HK1,2025-2026
KHTN_HP0166,KHTN,PHYS265,Vật lý đại cương 1,2,46,Lý Thanh Thắng,HK1,2025-2026
KHTN_HP0167,KHTN,CHEM266,Vật lý lượng tử,4,61,Vũ Hải Linh,HK1,2025-2026
KHTN_HP0168,KHTN,BIO267,Hóa vô cơ căn bản,3,38,Lê Hữu Hùng,HK1,2025-2026
KHTN_HP0169,KHTN,MATH268,Hóa phân tích,4,72,Trần Ngọc Hoàng,HK1,2025-2026
KHTN_HP0170,KHTN,PHYS269,Xác suất và thống kê,4,78,Vũ Bảo Nghĩa,HK1,2025-2026
KHTN_HP0171,KHTN,CHEM270,Hóa học hữu cơ,3,50,Hoàng Hải Thắng,HK1,2025-2026
KHTN_HP0172,KHTN,BIO271,Giải tích 1,2,71,Hoàng Minh Cường,HK1,2025-2026
KHTN_HP0173,KHTN,MATH272,Giải tích 2,3,36,Ngô Hải Trung,HK1,2025-2026
KHTN_HP0174,KHTN,PHYS273,Đại số tuyến tính,4,62,Hoàng Đức Hoàng,HK1,2025-2026
KHTN_HP0175,KHTN,CHEM274,Vật lý đại cương 1,4,63,Phan Kim Quân,HK1,2025-2026
KHTN_HP0176,KHTN,BIO275,Vật lý lượng tử,3,43,Hồ Hải Tâm,HK1,2025-2026
KHTN_HP0177,KHTN,MATH276,Hóa vô cơ căn bản,3,45,Phan Minh Phúc,HK1,2025-2026
KHTN_HP0178,KHTN,PHYS277,Hóa phân tích,2,74,Lê Xuân Mai,HK1,2025-2026
KHTN_HP0179,KHTN,CHEM278,Xác suất và thống kê,3,38,Phan Trọng Linh,HK1,2025-2026
KHTN_HP0180,KHTN,BIO279,Hóa học hữu cơ,4,46,Hoàng Quốc Trang,HK1,2025-2026
KHTN_HP0181,KHTN,MATH280,Giải tích 1,3,54,Hoàng Bảo Phúc,HK1,2025-2026
KHTN_HP0182,KHTN,PHYS281,Giải tích 2,4,50,Ngô Văn Tâm,HK1,2025-2026
KHTN_HP0183,KHTN,CHEM282,Đại số tuyến tính,3,76,Hồ Kim Trung,HK1,2025-2026
KHTN_HP0184,KHTN,BIO283,Vật lý đại cương 1,3,74,Đỗ Bảo Vũ,HK1,2025-2026
KHTN_HP0185,KHTN,MATH284,Vật lý lượng tử,4,56,Phan Đức Linh,HK1,2025-2026
KHTN_HP0186,KHTN,PHYS285,Hóa vô cơ căn bản,2,38,Vũ Hữu Hiếu,HK1,2025-2026
KHTN_HP0187,KHTN,CHEM286,Hóa phân tích,2,71,Phan Thanh Tâm,HK1,2025-2026
KHTN_HP0188,KHTN,BIO287,Xác suất và thống kê,3,74,Đặng Anh Khoa,HK1,2025-2026
KHTN_HP0189,KHTN,MATH288,Hóa học hữu cơ,3,37,Hoàng Hải Tâm,HK1,2025-2026
KHTN_HP0190,KHTN,PHYS289,Giải tích 1,2,52,Dương Xuân Hiếu,HK1,2025-2026
KHTN_HP0191,KHTN,CHEM290,Giải tích 2,3,70,Hồ Hữu Cường,HK1,2025-2026
KHTN_HP0192,KHTN,BIO291,Đại số tuyến tính,4,57,Vũ Xuân Thảo,HK1,2025-2026
KHTN_HP0193,KHTN,MATH292,Vật lý đại cương 1,4,35,Lý Đức Sơn,HK1,2025-2026
KHTN_HP0194,KHTN,PHYS293,Vật lý lượng tử,2,60,Huỳnh Xuân Hoàng,HK1,2025-2026
KHTN_HP0195,KHTN,CHEM294,Hóa vô cơ căn bản,3,61,Phan Hải An,HK1,2025-2026
KHTN_HP0196,KHTN,BIO295,Hóa phân tích,2,53,Đặng Thanh Giang,HK1,2025-2026
KHTN_HP0197,KHTN,MATH296,Xác suất và thống kê,4,61,Phạm Đức Hiếu,HK1,2025-2026
KHTN_HP0198,KHTN,PHYS297,Hóa học hữu cơ,3,43,Hồ Văn An,HK1,2025-2026
KHTN_HP0199,KHTN,CHEM298,Giải tích 1,3,44,Hoàng Kim Hà,HK1,2025-2026
KHTN_HP0200,KHTN,BIO299,Giải tích 2,3,50,Phan Hữu Thắng,HK1,2025-2026
KHTN_HP0201,KHTN,MATH300,Đại số tuyến tính,3,50,Phan Quốc Quân,HK1,2025-2026
KHTN_HP0202,KHTN,PHYS301,Vật lý đại cương 1,2,62,Phan Kim Hoàng,HK1,2025-2026
KHTN_HP0203,KHTN,CHEM302,Vật lý lượng tử,4,46,Vũ Thanh Tùng,HK1,2025-2026
KHTN_HP0204,KHTN,BIO303,Hóa vô cơ căn bản,3,71,Vũ Hải Cường,HK1,2025-2026
KHTN_HP0205,KHTN,MATH304,Hóa phân tích,2,79,Lê Xuân Huy,HK1,2025-2026
KHTN_HP0206,KHTN,PHYS305,Xác suất và thống kê,4,48,Ngô Kim Hùng,HK1,2025-2026
KHTN_HP0207,KHTN,CHEM306,Hóa học hữu cơ,4,51,Đặng Ngọc Huy,HK1,2025-2026
KHTN_HP0208,KHTN,BIO307,Giải tích 1,2,64,Phạm Thị Phúc,HK1,2025-2026
KHTN_HP0209,KHTN,MATH308,Giải tích 2,3,51,Trần Văn Quân,HK1,2025-2026
KHTN_HP0210,KHTN,PHYS309,Đại số tuyến tính,3,57,Trần Đức Bình,HK1,2025-2026
KHTN_HP0211,KHTN,CHEM310,Vật lý đại cương 1,4,62,Lý Trọng Huy,HK1,2025-2026
KHTN_HP0212,KHTN,BIO311,Vật lý lượng tử,4,68,Lý Hải Tâm,HK1,2025-2026
KHTN_HP0213,KHTN,MATH312,Hóa vô cơ căn bản,2,68,Ngô Kim Bình,HK1,2025-2026
KHTN_HP0214,KHTN,PHYS313,Hóa phân tích,2,68,Lý Ngọc Hải,HK1,2025-2026
KHTN_HP0215,KHTN,CHEM314,Xác suất và thống kê,4,42,Phạm Ngọc Thắng,HK1,2025-2026
KHTN_HP0216,KHTN,BIO315,Hóa học hữu cơ,2,79,Nguyễn Thị Hùng,HK1,2025-2026
KHTN_HP0217,KHTN,MATH316,Giải tích 1,3,62,Vũ Minh Tùng,HK1,2025-2026
KHTN_HP0218,KHTN,PHYS317,Giải tích 2,3,62,Hồ Bảo Nam,HK1,2025-2026
KHTN_HP0219,KHTN,CHEM318,Đại số tuyến tính,3,46,Dương Trọng Vinh,HK1,2025-2026
KHTN_HP0220,KHTN,BIO319,Vật lý đại cương 1,3,35,Võ Đức Tuấn,HK1,2025-2026
KHTN_HP0221,KHTN,MATH320,Vật lý lượng tử,4,46,Phan Anh Phúc,HK1,2025-2026
KHTN_HP0222,KHTN,PHYS321,Hóa vô cơ căn bản,3,67,Đỗ Hữu An,HK1,2025-2026
KHTN_HP0223,KHTN,CHEM322,Hóa phân tích,2,37,Phan Bảo Huy,HK1,2025-2026
KHTN_HP0224,KHTN,BIO323,Xác suất và thống kê,3,40,Dương Bảo Thảo,HK1,2025-2026
KHTN_HP0225,KHTN,MATH324,Hóa học hữu cơ,3,45,Dương Quốc Khoa,HK1,2025-2026
KHTN_HP0226,KHTN,PHYS325,Giải tích 1,3,76,Hoàng Anh Trung,HK1,2025-2026
KHTN_HP0227,KHTN,CHEM326,Giải tích 2,2,56,Lý Anh Hoàng,HK1,2025-2026
KHTN_HP0228,KHTN,BIO327,Đại số tuyến tính,2,50,Đỗ Ngọc Cường,HK1,2025-2026
KHTN_HP0229,KHTN,MATH328,Vật lý đại cương 1,4,36,Hoàng Đức Thảo,HK1,2025-2026
KHTN_HP0230,KHTN,PHYS329,Vật lý lượng tử,3,50,Đỗ Minh Nghĩa,HK1,2025-2026
KHTN_HP0231,KHTN,CHEM330,Hóa vô cơ căn bản,2,56,Phan Thanh Hải,HK1,2025-2026
KHTN_HP0232,KHTN,BIO331,Hóa phân tích,3,63,Đặng Kim Tuấn,HK1,2025-2026
KHTN_HP0233,KHTN,MATH332,Xác suất và thống kê,3,46,Lê Trọng Hà,HK1,2025-2026
KHTN_HP0234,KHTN,PHYS333,Hóa học hữu cơ,3,52,Phạm Thị Trang,HK1,2025-2026
KHTN_HP0235,KHTN,CHEM334,Giải tích 1,3,42,Dương Ngọc Trang,HK1,2025-2026
KHTN_HP0236,KHTN,BIO335,Giải tích 2,4,74,Dương Anh Giang,HK1,2025-2026
KHTN_HP0237,KHTN,MATH336,Đại số tuyến tính,3,61,Hoàng Hữu Nghĩa,HK1,2025-2026
KHTN_HP0238,KHTN,PHYS337,Vật lý đại cương 1,3,39,Hồ Văn Trang,HK1,2025-2026
KHTN_HP0239,KHTN,CHEM338,Vật lý lượng tử,3,80,Hoàng Kim Giang,HK1,2025-2026
KHTN_HP0240,KHTN,BIO339,Hóa vô cơ căn bản,3,76,Phan Ngọc Hà,HK1,2025-2026
KHTN_HP0241,KHTN,MATH340,Hóa phân tích,3,52,Trần Thị Giang,HK1,2025-2026
KHTN_HP0242,KHTN,PHYS341,Xác suất và thống kê,3,62,Huỳnh Trọng Bình,HK1,2025-2026
KHTN_HP0243,KHTN,CHEM342,Hóa học hữu cơ,4,80,Lý Xuân Hà,HK1,2025-2026
KHTN_HP0244,KHTN,BIO343,Giải tích 1,2,71,Hoàng Xuân Hà,HK1,2025-2026
KHTN_HP0245,KHTN,MATH344,Giải tích 2,3,66,Nguyễn Kim An,HK1,2025-2026
KHTN_HP0246,KHTN,PHYS345,Đại số tuyến tính,3,63,Võ Hữu Long,HK1,2025-2026
KHTN_HP0247,KHTN,CHEM346,Vật lý đại cương 1,3,64,Phan Bảo Hải,HK1,2025-2026
KHTN_HP0248,KHTN,BIO347,Vật lý lượng tử,2,39,Ngô Ngọc Mai,HK1,2025-2026
KHTN_HP0249,KHTN,MATH348,Hóa vô cơ căn bản,3,66,Vũ Ngọc Hoàng,HK1,2025-2026
KHTN_HP0250,KHTN,PHYS349,Hóa phân tích,4,71,Dương Hải Trung,HK1,2025-2026
KHTN_HP0251,KHTN,CHEM350,Xác suất và thống kê,3,74,Huỳnh Anh Tâm,HK1,2025-2026
KHTN_HP0252,KHTN,BIO351,Hóa học hữu cơ,3,77,Dương Văn Tâm,HK1,2025-2026
KHTN_HP0253,KHTN,MATH352,Giải tích 1,2,70,Ngô Hữu Tùng,HK1,2025-2026
KHTN_HP0254,KHTN,PHYS353,Giải tích 2,4,59,Đỗ Ngọc Dũng,HK1,2025-2026
KHTN_HP0255,KHTN,CHEM354,Đại số tuyến tính,3,71,Lê Ngọc Trung,HK1,2025-2026
KHTN_HP0256,KHTN,BIO355,Vật lý đại cương 1,3,54,Lý Kim Long,HK1,2025-2026
KHTN_HP0257,KHTN,MATH356,Vật lý lượng tử,2,73,Trần Kim Giang,HK1,2025-2026
KHTN_HP0258,KHTN,PHYS357,Hóa vô cơ căn bản,4,69,Hoàng Hải Hải,HK1,2025-2026
KHTN_HP0259,KHTN,CHEM358,Hóa phân tích,2,46,Đỗ Anh Bình,HK1,2025-2026
KHTN_HP0260,KHTN,BIO359,Xác suất và thống kê,4,73,Võ Thị Khoa,HK1,2025-2026
KHTN_HP0261,KHTN,MATH360,Hóa học hữu cơ,4,59,Hoàng Xuân Phong,HK1,2025-2026
KHTN_HP0262,KHTN,PHYS361,Giải tích 1,3,67,Phan Kim Vinh,HK1,2025-2026
KHTN_HP0263,KHTN,CHEM362,Giải tích 2,3,38,Huỳnh Ngọc Phúc,HK1,2025-2026
KHTN_HP0264,KHTN,BIO363,Đại số tuyến tính,3,61,Phạm Ngọc Hùng,HK1,2025-2026
KHTN_HP0265,KHTN,MATH364,Vật lý đại cương 1,3,61,Võ Quốc Tuấn,HK1,2025-2026
KHTN_HP0266,KHTN,PHYS365,Vật lý lượng tử,3,37,Lê Hữu Cường,HK1,2025-2026
KHTN_HP0267,KHTN,CHEM366,Hóa vô cơ căn bản,4,80,Phan Hữu Cường,HK1,2025-2026
KHTN_HP0268,KHTN,BIO367,Hóa phân tích,4,78,Dương Anh Sơn,HK1,2025-2026
KHTN_HP0269,KHTN,MATH368,Xác suất và thống kê,3,50,Vũ Quốc Thắng,HK1,2025-2026
KHTN_HP0270,KHTN,PHYS369,Hóa học hữu cơ,4,54,Dương Hải Linh,HK1,2025-2026
KHTN_HP0271,KHTN,CHEM370,Giải tích 1,4,43,Đặng Đức Bình,HK1,2025-2026
KHTN_HP0272,KHTN,BIO371,Giải tích 2,2,52,Bùi Anh Khoa,HK1,2025-2026
KHTN_HP0273,KHTN,MATH372,Đại số tuyến tính,4,78,Lý Kim Nam,HK1,2025-2026
KHTN_HP0274,KHTN,PHYS373,Vật lý đại cương 1,4,54,Vũ Văn Tùng,HK1,2025-2026
KHTN_HP0275,KHTN,CHEM374,Vật lý lượng tử,4,79,Lý Anh Hùng,HK1,2025-2026
KHTN_HP0276,KHTN,BIO375,Hóa vô cơ căn bản,3,51,Phan Anh Thắng,HK1,2025-2026
KHTN_HP0277,KHTN,MATH376,Hóa phân tích,3,64,Phạm Xuân Linh,HK1,2025-2026
KHTN_HP0278,KHTN,PHYS377,Xác suất và thống kê,3,62,Trần Anh Hoàng,HK1,2025-2026
KHTN_HP0279,KHTN,CHEM378,Hóa học hữu cơ,4,71,Vũ Thanh Phong,HK1,2025-2026
KHTN_HP0280,KHTN,BIO379,Giải tích 1,3,36,Hoàng Minh Tùng,HK1,2025-2026
KHTN_HP0281,KHTN,MATH380,Giải tích 2,3,57,Ngô Minh Hà,HK1,2025-2026
KHTN_HP0282,KHTN,PHYS381,Đại số tuyến tính,3,77,Hồ Ngọc Thắng,HK1,2025-2026
KHTN_HP0283,KHTN,CHEM382,Vật lý đại cương 1,3,76,Nguyễn Bảo Khoa,HK1,2025-2026
KHTN_HP0284,KHTN,BIO383,Vật lý lượng tử,4,67,Phan Xuân Tùng,HK1,2025-2026
KHTN_HP0285,KHTN,MATH384,Hóa vô cơ căn bản,3,66,Hồ Quốc Hiếu,HK1,2025-2026
KHTN_HP0286,KHTN,PHYS385,Hóa phân tích,3,65,Huỳnh Thị Hùng,HK1,2025-2026
KHTN_HP0287,KHTN,CHEM386,Xác suất và thống kê,2,57,Nguyễn Thanh Khoa,HK1,2025-2026
KHTN_HP0288,KHTN,BIO387,Hóa học hữu cơ,2,70,Phan Hữu Quân,HK1,2025-2026
KHTN_HP0289,KHTN,MATH388,Giải tích 1,4,75,Dương Thị Nam,HK1,2025-2026
KHTN_HP0290,KHTN,PHYS389,Giải tích 2,3,43,Nguyễn Bảo Long,HK1,2025-2026
KHTN_HP0291,KHTN,CHEM390,Đại số tuyến tính,3,40,Vũ Hải Tuấn,HK1,2025-2026
KHTN_HP0292,KHTN,BIO391,Vật lý đại cương 1,3,54,Võ Thị Trung,HK1,2025-2026
KHTN_HP0293,KHTN,MATH392,Vật lý lượng tử,3,43,Hồ Xuân Phúc,HK1,2025-2026
KHTN_HP0294,KHTN,PHYS393,Hóa vô cơ căn bản,3,72,Dương Văn Hùng,HK1,2025-2026
KHTN_HP0295,KHTN,CHEM394,Hóa phân tích,3,44,Phạm Quốc Long,HK1,2025-2026
KHTN_HP0296,KHTN,BIO395,Xác suất và thống kê,2,54,Dương Ngọc Mai,HK1,2025-2026
KHTN_HP0297,KHTN,MATH396,Hóa học hữu cơ,3,77,Lý Kim Hải,HK1,2025-2026
KHTN_HP0298,KHTN,PHYS397,Giải tích 1,4,56,Phạm Ngọc Cường,HK1,2025-2026
KHTN_HP0299,KHTN,CHEM398,Giải tích 2,3,48,Phạm Bảo Linh,HK1,2025-2026
KHTN_HP0300,KHTN,BIO399,Đại số tuyến tính,3,71,Ngô Hải Nam,HK1,2025-2026
KHTN_HP0301,KHTN,MATH400,Vật lý đại cương 1,4,52,Bùi Ngọc Tâm,HK1,2025-2026
KHTN_HP0302,KHTN,PHYS401,Vật lý lượng tử,2,40,Võ Ngọc Dũng,HK1,2025-2026
KHTN_HP0303,KHTN,CHEM402,Hóa vô cơ căn bản,3,49,Hoàng Văn Dũng,HK1,2025-2026
KHTN_HP0304,KHTN,BIO403,Hóa phân tích,2,63,Huỳnh Minh Nam,HK1,2025-2026
KHTN_HP0305,KHTN,MATH404,Xác suất và thống kê,2,60,Dương Hải Nam,HK1,2025-2026
KHTN_HP0306,KHTN,PHYS405,Hóa học hữu cơ,3,51,Phan Bảo Phong,HK1,2025-2026
KHTN_HP0307,KHTN,CHEM406,Giải tích 1,2,79,Dương Thị Giang,HK1,2025-2026
KHTN_HP0308,KHTN,BIO407,Giải tích 2,2,61,Võ Bảo Khoa,HK1,2025-2026
KHTN_HP0309,KHTN,MATH408,Đại số tuyến tính,4,44,Nguyễn Minh Tâm,HK1,2025-2026
KHTN_HP0310,KHTN,PHYS409,Vật lý đại cương 1,2,79,Phạm Minh Vinh,HK1,2025-2026
KHTN_HP0311,KHTN,CHEM410,Vật lý lượng tử,3,49,Lý Ngọc Dũng,HK1,2025-2026
KHTN_HP0312,KHTN,BIO411,Hóa vô cơ căn bản,2,63,Huỳnh Hữu Tuấn,HK1,2025-2026
KHTN_HP0313,KHTN,MATH412,Hóa phân tích,2,52,Lý Anh Bình,HK1,2025-2026
KHTN_HP0314,KHTN,PHYS413,Xác suất và thống kê,2,48,Lý Văn Thảo,HK1,2025-2026
KHTN_HP0315,KHTN,CHEM414,Hóa học hữu cơ,3,67,Phạm Hải Phong,HK1,2025-2026
KHTN_HP0316,KHTN,BIO415,Giải tích 1,3,77,Dương Anh Quân,HK1,2025-2026
KHTN_HP0317,KHTN,MATH416,Giải tích 2,2,76,Đỗ Trọng Phúc,HK1,2025-2026
KHTN_HP0318,KHTN,PHYS417,Đại số tuyến tính,4,54,Võ Ngọc Quân,HK1,2025-2026
KHTN_HP0319,KHTN,CHEM418,Vật lý đại cương 1,4,63,Trần Thị Nam,HK1,2025-2026
KHTN_HP0320,KHTN,BIO419,Vật lý lượng tử,4,55,Hoàng Thị Long,HK1,2025-2026
KHTN_HP0321,KHTN,MATH420,Hóa vô cơ căn bản,3,61,Trần Bảo Quân,HK1,2025-2026
KHTN_HP0322,KHTN,PHYS421,Hóa phân tích,3,57,Lý Xuân Phong,HK1,2025-2026
KHTN_HP0323,KHTN,CHEM422,Xác suất và thống kê,3,69,Hồ Ngọc Hà,HK1,2025-2026
KHTN_HP0324,KHTN,BIO423,Hóa học hữu cơ,4,66,Vũ Thị Quân,HK1,2025-2026
KHTN_HP0325,KHTN,MATH424,Giải tích 1,2,46,Đặng Kim Trang,HK1,2025-2026
KHTN_HP0326,KHTN,PHYS425,Giải tích 2,3,35,Phạm Đức Linh,HK1,2025-2026
KHTN_HP0327,KHTN,CHEM426,Đại số tuyến tính,3,62,Võ Hải Linh,HK1,2025-2026
KHTN_HP0328,KHTN,BIO427,Vật lý đại cương 1,3,46,Võ Minh Tâm,HK1,2025-2026
KHTN_HP0329,KHTN,MATH428,Vật lý lượng tử,4,59,Võ Xuân Nam,HK1,2025-2026
KHTN_HP0330,KHTN,PHYS429,Hóa vô cơ căn bản,3,44,Bùi Ngọc Hiếu,HK1,2025-2026
KHTN_HP0331,KHTN,CHEM430,Hóa phân tích,4,78,Phạm Minh Hoàng,HK1,2025-2026
KHTN_HP0332,KHTN,BIO431,Xác suất và thống kê,3,74,Vũ Thị Vinh,HK1,2025-2026
KHTN_HP0333,KHTN,MATH432,Hóa học hữu cơ,4,60,Nguyễn Hải Thảo,HK1,2025-2026
KHTN_HP0334,KHTN,PHYS433,Giải tích 1,3,53,Hoàng Quốc Huy,HK1,2025-2026
KHTN_HP0335,KHTN,CHEM434,Giải tích 2,4,80,Lê Xuân Sơn,HK1,2025-2026
KHTN_HP0336,KHTN,BIO435,Đại số tuyến tính,2,80,Nguyễn Minh Tùng,HK1,2025-2026
KHTN_HP0337,KHTN,MATH436,Vật lý đại cương 1,3,72,Ngô Bảo Giang,HK1,2025-2026
KHTN_HP0338,KHTN,PHYS437,Vật lý lượng tử,4,53,Lê Hữu Hà,HK1,2025-2026
KHTN_HP0339,KHTN,CHEM438,Hóa vô cơ căn bản,3,69,Lê Đức Dũng,HK1,2025-2026
KHTN_HP0340,KHTN,BIO439,Hóa phân tích,2,78,Hoàng Ngọc Thắng,HK1,2025-2026
KHTN_HP0341,KHTN,MATH440,Xác suất và thống kê,3,73,Vũ Kim Vinh,HK1,2025-2026
KHTN_HP0342,KHTN,PHYS441,Hóa học hữu cơ,4,40,Huỳnh Hữu Mai,HK1,2025-2026
KHTN_HP0343,KHTN,CHEM442,Giải tích 1,2,66,Ngô Thanh Hoàng,HK1,2025-2026
KHTN_HP0344,KHTN,BIO443,Giải tích 2,3,67,Bùi Văn Dũng,HK1,2025-2026
KHTN_HP0345,KHTN,MATH444,Đại số tuyến tính,2,52,Đặng Thị Tâm,HK1,2025-2026
KHTN_HP0346,KHTN,PHYS445,Vật lý đại cương 1,3,60,Huỳnh Trọng Tâm,HK1,2025-2026
KHTN_HP0347,KHTN,CHEM446,Vật lý lượng tử,3,37,Võ Đức Long,HK1,2025-2026
KHTN_HP0348,KHTN,BIO447,Hóa vô cơ căn bản,3,54,Dương Ngọc Hoàng,HK1,2025-2026
KHTN_HP0349,KHTN,MATH448,Hóa phân tích,3,58,Bùi Minh Linh,HK1,2025-2026
KHTN_HP0350,KHTN,PHYS449,Xác suất và thống kê,3,73,Lê Đức Nghĩa,HK1,2025-2026
KHTN_HP0351,KHTN,CHEM450,Hóa học hữu cơ,2,73,Đặng Hữu Giang,HK1,2025-2026
KHTN_HP0352,KHTN,BIO451,Giải tích 1,4,39,Phan Hải Dũng,HK1,2025-2026
KHTN_HP0353,KHTN,MATH452,Giải tích 2,3,67,Phan Quốc Huy,HK1,2025-2026
KHTN_HP0354,KHTN,PHYS453,Đại số tuyến tính,3,47,Nguyễn Bảo Hoàng,HK1,2025-2026
KHTN_HP0355,KHTN,CHEM454,Vật lý đại cương 1,3,35,Lý Quốc Linh,HK1,2025-2026
KHTN_HP0356,KHTN,BIO455,Vật lý lượng tử,3,43,Dương Trọng Hùng,HK1,2025-2026
KHTN_HP0357,KHTN,MATH456,Hóa vô cơ căn bản,2,50,Ngô Quốc Vũ,HK1,2025-2026
KHTN_HP0358,KHTN,PHYS457,Hóa phân tích,2,52,Dương Đức Vũ,HK1,2025-2026
KHTN_HP0359,KHTN,CHEM458,Xác suất và thống kê,3,64,Lý Đức An,HK1,2025-2026
KHTN_HP0360,KHTN,BIO459,Hóa học hữu cơ,4,57,Hoàng Bảo Nghĩa,HK1,2025-2026
KHTN_HP0361,KHTN,MATH460,Giải tích 1,4,51,Phan Bảo Bình,HK1,2025-2026
KHTN_HP0362,KHTN,PHYS461,Giải tích 2,4,57,Vũ Trọng Vũ,HK1,2025-2026
KHTN_HP0363,KHTN,CHEM462,Đại số tuyến tính,2,65,Lê Anh Thảo,HK1,2025-2026
KHTN_HP0364,KHTN,BIO463,Vật lý đại cương 1,2,45,Vũ Anh Phong,HK1,2025-2026
KHTN_HP0365,KHTN,MATH464,Vật lý lượng tử,3,60,Nguyễn Kim Quân,HK1,2025-2026
KHTN_HP0366,KHTN,PHYS465,Hóa vô cơ căn bản,3,63,Bùi Quốc Cường,HK1,2025-2026
KHTN_HP0367,KHTN,CHEM466,Hóa phân tích,3,40,Lý Hải Phúc,HK1,2025-2026
KHTN_HP0368,KHTN,BIO467,Xác suất và thống kê,4,59,Hồ Minh Huy,HK1,2025-2026
KHTN_HP0369,KHTN,MATH468,Hóa học hữu cơ,3,77,Huỳnh Đức Nghĩa,HK1,2025-2026
KHTN_HP0370,KHTN,PHYS469,Giải tích 1,4,78,Dương Đức Hải,HK1,2025-2026
KHTN_HP0371,KHTN,CHEM470,Giải tích 2,2,44,Trần Trọng Dũng,HK1,2025-2026
KHTN_HP0372,KHTN,BIO471,Đại số tuyến tính,2,61,Bùi Thị Huy,HK1,2025-2026
KHTN_HP0373,KHTN,MATH472,Vật lý đại cương 1,4,52,Lê Hải Tuấn,HK1,2025-2026
KHTN_HP0374,KHTN,PHYS473,Vật lý lượng tử,4,49,Ngô Ngọc Cường,HK1,2025-2026
KHTN_HP0375,KHTN,CHEM474,Hóa vô cơ căn bản,3,65,Nguyễn Minh Tâm,HK1,2025-2026
KHTN_HP0376,KHTN,BIO475,Hóa phân tích,2,77,Đỗ Xuân Hoàng,HK1,2025-2026
KHTN_HP0377,KHTN,MATH476,Xác suất và thống kê,3,37,Phan Ngọc Khoa,HK1,2025-2026
KHTN_HP0378,KHTN,PHYS477,Hóa học hữu cơ,3,57,Hoàng Văn Long,HK1,2025-2026
KHTN_HP0379,KHTN,CHEM478,Giải tích 1,3,39,Dương Xuân Nghĩa,HK1,2025-2026
KHTN_HP0380,KHTN,BIO479,Giải tích 2,3,61,Võ Hữu Hải,HK1,2025-2026
KHTN_HP0381,KHTN,MATH480,Đại số tuyến tính,3,54,Bùi Xuân Tùng,HK1,2025-2026
KHTN_HP0382,KHTN,PHYS481,Vật lý đại cương 1,4,68,Bùi Xuân Tuấn,HK1,2025-2026
KHTN_HP0383,KHTN,CHEM482,Vật lý lượng tử,3,41,Bùi Kim Hùng,HK1,2025-2026
KHTN_HP0384,KHTN,BIO483,Hóa vô cơ căn bản,4,40,Huỳnh Thị Linh,HK1,2025-2026
KHTN_HP0385,KHTN,MATH484,Hóa phân tích,3,54,Hoàng Bảo Hà,HK1,2025-2026
KHTN_HP0386,KHTN,PHYS485,Xác suất và thống kê,3,57,Trần Hữu Hải,HK1,2025-2026
KHTN_HP0387,KHTN,CHEM486,Hóa học hữu cơ,3,41,Dương Hải Tâm,HK1,2025-2026
KHTN_HP0388,KHTN,BIO487,Giải tích 1,3,59,Ngô Thị Tùng,HK1,2025-2026
KHTN_HP0389,KHTN,MATH488,Giải tích 2,4,69,Đặng Hải Mai,HK1,2025-2026
KHTN_HP0390,KHTN,PHYS489,Đại số tuyến tính,3,48,Vũ Quốc Hiếu,HK1,2025-2026
KHTN_HP0391,KHTN,CHEM490,Vật lý đại cương 1,2,78,Huỳnh Bảo Thảo,HK1,2025-2026
KHTN_HP0392,KHTN,BIO491,Vật lý lượng tử,3,75,Nguyễn Xuân Vinh,HK1,2025-2026
KHTN_HP0393,KHTN,MATH492,Hóa vô cơ căn bản,2,36,Võ Anh Dũng,HK1,2025-2026
KHTN_HP0394,KHTN,PHYS493,Hóa phân tích,4,71,Hoàng Bảo Tùng,HK1,2025-2026
KHTN_HP0395,KHTN,CHEM494,Xác suất và thống kê,4,39,Trần Anh Nam,HK1,2025-2026
KHTN_HP0396,KHTN,BIO495,Hóa học hữu cơ,4,39,Phan Quốc Vinh,HK1,2025-2026
KHTN_HP0397,KHTN,MATH496,Giải tích 1,2,52,Đỗ Bảo Trang,HK1,2025-2026
KHTN_HP0398,KHTN,PHYS497,Giải tích 2,4,76,Nguyễn Minh Linh,HK1,2025-2026
KHTN_HP0399,KHTN,CHEM498,Đại số tuyến tính,3,76,Phạm Minh Tùng,HK1,2025-2026
KHTN_HP0400,KHTN,BIO499,Vật lý đại cương 1,4,73,Đỗ Đức Tâm,HK1,2025-2026
KHTN_HP0401,KHTN,MATH500,Vật lý lượng tử,3,43,Phạm Hải Hải,HK1,2025-2026
KHTN_HP0402,KHTN,PHYS501,Hóa vô cơ căn bản,3,80,Hồ Đức Hà,HK1,2025-2026
KHTN_HP0403,KHTN,CHEM502,Hóa phân tích,3,59,Hoàng Thị Linh,HK1,2025-2026
KHTN_HP0404,KHTN,BIO503,Xác suất và thống kê,2,41,Dương Anh Tâm,HK1,2025-2026
KHTN_HP0405,KHTN,MATH504,Hóa học hữu cơ,3,42,Phạm Đức Huy,HK1,2025-2026
KHTN_HP0406,KHTN,PHYS505,Giải tích 1,4,41,Lê Anh Phong,HK1,2025-2026
KHTN_HP0407,KHTN,CHEM506,Giải tích 2,3,75,Hoàng Đức Huy,HK1,2025-2026
KHTN_HP0408,KHTN,BIO507,Đại số tuyến tính,3,58,Bùi Minh Tuấn,HK1,2025-2026
KHTN_HP0409,KHTN,MATH508,Vật lý đại cương 1,2,35,Phạm Hữu Phong,HK1,2025-2026
KHTN_HP0410,KHTN,PHYS509,Vật lý lượng tử,3,59,Bùi Minh Khoa,HK1,2025-2026
KHTN_HP0411,KHTN,CHEM510,Hóa vô cơ căn bản,3,61,Nguyễn Hữu Hải,HK1,2025-2026
KHTN_HP0412,KHTN,BIO511,Hóa phân tích,4,80,Bùi Kim Tâm,HK1,2025-2026
KHTN_HP0413,KHTN,MATH512,Xác suất và thống kê,3,80,Vũ Xuân Tùng,HK1,2025-2026
KHTN_HP0414,KHTN,PHYS513,Hóa học hữu cơ,2,38,Dương Hữu Dũng,HK1,2025-2026
KHTN_HP0415,KHTN,CHEM514,Giải tích 1,3,60,Ngô Bảo Mai,HK1,2025-2026
KHTN_HP0416,KHTN,BIO515,Giải tích 2,3,77,Hồ Ngọc Quân,HK1,2025-2026
KHTN_HP0417,KHTN,MATH516,Đại số tuyến tính,3,53,Hồ Minh Khoa,HK1,2025-2026
KHTN_HP0418,KHTN,PHYS517,Vật lý đại cương 1,4,59,Vũ Kim Hùng,HK1,2025-2026
KHTN_HP0419,KHTN,CHEM518,Vật lý lượng tử,3,66,Đỗ Quốc Sơn,HK1,2025-2026
KHTN_HP0420,KHTN,BIO519,Hóa vô cơ căn bản,2,59,Hồ Bảo Khoa,HK1,2025-2026
KHTN_HP0421,KHTN,MATH520,Hóa phân tích,3,62,Võ Đức An,HK1,2025-2026
KHTN_HP0422,KHTN,PHYS521,Xác suất và thống kê,2,40,Hoàng Bảo Nam,HK1,2025-2026
KHTN_HP0423,KHTN,CHEM522,Hóa học hữu cơ,2,78,Vũ Hải Tâm,HK1,2025-2026
KHTN_HP0424,KHTN,BIO523,Giải tích 1,3,79,Hồ Ngọc Hùng,HK1,2025-2026
KHTN_HP0425,KHTN,MATH524,Giải tích 2,3,57,Lý Trọng Thắng,HK1,2025-2026
KHTN_HP0426,KHTN,PHYS525,Đại số tuyến tính,3,60,Võ Kim Vũ,HK1,2025-2026
KT_HP0001,KT,ECON100,Kinh tế vi mô 1,3,51,Đặng Quốc Hà,HK1,2025-2026
KT_HP0002,KT,FIN101,Kinh tế vĩ mô 1,3,50,Nguyễn Trọng Tuấn,HK1,2025-2026
KT_HP0003,KT,MKT102,Nguyên lý kế toán,4,48,Phạm Thị Tùng,HK1,2025-2026
KT_HP0004,KT,ACC103,Quản trị học,4,61,Lê Thanh Trung,HK1,2025-2026
KT_HP0005,KT,ECON104,Tài chính tiền tệ,3,65,Ngô Văn Cường,HK1,2025-2026
KT_HP0006,KT,FIN105,Marketing căn bản,4,65,Đỗ Kim An,HK1,2025-2026
KT_HP0007,KT,MKT106,Quản trị nguồn nhân lực,3,43,Hồ Kim Tuấn,HK1,2025-2026
KT_HP0008,KT,ACC107,Kinh tế quốc tế,4,65,Dương Ngọc An,HK1,2025-2026
KT_HP0009,KT,ECON108,Phân tích tài chính,2,56,Bùi Kim Cường,HK1,2025-2026
KT_HP0010,KT,FIN109,Kinh tế vi mô 1,2,73,Huỳnh Hải Khoa,HK1,2025-2026
KT_HP0011,KT,MKT110,Kinh tế vĩ mô 1,3,64,Vũ Kim Giang,HK1,2025-2026
KT_HP0012,KT,ACC111,Nguyên lý kế toán,3,74,Phan Xuân Nghĩa,HK1,2025-2026
KT_HP0013,KT,ECON112,Quản trị học,3,36,Hoàng Đức Vũ,HK1,2025-2026
KT_HP0014,KT,FIN113,Tài chính tiền tệ,4,80,Hoàng Thị Bình,HK1,2025-2026
KT_HP0015,KT,MKT114,Marketing căn bản,3,69,Đỗ Ngọc Thảo,HK1,2025-2026
KT_HP0016,KT,ACC115,Quản trị nguồn nhân lực,4,36,Trần Minh Hùng,HK1,2025-2026
KT_HP0017,KT,ECON116,Kinh tế quốc tế,2,47,Nguyễn Anh Phong,HK1,2025-2026
KT_HP0018,KT,FIN117,Phân tích tài chính,4,38,Đặng Bảo An,HK1,2025-2026
KT_HP0019,KT,MKT118,Kinh tế vi mô 1,4,60,Nguyễn Minh Long,HK1,2025-2026
KT_HP0020,KT,ACC119,Kinh tế vĩ mô 1,3,65,Đỗ Hữu Phong,HK1,2025-2026
KT_HP0021,KT,ECON120,Nguyên lý kế toán,3,45,Trần Đức Nam,HK1,2025-2026
KT_HP0022,KT,FIN121,Quản trị học,3,68,Hồ Thanh Hải,HK1,2025-2026
KT_HP0023,KT,MKT122,Tài chính tiền tệ,3,38,Huỳnh Bảo Sơn,HK1,2025-2026
KT_HP0024,KT,ACC123,Marketing căn bản,2,37,Trần Trọng Vũ,HK1,2025-2026
KT_HP0025,KT,ECON124,Quản trị nguồn nhân lực,3,50,Ngô Trọng Huy,HK1,2025-2026
KT_HP0026,KT,FIN125,Kinh tế quốc tế,4,52,Trần Minh An,HK1,2025-2026
KT_HP0027,KT,MKT126,Phân tích tài chính,4,65,Đặng Kim Mai,HK1,2025-2026
KT_HP0028,KT,ACC127,Kinh tế vi mô 1,4,46,Võ Kim Tâm,HK1,2025-2026
KT_HP0029,KT,ECON128,Kinh tế vĩ mô 1,4,78,Nguyễn Kim Thắng,HK1,2025-2026
KT_HP0030,KT,FIN129,Nguyên lý kế toán,3,44,Hoàng Ngọc Hiếu,HK1,2025-2026
KT_HP0031,KT,MKT130,Quản trị học,3,55,Võ Kim Phúc,HK1,2025-2026
KT_HP0032,KT,ACC131,Tài chính tiền tệ,3,69,Lê Anh Quân,HK1,2025-2026
KT_HP0033,KT,ECON132,Marketing căn bản,2,40,Lý Kim Nam,HK1,2025-2026
KT_HP0034,KT,FIN133,Quản trị nguồn nhân lực,2,62,Phan Minh Long,HK1,2025-2026
KT_HP0035,KT,MKT134,Kinh tế quốc tế,3,44,Huỳnh Xuân Hiếu,HK1,2025-2026
KT_HP0036,KT,ACC135,Phân tích tài chính,3,36,Bùi Minh Trung,HK1,2025-2026
KT_HP0037,KT,ECON136,Kinh tế vi mô 1,2,69,Vũ Trọng Quân,HK1,2025-2026
KT_HP0038,KT,FIN137,Kinh tế vĩ mô 1,3,58,Dương Bảo Tâm,HK1,2025-2026
KT_HP0039,KT,MKT138,Nguyên lý kế toán,3,66,Bùi Hải Hiếu,HK1,2025-2026
KT_HP0040,KT,ACC139,Quản trị học,3,80,Dương Ngọc Huy,HK1,2025-2026
KT_HP0041,KT,ECON140,Tài chính tiền tệ,3,75,Phan Ngọc Thắng,HK1,2025-2026
KT_HP0042,KT,FIN141,Marketing căn bản,2,36,Hồ Đức Nghĩa,HK1,2025-2026
KT_HP0043,KT,MKT142,Quản trị nguồn nhân lực,4,37,Võ Kim Hà,HK1,2025-2026
KT_HP0044,KT,ACC143,Kinh tế quốc tế,3,49,Đỗ Văn Mai,HK1,2025-2026
KT_HP0045,KT,ECON144,Phân tích tài chính,3,43,Bùi Quốc Hiếu,HK1,2025-2026
KT_HP0046,KT,FIN145,Kinh tế vi mô 1,3,44,Đỗ Quốc Tuấn,HK1,2025-2026
KT_HP0047,KT,MKT146,Kinh tế vĩ mô 1,3,44,Hoàng Thanh Hải,HK1,2025-2026
KT_HP0048,KT,ACC147,Nguyên lý kế toán,2,73,Huỳnh Trọng Cường,HK1,2025-2026
KT_HP0049,KT,ECON148,Quản trị học,4,57,Ngô Minh Phong,HK1,2025-2026
KT_HP0050,KT,FIN149,Tài chính tiền tệ,4,75,Trần Thanh Hải,HK1,2025-2026
KT_HP0051,KT,MKT150,Marketing căn bản,3,43,Trần Xuân Bình,HK1,2025-2026
KT_HP0052,KT,ACC151,Quản trị nguồn nhân lực,3,70,Ngô Ngọc Quân,HK1,2025-2026
KT_HP0053,KT,ECON152,Kinh tế quốc tế,4,76,Dương Xuân Linh,HK1,2025-2026
KT_HP0054,KT,FIN153,Phân tích tài chính,3,37,Đỗ Văn Quân,HK1,2025-2026
KT_HP0055,KT,MKT154,Kinh tế vi mô 1,2,35,Nguyễn Trọng An,HK1,2025-2026
KT_HP0056,KT,ACC155,Kinh tế vĩ mô 1,2,49,Dương Thanh Khoa,HK1,2025-2026
KT_HP0057,KT,ECON156,Nguyên lý kế toán,3,37,Phạm Kim Khoa,HK1,2025-2026
KT_HP0058,KT,FIN157,Quản trị học,2,38,Nguyễn Thanh Hiếu,HK1,2025-2026
KT_HP0059,KT,MKT158,Tài chính tiền tệ,2,53,Phạm Quốc Trang,HK1,2025-2026
KT_HP0060,KT,ACC159,Marketing căn bản,2,60,Vũ Đức Long,HK1,2025-2026
KT_HP0061,KT,ECON160,Quản trị nguồn nhân lực,2,60,Huỳnh Quốc Hà,HK1,2025-2026
KT_HP0062,KT,FIN161,Kinh tế quốc tế,3,53,Phan Đức Khoa,HK1,2025-2026
KT_HP0063,KT,MKT162,Phân tích tài chính,4,35,Hồ Trọng Nghĩa,HK1,2025-2026
KT_HP0064,KT,ACC163,Kinh tế vi mô 1,2,41,Nguyễn Đức Thảo,HK1,2025-2026
KT_HP0065,KT,ECON164,Kinh tế vĩ mô 1,2,77,Bùi Trọng An,HK1,2025-2026
KT_HP0066,KT,FIN165,Nguyên lý kế toán,3,66,Vũ Bảo Nam,HK1,2025-2026
KT_HP0067,KT,MKT166,Quản trị học,2,67,Phan Anh Vinh,HK1,2025-2026
KT_HP0068,KT,ACC167,Tài chính tiền tệ,3,39,Lê Kim Phong,HK1,2025-2026
KT_HP0069,KT,ECON168,Marketing căn bản,3,41,Trần Thị Linh,HK1,2025-2026
KT_HP0070,KT,FIN169,Quản trị nguồn nhân lực,3,58,Dương Hải Cường,HK1,2025-2026
KT_HP0071,KT,MKT170,Kinh tế quốc tế,3,41,Hoàng Đức Linh,HK1,2025-2026
KT_HP0072,KT,ACC171,Phân tích tài chính,3,70,Hoàng Thị Hoàng,HK1,2025-2026
KT_HP0073,KT,ECON172,Kinh tế vi mô 1,3,77,Dương Thị Hùng,HK1,2025-2026
KT_HP0074,KT,FIN173,Kinh tế vĩ mô 1,2,78,Lý Xuân Hà,HK1,2025-2026
KT_HP0075,KT,MKT174,Nguyên lý kế toán,3,48,Lê Minh Vũ,HK1,2025-2026
KT_HP0076,KT,ACC175,Quản trị học,3,75,Dương Kim Hiếu,HK1,2025-2026
KT_HP0077,KT,ECON176,Tài chính tiền tệ,4,77,Huỳnh Anh Linh,HK1,2025-2026
KT_HP0078,KT,FIN177,Marketing căn bản,3,76,Võ Kim Khoa,HK1,2025-2026
KT_HP0079,KT,MKT178,Quản trị nguồn nhân lực,3,73,Lê Quốc Phúc,HK1,2025-2026
KT_HP0080,KT,ACC179,Kinh tế quốc tế,3,52,Phan Xuân Thắng,HK1,2025-2026
KT_HP0081,KT,ECON180,Phân tích tài chính,3,57,Nguyễn Hải Huy,HK1,2025-2026
KT_HP0082,KT,FIN181,Kinh tế vi mô 1,3,76,Trần Trọng Linh,HK1,2025-2026
KT_HP0083,KT,MKT182,Kinh tế vĩ mô 1,4,68,Bùi Văn Long,HK1,2025-2026
KT_HP0084,KT,ACC183,Nguyên lý kế toán,3,45,Bùi Minh Tâm,HK1,2025-2026
KT_HP0085,KT,ECON184,Quản trị học,3,72,Võ Trọng Khoa,HK1,2025-2026
KT_HP0086,KT,FIN185,Tài chính tiền tệ,3,53,Ngô Kim An,HK1,2025-2026
KT_HP0087,KT,MKT186,Marketing căn bản,4,68,Đặng Đức Bình,HK1,2025-2026
KT_HP0088,KT,ACC187,Quản trị nguồn nhân lực,3,40,Vũ Kim Cường,HK1,2025-2026
KT_HP0089,KT,ECON188,Kinh tế quốc tế,2,51,Ngô Minh Tùng,HK1,2025-2026
KT_HP0090,KT,FIN189,Phân tích tài chính,4,41,Phạm Anh Thắng,HK1,2025-2026
KT_HP0091,KT,MKT190,Kinh tế vi mô 1,4,46,Hoàng Trọng Tâm,HK1,2025-2026
KT_HP0092,KT,ACC191,Kinh tế vĩ mô 1,3,36,Đặng Ngọc Sơn,HK1,2025-2026
KT_HP0093,KT,ECON192,Nguyên lý kế toán,2,74,Vũ Anh Tâm,HK1,2025-2026
KT_HP0094,KT,FIN193,Quản trị học,3,75,Phạm Kim Nam,HK1,2025-2026
KT_HP0095,KT,MKT194,Tài chính tiền tệ,4,36,Hoàng Bảo Linh,HK1,2025-2026
KT_HP0096,KT,ACC195,Marketing căn bản,3,66,Vũ Văn Dũng,HK1,2025-2026
KT_HP0097,KT,ECON196,Quản trị nguồn nhân lực,2,53,Vũ Văn Giang,HK1,2025-2026
KT_HP0098,KT,FIN197,Kinh tế quốc tế,3,45,Hồ Thanh Hiếu,HK1,2025-2026
KT_HP0099,KT,MKT198,Phân tích tài chính,4,59,Hoàng Anh Giang,HK1,2025-2026
KT_HP0100,KT,ACC199,Kinh tế vi mô 1,3,44,Hoàng Hữu Thắng,HK1,2025-2026
KT_HP0101,KT,ECON200,Kinh tế vĩ mô 1,4,70,Nguyễn Đức Nam,HK1,2025-2026
KT_HP0102,KT,FIN201,Nguyên lý kế toán,2,74,Ngô Bảo Hải,HK1,2025-2026
KT_HP0103,KT,MKT202,Quản trị học,4,48,Nguyễn Bảo Vũ,HK1,2025-2026
KT_HP0104,KT,ACC203,Tài chính tiền tệ,2,57,Lý Hải Tuấn,HK1,2025-2026
KT_HP0105,KT,ECON204,Marketing căn bản,2,73,Võ Hữu Hà,HK1,2025-2026
KT_HP0106,KT,FIN205,Quản trị nguồn nhân lực,3,58,Hoàng Anh Phong,HK1,2025-2026
KT_HP0107,KT,MKT206,Kinh tế quốc tế,2,70,Bùi Văn Hà,HK1,2025-2026
KT_HP0108,KT,ACC207,Phân tích tài chính,4,62,Huỳnh Quốc Sơn,HK1,2025-2026
KT_HP0109,KT,ECON208,Kinh tế vi mô 1,2,44,Vũ Bảo Hà,HK1,2025-2026
KT_HP0110,KT,FIN209,Kinh tế vĩ mô 1,3,70,Hồ Thị Vinh,HK1,2025-2026
KT_HP0111,KT,MKT210,Nguyên lý kế toán,2,74,Lý Minh Hải,HK1,2025-2026
KT_HP0112,KT,ACC211,Quản trị học,2,64,Dương Ngọc Giang,HK1,2025-2026
KT_HP0113,KT,ECON212,Tài chính tiền tệ,2,73,Ngô Văn Dũng,HK1,2025-2026
KT_HP0114,KT,FIN213,Marketing căn bản,3,79,Trần Quốc Hà,HK1,2025-2026
KT_HP0115,KT,MKT214,Quản trị nguồn nhân lực,3,43,Hồ Trọng Hùng,HK1,2025-2026
KT_HP0116,KT,ACC215,Kinh tế quốc tế,2,51,Ngô Ngọc Huy,HK1,2025-2026
KT_HP0117,KT,ECON216,Phân tích tài chính,3,74,Ngô Văn Huy,HK1,2025-2026
KT_HP0118,KT,FIN217,Kinh tế vi mô 1,4,62,Dương Trọng Trung,HK1,2025-2026
KT_HP0119,KT,MKT218,Kinh tế vĩ mô 1,2,45,Lê Hải Trang,HK1,2025-2026
KT_HP0120,KT,ACC219,Nguyên lý kế toán,3,60,Bùi Hải Thắng,HK1,2025-2026
KT_HP0121,KT,ECON220,Quản trị học,3,48,Ngô Trọng Quân,HK1,2025-2026
KT_HP0122,KT,FIN221,Tài chính tiền tệ,3,78,Phan Minh Trung,HK1,2025-2026
KT_HP0123,KT,MKT222,Marketing căn bản,4,62,Bùi Ngọc Quân,HK1,2025-2026
KT_HP0124,KT,ACC223,Quản trị nguồn nhân lực,4,47,Đỗ Ngọc Linh,HK1,2025-2026
KT_HP0125,KT,ECON224,Kinh tế quốc tế,3,48,Hoàng Minh Dũng,HK1,2025-2026
KT_HP0126,KT,FIN225,Phân tích tài chính,3,52,Hồ Đức Thắng,HK1,2025-2026
KT_HP0127,KT,MKT226,Kinh tế vi mô 1,3,61,Huỳnh Văn An,HK1,2025-2026
KT_HP0128,KT,ACC227,Kinh tế vĩ mô 1,3,53,Nguyễn Anh Linh,HK1,2025-2026
KT_HP0129,KT,ECON228,Nguyên lý kế toán,4,49,Hoàng Trọng Sơn,HK1,2025-2026
KT_HP0130,KT,FIN229,Quản trị học,4,70,Võ Thanh Khoa,HK1,2025-2026
KT_HP0131,KT,MKT230,Tài chính tiền tệ,2,46,Lê Trọng Tùng,HK1,2025-2026
KT_HP0132,KT,ACC231,Marketing căn bản,4,75,Bùi Anh Quân,HK1,2025-2026
KT_HP0133,KT,ECON232,Quản trị nguồn nhân lực,3,44,Nguyễn Văn Trung,HK1,2025-2026
KT_HP0134,KT,FIN233,Kinh tế quốc tế,2,49,Nguyễn Trọng Sơn,HK1,2025-2026
KT_HP0135,KT,MKT234,Phân tích tài chính,3,37,Nguyễn Thị Nam,HK1,2025-2026
KT_HP0136,KT,ACC235,Kinh tế vi mô 1,3,80,Đặng Đức Mai,HK1,2025-2026
KT_HP0137,KT,ECON236,Kinh tế vĩ mô 1,3,41,Dương Kim Linh,HK1,2025-2026
KT_HP0138,KT,FIN237,Nguyên lý kế toán,2,36,Bùi Minh Vinh,HK1,2025-2026
KT_HP0139,KT,MKT238,Quản trị học,2,72,Hoàng Hải Linh,HK1,2025-2026
KT_HP0140,KT,ACC239,Tài chính tiền tệ,3,58,Phan Minh Giang,HK1,2025-2026
KT_HP0141,KT,ECON240,Marketing căn bản,3,38,Dương Bảo Trung,HK1,2025-2026
KT_HP0142,KT,FIN241,Quản trị nguồn nhân lực,3,70,Bùi Kim Linh,HK1,2025-2026
KT_HP0143,KT,MKT242,Kinh tế quốc tế,4,72,Vũ Trọng Tùng,HK1,2025-2026
KT_HP0144,KT,ACC243,Phân tích tài chính,3,65,Lê Văn Thảo,HK1,2025-2026
KT_HP0145,KT,ECON244,Kinh tế vi mô 1,2,63,Bùi Quốc Thắng,HK1,2025-2026
KT_HP0146,KT,FIN245,Kinh tế vĩ mô 1,3,45,Ngô Trọng Giang,HK1,2025-2026
KT_HP0147,KT,MKT246,Nguyên lý kế toán,2,75,Võ Ngọc Mai,HK1,2025-2026
KT_HP0148,KT,ACC247,Quản trị học,4,58,Nguyễn Đức Trang,HK1,2025-2026
KT_HP0149,KT,ECON248,Tài chính tiền tệ,3,61,Huỳnh Trọng Cường,HK1,2025-2026
KT_HP0150,KT,FIN249,Marketing căn bản,3,61,Dương Quốc Tùng,HK1,2025-2026
KT_HP0151,KT,MKT250,Quản trị nguồn nhân lực,3,64,Đặng Ngọc Phúc,HK1,2025-2026
KT_HP0152,KT,ACC251,Kinh tế quốc tế,2,40,Huỳnh Thanh Tâm,HK1,2025-2026
KT_HP0153,KT,ECON252,Phân tích tài chính,2,56,Ngô Kim Hiếu,HK1,2025-2026
KT_HP0154,KT,FIN253,Kinh tế vi mô 1,3,73,Lê Thanh Thảo,HK1,2025-2026
KT_HP0155,KT,MKT254,Kinh tế vĩ mô 1,3,38,Nguyễn Quốc An,HK1,2025-2026
KT_HP0156,KT,ACC255,Nguyên lý kế toán,3,62,Bùi Thanh Sơn,HK1,2025-2026
KT_HP0157,KT,ECON256,Quản trị học,2,63,Lý Bảo Linh,HK1,2025-2026
KT_HP0158,KT,FIN257,Tài chính tiền tệ,2,67,Phạm Ngọc Huy,HK1,2025-2026
KT_HP0159,KT,MKT258,Marketing căn bản,3,79,Bùi Quốc Phong,HK1,2025-2026
KT_HP0160,KT,ACC259,Quản trị nguồn nhân lực,2,48,Lý Minh Nghĩa,HK1,2025-2026
KT_HP0161,KT,ECON260,Kinh tế quốc tế,3,47,Võ Thanh Huy,HK1,2025-2026
KT_HP0162,KT,FIN261,Phân tích tài chính,4,60,Bùi Bảo Bình,HK1,2025-2026
KT_HP0163,KT,MKT262,Kinh tế vi mô 1,3,59,Phan Xuân Quân,HK1,2025-2026
KT_HP0164,KT,ACC263,Kinh tế vĩ mô 1,3,68,Lý Hải Trung,HK1,2025-2026
KT_HP0165,KT,ECON264,Nguyên lý kế toán,3,56,Lý Kim Tâm,HK1,2025-2026
KT_HP0166,KT,FIN265,Quản trị học,3,50,Trần Văn Thảo,HK1,2025-2026
KT_HP0167,KT,MKT266,Tài chính tiền tệ,3,79,Lê Thanh Tâm,HK1,2025-2026
KT_HP0168,KT,ACC267,Marketing căn bản,2,77,Ngô Anh Huy,HK1,2025-2026
KT_HP0169,KT,ECON268,Quản trị nguồn nhân lực,4,79,Trần Đức Dũng,HK1,2025-2026
KT_HP0170,KT,FIN269,Kinh tế quốc tế,2,63,Phan Minh Tùng,HK1,2025-2026
KT_HP0171,KT,MKT270,Phân tích tài chính,3,61,Trần Hữu Tuấn,HK1,2025-2026
KT_HP0172,KT,ACC271,Kinh tế vi mô 1,2,70,Lý Quốc Bình,HK1,2025-2026
KT_HP0173,KT,ECON272,Kinh tế vĩ mô 1,2,61,Huỳnh Đức Tâm,HK1,2025-2026
KT_HP0174,KT,FIN273,Nguyên lý kế toán,4,59,Võ Ngọc Hà,HK1,2025-2026
KT_HP0175,KT,MKT274,Quản trị học,2,63,Lý Bảo Mai,HK1,2025-2026
KT_HP0176,KT,ACC275,Tài chính tiền tệ,4,36,Ngô Ngọc Huy,HK1,2025-2026
KT_HP0177,KT,ECON276,Marketing căn bản,4,79,Đỗ Quốc Mai,HK1,2025-2026
KT_HP0178,KT,FIN277,Quản trị nguồn nhân lực,2,48,Phan Ngọc Vũ,HK1,2025-2026
KT_HP0179,KT,MKT278,Kinh tế quốc tế,3,59,Lê Quốc Hùng,HK1,2025-2026
KT_HP0180,KT,ACC279,Phân tích tài chính,2,76,Bùi Ngọc Hà,HK1,2025-2026
KT_HP0181,KT,ECON280,Kinh tế vi mô 1,4,58,Dương Thanh Giang,HK1,2025-2026
KT_HP0182,KT,FIN281,Kinh tế vĩ mô 1,4,56,Dương Hải An,HK1,2025-2026
KT_HP0183,KT,MKT282,Nguyên lý kế toán,3,51,Hoàng Trọng Trang,HK1,2025-2026
KT_HP0184,KT,ACC283,Quản trị học,4,76,Võ Hải Hiếu,HK1,2025-2026
KT_HP0185,KT,ECON284,Tài chính tiền tệ,3,75,Huỳnh Hữu Thảo,HK1,2025-2026
KT_HP0186,KT,FIN285,Marketing căn bản,2,55,Huỳnh Thị Thắng,HK1,2025-2026
KT_HP0187,KT,MKT286,Quản trị nguồn nhân lực,2,80,Ngô Anh Phúc,HK1,2025-2026
KT_HP0188,KT,ACC287,Kinh tế quốc tế,2,63,Bùi Hải Tuấn,HK1,2025-2026
KT_HP0189,KT,ECON288,Phân tích tài chính,4,75,Hoàng Hữu Linh,HK1,2025-2026
KT_HP0190,KT,FIN289,Kinh tế vi mô 1,3,77,Nguyễn Bảo Trang,HK1,2025-2026
KT_HP0191,KT,MKT290,Kinh tế vĩ mô 1,2,56,Ngô Kim Huy,HK1,2025-2026
KT_HP0192,KT,ACC291,Nguyên lý kế toán,4,64,Bùi Thanh Giang,HK1,2025-2026
KT_HP0193,KT,ECON292,Quản trị học,2,52,Dương Anh Nam,HK1,2025-2026
KT_HP0194,KT,FIN293,Tài chính tiền tệ,2,52,Đỗ Bảo Hà,HK1,2025-2026
KT_HP0195,KT,MKT294,Marketing căn bản,3,72,Bùi Trọng Quân,HK1,2025-2026
KT_HP0196,KT,ACC295,Quản trị nguồn nhân lực,3,56,Lý Hữu Long,HK1,2025-2026
KT_HP0197,KT,ECON296,Kinh tế quốc tế,3,77,Võ Kim Long,HK1,2025-2026
KT_HP0198,KT,FIN297,Phân tích tài chính,3,38,Phan Đức Huy,HK1,2025-2026
KT_HP0199,KT,MKT298,Kinh tế vi mô 1,3,77,Lý Kim Tuấn,HK1,2025-2026
KT_HP0200,KT,ACC299,Kinh tế vĩ mô 1,4,43,Nguyễn Bảo Dũng,HK1,2025-2026
KT_HP0201,KT,ECON300,Nguyên lý kế toán,4,46,Dương Hữu Giang,HK1,2025-2026
KT_HP0202,KT,FIN301,Quản trị học,2,45,Dương Xuân Vũ,HK1,2025-2026
KT_HP0203,KT,MKT302,Tài chính tiền tệ,3,49,Lê Trọng Mai,HK1,2025-2026
KT_HP0204,KT,ACC303,Marketing căn bản,3,79,Hoàng Anh Tuấn,HK1,2025-2026
KT_HP0205,KT,ECON304,Quản trị nguồn nhân lực,3,80,Phạm Ngọc Bình,HK1,2025-2026
KT_HP0206,KT,FIN305,Kinh tế quốc tế,4,77,Hồ Kim Giang,HK1,2025-2026
KT_HP0207,KT,MKT306,Phân tích tài chính,2,55,Phạm Quốc Thảo,HK1,2025-2026
KT_HP0208,KT,ACC307,Kinh tế vi mô 1,3,46,Nguyễn Quốc Hiếu,HK1,2025-2026
KT_HP0209,KT,ECON308,Kinh tế vĩ mô 1,3,49,Hoàng Anh Tùng,HK1,2025-2026
KT_HP0210,KT,FIN309,Nguyên lý kế toán,3,68,Lý Kim Giang,HK1,2025-2026
KT_HP0211,KT,MKT310,Quản trị học,4,69,Phan Kim Phong,HK1,2025-2026
KT_HP0212,KT,ACC311,Tài chính tiền tệ,2,42,Dương Bảo Hiếu,HK1,2025-2026
KT_HP0213,KT,ECON312,Marketing căn bản,3,47,Vũ Quốc Nghĩa,HK1,2025-2026
KT_HP0214,KT,FIN313,Quản trị nguồn nhân lực,3,58,Ngô Văn Trung,HK1,2025-2026
KT_HP0215,KT,MKT314,Kinh tế quốc tế,3,72,Đỗ Kim Hà,HK1,2025-2026
KT_HP0216,KT,ACC315,Phân tích tài chính,2,50,Đặng Thanh Nam,HK1,2025-2026
KT_HP0217,KT,ECON316,Kinh tế vi mô 1,3,61,Lý Ngọc Bình,HK1,2025-2026
KT_HP0218,KT,FIN317,Kinh tế vĩ mô 1,2,65,Lý Hải Trung,HK1,2025-2026
KT_HP0219,KT,MKT318,Nguyên lý kế toán,3,42,Hoàng Hữu Hùng,HK1,2025-2026
KT_HP0220,KT,ACC319,Quản trị học,3,71,Huỳnh Trọng Vinh,HK1,2025-2026
KT_HP0221,KT,ECON320,Tài chính tiền tệ,3,66,Hoàng Thị Giang,HK1,2025-2026
KT_HP0222,KT,FIN321,Marketing căn bản,4,67,Lê Văn Nam,HK1,2025-2026
KT_HP0223,KT,MKT322,Quản trị nguồn nhân lực,3,45,Dương Kim Trang,HK1,2025-2026
KT_HP0224,KT,ACC323,Kinh tế quốc tế,4,58,Vũ Thị Hoàng,HK1,2025-2026
KT_HP0225,KT,ECON324,Phân tích tài chính,3,69,Đặng Xuân Phong,HK1,2025-2026
KT_HP0226,KT,FIN325,Kinh tế vi mô 1,3,76,Đặng Kim Sơn,HK1,2025-2026
KT_HP0227,KT,MKT326,Kinh tế vĩ mô 1,3,72,Lê Hải Trung,HK1,2025-2026
KT_HP0228,KT,ACC327,Nguyên lý kế toán,3,62,Trần Thị Tuấn,HK1,2025-2026
KT_HP0229,KT,ECON328,Quản trị học,3,67,Đỗ Thị Hiếu,HK1,2025-2026
KT_HP0230,KT,FIN329,Tài chính tiền tệ,2,66,Đặng Kim Phong,HK1,2025-2026
KT_HP0231,KT,MKT330,Marketing căn bản,3,37,Hoàng Bảo Trang,HK1,2025-2026
KT_HP0232,KT,ACC331,Quản trị nguồn nhân lực,3,53,Võ Thị Trang,HK1,2025-2026
KT_HP0233,KT,ECON332,Kinh tế quốc tế,3,69,Vũ Đức Hà,HK1,2025-2026
KT_HP0234,KT,FIN333,Phân tích tài chính,2,65,Phạm Xuân Hoàng,HK1,2025-2026
KT_HP0235,KT,MKT334,Kinh tế vi mô 1,3,69,Đặng Trọng Phong,HK1,2025-2026
KT_HP0236,KT,ACC335,Kinh tế vĩ mô 1,3,73,Đỗ Quốc Linh,HK1,2025-2026
KT_HP0237,KT,ECON336,Nguyên lý kế toán,3,45,Đỗ Kim Linh,HK1,2025-2026
KT_HP0238,KT,FIN337,Quản trị học,4,63,Nguyễn Xuân Nam,HK1,2025-2026
KT_HP0239,KT,MKT338,Tài chính tiền tệ,4,59,Phan Hải Dũng,HK1,2025-2026
KT_HP0240,KT,ACC339,Marketing căn bản,4,59,Hoàng Trọng Bình,HK1,2025-2026
KT_HP0241,KT,ECON340,Quản trị nguồn nhân lực,3,64,Nguyễn Hải An,HK1,2025-2026
KT_HP0242,KT,FIN341,Kinh tế quốc tế,3,50,Lý Hữu Nghĩa,HK1,2025-2026
KT_HP0243,KT,MKT342,Phân tích tài chính,4,73,Nguyễn Ngọc Nam,HK1,2025-2026
KT_HP0244,KT,ACC343,Kinh tế vi mô 1,4,78,Đỗ Bảo Trang,HK1,2025-2026
KT_HP0245,KT,ECON344,Kinh tế vĩ mô 1,3,74,Huỳnh Minh Hà,HK1,2025-2026
KT_HP0246,KT,FIN345,Nguyên lý kế toán,3,75,Đặng Trọng Tùng,HK1,2025-2026
KT_HP0247,KT,MKT346,Quản trị học,3,37,Đỗ Hữu Tùng,HK1,2025-2026
KT_HP0248,KT,ACC347,Tài chính tiền tệ,4,71,Lê Quốc Hà,HK1,2025-2026
KT_HP0249,KT,ECON348,Marketing căn bản,2,38,Vũ Minh Huy,HK1,2025-2026
KT_HP0250,KT,FIN349,Quản trị nguồn nhân lực,4,44,Hoàng Minh Trang,HK1,2025-2026
KT_HP0251,KT,MKT350,Kinh tế quốc tế,3,47,Hoàng Xuân Huy,HK1,2025-2026
KT_HP0252,KT,ACC351,Phân tích tài chính,2,41,Phạm Thị Vũ,HK1,2025-2026
KT_HP0253,KT,ECON352,Kinh tế vi mô 1,4,60,Lý Thị Hùng,HK1,2025-2026
KT_HP0254,KT,FIN353,Kinh tế vĩ mô 1,4,48,Lê Kim Phong,HK1,2025-2026
KT_HP0255,KT,MKT354,Nguyên lý kế toán,3,65,Võ Hải Mai,HK1,2025-2026
KT_HP0256,KT,ACC355,Quản trị học,4,67,Hồ Kim Trung,HK1,2025-2026
KT_HP0257,KT,ECON356,Tài chính tiền tệ,3,77,Võ Trọng Hoàng,HK1,2025-2026
KT_HP0258,KT,FIN357,Marketing căn bản,3,63,Hồ Trọng Tâm,HK1,2025-2026
KT_HP0259,KT,MKT358,Quản trị nguồn nhân lực,3,58,Nguyễn Văn Hải,HK1,2025-2026
KT_HP0260,KT,ACC359,Kinh tế quốc tế,2,72,Huỳnh Ngọc Cường,HK1,2025-2026
KT_HP0261,KT,ECON360,Phân tích tài chính,2,62,Bùi Xuân Huy,HK1,2025-2026
KT_HP0262,KT,FIN361,Kinh tế vi mô 1,4,57,Phan Thanh Phong,HK1,2025-2026
KT_HP0263,KT,MKT362,Kinh tế vĩ mô 1,4,72,Đặng Trọng Tâm,HK1,2025-2026
KT_HP0264,KT,ACC363,Nguyên lý kế toán,3,79,Lê Xuân Cường,HK1,2025-2026
KT_HP0265,KT,ECON364,Quản trị học,3,69,Hồ Xuân Dũng,HK1,2025-2026
KT_HP0266,KT,FIN365,Tài chính tiền tệ,4,43,Võ Quốc Nam,HK1,2025-2026
KT_HP0267,KT,MKT366,Marketing căn bản,3,56,Hoàng Hữu Tuấn,HK1,2025-2026
KT_HP0268,KT,ACC367,Quản trị nguồn nhân lực,3,79,Nguyễn Đức Sơn,HK1,2025-2026
KT_HP0269,KT,ECON368,Kinh tế quốc tế,4,51,Bùi Hải Nam,HK1,2025-2026
KT_HP0270,KT,FIN369,Phân tích tài chính,3,47,Hồ Xuân Thảo,HK1,2025-2026
KT_HP0271,KT,MKT370,Kinh tế vi mô 1,2,39,Dương Kim Trang,HK1,2025-2026
KT_HP0272,KT,ACC371,Kinh tế vĩ mô 1,3,35,Ngô Trọng Sơn,HK1,2025-2026
KT_HP0273,KT,ECON372,Nguyên lý kế toán,2,68,Hồ Văn Giang,HK1,2025-2026
KT_HP0274,KT,FIN373,Quản trị học,3,44,Vũ Thị Dũng,HK1,2025-2026
KT_HP0275,KT,MKT374,Tài chính tiền tệ,2,59,Đặng Minh An,HK1,2025-2026
KT_HP0276,KT,ACC375,Marketing căn bản,3,38,Trần Minh Tuấn,HK1,2025-2026
KT_HP0277,KT,ECON376,Quản trị nguồn nhân lực,4,35,Đặng Thị Thảo,HK1,2025-2026
KT_HP0278,KT,FIN377,Kinh tế quốc tế,4,68,Huỳnh Hải Hùng,HK1,2025-2026
KT_HP0279,KT,MKT378,Phân tích tài chính,4,72,Dương Kim Long,HK1,2025-2026
KT_HP0280,KT,ACC379,Kinh tế vi mô 1,2,36,Bùi Thị Long,HK1,2025-2026
KT_HP0281,KT,ECON380,Kinh tế vĩ mô 1,3,65,Võ Minh Tâm,HK1,2025-2026
KT_HP0282,KT,FIN381,Nguyên lý kế toán,3,55,Nguyễn Văn Linh,HK1,2025-2026
KT_HP0283,KT,MKT382,Quản trị học,2,55,Lê Minh Trang,HK1,2025-2026
KT_HP0284,KT,ACC383,Tài chính tiền tệ,3,79,Dương Ngọc Mai,HK1,2025-2026
KT_HP0285,KT,ECON384,Marketing căn bản,4,52,Vũ Xuân Mai,HK1,2025-2026
KT_HP0286,KT,FIN385,Quản trị nguồn nhân lực,3,39,Phạm Kim Vũ,HK1,2025-2026
KT_HP0287,KT,MKT386,Kinh tế quốc tế,2,43,Bùi Minh An,HK1,2025-2026
KT_HP0288,KT,ACC387,Phân tích tài chính,2,79,Nguyễn Hải Tuấn,HK1,2025-2026
KT_HP0289,KT,ECON388,Kinh tế vi mô 1,4,40,Hồ Ngọc Phúc,HK1,2025-2026
KT_HP0290,KT,FIN389,Kinh tế vĩ mô 1,3,53,Hoàng Thị Tùng,HK1,2025-2026
KT_HP0291,KT,MKT390,Nguyên lý kế toán,3,74,Dương Đức Dũng,HK1,2025-2026
KT_HP0292,KT,ACC391,Quản trị học,3,76,Đỗ Quốc Quân,HK1,2025-2026
KT_HP0293,KT,ECON392,Tài chính tiền tệ,2,53,Lê Xuân Khoa,HK1,2025-2026
KT_HP0294,KT,FIN393,Marketing căn bản,3,75,Dương Trọng Giang,HK1,2025-2026
KT_HP0295,KT,MKT394,Quản trị nguồn nhân lực,2,65,Phan Ngọc Long,HK1,2025-2026
KT_HP0296,KT,ACC395,Kinh tế quốc tế,3,50,Hoàng Văn Dũng,HK1,2025-2026
KT_HP0297,KT,ECON396,Phân tích tài chính,3,53,Dương Hữu Vinh,HK1,2025-2026
KT_HP0298,KT,FIN397,Kinh tế vi mô 1,3,41,Trần Trọng Khoa,HK1,2025-2026
KT_HP0299,KT,MKT398,Kinh tế vĩ mô 1,2,61,Dương Trọng Quân,HK1,2025-2026
KT_HP0300,KT,ACC399,Nguyên lý kế toán,2,46,Võ Hữu Hùng,HK1,2025-2026
KT_HP0301,KT,ECON400,Quản trị học,3,56,Phạm Xuân Hải,HK1,2025-2026
KT_HP0302,KT,FIN401,Tài chính tiền tệ,3,80,Hồ Hải Hùng,HK1,2025-2026
KT_HP0303,KT,MKT402,Marketing căn bản,3,70,Trần Văn Dũng,HK1,2025-2026
KT_HP0304,KT,ACC403,Quản trị nguồn nhân lực,4,43,Vũ Bảo Linh,HK1,2025-2026
KT_HP0305,KT,ECON404,Kinh tế quốc tế,3,60,Võ Trọng Long,HK1,2025-2026
KT_HP0306,KT,FIN405,Phân tích tài chính,4,55,Ngô Anh Thảo,HK1,2025-2026
KT_HP0307,KT,MKT406,Kinh tế vi mô 1,3,41,Võ Hải Vinh,HK1,2025-2026
KT_HP0308,KT,ACC407,Kinh tế vĩ mô 1,4,45,Lý Đức Dũng,HK1,2025-2026
KT_HP0309,KT,ECON408,Nguyên lý kế toán,3,42,Võ Xuân Long,HK1,2025-2026
KT_HP0310,KT,FIN409,Quản trị học,2,76,Hoàng Văn Cường,HK1,2025-2026
KT_HP0311,KT,MKT410,Tài chính tiền tệ,3,54,Bùi Ngọc Khoa,HK1,2025-2026
KT_HP0312,KT,ACC411,Marketing căn bản,2,35,Nguyễn Anh Hải,HK1,2025-2026
KT_HP0313,KT,ECON412,Quản trị nguồn nhân lực,2,56,Phan Minh Vũ,HK1,2025-2026
KT_HP0314,KT,FIN413,Kinh tế quốc tế,3,42,Võ Hải Tùng,HK1,2025-2026
KT_HP0315,KT,MKT414,Phân tích tài chính,3,45,Lê Minh Sơn,HK1,2025-2026
KT_HP0316,KT,ACC415,Kinh tế vi mô 1,3,44,Hồ Anh Thảo,HK1,2025-2026
KT_HP0317,KT,ECON416,Kinh tế vĩ mô 1,3,54,Dương Xuân Bình,HK1,2025-2026
KT_HP0318,KT,FIN417,Nguyên lý kế toán,4,67,Vũ Xuân Hải,HK1,2025-2026
KT_HP0319,KT,MKT418,Quản trị học,4,35,Đỗ Hải Sơn,HK1,2025-2026
KT_HP0320,KT,ACC419,Tài chính tiền tệ,2,52,Dương Hải Dũng,HK1,2025-2026
KT_HP0321,KT,ECON420,Marketing căn bản,3,65,Bùi Thanh Thảo,HK1,2025-2026
KT_HP0322,KT,FIN421,Quản trị nguồn nhân lực,3,47,Bùi Quốc Hà,HK1,2025-2026
KT_HP0323,KT,MKT422,Kinh tế quốc tế,4,55,Hồ Văn Tuấn,HK1,2025-2026
KT_HP0324,KT,ACC423,Phân tích tài chính,2,61,Phan Anh Hoàng,HK1,2025-2026
KT_HP0325,KT,ECON424,Kinh tế vi mô 1,4,63,Đặng Ngọc Phong,HK1,2025-2026
KT_HP0326,KT,FIN425,Kinh tế vĩ mô 1,2,44,Võ Quốc Hải,HK1,2025-2026
KT_HP0327,KT,MKT426,Nguyên lý kế toán,3,77,Phạm Trọng Hiếu,HK1,2025-2026
KT_HP0328,KT,ACC427,Quản trị học,3,53,Dương Hữu Linh,HK1,2025-2026
KT_HP0329,KT,ECON428,Tài chính tiền tệ,3,63,Lý Hữu Tuấn,HK1,2025-2026
KT_HP0330,KT,FIN429,Marketing căn bản,3,51,Lê Thanh Tâm,HK1,2025-2026
KT_HP0331,KT,MKT430,Quản trị nguồn nhân lực,2,37,Bùi Bảo Vũ,HK1,2025-2026
KT_HP0332,KT,ACC431,Kinh tế quốc tế,2,77,Trần Bảo Linh,HK1,2025-2026
KT_HP0333,KT,ECON432,Phân tích tài chính,3,69,Trần Minh Linh,HK1,2025-2026
KT_HP0334,KT,FIN433,Kinh tế vi mô 1,2,69,Hồ Bảo Trang,HK1,2025-2026
KT_HP0335,KT,MKT434,Kinh tế vĩ mô 1,3,45,Lý Quốc Sơn,HK1,2025-2026
KT_HP0336,KT,ACC435,Nguyên lý kế toán,3,58,Đỗ Hải Giang,HK1,2025-2026
KT_HP0337,KT,ECON436,Quản trị học,3,46,Hoàng Thị Hùng,HK1,2025-2026
KT_HP0338,KT,FIN437,Tài chính tiền tệ,3,45,Phạm Đức Mai,HK1,2025-2026
KT_HP0339,KT,MKT438,Marketing căn bản,3,66,Ngô Thị Hà,HK1,2025-2026
KT_HP0340,KT,ACC439,Quản trị nguồn nhân lực,2,63,Huỳnh Ngọc Hiếu,HK1,2025-2026
KT_HP0341,KT,ECON440,Kinh tế quốc tế,4,68,Bùi Thị Trang,HK1,2025-2026
KT_HP0342,KT,FIN441,Phân tích tài chính,3,73,Huỳnh Minh An,HK1,2025-2026
KT_HP0343,KT,MKT442,Kinh tế vi mô 1,3,38,Lý Đức Trung,HK1,2025-2026
KT_HP0344,KT,ACC443,Kinh tế vĩ mô 1,3,62,Phạm Trọng Bình,HK1,2025-2026
KT_HP0345,KT,ECON444,Nguyên lý kế toán,3,76,Huỳnh Minh Tâm,HK1,2025-2026
KT_HP0346,KT,FIN445,Quản trị học,3,54,Ngô Bảo Hùng,HK1,2025-2026
KT_HP0347,KT,MKT446,Tài chính tiền tệ,4,47,Bùi Xuân Phúc,HK1,2025-2026
KT_HP0348,KT,ACC447,Marketing căn bản,4,47,Dương Bảo Vũ,HK1,2025-2026
KT_HP0349,KT,ECON448,Quản trị nguồn nhân lực,4,67,Phạm Xuân Phúc,HK1,2025-2026
KT_HP0350,KT,FIN449,Kinh tế quốc tế,2,66,Hồ Trọng Huy,HK1,2025-2026
KT_HP0351,KT,MKT450,Phân tích tài chính,4,39,Lý Đức Trang,HK1,2025-2026
KT_HP0352,KT,ACC451,Kinh tế vi mô 1,4,53,Lê Quốc Dũng,HK1,2025-2026
KT_HP0353,KT,ECON452,Kinh tế vĩ mô 1,2,78,Lý Trọng Khoa,HK1,2025-2026
KT_HP0354,KT,FIN453,Nguyên lý kế toán,2,78,Vũ Thanh Tùng,HK1,2025-2026
KT_HP0355,KT,MKT454,Quản trị học,3,54,Võ Xuân Trang,HK1,2025-2026
KT_HP0356,KT,ACC455,Tài chính tiền tệ,3,69,Huỳnh Thị Hoàng,HK1,2025-2026
KT_HP0357,KT,ECON456,Marketing căn bản,4,76,Dương Anh Quân,HK1,2025-2026
KT_HP0358,KT,FIN457,Quản trị nguồn nhân lực,3,76,Phạm Đức Khoa,HK1,2025-2026
KT_HP0359,KT,MKT458,Kinh tế quốc tế,4,36,Bùi Văn Phúc,HK1,2025-2026
KT_HP0360,KT,ACC459,Phân tích tài chính,3,77,Bùi Quốc Long,HK1,2025-2026
KT_HP0361,KT,ECON460,Kinh tế vi mô 1,4,54,Hồ Xuân Thảo,HK1,2025-2026
KT_HP0362,KT,FIN461,Kinh tế vĩ mô 1,4,66,Huỳnh Xuân Quân,HK1,2025-2026
KT_HP0363,KT,MKT462,Nguyên lý kế toán,3,75,Đỗ Minh Long,HK1,2025-2026
KT_HP0364,KT,ACC463,Quản trị học,2,35,Võ Trọng Hải,HK1,2025-2026
KT_HP0365,KT,ECON464,Tài chính tiền tệ,2,40,Phan Kim Mai,HK1,2025-2026
KT_HP0366,KT,FIN465,Marketing căn bản,3,60,Huỳnh Bảo Huy,HK1,2025-2026
KT_HP0367,KT,MKT466,Quản trị nguồn nhân lực,2,60,Lý Minh Trung,HK1,2025-2026
KT_HP0368,KT,ACC467,Kinh tế quốc tế,2,52,Võ Hữu Dũng,HK1,2025-2026
KT_HP0369,KT,ECON468,Phân tích tài chính,3,54,Ngô Ngọc Thắng,HK1,2025-2026
KT_HP0370,KT,FIN469,Kinh tế vi mô 1,2,38,Trần Kim Nghĩa,HK1,2025-2026
KT_HP0371,KT,MKT470,Kinh tế vĩ mô 1,4,61,Huỳnh Đức Hải,HK1,2025-2026
KT_HP0372,KT,ACC471,Nguyên lý kế toán,3,74,Phan Văn Khoa,HK1,2025-2026
KT_HP0373,KT,ECON472,Quản trị học,2,56,Hoàng Quốc Trang,HK1,2025-2026
KT_HP0374,KT,FIN473,Tài chính tiền tệ,3,49,Vũ Anh Phong,HK1,2025-2026
KT_HP0375,KT,MKT474,Marketing căn bản,3,65,Huỳnh Xuân Nam,HK1,2025-2026
KT_HP0376,KT,ACC475,Quản trị nguồn nhân lực,2,52,Hoàng Hữu Vinh,HK1,2025-2026
KT_HP0377,KT,ECON476,Kinh tế quốc tế,3,44,Hoàng Hữu Hải,HK1,2025-2026
KT_HP0378,KT,FIN477,Phân tích tài chính,4,63,Dương Minh Thắng,HK1,2025-2026
KT_HP0379,KT,MKT478,Kinh tế vi mô 1,4,61,Ngô Quốc Khoa,HK1,2025-2026
KT_HP0380,KT,ACC479,Kinh tế vĩ mô 1,3,55,Bùi Bảo Tùng,HK1,2025-2026
KT_HP0381,KT,ECON480,Nguyên lý kế toán,4,52,Bùi Anh Nghĩa,HK1,2025-2026
KT_HP0382,KT,FIN481,Quản trị học,3,53,Bùi Hữu Thắng,HK1,2025-2026
KT_HP0383,KT,MKT482,Tài chính tiền tệ,3,69,Võ Văn Tâm,HK1,2025-2026
KT_HP0384,KT,ACC483,Marketing căn bản,2,46,Hồ Kim Tùng,HK1,2025-2026
KT_HP0385,KT,ECON484,Quản trị nguồn nhân lực,3,40,Vũ Hữu Hiếu,HK1,2025-2026
KT_HP0386,KT,FIN485,Kinh tế quốc tế,2,50,Lê Anh Hà,HK1,2025-2026
KT_HP0387,KT,MKT486,Phân tích tài chính,3,72,Bùi Ngọc Huy,HK1,2025-2026
KT_HP0388,KT,ACC487,Kinh tế vi mô 1,4,39,Đỗ Văn Mai,HK1,2025-2026
KT_HP0389,KT,ECON488,Kinh tế vĩ mô 1,3,50,Bùi Xuân Tuấn,HK1,2025-2026
KT_HP0390,KT,FIN489,Nguyên lý kế toán,3,80,Phan Thanh Quân,HK1,2025-2026
KT_HP0391,KT,MKT490,Quản trị học,2,53,Võ Thanh Long,HK1,2025-2026
KT_HP0392,KT,ACC491,Tài chính tiền tệ,4,53,Vũ Trọng Nam,HK1,2025-2026
KT_HP0393,KT,ECON492,Marketing căn bản,3,54,Hồ Thanh Tuấn,HK1,2025-2026
KT_HP0394,KT,FIN493,Quản trị nguồn nhân lực,4,74,Dương Thanh Hùng,HK1,2025-2026
KT_HP0395,KT,MKT494,Kinh tế quốc tế,3,42,Dương Xuân Mai,HK1,2025-2026
KT_HP0396,KT,ACC495,Phân tích tài chính,3,38,Vũ Anh Hoàng,HK1,2025-2026
KT_HP0397,KT,ECON496,Kinh tế vi mô 1,2,64,Đặng Thanh Quân,HK1,2025-2026
KT_HP0398,KT,FIN497,Kinh tế vĩ mô 1,3,77,Vũ Minh Khoa,HK1,2025-2026
KT_HP0399,KT,MKT498,Nguyên lý kế toán,2,38,Lê Kim Hùng,HK1,2025-2026
KT_HP0400,KT,ACC499,Quản trị học,2,43,Lê Thị Quân,HK1,2025-2026
KT_HP0401,KT,ECON500,Tài chính tiền tệ,3,47,Lý Trọng Cường,HK1,2025-2026
KT_HP0402,KT,FIN501,Marketing căn bản,3,47,Nguyễn Anh Quân,HK1,2025-2026
KT_HP0403,KT,MKT502,Quản trị nguồn nhân lực,3,54,Võ Anh Nam,HK1,2025-2026
KT_HP0404,KT,ACC503,Kinh tế quốc tế,3,76,Ngô Trọng Tùng,HK1,2025-2026
KT_HP0405,KT,ECON504,Phân tích tài chính,3,52,Nguyễn Thanh Tâm,HK1,2025-2026
KT_HP0406,KT,FIN505,Kinh tế vi mô 1,2,80,Đặng Văn Cường,HK1,2025-2026
KT_HP0407,KT,MKT506,Kinh tế vĩ mô 1,3,56,Lý Bảo Linh,HK1,2025-2026
KT_HP0408,KT,ACC507,Nguyên lý kế toán,2,42,Huỳnh Quốc Sơn,HK1,2025-2026
KT_HP0409,KT,ECON508,Quản trị học,3,42,Nguyễn Quốc Tùng,HK1,2025-2026
KT_HP0410,KT,FIN509,Tài chính tiền tệ,4,49,Bùi Bảo Trang,HK1,2025-2026
KT_HP0411,KT,MKT510,Marketing căn bản,3,53,Nguyễn Anh Thắng,HK1,2025-2026
KT_HP0412,KT,ACC511,Quản trị nguồn nhân lực,3,50,Đặng Quốc Hùng,HK1,2025-2026
KT_HP0413,KT,ECON512,Kinh tế quốc tế,3,79,Trần Xuân Hiếu,HK1,2025-2026
KT_HP0414,KT,FIN513,Phân tích tài chính,3,71,Dương Hữu Long,HK1,2025-2026
KT_HP0415,KT,MKT514,Kinh tế vi mô 1,3,53,Võ Quốc Nam,HK1,2025-2026
KT_HP0416,KT,ACC515,Kinh tế vĩ mô 1,4,73,Ngô Kim Hùng,HK1,2025-2026
KT_HP0417,KT,ECON516,Nguyên lý kế toán,3,49,Lê Kim Quân,HK1,2025-2026
KT_HP0418,KT,FIN517,Quản trị học,3,51,Đỗ Đức Trung,HK1,2025-2026
KT_HP0419,KT,MKT518,Tài chính tiền tệ,3,52,Phạm Thị Cường,HK1,2025-2026
KT_HP0420,KT,ACC519,Marketing căn bản,3,72,Bùi Đức Cường,HK1,2025-2026
KT_HP0421,KT,ECON520,Quản trị nguồn nhân lực,3,67,Đỗ Trọng Trang,HK1,2025-2026
KT_HP0422,KT,FIN521,Kinh tế quốc tế,3,63,Đặng Anh Tâm,HK1,2025-2026
KT_HP0423,KT,MKT522,Phân tích tài chính,2,46,Phạm Bảo Hoàng,HK1,2025-2026
KT_HP0424,KT,ACC523,Kinh tế vi mô 1,3,60,Hoàng Xuân Long,HK1,2025-2026
KT_HP0425,KT,ECON524,Kinh tế vĩ mô 1,3,69,Ngô Minh Tâm,HK1,2025-2026
KT_HP0426,KT,FIN525,Nguyên lý kế toán,3,41,Đỗ Anh Cường,HK1,2025-2026
KT_HP0427,KT,MKT526,Quản trị học,4,48,Trần Trọng Tuấn,HK1,2025-2026
KT_HP0428,KT,ACC527,Tài chính tiền tệ,3,42,Lý Văn Vũ,HK1,2025-2026
KT_HP0429,KT,ECON528,Marketing căn bản,3,76,Hoàng Văn Hoàng,HK1,2025-2026
KT_HP0430,KT,FIN529,Quản trị nguồn nhân lực,3,60,Dương Văn Hoàng,HK1,2025-2026
KT_HP0431,KT,MKT530,Kinh tế quốc tế,4,37,Nguyễn Ngọc Phúc,HK1,2025-2026
KT_HP0432,KT,ACC531,Phân tích tài chính,2,79,Vũ Hữu Tâm,HK1,2025-2026
KT_HP0433,KT,ECON532,Kinh tế vi mô 1,4,38,Phạm Quốc Linh,HK1,2025-2026
KT_HP0434,KT,FIN533,Kinh tế vĩ mô 1,3,59,Đỗ Đức Nam,HK1,2025-2026
KT_HP0435,KT,MKT534,Nguyên lý kế toán,4,56,Trần Trọng Vinh,HK1,2025-2026
KT_HP0436,KT,ACC535,Quản trị học,4,74,Dương Anh Hùng,HK1,2025-2026
KT_HP0437,KT,ECON536,Tài chính tiền tệ,4,43,Hồ Quốc Nghĩa,HK1,2025-2026
KT_HP0438,KT,FIN537,Marketing căn bản,3,64,Lê Văn Vinh,HK1,2025-2026
KT_HP0439,KT,MKT538,Quản trị nguồn nhân lực,3,60,Trần Quốc Phúc,HK1,2025-2026
KT_HP0440,KT,ACC539,Kinh tế quốc tế,4,47,Đỗ Anh Sơn,HK1,2025-2026
KT_HP0441,KT,ECON540,Phân tích tài chính,3,56,Hồ Thanh Thảo,HK1,2025-2026
KT_HP0442,KT,FIN541,Kinh tế vi mô 1,4,52,Võ Kim Giang,HK1,2025-2026
KT_HP0443,KT,MKT542,Kinh tế vĩ mô 1,3,45,Hoàng Văn Quân,HK1,2025-2026
KT_HP0444,KT,ACC543,Nguyên lý kế toán,3,80,Dương Ngọc Tuấn,HK1,2025-2026
KT_HP0445,KT,ECON544,Quản trị học,3,53,Trần Minh Phong,HK1,2025-2026
KT_HP0446,KT,FIN545,Tài chính tiền tệ,2,48,Phạm Trọng Bình,HK1,2025-2026
KT_HP0447,KT,MKT546,Marketing căn bản,3,51,Ngô Văn Giang,HK1,2025-2026
KT_HP0448,KT,ACC547,Quản trị nguồn nhân lực,2,39,Phan Văn Hùng,HK1,2025-2026
KT_HP0449,KT,ECON548,Kinh tế quốc tế,4,53,Huỳnh Anh Hiếu,HK1,2025-2026
KT_HP0450,KT,FIN549,Phân tích tài chính,2,42,Đỗ Anh Huy,HK1,2025-2026
KT_HP0451,KT,MKT550,Kinh tế vi mô 1,3,68,Vũ Minh Phong,HK1,2025-2026
KT_HP0452,KT,ACC551,Kinh tế vĩ mô 1,3,54,Hồ Thị Hoàng,HK1,2025-2026
KT_HP0453,KT,ECON552,Nguyên lý kế toán,3,78,Vũ Trọng Bình,HK1,2025-2026
KT_HP0454,KT,FIN553,Quản trị học,3,62,Trần Thanh Thảo,HK1,2025-2026
KT_HP0455,KT,MKT554,Tài chính tiền tệ,4,42,Đặng Văn Vinh,HK1,2025-2026
KT_HP0456,KT,ACC555,Marketing căn bản,2,70,Hồ Bảo Hùng,HK1,2025-2026
KT_HP0457,KT,ECON556,Quản trị nguồn nhân lực,3,65,Vũ Văn Giang,HK1,2025-2026
KT_HP0458,KT,FIN557,Kinh tế quốc tế,3,56,Phan Hải Tùng,HK1,2025-2026
KT_HP0459,KT,MKT558,Phân tích tài chính,3,52,Ngô Thị Vũ,HK1,2025-2026
KT_HP0460,KT,ACC559,Kinh tế vi mô 1,3,40,Phan Đức Sơn,HK1,2025-2026
KT_HP0461,KT,ECON560,Kinh tế vĩ mô 1,3,49,Vũ Trọng Bình,HK1,2025-2026
KT_HP0462,KT,FIN561,Nguyên lý kế toán,3,51,Võ Xuân Hùng,HK1,2025-2026
KT_HP0463,KT,MKT562,Quản trị học,4,59,Nguyễn Hải Dũng,HK1,2025-2026
KT_HP0464,KT,ACC563,Tài chính tiền tệ,3,63,Trần Đức Thảo,HK1,2025-2026
KT_HP0465,KT,ECON564,Marketing căn bản,2,67,Vũ Anh Phúc,HK1,2025-2026
KT_HP0466,KT,FIN565,Quản trị nguồn nhân lực,3,80,Đặng Hữu An,HK1,2025-2026
KT_HP0467,KT,MKT566,Kinh tế quốc tế,2,80,Nguyễn Hữu Bình,HK1,2025-2026
KT_HP0468,KT,ACC567,Phân tích tài chính,3,43,Ngô Hữu Phong,HK1,2025-2026
KT_HP0469,KT,ECON568,Kinh tế vi mô 1,4,63,Võ Thanh Hoàng,HK1,2025-2026
KT_HP0470,KT,FIN569,Kinh tế vĩ mô 1,3,70,Võ Thị Tâm,HK1,2025-2026
KT_HP0471,KT,MKT570,Nguyên lý kế toán,4,51,Đặng Đức Hùng,HK1,2025-2026
KT_HP0472,KT,ACC571,Quản trị học,3,69,Dương Kim Bình,HK1,2025-2026
KT_HP0473,KT,ECON572,Tài chính tiền tệ,3,59,Đỗ Ngọc Nghĩa,HK1,2025-2026
KT_HP0474,KT,FIN573,Marketing căn bản,3,75,Lê Đức Phúc,HK1,2025-2026
KT_HP0475,KT,MKT574,Quản trị nguồn nhân lực,2,79,Vũ Trọng Long,HK1,2025-2026
KT_HP0476,KT,ACC575,Kinh tế quốc tế,4,39,Nguyễn Ngọc Cường,HK1,2025-2026
KT_HP0477,KT,ECON576,Phân tích tài chính,4,64,Ngô Trọng Bình,HK1,2025-2026
KT_HP0478,KT,FIN577,Kinh tế vi mô 1,3,42,Ngô Xuân Trung,HK1,2025-2026
KT_HP0479,KT,MKT578,Kinh tế vĩ mô 1,2,39,Trần Quốc Hùng,HK1,2025-2026
KT_HP0480,KT,ACC579,Nguyên lý kế toán,3,52,Lý Văn Mai,HK1,2025-2026
KT_HP0481,KT,ECON580,Quản trị học,3,62,Võ Minh Linh,HK1,2025-2026
KT_HP0482,KT,FIN581,Tài chính tiền tệ,4,60,Dương Quốc Vũ,HK1,2025-2026
KT_HP0483,KT,MKT582,Marketing căn bản,3,75,Lý Bảo Linh,HK1,2025-2026
KT_HP0484,KT,ACC583,Quản trị nguồn nhân lực,4,59,Vũ Bảo Huy,HK1,2025-2026
KT_HP0485,KT,ECON584,Kinh tế quốc tế,2,44,Phan Kim Vinh,HK1,2025-2026
KT_HP0486,KT,FIN585,Phân tích tài chính,3,56,Hồ Bảo Hiếu,HK1,2025-2026
KT_HP0487,KT,MKT586,Kinh tế vi mô 1,4,58,Phan Ngọc Nghĩa,HK1,2025-2026
KT_HP0488,KT,ACC587,Kinh tế vĩ mô 1,2,59,Trần Bảo Bình,HK1,2025-2026
KT_HP0489,KT,ECON588,Nguyên lý kế toán,3,54,Lê Đức Vinh,HK1,2025-2026
KT_HP0490,KT,FIN589,Quản trị học,3,54,Vũ Hữu Hiếu,HK1,2025-2026
KT_HP0491,KT,MKT590,Tài chính tiền tệ,3,61,Võ Minh Sơn,HK1,2025-2026
KT_HP0492,KT,ACC591,Marketing căn bản,4,69,Hồ Thanh Phong,HK1,2025-2026
KT_HP0493,KT,ECON592,Quản trị nguồn nhân lực,3,66,Lý Văn Quân,HK1,2025-2026
KT_HP0494,KT,FIN593,Kinh tế quốc tế,2,70,Phạm Xuân Cường,HK1,2025-2026
KT_HP0495,KT,MKT594,Phân tích tài chính,3,66,Vũ Xuân Hải,HK1,2025-2026
KT_HP0496,KT,ACC595,Kinh tế vi mô 1,4,80,Phạm Ngọc Hoàng,HK1,2025-2026
KT_HP0497,KT,ECON596,Kinh tế vĩ mô 1,4,55,Bùi Hữu Nghĩa,HK1,2025-2026
KT_HP0498,KT,FIN597,Nguyên lý kế toán,2,42,Đặng Trọng Trung,HK1,2025-2026
KT_HP0499,KT,MKT598,Quản trị học,4,73,Lê Đức Vinh,HK1,2025-2026
KT_HP0500,KT,ACC599,Tài chính tiền tệ,3,80,Hồ Thị Huy,HK1,2025-2026
KT_HP0501,KT,ECON600,Marketing căn bản,2,52,Đỗ Trọng Trung,HK1,2025-2026
KT_HP0502,KT,FIN601,Quản trị nguồn nhân lực,3,42,Dương Trọng Long,HK1,2025-2026
KT_HP0503,KT,MKT602,Kinh tế quốc tế,3,55,Hoàng Hữu Bình,HK1,2025-2026
KT_HP0504,KT,ACC603,Phân tích tài chính,2,73,Huỳnh Anh Sơn,HK1,2025-2026
KT_HP0505,KT,ECON604,Kinh tế vi mô 1,2,66,Lý Kim Tùng,HK1,2025-2026
KT_HP0506,KT,FIN605,Kinh tế vĩ mô 1,4,42,Hồ Ngọc Tâm,HK1,2025-2026
KT_HP0507,KT,MKT606,Nguyên lý kế toán,3,47,Phan Hữu An,HK1,2025-2026
KT_HP0508,KT,ACC607,Quản trị học,4,55,Hoàng Hữu Thảo,HK1,2025-2026
KT_HP0509,KT,ECON608,Tài chính tiền tệ,3,61,Nguyễn Thanh Dũng,HK1,2025-2026
KT_HP0510,KT,FIN609,Marketing căn bản,3,53,Huỳnh Minh Nghĩa,HK1,2025-2026
KT_HP0511,KT,MKT610,Quản trị nguồn nhân lực,4,67,Huỳnh Trọng Mai,HK1,2025-2026
KT_HP0512,KT,ACC611,Kinh tế quốc tế,3,47,Đỗ Thanh Tuấn,HK1,2025-2026
KT_HP0513,KT,ECON612,Phân tích tài chính,2,41,Vũ Đức Giang,HK1,2025-2026
KT_HP0514,KT,FIN613,Kinh tế vi mô 1,2,57,Vũ Văn Khoa,HK1,2025-2026
KT_HP0515,KT,MKT614,Kinh tế vĩ mô 1,3,70,Nguyễn Đức Quân,HK1,2025-2026
KT_HP0516,KT,ACC615,Nguyên lý kế toán,3,76,Nguyễn Hữu Mai,HK1,2025-2026
KT_HP0517,KT,ECON616,Quản trị học,4,63,Đặng Bảo Giang,HK1,2025-2026
KT_HP0518,KT,FIN617,Tài chính tiền tệ,3,36,Phạm Văn Nghĩa,HK1,2025-2026
KT_HP0519,KT,MKT618,Marketing căn bản,3,76,Lê Hữu Phúc,HK1,2025-2026
KT_HP0520,KT,ACC619,Quản trị nguồn nhân lực,4,43,Trần Thanh Hà,HK1,2025-2026
KT_HP0521,KT,ECON620,Kinh tế quốc tế,3,48,Huỳnh Minh Tùng,HK1,2025-2026
KT_HP0522,KT,FIN621,Phân tích tài chính,3,78,Phan Bảo Vinh,HK1,2025-2026
KT_HP0523,KT,MKT622,Kinh tế vi mô 1,4,74,Huỳnh Thanh Hải,HK1,2025-2026
KT_HP0524,KT,ACC623,Kinh tế vĩ mô 1,2,46,Lý Thanh Cường,HK1,2025-2026
KT_HP0525,KT,ECON624,Nguyên lý kế toán,4,51,Vũ Thanh Tâm,HK1,2025-2026
KT_HP0526,KT,FIN625,Quản trị học,3,57,Huỳnh Bảo Dũng,HK1,2025-2026
KT_HP0527,KT,MKT626,Tài chính tiền tệ,3,50,Đặng Anh Khoa,HK1,2025-2026
KT_HP0528,KT,ACC627,Marketing căn bản,3,75,Hoàng Xuân Hùng,HK1,2025-2026
KT_HP0529,KT,ECON628,Quản trị nguồn nhân lực,3,42,Võ Thị Huy,HK1,2025-2026
KT_HP0530,KT,FIN629,Kinh tế quốc tế,2,59,Trần Trọng Thảo,HK1,2025-2026
KT_HP0531,KT,MKT630,Phân tích tài chính,4,45,Đỗ Văn Quân,HK1,2025-2026
KT_HP0532,KT,ACC631,Kinh tế vi mô 1,3,47,Trần Trọng Nghĩa,HK1,2025-2026
KT_HP0533,KT,ECON632,Kinh tế vĩ mô 1,2,55,Phạm Thanh Hùng,HK1,2025-2026
KT_HP0534,KT,FIN633,Nguyên lý kế toán,4,76,Lý Hải Hà,HK1,2025-2026
KT_HP0535,KT,MKT634,Quản trị học,4,79,Phan Anh Hùng,HK1,2025-2026
KT_HP0536,KT,ACC635,Tài chính tiền tệ,3,75,Vũ Hải Hải,HK1,2025-2026
KT_HP0537,KT,ECON636,Marketing căn bản,3,38,Đặng Quốc Trung,HK1,2025-2026
KT_HP0538,KT,FIN637,Quản trị nguồn nhân lực,3,61,Ngô Trọng Huy,HK1,2025-2026
KT_HP0539,KT,MKT638,Kinh tế quốc tế,3,66,Lý Kim Nghĩa,HK1,2025-2026
KT_HP0540,KT,ACC639,Phân tích tài chính,2,80,Vũ Thị Hùng,HK1,2025-2026
KT_HP0541,KT,ECON640,Kinh tế vi mô 1,2,58,Đặng Đức Thắng,HK1,2025-2026
KT_HP0542,KT,FIN641,Kinh tế vĩ mô 1,2,50,Võ Ngọc Thắng,HK1,2025-2026
KT_HP0543,KT,MKT642,Nguyên lý kế toán,4,43,Ngô Hải Trang,HK1,2025-2026
KT_HP0544,KT,ACC643,Quản trị học,4,47,Lê Anh Quân,HK1,2025-2026
KT_HP0545,KT,ECON644,Tài chính tiền tệ,3,69,Đặng Quốc Nghĩa,HK1,2025-2026
KT_HP0546,KT,FIN645,Marketing căn bản,2,70,Ngô Thanh Trung,HK1,2025-2026
KT_HP0547,KT,MKT646,Quản trị nguồn nhân lực,2,75,Phạm Thị Phong,HK1,2025-2026
KT_HP0548,KT,ACC647,Kinh tế quốc tế,2,78,Trần Đức Phúc,HK1,2025-2026
KT_HP0549,KT,ECON648,Phân tích tài chính,4,51,Vũ Thị Quân,HK1,2025-2026
KT_HP0550,KT,FIN649,Kinh tế vi mô 1,4,35,Hoàng Hữu Phong,HK1,2025-2026
KT_HP0551,KT,MKT650,Kinh tế vĩ mô 1,4,75,Nguyễn Quốc Vinh,HK1,2025-2026
KT_HP0552,KT,ACC651,Nguyên lý kế toán,3,44,Lý Trọng Huy,HK1,2025-2026
KT_HP0553,KT,ECON652,Quản trị học,2,48,Huỳnh Ngọc Phong,HK1,2025-2026
KT_HP0554,KT,FIN653,Tài chính tiền tệ,2,73,Đỗ Quốc Long,HK1,2025-2026
KT_HP0555,KT,MKT654,Marketing căn bản,4,77,Vũ Hữu Sơn,HK1,2025-2026
KT_HP0556,KT,ACC655,Quản trị nguồn nhân lực,3,79,Đỗ Xuân Trang,HK1,2025-2026
KT_HP0557,KT,ECON656,Kinh tế quốc tế,4,71,Bùi Kim Hiếu,HK1,2025-2026
KT_HP0558,KT,FIN657,Phân tích tài chính,4,71,Đặng Đức Thắng,HK1,2025-2026
KT_HP0559,KT,MKT658,Kinh tế vi mô 1,3,50,Phan Quốc Nam,HK1,2025-2026
KT_HP0560,KT,ACC659,Kinh tế vĩ mô 1,3,44,Lý Bảo Hiếu,HK1,2025-2026
KT_HP0561,KT,ECON660,Nguyên lý kế toán,4,76,Hoàng Đức Phúc,HK1,2025-2026
KT_HP0562,KT,FIN661,Quản trị học,3,71,Lê Bảo Cường,HK1,2025-2026
KT_HP0563,KT,MKT662,Tài chính tiền tệ,3,46,Võ Kim Bình,HK1,2025-2026
KT_HP0564,KT,ACC663,Marketing căn bản,4,37,Hồ Thị Hải,HK1,2025-2026
KT_HP0565,KT,ECON664,Quản trị nguồn nhân lực,4,54,Dương Thanh Long,HK1,2025-2026
KT_HP0566,KT,FIN665,Kinh tế quốc tế,2,42,Hoàng Kim Thảo,HK1,2025-2026
KT_HP0567,KT,MKT666,Phân tích tài chính,3,36,Nguyễn Thanh Nam,HK1,2025-2026
KT_HP0568,KT,ACC667,Kinh tế vi mô 1,3,74,Trần Anh Huy,HK1,2025-2026
KT_HP0569,KT,ECON668,Kinh tế vĩ mô 1,4,60,Hồ Anh Khoa,HK1,2025-2026
KT_HP0570,KT,FIN669,Nguyên lý kế toán,2,42,Lý Ngọc Trung,HK1,2025-2026
KT_HP0571,KT,MKT670,Quản trị học,2,78,Hồ Thanh Thảo,HK1,2025-2026
KT_HP0572,KT,ACC671,Tài chính tiền tệ,2,65,Phan Văn Sơn,HK1,2025-2026
KT_HP0573,KT,ECON672,Marketing căn bản,2,71,Bùi Xuân Dũng,HK1,2025-2026
KT_HP0574,KT,FIN673,Quản trị nguồn nhân lực,3,41,Hoàng Hữu Dũng,HK1,2025-2026
KT_HP0575,KT,MKT674,Kinh tế quốc tế,3,63,Nguyễn Bảo Nghĩa,HK1,2025-2026
KT_HP0576,KT,ACC675,Phân tích tài chính,2,58,Đỗ Ngọc Trung,HK1,2025-2026
KT_HP0577,KT,ECON676,Kinh tế vi mô 1,2,80,Trần Kim Nghĩa,HK1,2025-2026
KT_HP0578,KT,FIN677,Kinh tế vĩ mô 1,2,54,Vũ Thanh Tùng,HK1,2025-2026
KT_HP0579,KT,MKT678,Nguyên lý kế toán,3,37,Trần Văn An,HK1,2025-2026
KT_HP0580,KT,ACC679,Quản trị học,3,46,Dương Minh Huy,HK1,2025-2026
KT_HP0581,KT,ECON680,Tài chính tiền tệ,3,69,Võ Anh Hùng,HK1,2025-2026
KT_HP0582,KT,FIN681,Marketing căn bản,3,50,Võ Văn Phong,HK1,2025-2026
KT_HP0583,KT,MKT682,Quản trị nguồn nhân lực,4,59,Đỗ Đức Tùng,HK1,2025-2026
KT_HP0584,KT,ACC683,Kinh tế quốc tế,4,44,Hoàng Kim Linh,HK1,2025-2026
KT_HP0585,KT,ECON684,Phân tích tài chính,3,80,Trần Trọng Phúc,HK1,2025-2026
KT_HP0586,KT,FIN685,Kinh tế vi mô 1,2,55,Vũ Minh Trung,HK1,2025-2026
KT_HP0587,KT,MKT686,Kinh tế vĩ mô 1,3,79,Ngô Thanh Linh,HK1,2025-2026
KT_HP0588,KT,ACC687,Nguyên lý kế toán,3,43,Huỳnh Minh Thắng,HK1,2025-2026
KT_HP0589,KT,ECON688,Quản trị học,3,71,Huỳnh Hữu Huy,HK1,2025-2026
KT_HP0590,KT,FIN689,Tài chính tiền tệ,4,62,Dương Hữu Dũng,HK1,2025-2026
KT_HP0591,KT,MKT690,Marketing căn bản,2,76,Đặng Xuân Mai,HK1,2025-2026
KT_HP0592,KT,ACC691,Quản trị nguồn nhân lực,2,65,Đỗ Quốc An,HK1,2025-2026
KT_HP0593,KT,ECON692,Kinh tế quốc tế,4,36,Đỗ Xuân Long,HK1,2025-2026
KT_HP0594,KT,FIN693,Phân tích tài chính,4,70,Trần Kim An,HK1,2025-2026
KT_HP0595,KT,MKT694,Kinh tế vi mô 1,4,67,Ngô Thanh Tùng,HK1,2025-2026
KT_HP0596,KT,ACC695,Kinh tế vĩ mô 1,4,47,Bùi Xuân Khoa,HK1,2025-2026
KT_HP0597,KT,ECON696,Nguyên lý kế toán,3,64,Trần Kim Trang,HK1,2025-2026
KT_HP0598,KT,FIN697,Quản trị học,3,37,Lý Quốc Thảo,HK1,2025-2026
KT_HP0599,KT,MKT698,Tài chính tiền tệ,4,52,Lý Thị Hà,HK1,2025-2026
KT_HP0600,KT,ACC699,Marketing căn bản,3,37,Lý Minh Quân,HK1,2025-2026
KT_HP0601,KT,ECON700,Quản trị nguồn nhân lực,3,66,Lê Thanh Nam,HK1,2025-2026
KT_HP0602,KT,FIN701,Kinh tế quốc tế,3,36,Phan Minh Cường,HK1,2025-2026
KT_HP0603,KT,MKT702,Phân tích tài chính,4,64,Nguyễn Thị Tuấn,HK1,2025-2026
KT_HP0604,KT,ACC703,Kinh tế vi mô 1,3,44,Lê Trọng Nghĩa,HK1,2025-2026
KT_HP0605,KT,ECON704,Kinh tế vĩ mô 1,3,70,Đỗ Văn Hoàng,HK1,2025-2026
KT_HP0606,KT,FIN705,Nguyên lý kế toán,3,56,Trần Hữu Sơn,HK1,2025-2026
KT_HP0607,KT,MKT706,Quản trị học,3,64,Ngô Quốc Huy,HK1,2025-2026
KT_HP0608,KT,ACC707,Tài chính tiền tệ,3,57,Phạm Hữu Vũ,HK1,2025-2026
KT_HP0609,KT,ECON708,Marketing căn bản,3,50,Hoàng Đức Giang,HK1,2025-2026
KT_HP0610,KT,FIN709,Quản trị nguồn nhân lực,3,67,Bùi Quốc Hoàng,HK1,2025-2026
KT_HP0611,KT,MKT710,Kinh tế quốc tế,2,38,Phạm Đức Khoa,HK1,2025-2026
KT_HP0612,KT,ACC711,Phân tích tài chính,3,65,Phạm Bảo Hùng,HK1,2025-2026
KT_HP0613,KT,ECON712,Kinh tế vi mô 1,2,50,Vũ Anh Sơn,HK1,2025-2026
KT_HP0614,KT,FIN713,Kinh tế vĩ mô 1,4,70,Bùi Bảo Cường,HK1,2025-2026
KT_HP0615,KT,MKT714,Nguyên lý kế toán,4,36,Huỳnh Ngọc Thắng,HK1,2025-2026
KT_HP0616,KT,ACC715,Quản trị học,2,61,Bùi Hải Khoa,HK1,2025-2026
KT_HP0617,KT,ECON716,Tài chính tiền tệ,4,70,Bùi Xuân Nam,HK1,2025-2026
KT_HP0618,KT,FIN717,Marketing căn bản,2,73,Trần Quốc Vinh,HK1,2025-2026
KT_HP0619,KT,MKT718,Quản trị nguồn nhân lực,3,57,Dương Bảo Trang,HK1,2025-2026
KT_HP0620,KT,ACC719,Kinh tế quốc tế,3,64,Vũ Văn Vũ,HK1,2025-2026
KT_HP0621,KT,ECON720,Phân tích tài chính,3,79,Đặng Trọng An,HK1,2025-2026
KT_HP0622,KT,FIN721,Kinh tế vi mô 1,3,68,Phan Văn Cường,HK1,2025-2026
KT_HP0623,KT,MKT722,Kinh tế vĩ mô 1,3,58,Nguyễn Thanh Giang,HK1,2025-2026
KT_HP0624,KT,ACC723,Nguyên lý kế toán,4,41,Huỳnh Minh Phúc,HK1,2025-2026
KT_HP0625,KT,ECON724,Quản trị học,3,53,Lý Minh Sơn,HK1,2025-2026
KT_HP0626,KT,FIN725,Tài chính tiền tệ,4,52,Bùi Thị Vũ,HK1,2025-2026
KT_HP0627,KT,MKT726,Marketing căn bản,3,35,Hoàng Đức Huy,HK1,2025-2026
KT_HP0628,KT,ACC727,Quản trị nguồn nhân lực,3,79,Đặng Xuân Hiếu,HK1,2025-2026
KT_HP0629,KT,ECON728,Kinh tế quốc tế,4,76,Đỗ Minh Vũ,HK1,2025-2026
KT_HP0630,KT,FIN729,Phân tích tài chính,4,55,Huỳnh Trọng Khoa,HK1,2025-2026
KT_HP0631,KT,MKT730,Kinh tế vi mô 1,2,37,Nguyễn Văn Hùng,HK1,2025-2026
KT_HP0632,KT,ACC731,Kinh tế vĩ mô 1,3,51,Phan Trọng Huy,HK1,2025-2026
KT_HP0633,KT,ECON732,Nguyên lý kế toán,4,71,Hồ Thị Tuấn,HK1,2025-2026
KT_HP0634,KT,FIN733,Quản trị học,2,54,Đỗ Trọng Tâm,HK1,2025-2026
KT_HP0635,KT,MKT734,Tài chính tiền tệ,3,44,Huỳnh Minh Trang,HK1,2025-2026
KT_HP0636,KT,ACC735,Marketing căn bản,3,65,Đỗ Hải Phúc,HK1,2025-2026
KT_HP0637,KT,ECON736,Quản trị nguồn nhân lực,4,78,Nguyễn Văn Quân,HK1,2025-2026
KT_HP0638,KT,FIN737,Kinh tế quốc tế,2,60,Võ Thị Trang,HK1,2025-2026
KT_HP0639,KT,MKT738,Phân tích tài chính,3,57,Trần Minh Trung,HK1,2025-2026
KT_HP0640,KT,ACC739,Kinh tế vi mô 1,3,71,Hoàng Minh Thảo,HK1,2025-2026
KT_HP0641,KT,ECON740,Kinh tế vĩ mô 1,4,61,Hoàng Kim Giang,HK1,2025-2026
KT_HP0642,KT,FIN741,Nguyên lý kế toán,3,59,Huỳnh Hải Tâm,HK1,2025-2026
KT_HP0643,KT,MKT742,Quản trị học,3,48,Huỳnh Hải Phúc,HK1,2025-2026
KT_HP0644,KT,ACC743,Tài chính tiền tệ,3,67,Dương Văn Vinh,HK1,2025-2026
KT_HP0645,KT,ECON744,Marketing căn bản,3,80,Hoàng Trọng Sơn,HK1,2025-2026
KT_HP0646,KT,FIN745,Quản trị nguồn nhân lực,3,53,Trần Ngọc Tùng,HK1,2025-2026
KT_HP0647,KT,MKT746,Kinh tế quốc tế,3,62,Ngô Thị Long,HK1,2025-2026
KT_HP0648,KT,ACC747,Phân tích tài chính,3,77,Hồ Văn An,HK1,2025-2026
KT_HP0649,KT,ECON748,Kinh tế vi mô 1,4,39,Hồ Thị Trung,HK1,2025-2026
KT_HP0650,KT,FIN749,Kinh tế vĩ mô 1,2,38,Đặng Đức Hùng,HK1,2025-2026
KT_HP0651,KT,MKT750,Nguyên lý kế toán,3,52,Huỳnh Trọng Hùng,HK1,2025-2026
KT_HP0652,KT,ACC751,Quản trị học,3,78,Hồ Trọng Vinh,HK1,2025-2026
KT_HP0653,KT,ECON752,Tài chính tiền tệ,3,63,Vũ Kim Hải,HK1,2025-2026
KT_HP0654,KT,FIN753,Marketing căn bản,3,66,Võ Văn Giang,HK1,2025-2026
KT_HP0655,KT,MKT754,Quản trị nguồn nhân lực,3,47,Phan Đức Khoa,HK1,2025-2026
KT_HP0656,KT,ACC755,Kinh tế quốc tế,3,41,Huỳnh Trọng Quân,HK1,2025-2026
KT_HP0657,KT,ECON756,Phân tích tài chính,3,71,Phạm Kim Phong,HK1,2025-2026
KT_HP0658,KT,FIN757,Kinh tế vi mô 1,3,35,Đỗ Thanh Hải,HK1,2025-2026
KT_HP0659,KT,MKT758,Kinh tế vĩ mô 1,2,36,Vũ Xuân Hải,HK1,2025-2026
KT_HP0660,KT,ACC759,Nguyên lý kế toán,3,56,Ngô Quốc Cường,HK1,2025-2026
KT_HP0661,KT,ECON760,Quản trị học,2,67,Phan Thị Linh,HK1,2025-2026
KT_HP0662,KT,FIN761,Tài chính tiền tệ,4,43,Ngô Quốc Giang,HK1,2025-2026
KT_HP0663,KT,MKT762,Marketing căn bản,4,56,Vũ Hữu Hải,HK1,2025-2026
KT_HP0664,KT,ACC763,Quản trị nguồn nhân lực,2,59,Dương Đức Linh,HK1,2025-2026
KT_HP0665,KT,ECON764,Kinh tế quốc tế,2,54,Bùi Xuân Cường,HK1,2025-2026
KT_HP0666,KT,FIN765,Phân tích tài chính,3,40,Võ Xuân Thắng,HK1,2025-2026
KT_HP0667,KT,MKT766,Kinh tế vi mô 1,3,44,Phan Thị Hiếu,HK1,2025-2026
KT_HP0668,KT,ACC767,Kinh tế vĩ mô 1,3,69,Dương Văn Nghĩa,HK1,2025-2026
KT_HP0669,KT,ECON768,Nguyên lý kế toán,4,48,Phan Minh An,HK1,2025-2026
KT_HP0670,KT,FIN769,Quản trị học,4,70,Ngô Trọng Sơn,HK1,2025-2026
KT_HP0671,KT,MKT770,Tài chính tiền tệ,3,45,Dương Quốc Hoàng,HK1,2025-2026
KT_HP0672,KT,ACC771,Marketing căn bản,4,49,Lý Đức Hiếu,HK1,2025-2026
KT_HP0673,KT,ECON772,Quản trị nguồn nhân lực,3,38,Lý Thanh Hà,HK1,2025-2026
KT_HP0674,KT,FIN773,Kinh tế quốc tế,3,52,Bùi Ngọc Phúc,HK1,2025-2026
KT_HP0675,KT,MKT774,Phân tích tài chính,3,59,Ngô Thanh Hà,HK1,2025-2026
KT_HP0676,KT,ACC775,Kinh tế vi mô 1,2,77,Phan Minh Sơn,HK1,2025-2026
KT_HP0677,KT,ECON776,Kinh tế vĩ mô 1,4,77,Vũ Hải Mai,HK1,2025-2026
KT_HP0678,KT,FIN777,Nguyên lý kế toán,3,57,Dương Hữu Khoa,HK1,2025-2026
KT_HP0679,KT,MKT778,Quản trị học,3,56,Võ Trọng An,HK1,2025-2026
KT_HP0680,KT,ACC779,Tài chính tiền tệ,4,57,Lê Hải An,HK1,2025-2026
KT_HP0681,KT,ECON780,Marketing căn bản,4,56,Dương Xuân Giang,HK1,2025-2026
KT_HP0682,KT,FIN781,Quản trị nguồn nhân lực,2,75,Hoàng Minh Mai,HK1,2025-2026
KT_HP0683,KT,MKT782,Kinh tế quốc tế,2,73,Lý Bảo Trung,HK1,2025-2026
KT_HP0684,KT,ACC783,Phân tích tài chính,4,80,Vũ Đức Phúc,HK1,2025-2026
KT_HP0685,KT,ECON784,Kinh tế vi mô 1,2,43,Bùi Xuân Cường,HK1,2025-2026
KT_HP0686,KT,FIN785,Kinh tế vĩ mô 1,4,70,Vũ Ngọc Tâm,HK1,2025-2026
KT_HP0687,KT,MKT786,Nguyên lý kế toán,2,80,Nguyễn Thanh Phong,HK1,2025-2026
KT_HP0688,KT,ACC787,Quản trị học,3,64,Nguyễn Ngọc Nghĩa,HK1,2025-2026
KT_HP0689,KT,ECON788,Tài chính tiền tệ,2,40,Lê Thị Hiếu,HK1,2025-2026
KT_HP0690,KT,FIN789,Marketing căn bản,3,39,Bùi Kim Dũng,HK1,2025-2026
KT_HP0691,KT,MKT790,Quản trị nguồn nhân lực,4,48,Đặng Thị Hoàng,HK1,2025-2026
KT_HP0692,KT,ACC791,Kinh tế quốc tế,3,37,Hoàng Xuân Phong,HK1,2025-2026
KT_HP0693,KT,ECON792,Phân tích tài chính,3,78,Võ Đức An,HK1,2025-2026
KT_HP0694,KT,FIN793,Kinh tế vi mô 1,3,39,Võ Thanh Hoàng,HK1,2025-2026
KT_HP0695,KT,MKT794,Kinh tế vĩ mô 1,4,37,Đặng Xuân Tùng,HK1,2025-2026
KT_HP0696,KT,ACC795,Nguyên lý kế toán,3,57,Ngô Ngọc Giang,HK1,2025-2026
KT_HP0697,KT,ECON796,Quản trị học,2,74,Lê Anh Thảo,HK1,2025-2026
KT_HP0698,KT,FIN797,Tài chính tiền tệ,2,80,Dương Hữu Phong,HK1,2025-2026
KT_HP0699,KT,MKT798,Marketing căn bản,4,39,Phan Quốc Huy,HK1,2025-2026
KT_HP0700,KT,ACC799,Quản trị nguồn nhân lực,2,50,Dương Đức Hiếu,HK1,2025-2026
KT_HP0701,KT,ECON800,Kinh tế quốc tế,3,79,Phạm Hữu Trang,HK1,2025-2026
KT_HP0702,KT,FIN801,Phân tích tài chính,3,52,Ngô Minh Tùng,HK1,2025-2026
KT_HP0703,KT,MKT802,Kinh tế vi mô 1,4,67,Huỳnh Hữu Phúc,HK1,2025-2026
KT_HP0704,KT,ACC803,Kinh tế vĩ mô 1,3,57,Lý Trọng Vũ,HK1,2025-2026
KT_HP0705,KT,ECON804,Nguyên lý kế toán,4,69,Bùi Hữu Hoàng,HK1,2025-2026
KT_HP0706,KT,FIN805,Quản trị học,3,39,Bùi Bảo Mai,HK1,2025-2026
KT_HP0707,KT,MKT806,Tài chính tiền tệ,2,59,Đặng Thị Bình,HK1,2025-2026
KT_HP0708,KT,ACC807,Marketing căn bản,4,38,Hoàng Bảo An,HK1,2025-2026
KT_HP0709,KT,ECON808,Quản trị nguồn nhân lực,3,65,Ngô Quốc Tuấn,HK1,2025-2026
KT_HP0710,KT,FIN809,Kinh tế quốc tế,3,78,Dương Ngọc Bình,HK1,2025-2026
KT_HP0711,KT,MKT810,Phân tích tài chính,3,42,Ngô Ngọc Vinh,HK1,2025-2026
KT_HP0712,KT,ACC811,Kinh tế vi mô 1,2,73,Phạm Hải Nam,HK1,2025-2026
CNTT_HP0001,CNTT,CT100,Cơ sở dữ liệu,2,55,Đỗ Minh Vinh,HK1,2025-2026
CNTT_HP0002,CNTT,CS101,Lập trình hướng đối tượng,2,72,Võ Hải Hải,HK1,2025-2026
CNTT_HP0003,CNTT,SE102,Cấu trúc dữ liệu và giải thuật,3,36,Lý Bảo Nam,HK1,2025-2026
CNTT_HP0004,CNTT,NET103,Mạng máy tính,4,79,Hoàng Ngọc Tâm,HK1,2025-2026
CNTT_HP0005,CNTT,CT104,Kiến trúc máy tính,3,40,Hồ Hữu Tuấn,HK1,2025-2026
CNTT_HP0006,CNTT,CS105,Hệ điều hành,2,50,Trần Hữu An,HK1,2025-2026
CNTT_HP0007,CNTT,SE106,Phát triển ứng dụng Web,3,61,Hoàng Ngọc Hoàng,HK1,2025-2026
CNTT_HP0008,CNTT,NET107,Trí tuệ nhân tạo,2,67,Vũ Ngọc Hùng,HK1,2025-2026
CNTT_HP0009,CNTT,CT108,Học máy nâng cao,2,78,Lê Thị Hà,HK1,2025-2026
CNTT_HP0010,CNTT,CS109,Cơ sở dữ liệu,3,35,Dương Hữu Mai,HK1,2025-2026
CNTT_HP0011,CNTT,SE110,Lập trình hướng đối tượng,2,55,Đặng Hải Hải,HK1,2025-2026
CNTT_HP0012,CNTT,NET111,Cấu trúc dữ liệu và giải thuật,3,67,Hoàng Thị Nam,HK1,2025-2026
CNTT_HP0013,CNTT,CT112,Mạng máy tính,2,78,Trần Thị Giang,HK1,2025-2026
CNTT_HP0014,CNTT,CS113,Kiến trúc máy tính,2,73,Huỳnh Bảo Giang,HK1,2025-2026
CNTT_HP0015,CNTT,SE114,Hệ điều hành,3,71,Huỳnh Xuân Giang,HK1,2025-2026
CNTT_HP0016,CNTT,NET115,Phát triển ứng dụng Web,2,79,Đặng Hải Sơn,HK1,2025-2026
CNTT_HP0017,CNTT,CT116,Trí tuệ nhân tạo,4,66,Hoàng Văn Hà,HK1,2025-2026
CNTT_HP0018,CNTT,CS117,Học máy nâng cao,3,43,Dương Quốc Nghĩa,HK1,2025-2026
CNTT_HP0019,CNTT,SE118,Cơ sở dữ liệu,3,44,Đỗ Ngọc Huy,HK1,2025-2026
CNTT_HP0020,CNTT,NET119,Lập trình hướng đối tượng,3,76,Dương Thanh Phong,HK1,2025-2026
CNTT_HP0021,CNTT,CT120,Cấu trúc dữ liệu và giải thuật,4,57,Dương Bảo Khoa,HK1,2025-2026
CNTT_HP0022,CNTT,CS121,Mạng máy tính,3,62,Dương Đức Nghĩa,HK1,2025-2026
CNTT_HP0023,CNTT,SE122,Kiến trúc máy tính,3,57,Phan Ngọc Giang,HK1,2025-2026
CNTT_HP0024,CNTT,NET123,Hệ điều hành,4,38,Ngô Văn Hùng,HK1,2025-2026
CNTT_HP0025,CNTT,CT124,Phát triển ứng dụng Web,3,66,Trần Thị Hà,HK1,2025-2026
CNTT_HP0026,CNTT,CS125,Trí tuệ nhân tạo,4,36,Nguyễn Ngọc Trang,HK1,2025-2026
CNTT_HP0027,CNTT,SE126,Học máy nâng cao,3,42,Võ Ngọc An,HK1,2025-2026
CNTT_HP0028,CNTT,NET127,Cơ sở dữ liệu,4,52,Lê Đức Hải,HK1,2025-2026
CNTT_HP0029,CNTT,CT128,Lập trình hướng đối tượng,2,41,Phạm Ngọc Bình,HK1,2025-2026
CNTT_HP0030,CNTT,CS129,Cấu trúc dữ liệu và giải thuật,2,44,Trần Thanh Trang,HK1,2025-2026
CNTT_HP0031,CNTT,SE130,Mạng máy tính,3,60,Đặng Đức Huy,HK1,2025-2026
CNTT_HP0032,CNTT,NET131,Kiến trúc máy tính,3,39,Phạm Bảo Cường,HK1,2025-2026
CNTT_HP0033,CNTT,CT132,Hệ điều hành,3,48,Đỗ Trọng Mai,HK1,2025-2026
CNTT_HP0034,CNTT,CS133,Phát triển ứng dụng Web,2,60,Vũ Hải Linh,HK1,2025-2026
CNTT_HP0035,CNTT,SE134,Trí tuệ nhân tạo,2,77,Bùi Bảo Giang,HK1,2025-2026
CNTT_HP0036,CNTT,NET135,Học máy nâng cao,3,65,Ngô Quốc Dũng,HK1,2025-2026
CNTT_HP0037,CNTT,CT136,Cơ sở dữ liệu,3,56,Hồ Thanh Vũ,HK1,2025-2026
CNTT_HP0038,CNTT,CS137,Lập trình hướng đối tượng,2,50,Bùi Xuân Giang,HK1,2025-2026
CNTT_HP0039,CNTT,SE138,Cấu trúc dữ liệu và giải thuật,3,35,Hồ Đức Hoàng,HK1,2025-2026
CNTT_HP0040,CNTT,NET139,Mạng máy tính,2,41,Lý Hữu Mai,HK1,2025-2026
CNTT_HP0041,CNTT,CT140,Kiến trúc máy tính,4,46,Phan Kim Thảo,HK1,2025-2026
CNTT_HP0042,CNTT,CS141,Hệ điều hành,4,77,Phan Anh Giang,HK1,2025-2026
CNTT_HP0043,CNTT,SE142,Phát triển ứng dụng Web,4,67,Phan Bảo Long,HK1,2025-2026
CNTT_HP0044,CNTT,NET143,Trí tuệ nhân tạo,3,38,Huỳnh Kim Trang,HK1,2025-2026
CNTT_HP0045,CNTT,CT144,Học máy nâng cao,2,35,Đặng Hải Tâm,HK1,2025-2026
CNTT_HP0046,CNTT,CS145,Cơ sở dữ liệu,3,36,Vũ Trọng Linh,HK1,2025-2026
CNTT_HP0047,CNTT,SE146,Lập trình hướng đối tượng,3,40,Dương Xuân Trung,HK1,2025-2026
CNTT_HP0048,CNTT,NET147,Cấu trúc dữ liệu và giải thuật,3,51,Bùi Xuân Dũng,HK1,2025-2026
CNTT_HP0049,CNTT,CT148,Mạng máy tính,3,79,Trần Xuân An,HK1,2025-2026
CNTT_HP0050,CNTT,CS149,Kiến trúc máy tính,4,38,Hồ Văn Hà,HK1,2025-2026
CNTT_HP0051,CNTT,SE150,Hệ điều hành,4,37,Bùi Thanh Hoàng,HK1,2025-2026
CNTT_HP0052,CNTT,NET151,Phát triển ứng dụng Web,2,43,Phạm Hải Khoa,HK1,2025-2026
CNTT_HP0053,CNTT,CT152,Trí tuệ nhân tạo,3,71,Đặng Minh Hà,HK1,2025-2026
CNTT_HP0054,CNTT,CS153,Học máy nâng cao,4,74,Trần Kim Mai,HK1,2025-2026
CNTT_HP0055,CNTT,SE154,Cơ sở dữ liệu,2,42,Đỗ Trọng Nghĩa,HK1,2025-2026
CNTT_HP0056,CNTT,NET155,Lập trình hướng đối tượng,2,74,Hồ Kim Tuấn,HK1,2025-2026
CNTT_HP0057,CNTT,CT156,Cấu trúc dữ liệu và giải thuật,2,42,Hoàng Kim Thắng,HK1,2025-2026
CNTT_HP0058,CNTT,CS157,Mạng máy tính,3,50,Võ Thị An,HK1,2025-2026
CNTT_HP0059,CNTT,SE158,Kiến trúc máy tính,3,67,Bùi Đức Trang,HK1,2025-2026
CNTT_HP0060,CNTT,NET159,Hệ điều hành,2,69,Hoàng Đức Nghĩa,HK1,2025-2026
CNTT_HP0061,CNTT,CT160,Phát triển ứng dụng Web,2,38,Lê Văn Hoàng,HK1,2025-2026
CNTT_HP0062,CNTT,CS161,Trí tuệ nhân tạo,3,41,Phan Anh Bình,HK1,2025-2026
CNTT_HP0063,CNTT,SE162,Học máy nâng cao,2,41,Lê Trọng Vũ,HK1,2025-2026
CNTT_HP0064,CNTT,NET163,Cơ sở dữ liệu,2,35,Vũ Xuân Huy,HK1,2025-2026
CNTT_HP0065,CNTT,CT164,Lập trình hướng đối tượng,2,36,Võ Thị Bình,HK1,2025-2026
CNTT_HP0066,CNTT,CS165,Cấu trúc dữ liệu và giải thuật,4,78,Dương Bảo Long,HK1,2025-2026
CNTT_HP0067,CNTT,SE166,Mạng máy tính,3,40,Trần Hải Phúc,HK1,2025-2026
CNTT_HP0068,CNTT,NET167,Kiến trúc máy tính,3,39,Ngô Trọng Trung,HK1,2025-2026
CNTT_HP0069,CNTT,CT168,Hệ điều hành,4,57,Huỳnh Ngọc Phúc,HK1,2025-2026
CNTT_HP0070,CNTT,CS169,Phát triển ứng dụng Web,3,66,Võ Xuân Giang,HK1,2025-2026
CNTT_HP0071,CNTT,SE170,Trí tuệ nhân tạo,3,41,Bùi Minh Hoàng,HK1,2025-2026
CNTT_HP0072,CNTT,NET171,Học máy nâng cao,3,47,Phan Ngọc Nghĩa,HK1,2025-2026
CNTT_HP0073,CNTT,CT172,Cơ sở dữ liệu,3,57,Lê Ngọc Dũng,HK1,2025-2026
CNTT_HP0074,CNTT,CS173,Lập trình hướng đối tượng,3,60,Ngô Văn Phong,HK1,2025-2026
CNTT_HP0075,CNTT,SE174,Cấu trúc dữ liệu và giải thuật,3,47,Dương Anh Huy,HK1,2025-2026
CNTT_HP0076,CNTT,NET175,Mạng máy tính,3,58,Lê Bảo Phúc,HK1,2025-2026
CNTT_HP0077,CNTT,CT176,Kiến trúc máy tính,3,69,Huỳnh Hải Trung,HK1,2025-2026
CNTT_HP0078,CNTT,CS177,Hệ điều hành,3,74,Lê Bảo Thắng,HK1,2025-2026
CNTT_HP0079,CNTT,SE178,Phát triển ứng dụng Web,3,79,Dương Ngọc Hùng,HK1,2025-2026
CNTT_HP0080,CNTT,NET179,Trí tuệ nhân tạo,3,76,Dương Văn Cường,HK1,2025-2026
CNTT_HP0081,CNTT,CT180,Học máy nâng cao,3,77,Nguyễn Thanh Mai,HK1,2025-2026
CNTT_HP0082,CNTT,CS181,Cơ sở dữ liệu,3,63,Phan Văn Thảo,HK1,2025-2026
CNTT_HP0083,CNTT,SE182,Lập trình hướng đối tượng,3,74,Dương Ngọc Thắng,HK1,2025-2026
CNTT_HP0084,CNTT,NET183,Cấu trúc dữ liệu và giải thuật,4,74,Hoàng Văn Long,HK1,2025-2026
CNTT_HP0085,CNTT,CT184,Mạng máy tính,2,50,Đặng Bảo Hiếu,HK1,2025-2026
CNTT_HP0086,CNTT,CS185,Kiến trúc máy tính,2,71,Phạm Hữu Long,HK1,2025-2026
CNTT_HP0087,CNTT,SE186,Hệ điều hành,4,38,Nguyễn Trọng Phúc,HK1,2025-2026
CNTT_HP0088,CNTT,NET187,Phát triển ứng dụng Web,2,54,Lê Bảo Thảo,HK1,2025-2026
CNTT_HP0089,CNTT,CT188,Trí tuệ nhân tạo,3,44,Bùi Hữu Sơn,HK1,2025-2026
CNTT_HP0090,CNTT,CS189,Học máy nâng cao,3,65,Hồ Văn Nam,HK1,2025-2026
CNTT_HP0091,CNTT,SE190,Cơ sở dữ liệu,2,74,Ngô Thanh Dũng,HK1,2025-2026
CNTT_HP0092,CNTT,NET191,Lập trình hướng đối tượng,3,45,Lý Hữu An,HK1,2025-2026
CNTT_HP0093,CNTT,CT192,Cấu trúc dữ liệu và giải thuật,2,74,Phạm Thanh Khoa,HK1,2025-2026
CNTT_HP0094,CNTT,CS193,Mạng máy tính,3,68,Nguyễn Bảo Sơn,HK1,2025-2026
CNTT_HP0095,CNTT,SE194,Kiến trúc máy tính,3,63,Võ Minh Cường,HK1,2025-2026
CNTT_HP0096,CNTT,NET195,Hệ điều hành,2,36,Võ Hải Huy,HK1,2025-2026
CNTT_HP0097,CNTT,CT196,Phát triển ứng dụng Web,3,56,Vũ Xuân Mai,HK1,2025-2026
CNTT_HP0098,CNTT,CS197,Trí tuệ nhân tạo,4,74,Đỗ Đức Bình,HK1,2025-2026
CNTT_HP0099,CNTT,SE198,Học máy nâng cao,3,64,Hoàng Anh Quân,HK1,2025-2026
CNTT_HP0100,CNTT,NET199,Cơ sở dữ liệu,3,80,Lý Ngọc Tuấn,HK1,2025-2026
CNTT_HP0101,CNTT,CT200,Lập trình hướng đối tượng,3,41,Trần Ngọc Hoàng,HK1,2025-2026
CNTT_HP0102,CNTT,CS201,Cấu trúc dữ liệu và giải thuật,2,53,Ngô Trọng Linh,HK1,2025-2026
CNTT_HP0103,CNTT,SE202,Mạng máy tính,3,38,Trần Thị Khoa,HK1,2025-2026
CNTT_HP0104,CNTT,NET203,Kiến trúc máy tính,3,60,Dương Đức Long,HK1,2025-2026
CNTT_HP0105,CNTT,CT204,Hệ điều hành,3,71,Lê Hải Hùng,HK1,2025-2026
CNTT_HP0106,CNTT,CS205,Phát triển ứng dụng Web,4,63,Huỳnh Đức Hà,HK1,2025-2026
CNTT_HP0107,CNTT,SE206,Trí tuệ nhân tạo,3,45,Ngô Hải Mai,HK1,2025-2026
CNTT_HP0108,CNTT,NET207,Học máy nâng cao,3,40,Võ Hải Dũng,HK1,2025-2026
CNTT_HP0109,CNTT,CT208,Cơ sở dữ liệu,2,40,Bùi Hải Thảo,HK1,2025-2026
CNTT_HP0110,CNTT,CS209,Lập trình hướng đối tượng,3,35,Lê Bảo Dũng,HK1,2025-2026
CNTT_HP0111,CNTT,SE210,Cấu trúc dữ liệu và giải thuật,3,36,Đặng Quốc Linh,HK1,2025-2026
CNTT_HP0112,CNTT,NET211,Mạng máy tính,4,75,Phan Xuân Nghĩa,HK1,2025-2026
CNTT_HP0113,CNTT,CT212,Kiến trúc máy tính,4,56,Đỗ Thị Long,HK1,2025-2026
CNTT_HP0114,CNTT,CS213,Hệ điều hành,3,39,Lý Hải Tâm,HK1,2025-2026
CNTT_HP0115,CNTT,SE214,Phát triển ứng dụng Web,3,54,Hồ Hải Long,HK1,2025-2026
CNTT_HP0116,CNTT,NET215,Trí tuệ nhân tạo,3,67,Đặng Minh Hà,HK1,2025-2026
CNTT_HP0117,CNTT,CT216,Học máy nâng cao,2,61,Phan Bảo Hải,HK1,2025-2026
CNTT_HP0118,CNTT,CS217,Cơ sở dữ liệu,2,60,Võ Bảo Hùng,HK1,2025-2026
CNTT_HP0119,CNTT,SE218,Lập trình hướng đối tượng,4,76,Đặng Thị Mai,HK1,2025-2026
CNTT_HP0120,CNTT,NET219,Cấu trúc dữ liệu và giải thuật,3,68,Đặng Anh Hoàng,HK1,2025-2026
CNTT_HP0121,CNTT,CT220,Mạng máy tính,3,63,Vũ Kim Hải,HK1,2025-2026
CNTT_HP0122,CNTT,CS221,Kiến trúc máy tính,2,79,Nguyễn Kim Cường,HK1,2025-2026
CNTT_HP0123,CNTT,SE222,Hệ điều hành,2,45,Ngô Hữu An,HK1,2025-2026
CNTT_HP0124,CNTT,NET223,Phát triển ứng dụng Web,3,42,Trần Minh Tùng,HK1,2025-2026
CNTT_HP0125,CNTT,CT224,Trí tuệ nhân tạo,3,72,Dương Đức Hùng,HK1,2025-2026
CNTT_HP0126,CNTT,CS225,Học máy nâng cao,2,40,Võ Bảo Mai,HK1,2025-2026
CNTT_HP0127,CNTT,SE226,Cơ sở dữ liệu,3,53,Phan Hải Vũ,HK1,2025-2026
CNTT_HP0128,CNTT,NET227,Lập trình hướng đối tượng,4,42,Hồ Bảo Hiếu,HK1,2025-2026
CNTT_HP0129,CNTT,CT228,Cấu trúc dữ liệu và giải thuật,3,69,Phạm Kim Tâm,HK1,2025-2026
CNTT_HP0130,CNTT,CS229,Mạng máy tính,2,37,Hồ Thị Linh,HK1,2025-2026
CNTT_HP0131,CNTT,SE230,Kiến trúc máy tính,4,51,Huỳnh Quốc Dũng,HK1,2025-2026
CNTT_HP0132,CNTT,NET231,Hệ điều hành,4,76,Võ Hữu Vũ,HK1,2025-2026
CNTT_HP0133,CNTT,CT232,Phát triển ứng dụng Web,2,77,Bùi Thanh Thắng,HK1,2025-2026
CNTT_HP0134,CNTT,CS233,Trí tuệ nhân tạo,2,51,Đỗ Hữu Linh,HK1,2025-2026
CNTT_HP0135,CNTT,SE234,Học máy nâng cao,4,43,Bùi Trọng Phong,HK1,2025-2026
CNTT_HP0136,CNTT,NET235,Cơ sở dữ liệu,3,63,Dương Bảo Thắng,HK1,2025-2026
CNTT_HP0137,CNTT,CT236,Lập trình hướng đối tượng,4,48,Huỳnh Hữu Quân,HK1,2025-2026
CNTT_HP0138,CNTT,CS237,Cấu trúc dữ liệu và giải thuật,3,40,Nguyễn Ngọc Phúc,HK1,2025-2026
CNTT_HP0139,CNTT,SE238,Mạng máy tính,3,78,Huỳnh Văn Mai,HK1,2025-2026
CNTT_HP0140,CNTT,NET239,Kiến trúc máy tính,2,47,Phạm Thị Thắng,HK1,2025-2026
CNTT_HP0141,CNTT,CT240,Hệ điều hành,2,77,Hoàng Thanh Hoàng,HK1,2025-2026
CNTT_HP0142,CNTT,CS241,Phát triển ứng dụng Web,4,41,Trần Kim Thảo,HK1,2025-2026
CNTT_HP0143,CNTT,SE242,Trí tuệ nhân tạo,2,44,Hoàng Đức Thảo,HK1,2025-2026
CNTT_HP0144,CNTT,NET243,Học máy nâng cao,2,79,Vũ Quốc Linh,HK1,2025-2026
CNTT_HP0145,CNTT,CT244,Cơ sở dữ liệu,2,52,Bùi Bảo Hải,HK1,2025-2026
CNTT_HP0146,CNTT,CS245,Lập trình hướng đối tượng,3,66,Phạm Bảo Linh,HK1,2025-2026
CNTT_HP0147,CNTT,SE246,Cấu trúc dữ liệu và giải thuật,4,41,Phạm Trọng Hùng,HK1,2025-2026
CNTT_HP0148,CNTT,NET247,Mạng máy tính,2,74,Vũ Đức Huy,HK1,2025-2026
CNTT_HP0149,CNTT,CT248,Kiến trúc máy tính,2,54,Đặng Xuân Phong,HK1,2025-2026
CNTT_HP0150,CNTT,CS249,Hệ điều hành,3,49,Trần Đức Trung,HK1,2025-2026
CNTT_HP0151,CNTT,SE250,Phát triển ứng dụng Web,3,73,Phan Thanh Tùng,HK1,2025-2026
CNTT_HP0152,CNTT,NET251,Trí tuệ nhân tạo,4,53,Đặng Ngọc Nghĩa,HK1,2025-2026
CNTT_HP0153,CNTT,CT252,Học máy nâng cao,3,68,Đặng Đức Tuấn,HK1,2025-2026
CNTT_HP0154,CNTT,CS253,Cơ sở dữ liệu,2,50,Hồ Ngọc Hiếu,HK1,2025-2026
CNTT_HP0155,CNTT,SE254,Lập trình hướng đối tượng,4,35,Trần Đức Long,HK1,2025-2026
CNTT_HP0156,CNTT,NET255,Cấu trúc dữ liệu và giải thuật,2,51,Hồ Văn Hà,HK1,2025-2026
CNTT_HP0157,CNTT,CT256,Mạng máy tính,3,57,Ngô Ngọc Trung,HK1,2025-2026
CNTT_HP0158,CNTT,CS257,Kiến trúc máy tính,2,55,Nguyễn Xuân Thắng,HK1,2025-2026
CNTT_HP0159,CNTT,SE258,Hệ điều hành,3,39,Nguyễn Thanh Sơn,HK1,2025-2026
CNTT_HP0160,CNTT,NET259,Phát triển ứng dụng Web,3,54,Dương Quốc Cường,HK1,2025-2026
CNTT_HP0161,CNTT,CT260,Trí tuệ nhân tạo,2,73,Nguyễn Quốc Nghĩa,HK1,2025-2026
CNTT_HP0162,CNTT,CS261,Học máy nâng cao,3,45,Lý Thanh Hải,HK1,2025-2026
CNTT_HP0163,CNTT,SE262,Cơ sở dữ liệu,3,66,Ngô Minh Trang,HK1,2025-2026
CNTT_HP0164,CNTT,NET263,Lập trình hướng đối tượng,2,76,Phan Thị Tuấn,HK1,2025-2026
CNTT_HP0165,CNTT,CT264,Cấu trúc dữ liệu và giải thuật,3,80,Vũ Bảo Giang,HK1,2025-2026
CNTT_HP0166,CNTT,CS265,Mạng máy tính,3,45,Trần Quốc Cường,HK1,2025-2026
CNTT_HP0167,CNTT,SE266,Kiến trúc máy tính,3,46,Ngô Văn Thắng,HK1,2025-2026
CNTT_HP0168,CNTT,NET267,Hệ điều hành,3,53,Vũ Thị Tâm,HK1,2025-2026
CNTT_HP0169,CNTT,CT268,Phát triển ứng dụng Web,3,56,Phan Anh Long,HK1,2025-2026
CNTT_HP0170,CNTT,CS269,Trí tuệ nhân tạo,3,35,Phạm Quốc Long,HK1,2025-2026
CNTT_HP0171,CNTT,SE270,Học máy nâng cao,2,55,Vũ Hải Hải,HK1,2025-2026
CNTT_HP0172,CNTT,NET271,Cơ sở dữ liệu,4,52,Lý Xuân Quân,HK1,2025-2026
CNTT_HP0173,CNTT,CT272,Lập trình hướng đối tượng,4,80,Vũ Bảo Phong,HK1,2025-2026
CNTT_HP0174,CNTT,CS273,Cấu trúc dữ liệu và giải thuật,4,41,Lê Hữu Mai,HK1,2025-2026
CNTT_HP0175,CNTT,SE274,Mạng máy tính,2,74,Trần Hữu Cường,HK1,2025-2026
CNTT_HP0176,CNTT,NET275,Kiến trúc máy tính,3,67,Võ Hải Trung,HK1,2025-2026
CNTT_HP0177,CNTT,CT276,Hệ điều hành,3,71,Đỗ Đức Cường,HK1,2025-2026
CNTT_HP0178,CNTT,CS277,Phát triển ứng dụng Web,4,51,Huỳnh Anh Tuấn,HK1,2025-2026
CNTT_HP0179,CNTT,SE278,Trí tuệ nhân tạo,3,73,Phan Bảo Dũng,HK1,2025-2026
CNTT_HP0180,CNTT,NET279,Học máy nâng cao,3,65,Hoàng Hải Giang,HK1,2025-2026
CNTT_HP0181,CNTT,CT280,Cơ sở dữ liệu,3,41,Vũ Kim Quân,HK1,2025-2026
CNTT_HP0182,CNTT,CS281,Lập trình hướng đối tượng,2,74,Huỳnh Đức Sơn,HK1,2025-2026
CNTT_HP0183,CNTT,SE282,Cấu trúc dữ liệu và giải thuật,4,48,Võ Anh Tâm,HK1,2025-2026
CNTT_HP0184,CNTT,NET283,Mạng máy tính,3,53,Lý Thanh Quân,HK1,2025-2026
CNTT_HP0185,CNTT,CT284,Kiến trúc máy tính,4,39,Bùi Xuân Vinh,HK1,2025-2026
CNTT_HP0186,CNTT,CS285,Hệ điều hành,4,37,Vũ Ngọc Hùng,HK1,2025-2026
CNTT_HP0187,CNTT,SE286,Phát triển ứng dụng Web,2,36,Hồ Bảo Khoa,HK1,2025-2026
CNTT_HP0188,CNTT,NET287,Trí tuệ nhân tạo,2,66,Bùi Hữu Khoa,HK1,2025-2026
CNTT_HP0189,CNTT,CT288,Học máy nâng cao,4,76,Nguyễn Ngọc Nam,HK1,2025-2026
CNTT_HP0190,CNTT,CS289,Cơ sở dữ liệu,3,44,Vũ Kim Long,HK1,2025-2026
CNTT_HP0191,CNTT,SE290,Lập trình hướng đối tượng,3,54,Phan Bảo Nghĩa,HK1,2025-2026
CNTT_HP0192,CNTT,NET291,Cấu trúc dữ liệu và giải thuật,2,75,Ngô Đức Hà,HK1,2025-2026
CNTT_HP0193,CNTT,CT292,Mạng máy tính,2,62,Đặng Thị Tuấn,HK1,2025-2026
CNTT_HP0194,CNTT,CS293,Kiến trúc máy tính,3,70,Trần Hải Giang,HK1,2025-2026
CNTT_HP0195,CNTT,SE294,Hệ điều hành,3,69,Vũ Hải Trang,HK1,2025-2026
CNTT_HP0196,CNTT,NET295,Phát triển ứng dụng Web,3,70,Lê Anh Dũng,HK1,2025-2026
CNTT_HP0197,CNTT,CT296,Trí tuệ nhân tạo,3,41,Phạm Văn Giang,HK1,2025-2026
CNTT_HP0198,CNTT,CS297,Học máy nâng cao,4,78,Dương Xuân Huy,HK1,2025-2026
CNTT_HP0199,CNTT,SE298,Cơ sở dữ liệu,3,78,Nguyễn Xuân Phong,HK1,2025-2026
CNTT_HP0200,CNTT,NET299,Lập trình hướng đối tượng,3,57,Dương Thanh Huy,HK1,2025-2026
CNTT_HP0201,CNTT,CT300,Cấu trúc dữ liệu và giải thuật,2,69,Vũ Quốc An,HK1,2025-2026
CNTT_HP0202,CNTT,CS301,Mạng máy tính,4,75,Phan Kim Vũ,HK1,2025-2026
CNTT_HP0203,CNTT,SE302,Kiến trúc máy tính,4,49,Đặng Xuân Tùng,HK1,2025-2026
CNTT_HP0204,CNTT,NET303,Hệ điều hành,3,71,Hoàng Đức Dũng,HK1,2025-2026
CNTT_HP0205,CNTT,CT304,Phát triển ứng dụng Web,4,44,Lý Hải Giang,HK1,2025-2026
CNTT_HP0206,CNTT,CS305,Trí tuệ nhân tạo,3,60,Ngô Ngọc Thảo,HK1,2025-2026
CNTT_HP0207,CNTT,SE306,Học máy nâng cao,2,46,Trần Văn An,HK1,2025-2026
CNTT_HP0208,CNTT,NET307,Cơ sở dữ liệu,2,61,Vũ Kim Tuấn,HK1,2025-2026
CNTT_HP0209,CNTT,CT308,Lập trình hướng đối tượng,2,40,Vũ Đức Hà,HK1,2025-2026
CNTT_HP0210,CNTT,CS309,Cấu trúc dữ liệu và giải thuật,3,47,Dương Đức Nghĩa,HK1,2025-2026
CNTT_HP0211,CNTT,SE310,Mạng máy tính,4,73,Lê Hải Khoa,HK1,2025-2026
CNTT_HP0212,CNTT,NET311,Kiến trúc máy tính,3,78,Nguyễn Bảo Cường,HK1,2025-2026
CNTT_HP0213,CNTT,CT312,Hệ điều hành,3,59,Bùi Trọng Hoàng,HK1,2025-2026
CNTT_HP0214,CNTT,CS313,Phát triển ứng dụng Web,3,69,Võ Anh Quân,HK1,2025-2026
CNTT_HP0215,CNTT,SE314,Trí tuệ nhân tạo,4,48,Huỳnh Bảo Nam,HK1,2025-2026
CNTT_HP0216,CNTT,NET315,Học máy nâng cao,4,36,Trần Hữu Huy,HK1,2025-2026
CNTT_HP0217,CNTT,CT316,Cơ sở dữ liệu,3,65,Trần Xuân Nam,HK1,2025-2026
CNTT_HP0218,CNTT,CS317,Lập trình hướng đối tượng,3,55,Trần Hữu Quân,HK1,2025-2026
CNTT_HP0219,CNTT,SE318,Cấu trúc dữ liệu và giải thuật,3,45,Đỗ Bảo Tuấn,HK1,2025-2026
CNTT_HP0220,CNTT,NET319,Mạng máy tính,4,80,Nguyễn Anh Hà,HK1,2025-2026
CNTT_HP0221,CNTT,CT320,Kiến trúc máy tính,4,36,Đỗ Hữu Tùng,HK1,2025-2026
CNTT_HP0222,CNTT,CS321,Hệ điều hành,3,64,Nguyễn Hữu Long,HK1,2025-2026
CNTT_HP0223,CNTT,SE322,Phát triển ứng dụng Web,2,59,Hoàng Xuân Linh,HK1,2025-2026
CNTT_HP0224,CNTT,NET323,Trí tuệ nhân tạo,4,37,Dương Đức Trang,HK1,2025-2026
CNTT_HP0225,CNTT,CT324,Học máy nâng cao,3,74,Phạm Trọng Linh,HK1,2025-2026
CNTT_HP0226,CNTT,CS325,Cơ sở dữ liệu,3,52,Phan Trọng Dũng,HK1,2025-2026
CNTT_HP0227,CNTT,SE326,Lập trình hướng đối tượng,3,47,Đỗ Đức Tuấn,HK1,2025-2026
CNTT_HP0228,CNTT,NET327,Cấu trúc dữ liệu và giải thuật,3,68,Trần Xuân Nghĩa,HK1,2025-2026
CNTT_HP0229,CNTT,CT328,Mạng máy tính,4,49,Hoàng Minh Thắng,HK1,2025-2026
CNTT_HP0230,CNTT,CS329,Kiến trúc máy tính,3,73,Đặng Trọng Giang,HK1,2025-2026
CNTT_HP0231,CNTT,SE330,Hệ điều hành,2,69,Phạm Văn Hùng,HK1,2025-2026
CNTT_HP0232,CNTT,NET331,Phát triển ứng dụng Web,4,51,Lê Văn Hùng,HK1,2025-2026
CNTT_HP0233,CNTT,CT332,Trí tuệ nhân tạo,2,79,Nguyễn Xuân Vinh,HK1,2025-2026
CNTT_HP0234,CNTT,CS333,Học máy nâng cao,3,55,Hồ Bảo An,HK1,2025-2026
CNTT_HP0235,CNTT,SE334,Cơ sở dữ liệu,3,72,Phạm Thanh Thắng,HK1,2025-2026
CNTT_HP0236,CNTT,NET335,Lập trình hướng đối tượng,2,46,Phạm Đức Mai,HK1,2025-2026
CNTT_HP0237,CNTT,CT336,Cấu trúc dữ liệu và giải thuật,4,42,Lý Kim Trung,HK1,2025-2026
CNTT_HP0238,CNTT,CS337,Mạng máy tính,3,78,Đỗ Kim Hải,HK1,2025-2026
CNTT_HP0239,CNTT,SE338,Kiến trúc máy tính,3,77,Bùi Hữu Dũng,HK1,2025-2026
CNTT_HP0240,CNTT,NET339,Hệ điều hành,4,57,Đặng Ngọc Tùng,HK1,2025-2026
CNTT_HP0241,CNTT,CT340,Phát triển ứng dụng Web,3,37,Phạm Ngọc Sơn,HK1,2025-2026
CNTT_HP0242,CNTT,CS341,Trí tuệ nhân tạo,4,75,Nguyễn Xuân An,HK1,2025-2026
CNTT_HP0243,CNTT,SE342,Học máy nâng cao,2,37,Phạm Hải Hùng,HK1,2025-2026
CNTT_HP0244,CNTT,NET343,Cơ sở dữ liệu,3,47,Huỳnh Hải Long,HK1,2025-2026
CNTT_HP0245,CNTT,CT344,Lập trình hướng đối tượng,3,52,Hoàng Quốc Trang,HK1,2025-2026
CNTT_HP0246,CNTT,CS345,Cấu trúc dữ liệu và giải thuật,3,63,Dương Xuân Hải,HK1,2025-2026
CNTT_HP0247,CNTT,SE346,Mạng máy tính,3,50,Võ Bảo Linh,HK1,2025-2026
CNTT_HP0248,CNTT,NET347,Kiến trúc máy tính,2,70,Đỗ Ngọc Tâm,HK1,2025-2026
CNTT_HP0249,CNTT,CT348,Hệ điều hành,3,39,Phan Văn Hùng,HK1,2025-2026
CNTT_HP0250,CNTT,CS349,Phát triển ứng dụng Web,4,42,Ngô Kim Tuấn,HK1,2025-2026
CNTT_HP0251,CNTT,SE350,Trí tuệ nhân tạo,2,63,Vũ Trọng Hà,HK1,2025-2026
CNTT_HP0252,CNTT,NET351,Học máy nâng cao,2,79,Lý Bảo Hà,HK1,2025-2026
CNTT_HP0253,CNTT,CT352,Cơ sở dữ liệu,4,69,Dương Minh Hiếu,HK1,2025-2026
CNTT_HP0254,CNTT,CS353,Lập trình hướng đối tượng,3,60,Vũ Hữu Quân,HK1,2025-2026
CNTT_HP0255,CNTT,SE354,Cấu trúc dữ liệu và giải thuật,3,62,Hồ Hữu Trung,HK1,2025-2026
CNTT_HP0256,CNTT,NET355,Mạng máy tính,3,71,Lê Văn Hà,HK1,2025-2026
CNTT_HP0257,CNTT,CT356,Kiến trúc máy tính,3,56,Lê Hải Dũng,HK1,2025-2026
CNTT_HP0258,CNTT,CS357,Hệ điều hành,4,58,Phan Hữu Hải,HK1,2025-2026
CNTT_HP0259,CNTT,SE358,Phát triển ứng dụng Web,4,48,Hoàng Trọng Khoa,HK1,2025-2026
CNTT_HP0260,CNTT,NET359,Trí tuệ nhân tạo,4,56,Lý Đức Hải,HK1,2025-2026
CNTT_HP0261,CNTT,CT360,Học máy nâng cao,3,44,Huỳnh Quốc Tùng,HK1,2025-2026
CNTT_HP0262,CNTT,CS361,Cơ sở dữ liệu,3,46,Đặng Đức Hoàng,HK1,2025-2026
CNTT_HP0263,CNTT,SE362,Lập trình hướng đối tượng,4,79,Vũ Văn Trung,HK1,2025-2026
CNTT_HP0264,CNTT,NET363,Cấu trúc dữ liệu và giải thuật,2,43,Đỗ Thanh Phong,HK1,2025-2026
CNTT_HP0265,CNTT,CT364,Mạng máy tính,3,44,Vũ Thanh Dũng,HK1,2025-2026
CNTT_HP0266,CNTT,CS365,Kiến trúc máy tính,2,59,Đỗ Kim Huy,HK1,2025-2026
CNTT_HP0267,CNTT,SE366,Hệ điều hành,2,58,Đỗ Anh Tâm,HK1,2025-2026
CNTT_HP0268,CNTT,NET367,Phát triển ứng dụng Web,3,46,Phạm Trọng Trang,HK1,2025-2026
CNTT_HP0269,CNTT,CT368,Trí tuệ nhân tạo,3,43,Vũ Ngọc Hà,HK1,2025-2026
CNTT_HP0270,CNTT,CS369,Học máy nâng cao,4,67,Vũ Minh Linh,HK1,2025-2026
CNTT_HP0271,CNTT,SE370,Cơ sở dữ liệu,3,63,Hoàng Anh An,HK1,2025-2026
CNTT_HP0272,CNTT,NET371,Lập trình hướng đối tượng,4,38,Bùi Minh Quân,HK1,2025-2026
CNTT_HP0273,CNTT,CT372,Cấu trúc dữ liệu và giải thuật,2,66,Nguyễn Hải Thắng,HK1,2025-2026
CNTT_HP0274,CNTT,CS373,Mạng máy tính,3,65,Vũ Kim Phúc,HK1,2025-2026
CNTT_HP0275,CNTT,SE374,Kiến trúc máy tính,3,36,Đỗ Đức Tuấn,HK1,2025-2026
CNTT_HP0276,CNTT,NET375,Hệ điều hành,4,55,Phạm Trọng Dũng,HK1,2025-2026
CNTT_HP0277,CNTT,CT376,Phát triển ứng dụng Web,3,54,Hoàng Quốc Hoàng,HK1,2025-2026
CNTT_HP0278,CNTT,CS377,Trí tuệ nhân tạo,2,66,Đặng Quốc Sơn,HK1,2025-2026
CNTT_HP0279,CNTT,SE378,Học máy nâng cao,2,66,Lê Quốc Hải,HK1,2025-2026
CNTT_HP0280,CNTT,NET379,Cơ sở dữ liệu,2,52,Hoàng Anh Giang,HK1,2025-2026
CNTT_HP0281,CNTT,CT380,Lập trình hướng đối tượng,3,38,Đặng Ngọc Trang,HK1,2025-2026
CNTT_HP0282,CNTT,CS381,Cấu trúc dữ liệu và giải thuật,2,39,Hoàng Thị Sơn,HK1,2025-2026
CNTT_HP0283,CNTT,SE382,Mạng máy tính,3,44,Ngô Đức Hà,HK1,2025-2026
CNTT_HP0284,CNTT,NET383,Kiến trúc máy tính,4,78,Phan Quốc Hải,HK1,2025-2026
CNTT_HP0285,CNTT,CT384,Hệ điều hành,2,67,Dương Đức Thắng,HK1,2025-2026
CNTT_HP0286,CNTT,CS385,Phát triển ứng dụng Web,2,67,Võ Anh Trang,HK1,2025-2026
CNTT_HP0287,CNTT,SE386,Trí tuệ nhân tạo,2,36,Bùi Anh Bình,HK1,2025-2026
CNTT_HP0288,CNTT,NET387,Học máy nâng cao,3,61,Dương Ngọc Huy,HK1,2025-2026
CNTT_HP0289,CNTT,CT388,Cơ sở dữ liệu,3,46,Lý Đức Phúc,HK1,2025-2026
CNTT_HP0290,CNTT,CS389,Lập trình hướng đối tượng,3,45,Hoàng Ngọc Hải,HK1,2025-2026
CNTT_HP0291,CNTT,SE390,Cấu trúc dữ liệu và giải thuật,4,67,Phan Xuân Tuấn,HK1,2025-2026
CNTT_HP0292,CNTT,NET391,Mạng máy tính,4,46,Dương Hải Vũ,HK1,2025-2026
CNTT_HP0293,CNTT,CT392,Kiến trúc máy tính,4,60,Hoàng Kim Hiếu,HK1,2025-2026
CNTT_HP0294,CNTT,CS393,Hệ điều hành,2,39,Vũ Hải Thắng,HK1,2025-2026
CNTT_HP0295,CNTT,SE394,Phát triển ứng dụng Web,4,61,Phan Ngọc Khoa,HK1,2025-2026
CNTT_HP0296,CNTT,NET395,Trí tuệ nhân tạo,3,52,Bùi Xuân Bình,HK1,2025-2026
CNTT_HP0297,CNTT,CT396,Học máy nâng cao,4,79,Nguyễn Minh Dũng,HK1,2025-2026
CNTT_HP0298,CNTT,CS397,Cơ sở dữ liệu,3,62,Trần Bảo Trung,HK1,2025-2026
CNTT_HP0299,CNTT,SE398,Lập trình hướng đối tượng,2,39,Huỳnh Quốc Hiếu,HK1,2025-2026
CNTT_HP0300,CNTT,NET399,Cấu trúc dữ liệu và giải thuật,2,61,Phan Xuân Linh,HK1,2025-2026
CNTT_HP0301,CNTT,CT400,Mạng máy tính,3,40,Nguyễn Bảo Trang,HK1,2025-2026
CNTT_HP0302,CNTT,CS401,Kiến trúc máy tính,4,78,Hồ Thanh Hải,HK1,2025-2026
CNTT_HP0303,CNTT,SE402,Hệ điều hành,3,79,Nguyễn Văn Cường,HK1,2025-2026
CNTT_HP0304,CNTT,NET403,Phát triển ứng dụng Web,3,40,Phan Kim Quân,HK1,2025-2026
CNTT_HP0305,CNTT,CT404,Trí tuệ nhân tạo,4,64,Vũ Hải Vũ,HK1,2025-2026
CNTT_HP0306,CNTT,CS405,Học máy nâng cao,4,46,Bùi Kim Hà,HK1,2025-2026
CNTT_HP0307,CNTT,SE406,Cơ sở dữ liệu,3,66,Lý Quốc Trung,HK1,2025-2026
CNTT_HP0308,CNTT,NET407,Lập trình hướng đối tượng,4,53,Hoàng Thanh Trang,HK1,2025-2026
CNTT_HP0309,CNTT,CT408,Cấu trúc dữ liệu và giải thuật,3,69,Huỳnh Thị Mai,HK1,2025-2026
CNTT_HP0310,CNTT,CS409,Mạng máy tính,4,66,Phạm Trọng Trung,HK1,2025-2026
CNTT_HP0311,CNTT,SE410,Kiến trúc máy tính,3,43,Nguyễn Thanh Mai,HK1,2025-2026
CNTT_HP0312,CNTT,NET411,Hệ điều hành,3,56,Bùi Thị Vinh,HK1,2025-2026
CNTT_HP0313,CNTT,CT412,Phát triển ứng dụng Web,3,65,Lê Văn Cường,HK1,2025-2026
CNTT_HP0314,CNTT,CS413,Trí tuệ nhân tạo,3,77,Ngô Anh Khoa,HK1,2025-2026
CNTT_HP0315,CNTT,SE414,Học máy nâng cao,3,43,Ngô Anh Cường,HK1,2025-2026
CNTT_HP0316,CNTT,NET415,Cơ sở dữ liệu,4,79,Vũ Trọng Trang,HK1,2025-2026
CNTT_HP0317,CNTT,CT416,Lập trình hướng đối tượng,2,49,Đỗ Minh Thắng,HK1,2025-2026
CNTT_HP0318,CNTT,CS417,Cấu trúc dữ liệu và giải thuật,3,52,Vũ Quốc Hải,HK1,2025-2026
CNTT_HP0319,CNTT,SE418,Mạng máy tính,3,73,Phạm Văn Tâm,HK1,2025-2026
CNTT_HP0320,CNTT,NET419,Kiến trúc máy tính,2,43,Phạm Minh Tuấn,HK1,2025-2026
CNTT_HP0321,CNTT,CT420,Hệ điều hành,3,39,Đỗ Bảo Vinh,HK1,2025-2026
CNTT_HP0322,CNTT,CS421,Phát triển ứng dụng Web,3,43,Phan Bảo Quân,HK1,2025-2026
CNTT_HP0323,CNTT,SE422,Trí tuệ nhân tạo,4,60,Bùi Xuân Vũ,HK1,2025-2026
CNTT_HP0324,CNTT,NET423,Học máy nâng cao,4,66,Phan Hữu Giang,HK1,2025-2026
CNTT_HP0325,CNTT,CT424,Cơ sở dữ liệu,3,43,Trần Thị Quân,HK1,2025-2026
CNTT_HP0326,CNTT,CS425,Lập trình hướng đối tượng,2,58,Lý Văn Hải,HK1,2025-2026
CNTT_HP0327,CNTT,SE426,Cấu trúc dữ liệu và giải thuật,4,73,Phan Đức Tuấn,HK1,2025-2026
CNTT_HP0328,CNTT,NET427,Mạng máy tính,3,69,Bùi Hải Sơn,HK1,2025-2026
CNTT_HP0329,CNTT,CT428,Kiến trúc máy tính,2,69,Huỳnh Quốc Giang,HK1,2025-2026
CNTT_HP0330,CNTT,CS429,Hệ điều hành,2,36,Phạm Xuân Trang,HK1,2025-2026
CNTT_HP0331,CNTT,SE430,Phát triển ứng dụng Web,4,72,Đỗ Bảo Dũng,HK1,2025-2026
CNTT_HP0332,CNTT,NET431,Trí tuệ nhân tạo,3,37,Hoàng Ngọc Cường,HK1,2025-2026
CNTT_HP0333,CNTT,CT432,Học máy nâng cao,2,58,Lý Đức Mai,HK1,2025-2026
CNTT_HP0334,CNTT,CS433,Cơ sở dữ liệu,2,59,Đặng Hữu Tâm,HK1,2025-2026
CNTT_HP0335,CNTT,SE434,Lập trình hướng đối tượng,3,50,Hoàng Thanh Trang,HK1,2025-2026
CNTT_HP0336,CNTT,NET435,Cấu trúc dữ liệu và giải thuật,3,64,Huỳnh Thị Khoa,HK1,2025-2026
CNTT_HP0337,CNTT,CT436,Mạng máy tính,2,54,Lý Thanh Vũ,HK1,2025-2026
CNTT_HP0338,CNTT,CS437,Kiến trúc máy tính,2,39,Lý Thị Nghĩa,HK1,2025-2026
CNTT_HP0339,CNTT,SE438,Hệ điều hành,2,51,Ngô Kim Mai,HK1,2025-2026
CNTT_HP0340,CNTT,NET439,Phát triển ứng dụng Web,3,64,Hồ Quốc Hoàng,HK1,2025-2026
CNTT_HP0341,CNTT,CT440,Trí tuệ nhân tạo,4,68,Dương Xuân Quân,HK1,2025-2026
CNTT_HP0342,CNTT,CS441,Học máy nâng cao,3,77,Nguyễn Minh Nghĩa,HK1,2025-2026
CNTT_HP0343,CNTT,SE442,Cơ sở dữ liệu,3,55,Lý Ngọc Nam,HK1,2025-2026
CNTT_HP0344,CNTT,NET443,Lập trình hướng đối tượng,3,76,Ngô Thị Trung,HK1,2025-2026
CNTT_HP0345,CNTT,CT444,Cấu trúc dữ liệu và giải thuật,3,63,Ngô Thị Hoàng,HK1,2025-2026
CNTT_HP0346,CNTT,CS445,Mạng máy tính,3,69,Lý Thanh Vinh,HK1,2025-2026
CNTT_HP0347,CNTT,SE446,Kiến trúc máy tính,3,67,Võ Ngọc Hùng,HK1,2025-2026
CNTT_HP0348,CNTT,NET447,Hệ điều hành,4,73,Đặng Trọng Long,HK1,2025-2026
CNTT_HP0349,CNTT,CT448,Phát triển ứng dụng Web,4,37,Hoàng Đức Mai,HK1,2025-2026
CNTT_HP0350,CNTT,CS449,Trí tuệ nhân tạo,3,65,Trần Hải Thảo,HK1,2025-2026
CNTT_HP0351,CNTT,SE450,Học máy nâng cao,2,54,Hồ Đức Thảo,HK1,2025-2026
CNTT_HP0352,CNTT,NET451,Cơ sở dữ liệu,3,62,Nguyễn Kim Trung,HK1,2025-2026
CNTT_HP0353,CNTT,CT452,Lập trình hướng đối tượng,4,48,Dương Quốc Giang,HK1,2025-2026
CNTT_HP0354,CNTT,CS453,Cấu trúc dữ liệu và giải thuật,4,38,Hồ Thị Hùng,HK1,2025-2026
CNTT_HP0355,CNTT,SE454,Mạng máy tính,3,63,Đỗ Thanh Quân,HK1,2025-2026
CNTT_HP0356,CNTT,NET455,Kiến trúc máy tính,3,41,Trần Xuân Hoàng,HK1,2025-2026
CNTT_HP0357,CNTT,CT456,Hệ điều hành,2,69,Nguyễn Ngọc Giang,HK1,2025-2026
CNTT_HP0358,CNTT,CS457,Phát triển ứng dụng Web,2,51,Lý Văn Trang,HK1,2025-2026
CNTT_HP0359,CNTT,SE458,Trí tuệ nhân tạo,4,64,Trần Đức Cường,HK1,2025-2026
CNTT_HP0360,CNTT,NET459,Học máy nâng cao,2,55,Vũ Thanh Tuấn,HK1,2025-2026
CNTT_HP0361,CNTT,CT460,Cơ sở dữ liệu,3,80,Lý Hữu Hùng,HK1,2025-2026
CNTT_HP0362,CNTT,CS461,Lập trình hướng đối tượng,3,65,Võ Thị Long,HK1,2025-2026
CNTT_HP0363,CNTT,SE462,Cấu trúc dữ liệu và giải thuật,3,46,Nguyễn Ngọc Hoàng,HK1,2025-2026
CNTT_HP0364,CNTT,NET463,Mạng máy tính,3,56,Hồ Bảo Trung,HK1,2025-2026
CNTT_HP0365,CNTT,CT464,Kiến trúc máy tính,3,44,Dương Văn Dũng,HK1,2025-2026
CNTT_HP0366,CNTT,CS465,Hệ điều hành,3,61,Hồ Ngọc Tùng,HK1,2025-2026
CNTT_HP0367,CNTT,SE466,Phát triển ứng dụng Web,4,54,Trần Đức Vinh,HK1,2025-2026
CNTT_HP0368,CNTT,NET467,Trí tuệ nhân tạo,2,56,Bùi Quốc Trung,HK1,2025-2026
CNTT_HP0369,CNTT,CT468,Học máy nâng cao,3,51,Huỳnh Trọng Quân,HK1,2025-2026
CNTT_HP0370,CNTT,CS469,Cơ sở dữ liệu,3,75,Vũ Văn Khoa,HK1,2025-2026
CNTT_HP0371,CNTT,SE470,Lập trình hướng đối tượng,3,69,Bùi Ngọc Vũ,HK1,2025-2026
CNTT_HP0372,CNTT,NET471,Cấu trúc dữ liệu và giải thuật,4,54,Phan Văn Tâm,HK1,2025-2026
CNTT_HP0373,CNTT,CT472,Mạng máy tính,4,48,Lý Anh Bình,HK1,2025-2026
CNTT_HP0374,CNTT,CS473,Kiến trúc máy tính,2,38,Võ Đức Dũng,HK1,2025-2026
CNTT_HP0375,CNTT,SE474,Hệ điều hành,2,56,Bùi Thanh Nghĩa,HK1,2025-2026
CNTT_HP0376,CNTT,NET475,Phát triển ứng dụng Web,3,51,Phan Thị Vũ,HK1,2025-2026
CNTT_HP0377,CNTT,CT476,Trí tuệ nhân tạo,2,51,Dương Ngọc Long,HK1,2025-2026
CNTT_HP0378,CNTT,CS477,Học máy nâng cao,4,66,Lý Kim Khoa,HK1,2025-2026
CNTT_HP0379,CNTT,SE478,Cơ sở dữ liệu,3,68,Đặng Trọng Nam,HK1,2025-2026
CNTT_HP0380,CNTT,NET479,Lập trình hướng đối tượng,4,36,Trần Thị Khoa,HK1,2025-2026
CNTT_HP0381,CNTT,CT480,Cấu trúc dữ liệu và giải thuật,3,51,Lê Hữu Trung,HK1,2025-2026
CNTT_HP0382,CNTT,CS481,Mạng máy tính,4,74,Phạm Văn Nam,HK1,2025-2026
CNTT_HP0383,CNTT,SE482,Kiến trúc máy tính,2,69,Ngô Hải Thắng,HK1,2025-2026
CNTT_HP0384,CNTT,NET483,Hệ điều hành,3,36,Vũ Hải Khoa,HK1,2025-2026
CNTT_HP0385,CNTT,CT484,Phát triển ứng dụng Web,2,53,Vũ Thị Hùng,HK1,2025-2026
CNTT_HP0386,CNTT,CS485,Trí tuệ nhân tạo,3,59,Vũ Quốc Thắng,HK1,2025-2026
CNTT_HP0387,CNTT,SE486,Học máy nâng cao,2,61,Võ Hữu Trung,HK1,2025-2026
CNTT_HP0388,CNTT,NET487,Cơ sở dữ liệu,4,79,Hoàng Thanh Hoàng,HK1,2025-2026
CNTT_HP0389,CNTT,CT488,Lập trình hướng đối tượng,3,53,Huỳnh Đức Hà,HK1,2025-2026
CNTT_HP0390,CNTT,CS489,Cấu trúc dữ liệu và giải thuật,2,71,Nguyễn Ngọc Thắng,HK1,2025-2026
CNTT_HP0391,CNTT,SE490,Mạng máy tính,3,54,Lê Ngọc Bình,HK1,2025-2026
CNTT_HP0392,CNTT,NET491,Kiến trúc máy tính,4,43,Bùi Trọng Tâm,HK1,2025-2026
CNTT_HP0393,CNTT,CT492,Hệ điều hành,3,56,Đặng Thị Vinh,HK1,2025-2026
CNTT_HP0394,CNTT,CS493,Phát triển ứng dụng Web,3,72,Vũ Ngọc Thảo,HK1,2025-2026
CNTT_HP0395,CNTT,SE494,Trí tuệ nhân tạo,3,67,Dương Văn Tâm,HK1,2025-2026
CNTT_HP0396,CNTT,NET495,Học máy nâng cao,4,40,Nguyễn Quốc Bình,HK1,2025-2026
CNTT_HP0397,CNTT,CT496,Cơ sở dữ liệu,3,64,Hồ Văn Sơn,HK1,2025-2026
CNTT_HP0398,CNTT,CS497,Lập trình hướng đối tượng,4,50,Phan Đức Huy,HK1,2025-2026
CNTT_HP0399,CNTT,SE498,Cấu trúc dữ liệu và giải thuật,4,60,Bùi Xuân Hiếu,HK1,2025-2026
CNTT_HP0400,CNTT,NET499,Mạng máy tính,3,49,Phạm Hải Vinh,HK1,2025-2026
CNTT_HP0401,CNTT,CT500,Kiến trúc máy tính,2,39,Đặng Minh Bình,HK1,2025-2026
CNTT_HP0402,CNTT,CS501,Hệ điều hành,4,72,Võ Xuân Tùng,HK1,2025-2026
CNTT_HP0403,CNTT,SE502,Phát triển ứng dụng Web,2,41,Hồ Thanh Vũ,HK1,2025-2026
CNTT_HP0404,CNTT,NET503,Trí tuệ nhân tạo,2,59,Hồ Anh Phúc,HK1,2025-2026
CNTT_HP0405,CNTT,CT504,Học máy nâng cao,4,50,Ngô Thị Hiếu,HK1,2025-2026
CNTT_HP0406,CNTT,CS505,Cơ sở dữ liệu,3,66,Trần Ngọc Thắng,HK1,2025-2026
CNTT_HP0407,CNTT,SE506,Lập trình hướng đối tượng,3,60,Hoàng Anh Huy,HK1,2025-2026
CNTT_HP0408,CNTT,NET507,Cấu trúc dữ liệu và giải thuật,2,47,Lý Hữu Thắng,HK1,2025-2026
CNTT_HP0409,CNTT,CT508,Mạng máy tính,4,46,Võ Kim Phúc,HK1,2025-2026
CNTT_HP0410,CNTT,CS509,Kiến trúc máy tính,3,38,Đỗ Kim Nghĩa,HK1,2025-2026
CNTT_HP0411,CNTT,SE510,Hệ điều hành,3,80,Bùi Kim Thắng,HK1,2025-2026
CNTT_HP0412,CNTT,NET511,Phát triển ứng dụng Web,4,38,Dương Kim Tùng,HK1,2025-2026
CNTT_HP0413,CNTT,CT512,Trí tuệ nhân tạo,2,53,Đặng Bảo Sơn,HK1,2025-2026
CNTT_HP0414,CNTT,CS513,Học máy nâng cao,3,40,Đặng Bảo Nghĩa,HK1,2025-2026
CNTT_HP0415,CNTT,SE514,Cơ sở dữ liệu,2,60,Vũ Đức Giang,HK1,2025-2026
CNTT_HP0416,CNTT,NET515,Lập trình hướng đối tượng,3,76,Phan Trọng Khoa,HK1,2025-2026
CNTT_HP0417,CNTT,CT516,Cấu trúc dữ liệu và giải thuật,4,65,Lý Hải Long,HK1,2025-2026
CNTT_HP0418,CNTT,CS517,Mạng máy tính,2,38,Phan Ngọc Sơn,HK1,2025-2026
CNTT_HP0419,CNTT,SE518,Kiến trúc máy tính,4,56,Vũ Minh Hải,HK1,2025-2026
CNTT_HP0420,CNTT,NET519,Hệ điều hành,3,67,Vũ Xuân Bình,HK1,2025-2026
CNTT_HP0421,CNTT,CT520,Phát triển ứng dụng Web,3,71,Trần Anh Vinh,HK1,2025-2026
CNTT_HP0422,CNTT,CS521,Trí tuệ nhân tạo,4,44,Đỗ Xuân Tùng,HK1,2025-2026
CNTT_HP0423,CNTT,SE522,Học máy nâng cao,3,57,Lý Đức Tuấn,HK1,2025-2026
CNTT_HP0424,CNTT,NET523,Cơ sở dữ liệu,2,46,Võ Hữu Sơn,HK1,2025-2026
CNTT_HP0425,CNTT,CT524,Lập trình hướng đối tượng,3,51,Huỳnh Thanh Quân,HK1,2025-2026
CNTT_HP0426,CNTT,CS525,Cấu trúc dữ liệu và giải thuật,2,68,Huỳnh Thị Vũ,HK1,2025-2026
CNTT_HP0427,CNTT,SE526,Mạng máy tính,2,56,Hoàng Xuân Linh,HK1,2025-2026
CNTT_HP0428,CNTT,NET527,Kiến trúc máy tính,3,49,Nguyễn Xuân Hải,HK1,2025-2026
CNTT_HP0429,CNTT,CT528,Hệ điều hành,2,56,Hoàng Thanh Tuấn,HK1,2025-2026
CNTT_HP0430,CNTT,CS529,Phát triển ứng dụng Web,3,78,Trần Quốc Long,HK1,2025-2026
CNTT_HP0431,CNTT,SE530,Trí tuệ nhân tạo,4,64,Nguyễn Ngọc Tâm,HK1,2025-2026
CNTT_HP0432,CNTT,NET531,Học máy nâng cao,4,68,Lý Quốc Tâm,HK1,2025-2026
CNTT_HP0433,CNTT,CT532,Cơ sở dữ liệu,2,40,Trần Hải Tâm,HK1,2025-2026
CNTT_HP0434,CNTT,CS533,Lập trình hướng đối tượng,3,56,Vũ Xuân Tuấn,HK1,2025-2026
CNTT_HP0435,CNTT,SE534,Cấu trúc dữ liệu và giải thuật,3,46,Ngô Quốc Hải,HK1,2025-2026
CNTT_HP0436,CNTT,NET535,Mạng máy tính,2,80,Trần Xuân Linh,HK1,2025-2026
CNTT_HP0437,CNTT,CT536,Kiến trúc máy tính,4,36,Ngô Trọng Hà,HK1,2025-2026
CNTT_HP0438,CNTT,CS537,Hệ điều hành,3,70,Ngô Trọng Huy,HK1,2025-2026
CNTT_HP0439,CNTT,SE538,Phát triển ứng dụng Web,3,75,Ngô Ngọc Nam,HK1,2025-2026
CNTT_HP0440,CNTT,NET539,Trí tuệ nhân tạo,2,42,Đỗ Thị Hoàng,HK1,2025-2026
CNTT_HP0441,CNTT,CT540,Học máy nâng cao,3,48,Lý Bảo Hùng,HK1,2025-2026
CNTT_HP0442,CNTT,CS541,Cơ sở dữ liệu,3,46,Trần Kim Bình,HK1,2025-2026
CNTT_HP0443,CNTT,SE542,Lập trình hướng đối tượng,4,43,Lý Thanh Nghĩa,HK1,2025-2026
CNTT_HP0444,CNTT,NET543,Cấu trúc dữ liệu và giải thuật,3,44,Trần Hải Giang,HK1,2025-2026
CNTT_HP0445,CNTT,CT544,Mạng máy tính,4,79,Lý Hữu Hoàng,HK1,2025-2026
CNTT_HP0446,CNTT,CS545,Kiến trúc máy tính,3,63,Dương Trọng Vinh,HK1,2025-2026
CNTT_HP0447,CNTT,SE546,Hệ điều hành,3,67,Bùi Trọng Mai,HK1,2025-2026
CNTT_HP0448,CNTT,NET547,Phát triển ứng dụng Web,4,50,Bùi Kim Tuấn,HK1,2025-2026
CNTT_HP0449,CNTT,CT548,Trí tuệ nhân tạo,2,78,Nguyễn Xuân Bình,HK1,2025-2026
CNTT_HP0450,CNTT,CS549,Học máy nâng cao,3,63,Lý Thanh Hải,HK1,2025-2026
CNTT_HP0451,CNTT,SE550,Cơ sở dữ liệu,4,36,Vũ Kim Hà,HK1,2025-2026
CNTT_HP0452,CNTT,NET551,Lập trình hướng đối tượng,3,58,Vũ Bảo Phong,HK1,2025-2026
CNTT_HP0453,CNTT,CT552,Cấu trúc dữ liệu và giải thuật,3,46,Lý Kim Dũng,HK1,2025-2026
CNTT_HP0454,CNTT,CS553,Mạng máy tính,2,68,Võ Thị Hoàng,HK1,2025-2026
CNTT_HP0455,CNTT,SE554,Kiến trúc máy tính,3,63,Đặng Trọng Linh,HK1,2025-2026
CNTT_HP0456,CNTT,NET555,Hệ điều hành,4,75,Dương Đức Phong,HK1,2025-2026
CNTT_HP0457,CNTT,CT556,Phát triển ứng dụng Web,3,55,Võ Hải Thắng,HK1,2025-2026
CNTT_HP0458,CNTT,CS557,Trí tuệ nhân tạo,3,66,Hồ Quốc Vũ,HK1,2025-2026
CNTT_HP0459,CNTT,SE558,Học máy nâng cao,2,46,Hồ Trọng Tuấn,HK1,2025-2026
CNTT_HP0460,CNTT,NET559,Cơ sở dữ liệu,3,48,Hoàng Anh Vinh,HK1,2025-2026
CNTT_HP0461,CNTT,CT560,Lập trình hướng đối tượng,3,69,Phạm Minh Thắng,HK1,2025-2026
CNTT_HP0462,CNTT,CS561,Cấu trúc dữ liệu và giải thuật,4,36,Trần Xuân Hiếu,HK1,2025-2026
CNTT_HP0463,CNTT,SE562,Mạng máy tính,3,78,Phan Bảo Cường,HK1,2025-2026
CNTT_HP0464,CNTT,NET563,Kiến trúc máy tính,4,46,Phạm Văn Dũng,HK1,2025-2026
CNTT_HP0465,CNTT,CT564,Hệ điều hành,2,37,Bùi Đức An,HK1,2025-2026
CNTT_HP0466,CNTT,CS565,Phát triển ứng dụng Web,3,47,Phạm Quốc Hiếu,HK1,2025-2026
CNTT_HP0467,CNTT,SE566,Trí tuệ nhân tạo,2,41,Đặng Hữu Thảo,HK1,2025-2026
CNTT_HP0468,CNTT,NET567,Học máy nâng cao,3,59,Lý Xuân Huy,HK1,2025-2026
CNTT_HP0469,CNTT,CT568,Cơ sở dữ liệu,4,60,Võ Xuân Hải,HK1,2025-2026
CNTT_HP0470,CNTT,CS569,Lập trình hướng đối tượng,3,50,Lý Anh Phúc,HK1,2025-2026
CNTT_HP0471,CNTT,SE570,Cấu trúc dữ liệu và giải thuật,3,78,Bùi Hải Dũng,HK1,2025-2026
CNTT_HP0472,CNTT,NET571,Mạng máy tính,3,49,Ngô Quốc Dũng,HK1,2025-2026
CNTT_HP0473,CNTT,CT572,Kiến trúc máy tính,3,62,Nguyễn Hữu Trang,HK1,2025-2026
CNTT_HP0474,CNTT,CS573,Hệ điều hành,2,40,Lý Hải An,HK1,2025-2026
CNTT_HP0475,CNTT,SE574,Phát triển ứng dụng Web,3,73,Phạm Minh Phúc,HK1,2025-2026
CNTT_HP0476,CNTT,NET575,Trí tuệ nhân tạo,2,57,Hồ Minh Trung,HK1,2025-2026
CNTT_HP0477,CNTT,CT576,Học máy nâng cao,4,70,Phan Kim Hải,HK1,2025-2026
CNTT_HP0478,CNTT,CS577,Cơ sở dữ liệu,3,64,Dương Anh Hà,HK1,2025-2026
CNTT_HP0479,CNTT,SE578,Lập trình hướng đối tượng,2,80,Lê Kim Hùng,HK1,2025-2026
CNTT_HP0480,CNTT,NET579,Cấu trúc dữ liệu và giải thuật,3,75,Ngô Bảo Phúc,HK1,2025-2026
CNTT_HP0481,CNTT,CT580,Mạng máy tính,2,39,Nguyễn Trọng Hà,HK1,2025-2026
CNTT_HP0482,CNTT,CS581,Kiến trúc máy tính,2,56,Dương Thanh Tùng,HK1,2025-2026
CNTT_HP0483,CNTT,SE582,Hệ điều hành,4,70,Trần Văn Nam,HK1,2025-2026
CNTT_HP0484,CNTT,NET583,Phát triển ứng dụng Web,2,70,Đỗ Ngọc Tùng,HK1,2025-2026
CNTT_HP0485,CNTT,CT584,Trí tuệ nhân tạo,4,58,Hồ Thị Nam,HK1,2025-2026
CNTT_HP0486,CNTT,CS585,Học máy nâng cao,3,67,Hoàng Thanh Phúc,HK1,2025-2026
CNTT_HP0487,CNTT,SE586,Cơ sở dữ liệu,2,51,Phạm Minh Nghĩa,HK1,2025-2026
CNTT_HP0488,CNTT,NET587,Lập trình hướng đối tượng,3,69,Phan Quốc An,HK1,2025-2026
CNTT_HP0489,CNTT,CT588,Cấu trúc dữ liệu và giải thuật,3,77,Vũ Kim Tâm,HK1,2025-2026
CNTT_HP0490,CNTT,CS589,Mạng máy tính,3,36,Hoàng Kim Phong,HK1,2025-2026
CNTT_HP0491,CNTT,SE590,Kiến trúc máy tính,3,57,Hồ Anh Tùng,HK1,2025-2026
CNTT_HP0492,CNTT,NET591,Hệ điều hành,2,37,Đỗ Thanh Giang,HK1,2025-2026
CNTT_HP0493,CNTT,CT592,Phát triển ứng dụng Web,3,38,Dương Ngọc Nam,HK1,2025-2026
CNTT_HP0494,CNTT,CS593,Trí tuệ nhân tạo,4,67,Phan Xuân Tâm,HK1,2025-2026
CNTT_HP0495,CNTT,SE594,Học máy nâng cao,3,64,Phạm Đức Trang,HK1,2025-2026
CNTT_HP0496,CNTT,NET595,Cơ sở dữ liệu,4,59,Huỳnh Xuân Mai,HK1,2025-2026
CNTT_HP0497,CNTT,CT596,Lập trình hướng đối tượng,3,63,Đỗ Hữu Linh,HK1,2025-2026
CNTT_HP0498,CNTT,CS597,Cấu trúc dữ liệu và giải thuật,2,50,Lý Văn Tâm,HK1,2025-2026
NN_HP0001,NN,AGRI100,Nông học đại cương,4,66,Hồ Quốc An,HK1,2025-2026
NN_HP0002,NN,HORT101,Khoa học đất trồng,2,46,Dương Anh Quân,HK1,2025-2026
NN_HP0003,NN,SOIL102,Bảo vệ thực vật,4,59,Hoàng Bảo Trang,HK1,2025-2026
NN_HP0004,NN,CROP103,Sinh lý thực vật nông nghiệp,4,73,Lê Minh Thắng,HK1,2025-2026
NN_HP0005,NN,AGRI104,Công nghệ canh tác thông minh,4,47,Phạm Văn Long,HK1,2025-2026
NN_HP0006,NN,HORT105,Dinh dưỡng cây trồng,4,59,Đỗ Bảo Phúc,HK1,2025-2026
NN_HP0007,NN,SOIL106,Di truyền chọn giống cây trồng,3,73,Võ Văn Tuấn,HK1,2025-2026
NN_HP0008,NN,CROP107,Côn trùng nông nghiệp,4,53,Hồ Kim Cường,HK1,2025-2026
NN_HP0009,NN,AGRI108,Nông học đại cương,2,62,Hoàng Quốc Tùng,HK1,2025-2026
NN_HP0010,NN,HORT109,Khoa học đất trồng,3,61,Đỗ Thị Nghĩa,HK1,2025-2026
NN_HP0011,NN,SOIL110,Bảo vệ thực vật,4,80,Hồ Đức Tuấn,HK1,2025-2026
NN_HP0012,NN,CROP111,Sinh lý thực vật nông nghiệp,3,76,Phạm Trọng Tâm,HK1,2025-2026
NN_HP0013,NN,AGRI112,Công nghệ canh tác thông minh,3,46,Trần Hữu Mai,HK1,2025-2026
NN_HP0014,NN,HORT113,Dinh dưỡng cây trồng,4,57,Nguyễn Văn Hà,HK1,2025-2026
NN_HP0015,NN,SOIL114,Di truyền chọn giống cây trồng,4,58,Lý Hải Mai,HK1,2025-2026
NN_HP0016,NN,CROP115,Côn trùng nông nghiệp,3,61,Đỗ Kim Trung,HK1,2025-2026
NN_HP0017,NN,AGRI116,Nông học đại cương,2,68,Phạm Thanh Vinh,HK1,2025-2026
NN_HP0018,NN,HORT117,Khoa học đất trồng,3,76,Phạm Văn Hà,HK1,2025-2026
NN_HP0019,NN,SOIL118,Bảo vệ thực vật,3,52,Ngô Kim Phúc,HK1,2025-2026
NN_HP0020,NN,CROP119,Sinh lý thực vật nông nghiệp,3,72,Lý Minh Trang,HK1,2025-2026
NN_HP0021,NN,AGRI120,Công nghệ canh tác thông minh,3,64,Huỳnh Hữu Hiếu,HK1,2025-2026
NN_HP0022,NN,HORT121,Dinh dưỡng cây trồng,3,66,Hồ Hữu Thắng,HK1,2025-2026
NN_HP0023,NN,SOIL122,Di truyền chọn giống cây trồng,2,44,Phan Ngọc An,HK1,2025-2026
NN_HP0024,NN,CROP123,Côn trùng nông nghiệp,3,65,Bùi Kim An,HK1,2025-2026
NN_HP0025,NN,AGRI124,Nông học đại cương,3,59,Lê Xuân Nghĩa,HK1,2025-2026
NN_HP0026,NN,HORT125,Khoa học đất trồng,4,69,Hoàng Hữu An,HK1,2025-2026
NN_HP0027,NN,SOIL126,Bảo vệ thực vật,3,78,Lê Hải Quân,HK1,2025-2026
NN_HP0028,NN,CROP127,Sinh lý thực vật nông nghiệp,4,69,Huỳnh Bảo Nghĩa,HK1,2025-2026
NN_HP0029,NN,AGRI128,Công nghệ canh tác thông minh,3,38,Phan Thanh Hiếu,HK1,2025-2026
NN_HP0030,NN,HORT129,Dinh dưỡng cây trồng,3,42,Nguyễn Thị Hiếu,HK1,2025-2026
NN_HP0031,NN,SOIL130,Di truyền chọn giống cây trồng,3,71,Đỗ Minh Huy,HK1,2025-2026
NN_HP0032,NN,CROP131,Côn trùng nông nghiệp,4,41,Hồ Hải Phúc,HK1,2025-2026
NN_HP0033,NN,AGRI132,Nông học đại cương,3,79,Phạm Đức Huy,HK1,2025-2026
NN_HP0034,NN,HORT133,Khoa học đất trồng,3,53,Phan Hải Mai,HK1,2025-2026
NN_HP0035,NN,SOIL134,Bảo vệ thực vật,3,45,Đỗ Trọng Cường,HK1,2025-2026
NN_HP0036,NN,CROP135,Sinh lý thực vật nông nghiệp,4,57,Phạm Trọng Long,HK1,2025-2026
NN_HP0037,NN,AGRI136,Công nghệ canh tác thông minh,4,49,Nguyễn Trọng Hiếu,HK1,2025-2026
NN_HP0038,NN,HORT137,Dinh dưỡng cây trồng,4,52,Vũ Thị Hải,HK1,2025-2026
NN_HP0039,NN,SOIL138,Di truyền chọn giống cây trồng,3,54,Hoàng Hữu Dũng,HK1,2025-2026
NN_HP0040,NN,CROP139,Côn trùng nông nghiệp,3,68,Trần Trọng Vũ,HK1,2025-2026
NN_HP0041,NN,AGRI140,Nông học đại cương,4,67,Phan Anh Hà,HK1,2025-2026
NN_HP0042,NN,HORT141,Khoa học đất trồng,3,51,Trần Hải Hà,HK1,2025-2026
NN_HP0043,NN,SOIL142,Bảo vệ thực vật,2,46,Lý Hải Tuấn,HK1,2025-2026
NN_HP0044,NN,CROP143,Sinh lý thực vật nông nghiệp,3,48,Võ Văn Vũ,HK1,2025-2026
NN_HP0045,NN,AGRI144,Công nghệ canh tác thông minh,3,70,Bùi Thị Huy,HK1,2025-2026
NN_HP0046,NN,HORT145,Dinh dưỡng cây trồng,3,79,Huỳnh Thanh Giang,HK1,2025-2026
NN_HP0047,NN,SOIL146,Di truyền chọn giống cây trồng,2,53,Dương Quốc Quân,HK1,2025-2026
NN_HP0048,NN,CROP147,Côn trùng nông nghiệp,3,38,Nguyễn Đức Sơn,HK1,2025-2026
NN_HP0049,NN,AGRI148,Nông học đại cương,4,44,Ngô Ngọc An,HK1,2025-2026
NN_HP0050,NN,HORT149,Khoa học đất trồng,4,79,Dương Xuân Hà,HK1,2025-2026
NN_HP0051,NN,SOIL150,Bảo vệ thực vật,2,50,Lý Hải Thảo,HK1,2025-2026
NN_HP0052,NN,CROP151,Sinh lý thực vật nông nghiệp,4,71,Võ Anh Nam,HK1,2025-2026
NN_HP0053,NN,AGRI152,Công nghệ canh tác thông minh,3,70,Lê Bảo Nghĩa,HK1,2025-2026
NN_HP0054,NN,HORT153,Dinh dưỡng cây trồng,2,75,Huỳnh Xuân Quân,HK1,2025-2026
NN_HP0055,NN,SOIL154,Di truyền chọn giống cây trồng,3,35,Nguyễn Hải Khoa,HK1,2025-2026
NN_HP0056,NN,CROP155,Côn trùng nông nghiệp,2,79,Vũ Hải Khoa,HK1,2025-2026
NN_HP0057,NN,AGRI156,Nông học đại cương,3,38,Võ Quốc Thảo,HK1,2025-2026
NN_HP0058,NN,HORT157,Khoa học đất trồng,2,72,Bùi Ngọc Mai,HK1,2025-2026
NN_HP0059,NN,SOIL158,Bảo vệ thực vật,2,59,Đỗ Văn Hải,HK1,2025-2026
NN_HP0060,NN,CROP159,Sinh lý thực vật nông nghiệp,3,55,Lê Minh Thảo,HK1,2025-2026
NN_HP0061,NN,AGRI160,Công nghệ canh tác thông minh,2,71,Đặng Ngọc Hải,HK1,2025-2026
NN_HP0062,NN,HORT161,Dinh dưỡng cây trồng,3,43,Dương Trọng Thảo,HK1,2025-2026
NN_HP0063,NN,SOIL162,Di truyền chọn giống cây trồng,3,76,Ngô Kim An,HK1,2025-2026
NN_HP0064,NN,CROP163,Côn trùng nông nghiệp,3,40,Lý Ngọc Trung,HK1,2025-2026
NN_HP0065,NN,AGRI164,Nông học đại cương,2,57,Huỳnh Thanh Vũ,HK1,2025-2026
NN_HP0066,NN,HORT165,Khoa học đất trồng,3,80,Võ Minh Sơn,HK1,2025-2026
NN_HP0067,NN,SOIL166,Bảo vệ thực vật,2,41,Lý Trọng Hoàng,HK1,2025-2026
NN_HP0068,NN,CROP167,Sinh lý thực vật nông nghiệp,4,80,Hồ Ngọc Hiếu,HK1,2025-2026
NN_HP0069,NN,AGRI168,Công nghệ canh tác thông minh,3,80,Nguyễn Minh Cường,HK1,2025-2026
NN_HP0070,NN,HORT169,Dinh dưỡng cây trồng,2,41,Dương Kim Tùng,HK1,2025-2026
NN_HP0071,NN,SOIL170,Di truyền chọn giống cây trồng,4,67,Vũ Thị Dũng,HK1,2025-2026
NN_HP0072,NN,CROP171,Côn trùng nông nghiệp,3,59,Bùi Thị Tâm,HK1,2025-2026
NN_HP0073,NN,AGRI172,Nông học đại cương,2,76,Phan Đức Trang,HK1,2025-2026
NN_HP0074,NN,HORT173,Khoa học đất trồng,4,53,Hoàng Hải Phúc,HK1,2025-2026
NN_HP0075,NN,SOIL174,Bảo vệ thực vật,2,75,Lý Thanh Tâm,HK1,2025-2026
NN_HP0076,NN,CROP175,Sinh lý thực vật nông nghiệp,2,79,Dương Thanh Vinh,HK1,2025-2026
NN_HP0077,NN,AGRI176,Công nghệ canh tác thông minh,4,36,Trần Anh Nam,HK1,2025-2026
NN_HP0078,NN,HORT177,Dinh dưỡng cây trồng,4,76,Lý Văn Long,HK1,2025-2026
NN_HP0079,NN,SOIL178,Di truyền chọn giống cây trồng,2,37,Vũ Xuân Nghĩa,HK1,2025-2026
NN_HP0080,NN,CROP179,Côn trùng nông nghiệp,3,66,Phan Trọng Huy,HK1,2025-2026
NN_HP0081,NN,AGRI180,Nông học đại cương,4,80,Đỗ Văn Vinh,HK1,2025-2026
NN_HP0082,NN,HORT181,Khoa học đất trồng,3,55,Trần Ngọc Tuấn,HK1,2025-2026
NN_HP0083,NN,SOIL182,Bảo vệ thực vật,3,68,Đỗ Văn An,HK1,2025-2026
NN_HP0084,NN,CROP183,Sinh lý thực vật nông nghiệp,3,72,Đỗ Kim Sơn,HK1,2025-2026
NN_HP0085,NN,AGRI184,Công nghệ canh tác thông minh,2,53,Đặng Văn Trang,HK1,2025-2026
NN_HP0086,NN,HORT185,Dinh dưỡng cây trồng,3,74,Đỗ Đức Hải,HK1,2025-2026
NN_HP0087,NN,SOIL186,Di truyền chọn giống cây trồng,3,42,Phan Văn Quân,HK1,2025-2026
NN_HP0088,NN,CROP187,Côn trùng nông nghiệp,3,36,Đỗ Thị Sơn,HK1,2025-2026
NN_HP0089,NN,AGRI188,Nông học đại cương,2,71,Lý Bảo Giang,HK1,2025-2026
NN_HP0090,NN,HORT189,Khoa học đất trồng,3,40,Phạm Đức Huy,HK1,2025-2026
NN_HP0091,NN,SOIL190,Bảo vệ thực vật,3,54,Nguyễn Hữu Nghĩa,HK1,2025-2026
NN_HP0092,NN,CROP191,Sinh lý thực vật nông nghiệp,4,52,Hồ Ngọc Dũng,HK1,2025-2026
NN_HP0093,NN,AGRI192,Công nghệ canh tác thông minh,4,63,Vũ Minh Khoa,HK1,2025-2026
NN_HP0094,NN,HORT193,Dinh dưỡng cây trồng,2,80,Đỗ Minh Phong,HK1,2025-2026
NN_HP0095,NN,SOIL194,Di truyền chọn giống cây trồng,2,77,Huỳnh Trọng Hà,HK1,2025-2026
NN_HP0096,NN,CROP195,Côn trùng nông nghiệp,4,67,Huỳnh Thanh Thảo,HK1,2025-2026
NN_HP0097,NN,AGRI196,Nông học đại cương,4,69,Võ Quốc Huy,HK1,2025-2026
NN_HP0098,NN,HORT197,Khoa học đất trồng,3,55,Đặng Thị Bình,HK1,2025-2026
NN_HP0099,NN,SOIL198,Bảo vệ thực vật,4,55,Phạm Đức Trang,HK1,2025-2026
NN_HP0100,NN,CROP199,Sinh lý thực vật nông nghiệp,3,65,Lý Ngọc Thắng,HK1,2025-2026
NN_HP0101,NN,AGRI200,Công nghệ canh tác thông minh,2,69,Nguyễn Xuân Mai,HK1,2025-2026
NN_HP0102,NN,HORT201,Dinh dưỡng cây trồng,4,78,Huỳnh Xuân Hoàng,HK1,2025-2026
NN_HP0103,NN,SOIL202,Di truyền chọn giống cây trồng,3,63,Hoàng Đức Tuấn,HK1,2025-2026
NN_HP0104,NN,CROP203,Côn trùng nông nghiệp,3,76,Bùi Thanh Quân,HK1,2025-2026
NN_HP0105,NN,AGRI204,Nông học đại cương,3,44,Lý Hữu Phong,HK1,2025-2026
NN_HP0106,NN,HORT205,Khoa học đất trồng,3,67,Hồ Hải Mai,HK1,2025-2026
NN_HP0107,NN,SOIL206,Bảo vệ thực vật,4,65,Phạm Hải Linh,HK1,2025-2026
NN_HP0108,NN,CROP207,Sinh lý thực vật nông nghiệp,2,48,Phan Thị Hiếu,HK1,2025-2026
NN_HP0109,NN,AGRI208,Công nghệ canh tác thông minh,2,78,Dương Xuân Linh,HK1,2025-2026
NN_HP0110,NN,HORT209,Dinh dưỡng cây trồng,3,35,Võ Anh Quân,HK1,2025-2026
NN_HP0111,NN,SOIL210,Di truyền chọn giống cây trồng,2,66,Dương Hữu Dũng,HK1,2025-2026
NN_HP0112,NN,CROP211,Côn trùng nông nghiệp,3,69,Nguyễn Đức Hải,HK1,2025-2026
NN_HP0113,NN,AGRI212,Nông học đại cương,4,76,Lý Minh Nam,HK1,2025-2026
NN_HP0114,NN,HORT213,Khoa học đất trồng,2,39,Đỗ Trọng Phong,HK1,2025-2026
NN_HP0115,NN,SOIL214,Bảo vệ thực vật,2,55,Huỳnh Anh Phong,HK1,2025-2026
NN_HP0116,NN,CROP215,Sinh lý thực vật nông nghiệp,3,48,Hồ Hữu Hải,HK1,2025-2026
NN_HP0117,NN,AGRI216,Công nghệ canh tác thông minh,4,55,Nguyễn Xuân Long,HK1,2025-2026
NN_HP0118,NN,HORT217,Dinh dưỡng cây trồng,3,63,Ngô Thanh Giang,HK1,2025-2026
NN_HP0119,NN,SOIL218,Di truyền chọn giống cây trồng,3,58,Dương Hải Tuấn,HK1,2025-2026
NN_HP0120,NN,CROP219,Côn trùng nông nghiệp,2,61,Dương Hữu Giang,HK1,2025-2026
NN_HP0121,NN,AGRI220,Nông học đại cương,3,52,Vũ Kim Tâm,HK1,2025-2026
NN_HP0122,NN,HORT221,Khoa học đất trồng,3,64,Hồ Kim Huy,HK1,2025-2026
NN_HP0123,NN,SOIL222,Bảo vệ thực vật,4,70,Đỗ Văn Nghĩa,HK1,2025-2026
NN_HP0124,NN,CROP223,Sinh lý thực vật nông nghiệp,2,41,Nguyễn Hải Linh,HK1,2025-2026
NN_HP0125,NN,AGRI224,Công nghệ canh tác thông minh,3,78,Đỗ Anh Nghĩa,HK1,2025-2026
NN_HP0126,NN,HORT225,Dinh dưỡng cây trồng,3,47,Lý Hải Hoàng,HK1,2025-2026
NN_HP0127,NN,SOIL226,Di truyền chọn giống cây trồng,3,61,Đỗ Hải Long,HK1,2025-2026
NN_HP0128,NN,CROP227,Côn trùng nông nghiệp,2,39,Lê Minh Hà,HK1,2025-2026
NN_HP0129,NN,AGRI228,Nông học đại cương,3,77,Đỗ Văn Hải,HK1,2025-2026
NN_HP0130,NN,HORT229,Khoa học đất trồng,3,66,Phạm Minh Dũng,HK1,2025-2026
NN_HP0131,NN,SOIL230,Bảo vệ thực vật,4,57,Ngô Ngọc Giang,HK1,2025-2026
NN_HP0132,NN,CROP231,Sinh lý thực vật nông nghiệp,4,78,Vũ Anh Hải,HK1,2025-2026
NN_HP0133,NN,AGRI232,Công nghệ canh tác thông minh,3,53,Phan Xuân Hoàng,HK1,2025-2026
NN_HP0134,NN,HORT233,Dinh dưỡng cây trồng,3,54,Vũ Quốc Sơn,HK1,2025-2026
NN_HP0135,NN,SOIL234,Di truyền chọn giống cây trồng,3,42,Đỗ Thanh Phong,HK1,2025-2026
NN_HP0136,NN,CROP235,Côn trùng nông nghiệp,3,54,Hoàng Hải Tùng,HK1,2025-2026
NN_HP0137,NN,AGRI236,Nông học đại cương,3,51,Ngô Hữu Bình,HK1,2025-2026
NN_HP0138,NN,HORT237,Khoa học đất trồng,3,57,Bùi Đức Thảo,HK1,2025-2026
NN_HP0139,NN,SOIL238,Bảo vệ thực vật,3,40,Vũ Thị Thắng,HK1,2025-2026
NN_HP0140,NN,CROP239,Sinh lý thực vật nông nghiệp,2,57,Hoàng Đức Vũ,HK1,2025-2026
NN_HP0141,NN,AGRI240,Công nghệ canh tác thông minh,3,35,Hoàng Ngọc Tuấn,HK1,2025-2026
NN_HP0142,NN,HORT241,Dinh dưỡng cây trồng,4,41,Đặng Đức Linh,HK1,2025-2026
NN_HP0143,NN,SOIL242,Di truyền chọn giống cây trồng,4,60,Hoàng Văn Huy,HK1,2025-2026
NN_HP0144,NN,CROP243,Côn trùng nông nghiệp,2,37,Bùi Bảo Vũ,HK1,2025-2026
NN_HP0145,NN,AGRI244,Nông học đại cương,4,42,Võ Thanh Hà,HK1,2025-2026
NN_HP0146,NN,HORT245,Khoa học đất trồng,4,48,Phan Quốc Nam,HK1,2025-2026
NN_HP0147,NN,SOIL246,Bảo vệ thực vật,3,37,Dương Quốc An,HK1,2025-2026
NN_HP0148,NN,CROP247,Sinh lý thực vật nông nghiệp,3,52,Hoàng Hải Hùng,HK1,2025-2026
NN_HP0149,NN,AGRI248,Công nghệ canh tác thông minh,3,73,Đỗ Văn Thắng,HK1,2025-2026
NN_HP0150,NN,HORT249,Dinh dưỡng cây trồng,4,44,Nguyễn Văn Quân,HK1,2025-2026
NN_HP0151,NN,SOIL250,Di truyền chọn giống cây trồng,2,36,Bùi Quốc Sơn,HK1,2025-2026
NN_HP0152,NN,CROP251,Côn trùng nông nghiệp,3,61,Đặng Anh An,HK1,2025-2026
NN_HP0153,NN,AGRI252,Nông học đại cương,3,59,Dương Bảo Khoa,HK1,2025-2026
NN_HP0154,NN,HORT253,Khoa học đất trồng,2,41,Hoàng Văn Huy,HK1,2025-2026
NN_HP0155,NN,SOIL254,Bảo vệ thực vật,3,50,Phan Bảo Thảo,HK1,2025-2026
NN_HP0156,NN,CROP255,Sinh lý thực vật nông nghiệp,4,60,Trần Bảo Sơn,HK1,2025-2026
NN_HP0157,NN,AGRI256,Công nghệ canh tác thông minh,2,48,Phạm Hải Thảo,HK1,2025-2026
NN_HP0158,NN,HORT257,Dinh dưỡng cây trồng,4,42,Đặng Xuân Long,HK1,2025-2026
NN_HP0159,NN,SOIL258,Di truyền chọn giống cây trồng,2,48,Ngô Thanh Hoàng,HK1,2025-2026
NN_HP0160,NN,CROP259,Côn trùng nông nghiệp,3,80,Nguyễn Xuân Vũ,HK1,2025-2026
NN_HP0161,NN,AGRI260,Nông học đại cương,3,49,Phan Quốc Quân,HK1,2025-2026
NN_HP0162,NN,HORT261,Khoa học đất trồng,2,57,Ngô Đức Sơn,HK1,2025-2026
NN_HP0163,NN,SOIL262,Bảo vệ thực vật,4,62,Bùi Quốc Khoa,HK1,2025-2026
NN_HP0164,NN,CROP263,Sinh lý thực vật nông nghiệp,2,79,Hồ Đức Phong,HK1,2025-2026
NN_HP0165,NN,AGRI264,Công nghệ canh tác thông minh,2,35,Lê Xuân Nghĩa,HK1,2025-2026
NN_HP0166,NN,HORT265,Dinh dưỡng cây trồng,2,69,Phạm Thanh Tâm,HK1,2025-2026
NN_HP0167,NN,SOIL266,Di truyền chọn giống cây trồng,4,45,Vũ Anh Thắng,HK1,2025-2026
NN_HP0168,NN,CROP267,Côn trùng nông nghiệp,3,60,Đặng Bảo Mai,HK1,2025-2026
NN_HP0169,NN,AGRI268,Nông học đại cương,4,71,Ngô Ngọc Nam,HK1,2025-2026
NN_HP0170,NN,HORT269,Khoa học đất trồng,3,42,Hoàng Ngọc Nam,HK1,2025-2026
NN_HP0171,NN,SOIL270,Bảo vệ thực vật,3,42,Hoàng Đức Hà,HK1,2025-2026
NN_HP0172,NN,CROP271,Sinh lý thực vật nông nghiệp,3,60,Lê Đức Trung,HK1,2025-2026
NN_HP0173,NN,AGRI272,Công nghệ canh tác thông minh,3,49,Bùi Bảo Bình,HK1,2025-2026
NN_HP0174,NN,HORT273,Dinh dưỡng cây trồng,4,70,Hoàng Thanh Giang,HK1,2025-2026
NN_HP0175,NN,SOIL274,Di truyền chọn giống cây trồng,3,62,Lý Minh Mai,HK1,2025-2026
NN_HP0176,NN,CROP275,Côn trùng nông nghiệp,3,49,Đỗ Hữu Bình,HK1,2025-2026
NN_HP0177,NN,AGRI276,Nông học đại cương,4,35,Đỗ Bảo Dũng,HK1,2025-2026
NN_HP0178,NN,HORT277,Khoa học đất trồng,2,63,Nguyễn Thanh Huy,HK1,2025-2026
NN_HP0179,NN,SOIL278,Bảo vệ thực vật,4,45,Võ Kim Hà,HK1,2025-2026
NN_HP0180,NN,CROP279,Sinh lý thực vật nông nghiệp,3,55,Dương Hữu Quân,HK1,2025-2026
NN_HP0181,NN,AGRI280,Công nghệ canh tác thông minh,3,68,Bùi Xuân Long,HK1,2025-2026
NN_HP0182,NN,HORT281,Dinh dưỡng cây trồng,2,70,Đỗ Anh Thảo,HK1,2025-2026
NN_HP0183,NN,SOIL282,Di truyền chọn giống cây trồng,3,57,Hoàng Trọng Dũng,HK1,2025-2026
NN_HP0184,NN,CROP283,Côn trùng nông nghiệp,2,69,Trần Minh Sơn,HK1,2025-2026
NN_HP0185,NN,AGRI284,Nông học đại cương,3,69,Nguyễn Bảo Vinh,HK1,2025-2026
NN_HP0186,NN,HORT285,Khoa học đất trồng,2,43,Bùi Kim Vũ,HK1,2025-2026
NN_HP0187,NN,SOIL286,Bảo vệ thực vật,3,54,Trần Thanh Huy,HK1,2025-2026
NN_HP0188,NN,CROP287,Sinh lý thực vật nông nghiệp,2,69,Đỗ Văn Hùng,HK1,2025-2026
NN_HP0189,NN,AGRI288,Công nghệ canh tác thông minh,3,57,Lê Văn Phong,HK1,2025-2026
NN_HP0190,NN,HORT289,Dinh dưỡng cây trồng,2,46,Đỗ Minh Nam,HK1,2025-2026
NN_HP0191,NN,SOIL290,Di truyền chọn giống cây trồng,3,79,Trần Văn Dũng,HK1,2025-2026
NN_HP0192,NN,CROP291,Côn trùng nông nghiệp,3,50,Đặng Xuân Sơn,HK1,2025-2026
NN_HP0193,NN,AGRI292,Nông học đại cương,2,58,Phan Hải Nam,HK1,2025-2026
NN_HP0194,NN,HORT293,Khoa học đất trồng,3,44,Đặng Quốc Hải,HK1,2025-2026
NN_HP0195,NN,SOIL294,Bảo vệ thực vật,3,67,Trần Trọng Phúc,HK1,2025-2026
NN_HP0196,NN,CROP295,Sinh lý thực vật nông nghiệp,3,50,Ngô Thị Trang,HK1,2025-2026
NN_HP0197,NN,AGRI296,Công nghệ canh tác thông minh,2,52,Hồ Hữu Hiếu,HK1,2025-2026
NN_HP0198,NN,HORT297,Dinh dưỡng cây trồng,4,75,Huỳnh Quốc Phong,HK1,2025-2026
NN_HP0199,NN,SOIL298,Di truyền chọn giống cây trồng,3,35,Nguyễn Đức Trang,HK1,2025-2026
NN_HP0200,NN,CROP299,Côn trùng nông nghiệp,3,77,Phạm Xuân Dũng,HK1,2025-2026
NN_HP0201,NN,AGRI300,Nông học đại cương,3,67,Lý Kim Quân,HK1,2025-2026
NN_HP0202,NN,HORT301,Khoa học đất trồng,3,41,Hồ Kim An,HK1,2025-2026
NN_HP0203,NN,SOIL302,Bảo vệ thực vật,3,39,Đặng Hữu Hải,HK1,2025-2026
NN_HP0204,NN,CROP303,Sinh lý thực vật nông nghiệp,3,61,Bùi Anh Nam,HK1,2025-2026
NN_HP0205,NN,AGRI304,Công nghệ canh tác thông minh,3,44,Hoàng Văn Linh,HK1,2025-2026
NN_HP0206,NN,HORT305,Dinh dưỡng cây trồng,4,63,Phan Thị Tuấn,HK1,2025-2026
NN_HP0207,NN,SOIL306,Di truyền chọn giống cây trồng,2,68,Huỳnh Kim Quân,HK1,2025-2026
NN_HP0208,NN,CROP307,Côn trùng nông nghiệp,2,35,Bùi Ngọc Giang,HK1,2025-2026
NN_HP0209,NN,AGRI308,Nông học đại cương,2,35,Dương Bảo Phúc,HK1,2025-2026
NN_HP0210,NN,HORT309,Khoa học đất trồng,2,58,Lý Hải Trung,HK1,2025-2026
NN_HP0211,NN,SOIL310,Bảo vệ thực vật,3,40,Trần Quốc Tùng,HK1,2025-2026
NN_HP0212,NN,CROP311,Sinh lý thực vật nông nghiệp,4,69,Nguyễn Hữu Nam,HK1,2025-2026
NN_HP0213,NN,AGRI312,Công nghệ canh tác thông minh,4,71,Hoàng Ngọc Phúc,HK1,2025-2026
NN_HP0214,NN,HORT313,Dinh dưỡng cây trồng,2,48,Hoàng Ngọc Khoa,HK1,2025-2026
NN_HP0215,NN,SOIL314,Di truyền chọn giống cây trồng,3,63,Huỳnh Đức Mai,HK1,2025-2026
NN_HP0216,NN,CROP315,Côn trùng nông nghiệp,3,80,Lý Minh Tùng,HK1,2025-2026
NN_HP0217,NN,AGRI316,Nông học đại cương,3,68,Bùi Đức Quân,HK1,2025-2026
NN_HP0218,NN,HORT317,Khoa học đất trồng,3,76,Đặng Văn Long,HK1,2025-2026
NN_HP0219,NN,SOIL318,Bảo vệ thực vật,4,50,Huỳnh Kim Hoàng,HK1,2025-2026
NN_HP0220,NN,CROP319,Sinh lý thực vật nông nghiệp,3,76,Trần Hải Vinh,HK1,2025-2026
NN_HP0221,NN,AGRI320,Công nghệ canh tác thông minh,4,76,Nguyễn Ngọc Mai,HK1,2025-2026
NN_HP0222,NN,HORT321,Dinh dưỡng cây trồng,4,52,Bùi Ngọc Long,HK1,2025-2026
NN_HP0223,NN,SOIL322,Di truyền chọn giống cây trồng,2,44,Huỳnh Hải Cường,HK1,2025-2026
NN_HP0224,NN,CROP323,Côn trùng nông nghiệp,3,71,Phan Ngọc Giang,HK1,2025-2026
NN_HP0225,NN,AGRI324,Nông học đại cương,2,54,Vũ Xuân Trang,HK1,2025-2026
NN_HP0226,NN,HORT325,Khoa học đất trồng,4,45,Võ Bảo Hiếu,HK1,2025-2026
NN_HP0227,NN,SOIL326,Bảo vệ thực vật,3,56,Vũ Thị Phúc,HK1,2025-2026
NN_HP0228,NN,CROP327,Sinh lý thực vật nông nghiệp,3,55,Lý Hải Mai,HK1,2025-2026
NN_HP0229,NN,AGRI328,Công nghệ canh tác thông minh,3,45,Đỗ Trọng Tùng,HK1,2025-2026
NN_HP0230,NN,HORT329,Dinh dưỡng cây trồng,2,71,Võ Hữu Sơn,HK1,2025-2026
NN_HP0231,NN,SOIL330,Di truyền chọn giống cây trồng,4,56,Phạm Hải Linh,HK1,2025-2026
NN_HP0232,NN,CROP331,Côn trùng nông nghiệp,3,53,Phan Văn Huy,HK1,2025-2026
NN_HP0233,NN,AGRI332,Nông học đại cương,3,54,Dương Thanh Giang,HK1,2025-2026
NN_HP0234,NN,HORT333,Khoa học đất trồng,3,72,Đặng Minh Quân,HK1,2025-2026
NN_HP0235,NN,SOIL334,Bảo vệ thực vật,3,52,Hoàng Hải Hoàng,HK1,2025-2026
NN_HP0236,NN,CROP335,Sinh lý thực vật nông nghiệp,4,37,Đỗ Anh Long,HK1,2025-2026
NN_HP0237,NN,AGRI336,Công nghệ canh tác thông minh,3,67,Phan Xuân Mai,HK1,2025-2026
NN_HP0238,NN,HORT337,Dinh dưỡng cây trồng,2,61,Lý Anh Thảo,HK1,2025-2026
NN_HP0239,NN,SOIL338,Di truyền chọn giống cây trồng,3,70,Nguyễn Thanh Phong,HK1,2025-2026
NN_HP0240,NN,CROP339,Côn trùng nông nghiệp,3,40,Phạm Quốc Long,HK1,2025-2026
NN_HP0241,NN,AGRI340,Nông học đại cương,3,79,Dương Anh Trang,HK1,2025-2026
NN_HP0242,NN,HORT341,Khoa học đất trồng,4,38,Hoàng Quốc Phong,HK1,2025-2026
NN_HP0243,NN,SOIL342,Bảo vệ thực vật,3,59,Bùi Thanh Khoa,HK1,2025-2026
NN_HP0244,NN,CROP343,Sinh lý thực vật nông nghiệp,3,44,Bùi Thanh Trang,HK1,2025-2026
NN_HP0245,NN,AGRI344,Công nghệ canh tác thông minh,2,61,Hồ Văn Tuấn,HK1,2025-2026
NN_HP0246,NN,HORT345,Dinh dưỡng cây trồng,4,47,Ngô Hải Linh,HK1,2025-2026
NN_HP0247,NN,SOIL346,Di truyền chọn giống cây trồng,4,48,Võ Hữu Khoa,HK1,2025-2026
NN_HP0248,NN,CROP347,Côn trùng nông nghiệp,3,75,Dương Thị Mai,HK1,2025-2026
NN_HP0249,NN,AGRI348,Nông học đại cương,3,48,Lý Văn Quân,HK1,2025-2026
NN_HP0250,NN,HORT349,Khoa học đất trồng,2,42,Võ Quốc Hiếu,HK1,2025-2026
NN_HP0251,NN,SOIL350,Bảo vệ thực vật,2,35,Bùi Quốc An,HK1,2025-2026
NN_HP0252,NN,CROP351,Sinh lý thực vật nông nghiệp,3,38,Phan Bảo Khoa,HK1,2025-2026
NN_HP0253,NN,AGRI352,Công nghệ canh tác thông minh,3,58,Hồ Ngọc Linh,HK1,2025-2026
NN_HP0254,NN,HORT353,Dinh dưỡng cây trồng,3,62,Hoàng Đức Vũ,HK1,2025-2026
NN_HP0255,NN,SOIL354,Di truyền chọn giống cây trồng,2,78,Trần Văn An,HK1,2025-2026
NN_HP0256,NN,CROP355,Côn trùng nông nghiệp,3,37,Vũ Đức Trung,HK1,2025-2026
NN_HP0257,NN,AGRI356,Nông học đại cương,4,50,Hoàng Hữu Hùng,HK1,2025-2026
NN_HP0258,NN,HORT357,Khoa học đất trồng,2,40,Phạm Bảo Phúc,HK1,2025-2026
NN_HP0259,NN,SOIL358,Bảo vệ thực vật,3,62,Đỗ Văn Hùng,HK1,2025-2026
NN_HP0260,NN,CROP359,Sinh lý thực vật nông nghiệp,2,35,Huỳnh Ngọc Hùng,HK1,2025-2026
NN_HP0261,NN,AGRI360,Công nghệ canh tác thông minh,3,65,Võ Văn Tâm,HK1,2025-2026
NN_HP0262,NN,HORT361,Dinh dưỡng cây trồng,4,38,Đỗ Bảo Tâm,HK1,2025-2026
NN_HP0263,NN,SOIL362,Di truyền chọn giống cây trồng,4,59,Lê Hữu Huy,HK1,2025-2026
NN_HP0264,NN,CROP363,Côn trùng nông nghiệp,4,37,Vũ Quốc Cường,HK1,2025-2026
NN_HP0265,NN,AGRI364,Nông học đại cương,3,43,Ngô Ngọc Khoa,HK1,2025-2026
NN_HP0266,NN,HORT365,Khoa học đất trồng,3,61,Hồ Thanh Tuấn,HK1,2025-2026
NN_HP0267,NN,SOIL366,Bảo vệ thực vật,4,57,Huỳnh Trọng Thảo,HK1,2025-2026
NN_HP0268,NN,CROP367,Sinh lý thực vật nông nghiệp,2,36,Võ Thanh Tuấn,HK1,2025-2026
NN_HP0269,NN,AGRI368,Công nghệ canh tác thông minh,4,49,Đặng Anh Tuấn,HK1,2025-2026
NN_HP0270,NN,HORT369,Dinh dưỡng cây trồng,3,78,Phan Xuân Phúc,HK1,2025-2026
NN_HP0271,NN,SOIL370,Di truyền chọn giống cây trồng,3,43,Phan Bảo Sơn,HK1,2025-2026
NN_HP0272,NN,CROP371,Côn trùng nông nghiệp,4,41,Lê Hải Vũ,HK1,2025-2026
NN_HP0273,NN,AGRI372,Nông học đại cương,2,56,Võ Thị Hải,HK1,2025-2026
NN_HP0274,NN,HORT373,Khoa học đất trồng,3,42,Bùi Xuân Vũ,HK1,2025-2026
NN_HP0275,NN,SOIL374,Bảo vệ thực vật,3,72,Nguyễn Đức Hoàng,HK1,2025-2026
NN_HP0276,NN,CROP375,Sinh lý thực vật nông nghiệp,3,52,Hồ Xuân Mai,HK1,2025-2026
NN_HP0277,NN,AGRI376,Công nghệ canh tác thông minh,3,36,Trần Ngọc Linh,HK1,2025-2026
NN_HP0278,NN,HORT377,Dinh dưỡng cây trồng,2,35,Dương Thanh Hải,HK1,2025-2026
NN_HP0279,NN,SOIL378,Di truyền chọn giống cây trồng,3,73,Hồ Đức Cường,HK1,2025-2026
NN_HP0280,NN,CROP379,Côn trùng nông nghiệp,3,67,Võ Ngọc An,HK1,2025-2026
NN_HP0281,NN,AGRI380,Nông học đại cương,3,43,Đỗ Hữu Thảo,HK1,2025-2026
NN_HP0282,NN,HORT381,Khoa học đất trồng,4,64,Huỳnh Quốc Mai,HK1,2025-2026
NN_HP0283,NN,SOIL382,Bảo vệ thực vật,4,58,Vũ Thanh Mai,HK1,2025-2026
NN_HP0284,NN,CROP383,Sinh lý thực vật nông nghiệp,3,61,Ngô Anh Nam,HK1,2025-2026
NN_HP0285,NN,AGRI384,Công nghệ canh tác thông minh,2,44,Đặng Ngọc Trung,HK1,2025-2026
NN_HP0286,NN,HORT385,Dinh dưỡng cây trồng,3,54,Dương Xuân Vũ,HK1,2025-2026
NN_HP0287,NN,SOIL386,Di truyền chọn giống cây trồng,2,47,Hoàng Thanh Thảo,HK1,2025-2026
NN_HP0288,NN,CROP387,Côn trùng nông nghiệp,2,57,Dương Ngọc Hà,HK1,2025-2026
NN_HP0289,NN,AGRI388,Nông học đại cương,3,43,Võ Trọng Phúc,HK1,2025-2026
NN_HP0290,NN,HORT389,Khoa học đất trồng,2,44,Nguyễn Đức Huy,HK1,2025-2026
NN_HP0291,NN,SOIL390,Bảo vệ thực vật,2,65,Phạm Trọng Trang,HK1,2025-2026
NN_HP0292,NN,CROP391,Sinh lý thực vật nông nghiệp,3,78,Bùi Bảo Phong,HK1,2025-2026
NN_HP0293,NN,AGRI392,Công nghệ canh tác thông minh,4,62,Phan Thanh Dũng,HK1,2025-2026
NN_HP0294,NN,HORT393,Dinh dưỡng cây trồng,2,49,Lê Văn Nam,HK1,2025-2026
NN_HP0295,NN,SOIL394,Di truyền chọn giống cây trồng,2,77,Dương Hải Linh,HK1,2025-2026
NN_HP0296,NN,CROP395,Côn trùng nông nghiệp,4,68,Phạm Kim Vũ,HK1,2025-2026
NN_HP0297,NN,AGRI396,Nông học đại cương,3,42,Hồ Kim Tuấn,HK1,2025-2026
NN_HP0298,NN,HORT397,Khoa học đất trồng,3,62,Bùi Đức Mai,HK1,2025-2026
NN_HP0299,NN,SOIL398,Bảo vệ thực vật,3,58,Đặng Anh Vinh,HK1,2025-2026
NN_HP0300,NN,CROP399,Sinh lý thực vật nông nghiệp,3,47,Dương Anh Quân,HK1,2025-2026
NN_HP0301,NN,AGRI400,Công nghệ canh tác thông minh,4,78,Ngô Bảo Mai,HK1,2025-2026
NN_HP0302,NN,HORT401,Dinh dưỡng cây trồng,3,39,Huỳnh Đức Hiếu,HK1,2025-2026
NN_HP0303,NN,SOIL402,Di truyền chọn giống cây trồng,2,50,Phạm Xuân Phúc,HK1,2025-2026
NN_HP0304,NN,CROP403,Côn trùng nông nghiệp,2,79,Đặng Xuân Hiếu,HK1,2025-2026
NN_HP0305,NN,AGRI404,Nông học đại cương,3,74,Phan Anh Hoàng,HK1,2025-2026
NN_HP0306,NN,HORT405,Khoa học đất trồng,3,68,Ngô Kim Long,HK1,2025-2026
NN_HP0307,NN,SOIL406,Bảo vệ thực vật,4,38,Lê Văn Bình,HK1,2025-2026
NN_HP0308,NN,CROP407,Sinh lý thực vật nông nghiệp,3,60,Hoàng Hải Hoàng,HK1,2025-2026
NN_HP0309,NN,AGRI408,Công nghệ canh tác thông minh,3,36,Dương Minh Bình,HK1,2025-2026
NN_HP0310,NN,HORT409,Dinh dưỡng cây trồng,3,62,Hồ Trọng Nghĩa,HK1,2025-2026
NN_HP0311,NN,SOIL410,Di truyền chọn giống cây trồng,4,65,Phan Hải Vũ,HK1,2025-2026
NN_HP0312,NN,CROP411,Côn trùng nông nghiệp,2,75,Bùi Quốc Hải,HK1,2025-2026
NN_HP0313,NN,AGRI412,Nông học đại cương,2,79,Vũ Anh Hùng,HK1,2025-2026
NN_HP0314,NN,HORT413,Khoa học đất trồng,3,35,Võ Thanh Vũ,HK1,2025-2026
NN_HP0315,NN,SOIL414,Bảo vệ thực vật,3,58,Hoàng Đức Vũ,HK1,2025-2026
NN_HP0316,NN,CROP415,Sinh lý thực vật nông nghiệp,3,47,Trần Minh Hải,HK1,2025-2026
NN_HP0317,NN,AGRI416,Công nghệ canh tác thông minh,4,71,Lý Anh Hải,HK1,2025-2026
NN_HP0318,NN,HORT417,Dinh dưỡng cây trồng,2,39,Đặng Ngọc Hoàng,HK1,2025-2026
NN_HP0319,NN,SOIL418,Di truyền chọn giống cây trồng,2,71,Trần Anh Mai,HK1,2025-2026
NN_HP0320,NN,CROP419,Côn trùng nông nghiệp,3,44,Bùi Thanh An,HK1,2025-2026
NN_HP0321,NN,AGRI420,Nông học đại cương,3,61,Đỗ Xuân Hà,HK1,2025-2026
NN_HP0322,NN,HORT421,Khoa học đất trồng,3,35,Phạm Hải Hải,HK1,2025-2026
NN_HP0323,NN,SOIL422,Bảo vệ thực vật,3,77,Dương Bảo Linh,HK1,2025-2026
NN_HP0324,NN,CROP423,Sinh lý thực vật nông nghiệp,3,52,Phan Kim Cường,HK1,2025-2026
NN_HP0325,NN,AGRI424,Công nghệ canh tác thông minh,3,73,Phạm Minh Vinh,HK1,2025-2026
NN_HP0326,NN,HORT425,Dinh dưỡng cây trồng,2,43,Bùi Bảo Sơn,HK1,2025-2026
NN_HP0327,NN,SOIL426,Di truyền chọn giống cây trồng,2,37,Hồ Đức Quân,HK1,2025-2026
NN_HP0328,NN,CROP427,Côn trùng nông nghiệp,4,71,Trần Minh Trung,HK1,2025-2026
NN_HP0329,NN,AGRI428,Nông học đại cương,4,69,Trần Ngọc Hải,HK1,2025-2026
NN_HP0330,NN,HORT429,Khoa học đất trồng,2,79,Ngô Trọng Huy,HK1,2025-2026
NN_HP0331,NN,SOIL430,Bảo vệ thực vật,4,55,Ngô Quốc Nghĩa,HK1,2025-2026
NN_HP0332,NN,CROP431,Sinh lý thực vật nông nghiệp,2,49,Đặng Hải Nam,HK1,2025-2026
NN_HP0333,NN,AGRI432,Công nghệ canh tác thông minh,4,74,Bùi Đức Long,HK1,2025-2026
NN_HP0334,NN,HORT433,Dinh dưỡng cây trồng,4,71,Trần Văn Long,HK1,2025-2026
NN_HP0335,NN,SOIL434,Di truyền chọn giống cây trồng,3,79,Hoàng Xuân Trang,HK1,2025-2026
NN_HP0336,NN,CROP435,Côn trùng nông nghiệp,3,77,Đặng Văn Tùng,HK1,2025-2026
NN_HP0337,NN,AGRI436,Nông học đại cương,3,40,Nguyễn Minh Huy,HK1,2025-2026
NN_HP0338,NN,HORT437,Khoa học đất trồng,3,78,Vũ Thanh Hiếu,HK1,2025-2026
NN_HP0339,NN,SOIL438,Bảo vệ thực vật,3,55,Đỗ Thị Long,HK1,2025-2026
NN_HP0340,NN,CROP439,Sinh lý thực vật nông nghiệp,4,53,Nguyễn Quốc Khoa,HK1,2025-2026
NN_HP0341,NN,AGRI440,Công nghệ canh tác thông minh,4,53,Đỗ Quốc Linh,HK1,2025-2026
NN_HP0342,NN,HORT441,Dinh dưỡng cây trồng,2,43,Hoàng Bảo Quân,HK1,2025-2026
NN_HP0343,NN,SOIL442,Di truyền chọn giống cây trồng,4,61,Đặng Quốc Thắng,HK1,2025-2026
NN_HP0344,NN,CROP443,Côn trùng nông nghiệp,2,70,Lý Anh Sơn,HK1,2025-2026
NN_HP0345,NN,AGRI444,Nông học đại cương,4,58,Lê Ngọc Sơn,HK1,2025-2026
NN_HP0346,NN,HORT445,Khoa học đất trồng,3,64,Võ Kim Tùng,HK1,2025-2026
NN_HP0347,NN,SOIL446,Bảo vệ thực vật,3,42,Phan Đức Thảo,HK1,2025-2026
NN_HP0348,NN,CROP447,Sinh lý thực vật nông nghiệp,4,78,Hoàng Thanh Huy,HK1,2025-2026
NN_HP0349,NN,AGRI448,Công nghệ canh tác thông minh,3,41,Dương Kim Linh,HK1,2025-2026
NN_HP0350,NN,HORT449,Dinh dưỡng cây trồng,3,80,Lý Hữu Hải,HK1,2025-2026
NN_HP0351,NN,SOIL450,Di truyền chọn giống cây trồng,4,44,Đặng Quốc Nghĩa,HK1,2025-2026
NN_HP0352,NN,CROP451,Côn trùng nông nghiệp,3,39,Lê Minh Tùng,HK1,2025-2026
NN_HP0353,NN,AGRI452,Nông học đại cương,4,45,Phạm Kim Quân,HK1,2025-2026
NN_HP0354,NN,HORT453,Khoa học đất trồng,4,43,Võ Quốc Trang,HK1,2025-2026
NN_HP0355,NN,SOIL454,Bảo vệ thực vật,4,78,Ngô Anh Long,HK1,2025-2026
NN_HP0356,NN,CROP455,Sinh lý thực vật nông nghiệp,4,54,Lê Ngọc Hoàng,HK1,2025-2026
NN_HP0357,NN,AGRI456,Công nghệ canh tác thông minh,3,75,Phan Kim Khoa,HK1,2025-2026
NN_HP0358,NN,HORT457,Dinh dưỡng cây trồng,3,35,Phan Anh Tuấn,HK1,2025-2026
NN_HP0359,NN,SOIL458,Di truyền chọn giống cây trồng,3,56,Đặng Trọng An,HK1,2025-2026
NN_HP0360,NN,CROP459,Côn trùng nông nghiệp,4,53,Đỗ Hải Hoàng,HK1,2025-2026
NN_HP0361,NN,AGRI460,Nông học đại cương,2,44,Đỗ Minh Hải,HK1,2025-2026
NN_HP0362,NN,HORT461,Khoa học đất trồng,4,50,Vũ Bảo Nam,HK1,2025-2026
NN_HP0363,NN,SOIL462,Bảo vệ thực vật,3,76,Bùi Xuân Bình,HK1,2025-2026
NN_HP0364,NN,CROP463,Sinh lý thực vật nông nghiệp,3,70,Lê Hữu Thảo,HK1,2025-2026
NN_HP0365,NN,AGRI464,Công nghệ canh tác thông minh,3,35,Trần Quốc Mai,HK1,2025-2026
NN_HP0366,NN,HORT465,Dinh dưỡng cây trồng,4,79,Huỳnh Ngọc Hà,HK1,2025-2026
NN_HP0367,NN,SOIL466,Di truyền chọn giống cây trồng,2,72,Huỳnh Hữu Hùng,HK1,2025-2026
NN_HP0368,NN,CROP467,Côn trùng nông nghiệp,3,79,Trần Văn Quân,HK1,2025-2026
NN_HP0369,NN,AGRI468,Nông học đại cương,4,65,Phạm Bảo Bình,HK1,2025-2026
NN_HP0370,NN,HORT469,Khoa học đất trồng,3,52,Ngô Ngọc Mai,HK1,2025-2026
NN_HP0371,NN,SOIL470,Bảo vệ thực vật,2,41,Đỗ Ngọc Thắng,HK1,2025-2026
NN_HP0372,NN,CROP471,Sinh lý thực vật nông nghiệp,2,78,Trần Trọng Hà,HK1,2025-2026
NN_HP0373,NN,AGRI472,Công nghệ canh tác thông minh,4,54,Lê Bảo Tuấn,HK1,2025-2026
NN_HP0374,NN,HORT473,Dinh dưỡng cây trồng,2,48,Phan Quốc Tùng,HK1,2025-2026
NN_HP0375,NN,SOIL474,Di truyền chọn giống cây trồng,3,56,Nguyễn Thị Thắng,HK1,2025-2026
NN_HP0376,NN,CROP475,Côn trùng nông nghiệp,3,45,Đặng Trọng Mai,HK1,2025-2026
NN_HP0377,NN,AGRI476,Nông học đại cương,3,36,Đỗ Hải Linh,HK1,2025-2026
NN_HP0378,NN,HORT477,Khoa học đất trồng,3,74,Hồ Anh Tuấn,HK1,2025-2026
NN_HP0379,NN,SOIL478,Bảo vệ thực vật,3,69,Nguyễn Anh Thảo,HK1,2025-2026
NN_HP0380,NN,CROP479,Sinh lý thực vật nông nghiệp,4,73,Hồ Hữu Sơn,HK1,2025-2026
NN_HP0381,NN,AGRI480,Công nghệ canh tác thông minh,4,76,Nguyễn Bảo Quân,HK1,2025-2026
NN_HP0382,NN,HORT481,Dinh dưỡng cây trồng,4,80,Vũ Hữu Thắng,HK1,2025-2026
NN_HP0383,NN,SOIL482,Di truyền chọn giống cây trồng,4,77,Huỳnh Văn Long,HK1,2025-2026
NN_HP0384,NN,CROP483,Côn trùng nông nghiệp,2,72,Hồ Xuân Thảo,HK1,2025-2026
NN_HP0385,NN,AGRI484,Nông học đại cương,3,61,Đỗ Kim Thắng,HK1,2025-2026
NN_HP0386,NN,HORT485,Khoa học đất trồng,3,36,Đỗ Trọng Trung,HK1,2025-2026
NN_HP0387,NN,SOIL486,Bảo vệ thực vật,4,50,Đặng Bảo Giang,HK1,2025-2026
NN_HP0388,NN,CROP487,Sinh lý thực vật nông nghiệp,4,47,Đặng Xuân Trang,HK1,2025-2026
NN_HP0389,NN,AGRI488,Công nghệ canh tác thông minh,4,64,Huỳnh Thị Giang,HK1,2025-2026
NN_HP0390,NN,HORT489,Dinh dưỡng cây trồng,3,45,Huỳnh Ngọc Hoàng,HK1,2025-2026
NN_HP0391,NN,SOIL490,Di truyền chọn giống cây trồng,3,69,Huỳnh Trọng Tùng,HK1,2025-2026
NN_HP0392,NN,CROP491,Côn trùng nông nghiệp,2,62,Hồ Minh Nghĩa,HK1,2025-2026
NN_HP0393,NN,AGRI492,Nông học đại cương,3,41,Vũ Hữu Hùng,HK1,2025-2026
NN_HP0394,NN,HORT493,Khoa học đất trồng,2,79,Huỳnh Hải An,HK1,2025-2026
NN_HP0395,NN,SOIL494,Bảo vệ thực vật,2,36,Võ Xuân Quân,HK1,2025-2026
NN_HP0396,NN,CROP495,Sinh lý thực vật nông nghiệp,3,58,Hồ Văn Trang,HK1,2025-2026
NN_HP0397,NN,AGRI496,Công nghệ canh tác thông minh,3,71,Huỳnh Văn Long,HK1,2025-2026
NN_HP0398,NN,HORT497,Dinh dưỡng cây trồng,4,68,Nguyễn Đức Long,HK1,2025-2026
NN_HP0399,NN,SOIL498,Di truyền chọn giống cây trồng,3,50,Ngô Hữu Sơn,HK1,2025-2026
NN_HP0400,NN,CROP499,Côn trùng nông nghiệp,3,51,Lê Thị Tùng,HK1,2025-2026
NN_HP0401,NN,AGRI500,Nông học đại cương,2,71,Ngô Đức Quân,HK1,2025-2026
NN_HP0402,NN,HORT501,Khoa học đất trồng,3,36,Trần Trọng Huy,HK1,2025-2026
NN_HP0403,NN,SOIL502,Bảo vệ thực vật,3,35,Đỗ Minh Thắng,HK1,2025-2026
NN_HP0404,NN,CROP503,Sinh lý thực vật nông nghiệp,3,72,Bùi Kim Phúc,HK1,2025-2026
NN_HP0405,NN,AGRI504,Công nghệ canh tác thông minh,3,36,Phạm Thanh Tuấn,HK1,2025-2026
NN_HP0406,NN,HORT505,Dinh dưỡng cây trồng,2,49,Phạm Thanh Nam,HK1,2025-2026
NN_HP0407,NN,SOIL506,Di truyền chọn giống cây trồng,4,78,Đặng Trọng Thảo,HK1,2025-2026
NN_HP0408,NN,CROP507,Côn trùng nông nghiệp,3,53,Bùi Ngọc Nam,HK1,2025-2026
NN_HP0409,NN,AGRI508,Nông học đại cương,3,76,Phạm Xuân Huy,HK1,2025-2026
NN_HP0410,NN,HORT509,Khoa học đất trồng,2,73,Bùi Văn Linh,HK1,2025-2026
NN_HP0411,NN,SOIL510,Bảo vệ thực vật,3,53,Đặng Hải Trung,HK1,2025-2026
NN_HP0412,NN,CROP511,Sinh lý thực vật nông nghiệp,3,51,Vũ Thị Hà,HK1,2025-2026
NN_HP0413,NN,AGRI512,Công nghệ canh tác thông minh,3,41,Dương Hữu Hoàng,HK1,2025-2026
NN_HP0414,NN,HORT513,Dinh dưỡng cây trồng,3,76,Huỳnh Bảo Dũng,HK1,2025-2026
NN_HP0415,NN,SOIL514,Di truyền chọn giống cây trồng,4,60,Đặng Đức Bình,HK1,2025-2026
NN_HP0416,NN,CROP515,Côn trùng nông nghiệp,4,61,Đặng Minh Linh,HK1,2025-2026
NN_HP0417,NN,AGRI516,Nông học đại cương,3,35,Trần Thanh Sơn,HK1,2025-2026
NN_HP0418,NN,HORT517,Khoa học đất trồng,3,37,Võ Hữu Tâm,HK1,2025-2026
NN_HP0419,NN,SOIL518,Bảo vệ thực vật,4,78,Phan Bảo Vinh,HK1,2025-2026
NN_HP0420,NN,CROP519,Sinh lý thực vật nông nghiệp,2,46,Trần Xuân Mai,HK1,2025-2026
NN_HP0421,NN,AGRI520,Công nghệ canh tác thông minh,4,59,Huỳnh Hải Hải,HK1,2025-2026
NN_HP0422,NN,HORT521,Dinh dưỡng cây trồng,2,36,Trần Trọng Tâm,HK1,2025-2026
NN_HP0423,NN,SOIL522,Di truyền chọn giống cây trồng,3,37,Trần Thị Dũng,HK1,2025-2026
NN_HP0424,NN,CROP523,Côn trùng nông nghiệp,2,64,Hồ Trọng Thảo,HK1,2025-2026
NN_HP0425,NN,AGRI524,Nông học đại cương,3,75,Đặng Ngọc Hoàng,HK1,2025-2026
NN_HP0426,NN,HORT525,Khoa học đất trồng,2,52,Phạm Kim Giang,HK1,2025-2026
NN_HP0427,NN,SOIL526,Bảo vệ thực vật,2,67,Hoàng Kim Hà,HK1,2025-2026
NN_HP0428,NN,CROP527,Sinh lý thực vật nông nghiệp,4,73,Phan Xuân Quân,HK1,2025-2026
NN_HP0429,NN,AGRI528,Công nghệ canh tác thông minh,2,41,Lê Văn Hoàng,HK1,2025-2026
NN_HP0430,NN,HORT529,Dinh dưỡng cây trồng,3,71,Lý Đức Bình,HK1,2025-2026
NN_HP0431,NN,SOIL530,Di truyền chọn giống cây trồng,2,74,Lý Hữu Trang,HK1,2025-2026
NN_HP0432,NN,CROP531,Côn trùng nông nghiệp,4,41,Vũ Trọng Hà,HK1,2025-2026
NN_HP0433,NN,AGRI532,Nông học đại cương,3,64,Dương Bảo Trung,HK1,2025-2026
NN_HP0434,NN,HORT533,Khoa học đất trồng,2,62,Đỗ Hải Tâm,HK1,2025-2026
NN_HP0435,NN,SOIL534,Bảo vệ thực vật,3,47,Nguyễn Đức Thảo,HK1,2025-2026
NN_HP0436,NN,CROP535,Sinh lý thực vật nông nghiệp,3,39,Võ Văn Huy,HK1,2025-2026
NN_HP0437,NN,AGRI536,Công nghệ canh tác thông minh,3,36,Hoàng Văn Hải,HK1,2025-2026
NN_HP0438,NN,HORT537,Dinh dưỡng cây trồng,3,37,Hoàng Minh Cường,HK1,2025-2026
NN_HP0439,NN,SOIL538,Di truyền chọn giống cây trồng,4,42,Võ Bảo Phúc,HK1,2025-2026
NN_HP0440,NN,CROP539,Côn trùng nông nghiệp,2,60,Huỳnh Minh Thắng,HK1,2025-2026
NN_HP0441,NN,AGRI540,Nông học đại cương,2,37,Lê Quốc Tuấn,HK1,2025-2026
NN_HP0442,NN,HORT541,Khoa học đất trồng,3,80,Trần Kim Trang,HK1,2025-2026
NN_HP0443,NN,SOIL542,Bảo vệ thực vật,3,72,Phan Hải Khoa,HK1,2025-2026
NN_HP0444,NN,CROP543,Sinh lý thực vật nông nghiệp,4,36,Huỳnh Đức Long,HK1,2025-2026
NN_HP0445,NN,AGRI544,Công nghệ canh tác thông minh,2,39,Huỳnh Anh Trung,HK1,2025-2026
NN_HP0446,NN,HORT545,Dinh dưỡng cây trồng,3,44,Vũ Thị Giang,HK1,2025-2026
NN_HP0447,NN,SOIL546,Di truyền chọn giống cây trồng,3,44,Phan Văn Thắng,HK1,2025-2026
NN_HP0448,NN,CROP547,Côn trùng nông nghiệp,2,36,Nguyễn Kim Cường,HK1,2025-2026
NN_HP0449,NN,AGRI548,Nông học đại cương,4,47,Phan Hải Tùng,HK1,2025-2026
NN_HP0450,NN,HORT549,Khoa học đất trồng,3,72,Huỳnh Quốc Vinh,HK1,2025-2026
NN_HP0451,NN,SOIL550,Bảo vệ thực vật,4,54,Huỳnh Minh An,HK1,2025-2026
NN_HP0452,NN,CROP551,Sinh lý thực vật nông nghiệp,3,40,Hồ Đức Huy,HK1,2025-2026
NN_HP0453,NN,AGRI552,Công nghệ canh tác thông minh,3,40,Đỗ Thanh Quân,HK1,2025-2026
NN_HP0454,NN,HORT553,Dinh dưỡng cây trồng,4,45,Đỗ Xuân Trung,HK1,2025-2026
NN_HP0455,NN,SOIL554,Di truyền chọn giống cây trồng,2,38,Hoàng Thị Thắng,HK1,2025-2026
NN_HP0456,NN,CROP555,Côn trùng nông nghiệp,4,60,Võ Quốc Vinh,HK1,2025-2026
NN_HP0457,NN,AGRI556,Nông học đại cương,3,80,Dương Kim Nam,HK1,2025-2026
NN_HP0458,NN,HORT557,Khoa học đất trồng,2,74,Nguyễn Thị Trang,HK1,2025-2026
NN_HP0459,NN,SOIL558,Bảo vệ thực vật,2,40,Bùi Thanh Thắng,HK1,2025-2026
NN_HP0460,NN,CROP559,Sinh lý thực vật nông nghiệp,3,39,Huỳnh Bảo Hiếu,HK1,2025-2026
NN_HP0461,NN,AGRI560,Công nghệ canh tác thông minh,4,75,Dương Xuân Trang,HK1,2025-2026
NN_HP0462,NN,HORT561,Dinh dưỡng cây trồng,3,55,Bùi Trọng Hùng,HK1,2025-2026
NN_HP0463,NN,SOIL562,Di truyền chọn giống cây trồng,4,38,Dương Trọng Hùng,HK1,2025-2026
NN_HP0464,NN,CROP563,Côn trùng nông nghiệp,2,73,Phan Minh Long,HK1,2025-2026
NN_HP0465,NN,AGRI564,Nông học đại cương,2,37,Trần Ngọc Nam,HK1,2025-2026
NN_HP0466,NN,HORT565,Khoa học đất trồng,4,80,Huỳnh Văn Tuấn,HK1,2025-2026
NN_HP0467,NN,SOIL566,Bảo vệ thực vật,2,63,Bùi Đức Thắng,HK1,2025-2026
NN_HP0468,NN,CROP567,Sinh lý thực vật nông nghiệp,3,35,Dương Kim Tuấn,HK1,2025-2026
NN_HP0469,NN,AGRI568,Công nghệ canh tác thông minh,4,38,Lê Anh Cường,HK1,2025-2026
NN_HP0470,NN,HORT569,Dinh dưỡng cây trồng,4,39,Phạm Xuân Nghĩa,HK1,2025-2026
NN_HP0471,NN,SOIL570,Di truyền chọn giống cây trồng,4,43,Phan Thị An,HK1,2025-2026
NN_HP0472,NN,CROP571,Côn trùng nông nghiệp,3,42,Nguyễn Thị Phong,HK1,2025-2026
NN_HP0473,NN,AGRI572,Nông học đại cương,3,71,Trần Văn Thảo,HK1,2025-2026
NN_HP0474,NN,HORT573,Khoa học đất trồng,3,52,Lý Anh Mai,HK1,2025-2026
NN_HP0475,NN,SOIL574,Bảo vệ thực vật,4,61,Bùi Hải Phong,HK1,2025-2026
NN_HP0476,NN,CROP575,Sinh lý thực vật nông nghiệp,3,60,Hoàng Thị Trang,HK1,2025-2026
NN_HP0477,NN,AGRI576,Công nghệ canh tác thông minh,4,46,Phạm Thị Bình,HK1,2025-2026
NN_HP0478,NN,HORT577,Dinh dưỡng cây trồng,4,50,Dương Văn Hà,HK1,2025-2026
NN_HP0479,NN,SOIL578,Di truyền chọn giống cây trồng,3,51,Huỳnh Hữu Huy,HK1,2025-2026
NN_HP0480,NN,CROP579,Côn trùng nông nghiệp,4,42,Dương Thanh Dũng,HK1,2025-2026
NN_HP0481,NN,AGRI580,Nông học đại cương,4,66,Bùi Đức Huy,HK1,2025-2026
NN_HP0482,NN,HORT581,Khoa học đất trồng,3,58,Phạm Thanh Giang,HK1,2025-2026
NN_HP0483,NN,SOIL582,Bảo vệ thực vật,3,49,Huỳnh Văn Trang,HK1,2025-2026
NN_HP0484,NN,CROP583,Sinh lý thực vật nông nghiệp,2,43,Trần Hữu Vinh,HK1,2025-2026
NN_HP0485,NN,AGRI584,Công nghệ canh tác thông minh,3,52,Nguyễn Minh Huy,HK1,2025-2026
NN_HP0486,NN,HORT585,Dinh dưỡng cây trồng,3,58,Phan Quốc Long,HK1,2025-2026
NN_HP0487,NN,SOIL586,Di truyền chọn giống cây trồng,3,58,Trần Trọng Linh,HK1,2025-2026
NN_HP0488,NN,CROP587,Côn trùng nông nghiệp,2,39,Vũ Quốc Vinh,HK1,2025-2026
NN_HP0489,NN,AGRI588,Nông học đại cương,3,40,Võ Hải An,HK1,2025-2026
NN_HP0490,NN,HORT589,Khoa học đất trồng,3,37,Ngô Minh Vinh,HK1,2025-2026
NN_HP0491,NN,SOIL590,Bảo vệ thực vật,3,74,Phan Ngọc Hiếu,HK1,2025-2026
NN_HP0492,NN,CROP591,Sinh lý thực vật nông nghiệp,2,71,Trần Bảo Vũ,HK1,2025-2026
NN_HP0493,NN,AGRI592,Công nghệ canh tác thông minh,3,59,Hồ Thị Phong,HK1,2025-2026
NN_HP0494,NN,HORT593,Dinh dưỡng cây trồng,4,76,Huỳnh Minh Trung,HK1,2025-2026
NN_HP0495,NN,SOIL594,Di truyền chọn giống cây trồng,3,51,Trần Đức Khoa,HK1,2025-2026
NN_HP0496,NN,CROP595,Côn trùng nông nghiệp,3,75,Hồ Minh Tâm,HK1,2025-2026
NN_HP0497,NN,AGRI596,Nông học đại cương,2,38,Vũ Văn Long,HK1,2025-2026
NN_HP0498,NN,HORT597,Khoa học đất trồng,2,71,Bùi Anh Long,HK1,2025-2026
NN_HP0499,NN,SOIL598,Bảo vệ thực vật,2,45,Đỗ Thị Nam,HK1,2025-2026
NN_HP0500,NN,CROP599,Sinh lý thực vật nông nghiệp,4,45,Trần Ngọc Trung,HK1,2025-2026
NN_HP0501,NN,AGRI600,Công nghệ canh tác thông minh,3,41,Lê Kim Khoa,HK1,2025-2026
NN_HP0502,NN,HORT601,Dinh dưỡng cây trồng,4,39,Hoàng Quốc Phong,HK1,2025-2026
NN_HP0503,NN,SOIL602,Di truyền chọn giống cây trồng,3,70,Hoàng Văn Bình,HK1,2025-2026
NN_HP0504,NN,CROP603,Côn trùng nông nghiệp,4,71,Hồ Văn Thảo,HK1,2025-2026
NN_HP0505,NN,AGRI604,Nông học đại cương,3,68,Vũ Trọng Nam,HK1,2025-2026
NN_HP0506,NN,HORT605,Khoa học đất trồng,3,62,Hồ Hữu Long,HK1,2025-2026
NN_HP0507,NN,SOIL606,Bảo vệ thực vật,3,79,Lý Hải Dũng,HK1,2025-2026
NN_HP0508,NN,CROP607,Sinh lý thực vật nông nghiệp,4,80,Dương Kim Phúc,HK1,2025-2026
NN_HP0509,NN,AGRI608,Công nghệ canh tác thông minh,2,79,Phạm Quốc Dũng,HK1,2025-2026
NN_HP0510,NN,HORT609,Dinh dưỡng cây trồng,3,48,Hồ Đức Vinh,HK1,2025-2026
NN_HP0511,NN,SOIL610,Di truyền chọn giống cây trồng,4,69,Nguyễn Xuân Vũ,HK1,2025-2026
NN_HP0512,NN,CROP611,Côn trùng nông nghiệp,2,54,Trần Xuân Thảo,HK1,2025-2026
NN_HP0513,NN,AGRI612,Nông học đại cương,3,77,Hoàng Anh Tâm,HK1,2025-2026
NN_HP0514,NN,HORT613,Khoa học đất trồng,3,71,Đặng Trọng Tâm,HK1,2025-2026
NN_HP0515,NN,SOIL614,Bảo vệ thực vật,4,36,Ngô Xuân Hoàng,HK1,2025-2026
NN_HP0516,NN,CROP615,Sinh lý thực vật nông nghiệp,2,64,Đỗ Đức Long,HK1,2025-2026
SP_HP0001,SP,EDU100,Tâm lý học lứa tuổi,2,44,Lê Thị Giang,HK1,2025-2026
SP_HP0002,SP,PSY101,Giáo dục học đại cương,2,63,Hoàng Trọng Hùng,HK1,2025-2026
SP_HP0003,SP,PED102,Lý luận dạy học hiện đại,3,68,Trần Anh Phong,HK1,2025-2026
SP_HP0004,SP,MET103,Ứng dụng CNTT trong dạy học,4,59,Phạm Thị Vinh,HK1,2025-2026
SP_HP0005,SP,EDU104,Phương pháp giảng dạy chuyên ngành,3,65,Hoàng Anh Hà,HK1,2025-2026
SP_HP0006,SP,PSY105,Đo lường và đánh giá giáo dục,3,77,Dương Hữu Cường,HK1,2025-2026
SP_HP0007,SP,PED106,Kỹ năng giao tiếp sư phạm,2,61,Nguyễn Hải Giang,HK1,2025-2026
SP_HP0008,SP,MET107,Tâm lý học lứa tuổi,4,66,Trần Bảo Hoàng,HK1,2025-2026
SP_HP0009,SP,EDU108,Giáo dục học đại cương,4,55,Phan Anh Tâm,HK1,2025-2026
SP_HP0010,SP,PSY109,Lý luận dạy học hiện đại,2,38,Hồ Trọng Hà,HK1,2025-2026
SP_HP0011,SP,PED110,Ứng dụng CNTT trong dạy học,3,36,Dương Hữu Giang,HK1,2025-2026
SP_HP0012,SP,MET111,Phương pháp giảng dạy chuyên ngành,4,51,Dương Thị Thắng,HK1,2025-2026
SP_HP0013,SP,EDU112,Đo lường và đánh giá giáo dục,2,57,Phạm Bảo Phúc,HK1,2025-2026
SP_HP0014,SP,PSY113,Kỹ năng giao tiếp sư phạm,4,45,Lý Đức An,HK1,2025-2026
SP_HP0015,SP,PED114,Tâm lý học lứa tuổi,4,58,Phan Bảo Nam,HK1,2025-2026
SP_HP0016,SP,MET115,Giáo dục học đại cương,4,73,Dương Trọng Trang,HK1,2025-2026
SP_HP0017,SP,EDU116,Lý luận dạy học hiện đại,4,69,Phan Thị Thắng,HK1,2025-2026
SP_HP0018,SP,PSY117,Ứng dụng CNTT trong dạy học,3,61,Ngô Quốc Linh,HK1,2025-2026
SP_HP0019,SP,PED118,Phương pháp giảng dạy chuyên ngành,2,57,Đỗ Hữu Hà,HK1,2025-2026
SP_HP0020,SP,MET119,Đo lường và đánh giá giáo dục,4,65,Dương Thanh Cường,HK1,2025-2026
SP_HP0021,SP,EDU120,Kỹ năng giao tiếp sư phạm,2,37,Lê Thị Dũng,HK1,2025-2026
SP_HP0022,SP,PSY121,Tâm lý học lứa tuổi,3,41,Hồ Minh Sơn,HK1,2025-2026
SP_HP0023,SP,PED122,Giáo dục học đại cương,4,40,Dương Kim Thắng,HK1,2025-2026
SP_HP0024,SP,MET123,Lý luận dạy học hiện đại,4,52,Hồ Hữu Cường,HK1,2025-2026
SP_HP0025,SP,EDU124,Ứng dụng CNTT trong dạy học,3,42,Ngô Quốc Tuấn,HK1,2025-2026
SP_HP0026,SP,PSY125,Phương pháp giảng dạy chuyên ngành,2,47,Phan Đức Hoàng,HK1,2025-2026
SP_HP0027,SP,PED126,Đo lường và đánh giá giáo dục,3,58,Đỗ Xuân Tuấn,HK1,2025-2026
SP_HP0028,SP,MET127,Kỹ năng giao tiếp sư phạm,2,37,Lê Thị Nghĩa,HK1,2025-2026
SP_HP0029,SP,EDU128,Tâm lý học lứa tuổi,3,36,Bùi Đức Dũng,HK1,2025-2026
SP_HP0030,SP,PSY129,Giáo dục học đại cương,3,39,Dương Bảo Phúc,HK1,2025-2026
SP_HP0031,SP,PED130,Lý luận dạy học hiện đại,3,35,Hoàng Đức Sơn,HK1,2025-2026
SP_HP0032,SP,MET131,Ứng dụng CNTT trong dạy học,2,51,Đỗ Trọng Long,HK1,2025-2026
SP_HP0033,SP,EDU132,Phương pháp giảng dạy chuyên ngành,3,72,Huỳnh Xuân Quân,HK1,2025-2026
SP_HP0034,SP,PSY133,Đo lường và đánh giá giáo dục,3,36,Hoàng Đức Tùng,HK1,2025-2026
SP_HP0035,SP,PED134,Kỹ năng giao tiếp sư phạm,4,68,Huỳnh Đức Hiếu,HK1,2025-2026
SP_HP0036,SP,MET135,Tâm lý học lứa tuổi,3,77,Hoàng Văn Hoàng,HK1,2025-2026
SP_HP0037,SP,EDU136,Giáo dục học đại cương,2,64,Phan Hải Hoàng,HK1,2025-2026
SP_HP0038,SP,PSY137,Lý luận dạy học hiện đại,4,44,Phạm Đức Hùng,HK1,2025-2026
SP_HP0039,SP,PED138,Ứng dụng CNTT trong dạy học,2,35,Dương Hải Hải,HK1,2025-2026
SP_HP0040,SP,MET139,Phương pháp giảng dạy chuyên ngành,3,57,Bùi Ngọc Bình,HK1,2025-2026
SP_HP0041,SP,EDU140,Đo lường và đánh giá giáo dục,4,43,Hoàng Minh Huy,HK1,2025-2026
SP_HP0042,SP,PSY141,Kỹ năng giao tiếp sư phạm,2,52,Lê Văn Phong,HK1,2025-2026
SP_HP0043,SP,PED142,Tâm lý học lứa tuổi,3,56,Dương Hải Hùng,HK1,2025-2026
SP_HP0044,SP,MET143,Giáo dục học đại cương,2,35,Phan Thanh Trang,HK1,2025-2026
SP_HP0045,SP,EDU144,Lý luận dạy học hiện đại,3,58,Võ Bảo Hiếu,HK1,2025-2026
SP_HP0046,SP,PSY145,Ứng dụng CNTT trong dạy học,2,78,Dương Hữu Long,HK1,2025-2026
SP_HP0047,SP,PED146,Phương pháp giảng dạy chuyên ngành,2,48,Nguyễn Văn Dũng,HK1,2025-2026
SP_HP0048,SP,MET147,Đo lường và đánh giá giáo dục,2,69,Bùi Kim Hùng,HK1,2025-2026
SP_HP0049,SP,EDU148,Kỹ năng giao tiếp sư phạm,4,80,Bùi Quốc Thắng,HK1,2025-2026
SP_HP0050,SP,PSY149,Tâm lý học lứa tuổi,2,47,Võ Anh Mai,HK1,2025-2026
SP_HP0051,SP,PED150,Giáo dục học đại cương,3,54,Lê Thanh Phúc,HK1,2025-2026
SP_HP0052,SP,MET151,Lý luận dạy học hiện đại,3,47,Phan Thị Vinh,HK1,2025-2026
SP_HP0053,SP,EDU152,Ứng dụng CNTT trong dạy học,2,54,Nguyễn Kim Vinh,HK1,2025-2026
SP_HP0054,SP,PSY153,Phương pháp giảng dạy chuyên ngành,2,79,Phạm Hải Tâm,HK1,2025-2026
SP_HP0055,SP,PED154,Đo lường và đánh giá giáo dục,2,79,Nguyễn Hữu Quân,HK1,2025-2026
SP_HP0056,SP,MET155,Kỹ năng giao tiếp sư phạm,3,70,Phạm Minh Hùng,HK1,2025-2026
SP_HP0057,SP,EDU156,Tâm lý học lứa tuổi,3,66,Hoàng Đức Hoàng,HK1,2025-2026
SP_HP0058,SP,PSY157,Giáo dục học đại cương,2,63,Hoàng Anh Vinh,HK1,2025-2026
SP_HP0059,SP,PED158,Lý luận dạy học hiện đại,3,70,Hồ Quốc Dũng,HK1,2025-2026
SP_HP0060,SP,MET159,Ứng dụng CNTT trong dạy học,3,58,Trần Thị Khoa,HK1,2025-2026
SP_HP0061,SP,EDU160,Phương pháp giảng dạy chuyên ngành,3,55,Ngô Quốc Vũ,HK1,2025-2026
SP_HP0062,SP,PSY161,Đo lường và đánh giá giáo dục,3,76,Đặng Thanh Trung,HK1,2025-2026
SP_HP0063,SP,PED162,Kỹ năng giao tiếp sư phạm,3,47,Vũ Anh Bình,HK1,2025-2026
SP_HP0064,SP,MET163,Tâm lý học lứa tuổi,4,43,Lý Kim Giang,HK1,2025-2026
SP_HP0065,SP,EDU164,Giáo dục học đại cương,3,62,Võ Quốc Quân,HK1,2025-2026
SP_HP0066,SP,PSY165,Lý luận dạy học hiện đại,3,45,Phạm Hải Nam,HK1,2025-2026
SP_HP0067,SP,PED166,Ứng dụng CNTT trong dạy học,3,48,Đỗ Xuân Khoa,HK1,2025-2026
SP_HP0068,SP,MET167,Phương pháp giảng dạy chuyên ngành,3,72,Dương Thanh Phúc,HK1,2025-2026
SP_HP0069,SP,EDU168,Đo lường và đánh giá giáo dục,3,53,Phạm Hải Vũ,HK1,2025-2026
SP_HP0070,SP,PSY169,Kỹ năng giao tiếp sư phạm,2,75,Trần Thanh Long,HK1,2025-2026
SP_HP0071,SP,PED170,Tâm lý học lứa tuổi,2,68,Phan Trọng Trung,HK1,2025-2026
SP_HP0072,SP,MET171,Giáo dục học đại cương,4,79,Đỗ Ngọc Hải,HK1,2025-2026
SP_HP0073,SP,EDU172,Lý luận dạy học hiện đại,3,64,Phan Anh Tuấn,HK1,2025-2026
SP_HP0074,SP,PSY173,Ứng dụng CNTT trong dạy học,3,78,Đặng Minh Trung,HK1,2025-2026
SP_HP0075,SP,PED174,Phương pháp giảng dạy chuyên ngành,3,52,Phạm Thị Nghĩa,HK1,2025-2026
SP_HP0076,SP,MET175,Đo lường và đánh giá giáo dục,3,73,Hồ Hải Tuấn,HK1,2025-2026
SP_HP0077,SP,EDU176,Kỹ năng giao tiếp sư phạm,4,70,Huỳnh Xuân Thắng,HK1,2025-2026
SP_HP0078,SP,PSY177,Tâm lý học lứa tuổi,4,55,Phạm Hải Hiếu,HK1,2025-2026
SP_HP0079,SP,PED178,Giáo dục học đại cương,3,64,Vũ Thanh Linh,HK1,2025-2026
SP_HP0080,SP,MET179,Lý luận dạy học hiện đại,3,61,Đặng Kim Khoa,HK1,2025-2026
SP_HP0081,SP,EDU180,Ứng dụng CNTT trong dạy học,3,73,Trần Anh An,HK1,2025-2026
SP_HP0082,SP,PSY181,Phương pháp giảng dạy chuyên ngành,3,72,Dương Xuân Sơn,HK1,2025-2026
SP_HP0083,SP,PED182,Đo lường và đánh giá giáo dục,3,41,Đặng Thanh Khoa,HK1,2025-2026
SP_HP0084,SP,MET183,Kỹ năng giao tiếp sư phạm,3,71,Lê Hải Trung,HK1,2025-2026
SP_HP0085,SP,EDU184,Tâm lý học lứa tuổi,3,80,Hoàng Văn Quân,HK1,2025-2026
SP_HP0086,SP,PSY185,Giáo dục học đại cương,2,42,Lê Minh Quân,HK1,2025-2026
SP_HP0087,SP,PED186,Lý luận dạy học hiện đại,4,54,Vũ Minh Huy,HK1,2025-2026
SP_HP0088,SP,MET187,Ứng dụng CNTT trong dạy học,3,64,Võ Minh Vũ,HK1,2025-2026
SP_HP0089,SP,EDU188,Phương pháp giảng dạy chuyên ngành,3,54,Bùi Xuân Khoa,HK1,2025-2026
SP_HP0090,SP,PSY189,Đo lường và đánh giá giáo dục,3,50,Trần Bảo Cường,HK1,2025-2026
SP_HP0091,SP,PED190,Kỹ năng giao tiếp sư phạm,2,65,Dương Minh Hùng,HK1,2025-2026
SP_HP0092,SP,MET191,Tâm lý học lứa tuổi,3,75,Lý Ngọc Khoa,HK1,2025-2026
SP_HP0093,SP,EDU192,Giáo dục học đại cương,3,55,Phạm Văn Huy,HK1,2025-2026
SP_HP0094,SP,PSY193,Lý luận dạy học hiện đại,4,74,Lê Quốc An,HK1,2025-2026
SP_HP0095,SP,PED194,Ứng dụng CNTT trong dạy học,4,40,Đặng Đức Khoa,HK1,2025-2026
SP_HP0096,SP,MET195,Phương pháp giảng dạy chuyên ngành,3,63,Huỳnh Minh Nghĩa,HK1,2025-2026
SP_HP0097,SP,EDU196,Đo lường và đánh giá giáo dục,2,80,Đỗ Trọng Sơn,HK1,2025-2026
SP_HP0098,SP,PSY197,Kỹ năng giao tiếp sư phạm,3,47,Vũ Kim Dũng,HK1,2025-2026
SP_HP0099,SP,PED198,Tâm lý học lứa tuổi,4,71,Vũ Kim Giang,HK1,2025-2026
SP_HP0100,SP,MET199,Giáo dục học đại cương,4,50,Huỳnh Hải Nam,HK1,2025-2026
SP_HP0101,SP,EDU200,Lý luận dạy học hiện đại,3,45,Vũ Trọng Long,HK1,2025-2026
SP_HP0102,SP,PSY201,Ứng dụng CNTT trong dạy học,3,46,Lý Xuân Khoa,HK1,2025-2026
SP_HP0103,SP,PED202,Phương pháp giảng dạy chuyên ngành,3,60,Vũ Văn Linh,HK1,2025-2026
SP_HP0104,SP,MET203,Đo lường và đánh giá giáo dục,4,59,Phan Bảo Nghĩa,HK1,2025-2026
SP_HP0105,SP,EDU204,Kỹ năng giao tiếp sư phạm,3,73,Phan Hữu Mai,HK1,2025-2026
SP_HP0106,SP,PSY205,Tâm lý học lứa tuổi,3,53,Hoàng Ngọc Vũ,HK1,2025-2026
SP_HP0107,SP,PED206,Giáo dục học đại cương,4,61,Bùi Thanh Vũ,HK1,2025-2026
SP_HP0108,SP,MET207,Lý luận dạy học hiện đại,3,37,Bùi Thị Phúc,HK1,2025-2026
SP_HP0109,SP,EDU208,Ứng dụng CNTT trong dạy học,3,51,Huỳnh Minh Tùng,HK1,2025-2026
SP_HP0110,SP,PSY209,Phương pháp giảng dạy chuyên ngành,2,63,Nguyễn Xuân Huy,HK1,2025-2026
SP_HP0111,SP,PED210,Đo lường và đánh giá giáo dục,3,77,Đặng Bảo Nam,HK1,2025-2026
SP_HP0112,SP,MET211,Kỹ năng giao tiếp sư phạm,3,57,Hoàng Hữu Hà,HK1,2025-2026
SP_HP0113,SP,EDU212,Tâm lý học lứa tuổi,4,36,Hoàng Kim Hải,HK1,2025-2026
SP_HP0114,SP,PSY213,Giáo dục học đại cương,3,62,Hồ Trọng Giang,HK1,2025-2026
SP_HP0115,SP,PED214,Lý luận dạy học hiện đại,2,63,Hoàng Bảo Long,HK1,2025-2026
SP_HP0116,SP,MET215,Ứng dụng CNTT trong dạy học,3,67,Hồ Thị An,HK1,2025-2026
SP_HP0117,SP,EDU216,Phương pháp giảng dạy chuyên ngành,3,79,Lê Hải Mai,HK1,2025-2026
SP_HP0118,SP,PSY217,Đo lường và đánh giá giáo dục,3,78,Hoàng Trọng Sơn,HK1,2025-2026
SP_HP0119,SP,PED218,Kỹ năng giao tiếp sư phạm,3,75,Lê Thanh Nam,HK1,2025-2026
SP_HP0120,SP,MET219,Tâm lý học lứa tuổi,3,47,Phan Ngọc Huy,HK1,2025-2026
SP_HP0121,SP,EDU220,Giáo dục học đại cương,4,71,Đỗ Quốc Giang,HK1,2025-2026
SP_HP0122,SP,PSY221,Lý luận dạy học hiện đại,3,54,Vũ Hữu Linh,HK1,2025-2026
SP_HP0123,SP,PED222,Ứng dụng CNTT trong dạy học,3,75,Phan Hải Nghĩa,HK1,2025-2026
SP_HP0124,SP,MET223,Phương pháp giảng dạy chuyên ngành,3,39,Đỗ Xuân Cường,HK1,2025-2026
SP_HP0125,SP,EDU224,Đo lường và đánh giá giáo dục,4,58,Nguyễn Anh Trang,HK1,2025-2026
SP_HP0126,SP,PSY225,Kỹ năng giao tiếp sư phạm,2,50,Hoàng Thanh Thắng,HK1,2025-2026
SP_HP0127,SP,PED226,Tâm lý học lứa tuổi,3,65,Bùi Xuân Sơn,HK1,2025-2026
SP_HP0128,SP,MET227,Giáo dục học đại cương,2,52,Lý Văn Sơn,HK1,2025-2026
SP_HP0129,SP,EDU228,Lý luận dạy học hiện đại,3,78,Ngô Thanh Hà,HK1,2025-2026
SP_HP0130,SP,PSY229,Ứng dụng CNTT trong dạy học,4,74,Ngô Ngọc Tâm,HK1,2025-2026
SP_HP0131,SP,PED230,Phương pháp giảng dạy chuyên ngành,4,76,Trần Anh Hiếu,HK1,2025-2026
SP_HP0132,SP,MET231,Đo lường và đánh giá giáo dục,2,63,Lý Hải Bình,HK1,2025-2026
SP_HP0133,SP,EDU232,Kỹ năng giao tiếp sư phạm,4,37,Phạm Quốc Linh,HK1,2025-2026
SP_HP0134,SP,PSY233,Tâm lý học lứa tuổi,3,76,Võ Thị Vinh,HK1,2025-2026
SP_HP0135,SP,PED234,Giáo dục học đại cương,3,47,Bùi Hải Sơn,HK1,2025-2026
SP_HP0136,SP,MET235,Lý luận dạy học hiện đại,3,39,Bùi Hữu Tùng,HK1,2025-2026
SP_HP0137,SP,EDU236,Ứng dụng CNTT trong dạy học,2,38,Trần Thị Hải,HK1,2025-2026
SP_HP0138,SP,PSY237,Phương pháp giảng dạy chuyên ngành,3,60,Hồ Quốc Hà,HK1,2025-2026
SP_HP0139,SP,PED238,Đo lường và đánh giá giáo dục,2,62,Nguyễn Xuân Khoa,HK1,2025-2026
SP_HP0140,SP,MET239,Kỹ năng giao tiếp sư phạm,4,61,Đỗ Thanh Trung,HK1,2025-2026
SP_HP0141,SP,EDU240,Tâm lý học lứa tuổi,3,42,Bùi Anh Nghĩa,HK1,2025-2026
SP_HP0142,SP,PSY241,Giáo dục học đại cương,2,38,Lý Đức Cường,HK1,2025-2026
SP_HP0143,SP,PED242,Lý luận dạy học hiện đại,3,70,Vũ Minh Tùng,HK1,2025-2026
SP_HP0144,SP,MET243,Ứng dụng CNTT trong dạy học,4,65,Nguyễn Thanh Hà,HK1,2025-2026
SP_HP0145,SP,EDU244,Phương pháp giảng dạy chuyên ngành,2,69,Bùi Kim Vũ,HK1,2025-2026
SP_HP0146,SP,PSY245,Đo lường và đánh giá giáo dục,3,72,Phan Ngọc Tùng,HK1,2025-2026
SP_HP0147,SP,PED246,Kỹ năng giao tiếp sư phạm,3,61,Dương Hải Thảo,HK1,2025-2026
SP_HP0148,SP,MET247,Tâm lý học lứa tuổi,3,44,Nguyễn Bảo Hà,HK1,2025-2026
SP_HP0149,SP,EDU248,Giáo dục học đại cương,2,50,Ngô Thị Nghĩa,HK1,2025-2026
SP_HP0150,SP,PSY249,Lý luận dạy học hiện đại,3,55,Võ Hải An,HK1,2025-2026
SP_HP0151,SP,PED250,Ứng dụng CNTT trong dạy học,3,71,Phạm Xuân Sơn,HK1,2025-2026
SP_HP0152,SP,MET251,Phương pháp giảng dạy chuyên ngành,3,58,Đặng Ngọc Quân,HK1,2025-2026
SP_HP0153,SP,EDU252,Đo lường và đánh giá giáo dục,3,50,Trần Thanh Giang,HK1,2025-2026
SP_HP0154,SP,PSY253,Kỹ năng giao tiếp sư phạm,3,73,Dương Thanh Sơn,HK1,2025-2026
SP_HP0155,SP,PED254,Tâm lý học lứa tuổi,4,39,Phạm Kim Dũng,HK1,2025-2026
SP_HP0156,SP,MET255,Giáo dục học đại cương,3,46,Nguyễn Minh Tùng,HK1,2025-2026
SP_HP0157,SP,EDU256,Lý luận dạy học hiện đại,4,51,Bùi Thanh Thắng,HK1,2025-2026
SP_HP0158,SP,PSY257,Ứng dụng CNTT trong dạy học,3,73,Dương Anh Long,HK1,2025-2026
SP_HP0159,SP,PED258,Phương pháp giảng dạy chuyên ngành,3,69,Vũ Ngọc Vinh,HK1,2025-2026
SP_HP0160,SP,MET259,Đo lường và đánh giá giáo dục,4,54,Phạm Hải Nghĩa,HK1,2025-2026
SP_HP0161,SP,EDU260,Kỹ năng giao tiếp sư phạm,3,46,Phan Ngọc Dũng,HK1,2025-2026
SP_HP0162,SP,PSY261,Tâm lý học lứa tuổi,4,67,Vũ Thị Hiếu,HK1,2025-2026
SP_HP0163,SP,PED262,Giáo dục học đại cương,4,69,Dương Hải Cường,HK1,2025-2026
SP_HP0164,SP,MET263,Lý luận dạy học hiện đại,2,64,Vũ Thanh Trung,HK1,2025-2026
SP_HP0165,SP,EDU264,Ứng dụng CNTT trong dạy học,3,51,Lê Trọng Huy,HK1,2025-2026
SP_HP0166,SP,PSY265,Phương pháp giảng dạy chuyên ngành,3,53,Vũ Hữu Bình,HK1,2025-2026
SP_HP0167,SP,PED266,Đo lường và đánh giá giáo dục,3,72,Dương Anh Bình,HK1,2025-2026
SP_HP0168,SP,MET267,Kỹ năng giao tiếp sư phạm,2,35,Lý Hải Tùng,HK1,2025-2026
SP_HP0169,SP,EDU268,Tâm lý học lứa tuổi,2,45,Lê Hải Giang,HK1,2025-2026
SP_HP0170,SP,PSY269,Giáo dục học đại cương,3,70,Huỳnh Anh Nam,HK1,2025-2026
SP_HP0171,SP,PED270,Lý luận dạy học hiện đại,4,47,Võ Đức Tâm,HK1,2025-2026
SP_HP0172,SP,MET271,Ứng dụng CNTT trong dạy học,4,70,Hoàng Ngọc Cường,HK1,2025-2026
SP_HP0173,SP,EDU272,Phương pháp giảng dạy chuyên ngành,3,60,Hoàng Trọng Sơn,HK1,2025-2026
SP_HP0174,SP,PSY273,Đo lường và đánh giá giáo dục,2,58,Vũ Ngọc Hiếu,HK1,2025-2026
SP_HP0175,SP,PED274,Kỹ năng giao tiếp sư phạm,3,76,Ngô Ngọc Thắng,HK1,2025-2026
SP_HP0176,SP,MET275,Tâm lý học lứa tuổi,3,59,Hoàng Anh Hùng,HK1,2025-2026
SP_HP0177,SP,EDU276,Giáo dục học đại cương,3,51,Phan Quốc Vũ,HK1,2025-2026
SP_HP0178,SP,PSY277,Lý luận dạy học hiện đại,4,55,Võ Bảo Thảo,HK1,2025-2026
SP_HP0179,SP,PED278,Ứng dụng CNTT trong dạy học,2,53,Phan Xuân Hiếu,HK1,2025-2026
SP_HP0180,SP,MET279,Phương pháp giảng dạy chuyên ngành,3,74,Hồ Anh Nam,HK1,2025-2026
SP_HP0181,SP,EDU280,Đo lường và đánh giá giáo dục,4,42,Huỳnh Đức Cường,HK1,2025-2026
SP_HP0182,SP,PSY281,Kỹ năng giao tiếp sư phạm,2,71,Hồ Đức Vũ,HK1,2025-2026
SP_HP0183,SP,PED282,Tâm lý học lứa tuổi,3,49,Trần Anh Quân,HK1,2025-2026
SP_HP0184,SP,MET283,Giáo dục học đại cương,2,41,Hồ Văn Mai,HK1,2025-2026
SP_HP0185,SP,EDU284,Lý luận dạy học hiện đại,3,47,Lê Đức Hoàng,HK1,2025-2026
SP_HP0186,SP,PSY285,Ứng dụng CNTT trong dạy học,3,71,Bùi Đức Phong,HK1,2025-2026
SP_HP0187,SP,PED286,Phương pháp giảng dạy chuyên ngành,3,70,Võ Văn Vinh,HK1,2025-2026
SP_HP0188,SP,MET287,Đo lường và đánh giá giáo dục,3,77,Hoàng Hữu Giang,HK1,2025-2026
SP_HP0189,SP,EDU288,Kỹ năng giao tiếp sư phạm,3,62,Huỳnh Quốc Khoa,HK1,2025-2026
SP_HP0190,SP,PSY289,Tâm lý học lứa tuổi,2,80,Lê Minh Dũng,HK1,2025-2026
SP_HP0191,SP,PED290,Giáo dục học đại cương,4,38,Phạm Kim An,HK1,2025-2026
SP_HP0192,SP,MET291,Lý luận dạy học hiện đại,4,55,Lê Văn Hải,HK1,2025-2026
SP_HP0193,SP,EDU292,Ứng dụng CNTT trong dạy học,2,58,Ngô Minh Mai,HK1,2025-2026
SP_HP0194,SP,PSY293,Phương pháp giảng dạy chuyên ngành,3,77,Lê Hải Long,HK1,2025-2026
SP_HP0195,SP,PED294,Đo lường và đánh giá giáo dục,4,42,Dương Minh Vũ,HK1,2025-2026
SP_HP0196,SP,MET295,Kỹ năng giao tiếp sư phạm,3,69,Phan Quốc Khoa,HK1,2025-2026
SP_HP0197,SP,EDU296,Tâm lý học lứa tuổi,4,68,Huỳnh Thanh Hùng,HK1,2025-2026
SP_HP0198,SP,PSY297,Giáo dục học đại cương,3,75,Đỗ Ngọc Khoa,HK1,2025-2026
SP_HP0199,SP,PED298,Lý luận dạy học hiện đại,2,44,Dương Bảo Nghĩa,HK1,2025-2026
SP_HP0200,SP,MET299,Ứng dụng CNTT trong dạy học,4,77,Ngô Bảo Giang,HK1,2025-2026
SP_HP0201,SP,EDU300,Phương pháp giảng dạy chuyên ngành,3,78,Huỳnh Anh Vũ,HK1,2025-2026
SP_HP0202,SP,PSY301,Đo lường và đánh giá giáo dục,3,38,Hoàng Hải Long,HK1,2025-2026
SP_HP0203,SP,PED302,Kỹ năng giao tiếp sư phạm,2,36,Hồ Anh Thắng,HK1,2025-2026
SP_HP0204,SP,MET303,Tâm lý học lứa tuổi,3,54,Võ Trọng Tùng,HK1,2025-2026
SP_HP0205,SP,EDU304,Giáo dục học đại cương,3,80,Huỳnh Anh Linh,HK1,2025-2026
SP_HP0206,SP,PSY305,Lý luận dạy học hiện đại,3,69,Nguyễn Kim Giang,HK1,2025-2026
SP_HP0207,SP,PED306,Ứng dụng CNTT trong dạy học,2,35,Võ Đức An,HK1,2025-2026
SP_HP0208,SP,MET307,Phương pháp giảng dạy chuyên ngành,3,51,Lý Thanh Tuấn,HK1,2025-2026
SP_HP0209,SP,EDU308,Đo lường và đánh giá giáo dục,4,49,Bùi Hữu Hoàng,HK1,2025-2026
SP_HP0210,SP,PSY309,Kỹ năng giao tiếp sư phạm,2,79,Trần Xuân Linh,HK1,2025-2026
SP_HP0211,SP,PED310,Tâm lý học lứa tuổi,4,38,Đỗ Bảo Giang,HK1,2025-2026
SP_HP0212,SP,MET311,Giáo dục học đại cương,4,71,Trần Kim An,HK1,2025-2026
SP_HP0213,SP,EDU312,Lý luận dạy học hiện đại,4,57,Đỗ Minh Trang,HK1,2025-2026
SP_HP0214,SP,PSY313,Ứng dụng CNTT trong dạy học,3,47,Võ Anh An,HK1,2025-2026
SP_HP0215,SP,PED314,Phương pháp giảng dạy chuyên ngành,3,38,Huỳnh Ngọc Quân,HK1,2025-2026
SP_HP0216,SP,MET315,Đo lường và đánh giá giáo dục,3,42,Vũ Ngọc Nam,HK1,2025-2026
SP_HP0217,SP,EDU316,Kỹ năng giao tiếp sư phạm,3,47,Phạm Văn Mai,HK1,2025-2026
SP_HP0218,SP,PSY317,Tâm lý học lứa tuổi,3,68,Phan Quốc Bình,HK1,2025-2026
SP_HP0219,SP,PED318,Giáo dục học đại cương,2,37,Đỗ Ngọc Thắng,HK1,2025-2026
SP_HP0220,SP,MET319,Lý luận dạy học hiện đại,3,36,Hoàng Hữu Hải,HK1,2025-2026
SP_HP0221,SP,EDU320,Ứng dụng CNTT trong dạy học,2,36,Phan Thị Hoàng,HK1,2025-2026
SP_HP0222,SP,PSY321,Phương pháp giảng dạy chuyên ngành,2,69,Nguyễn Quốc Linh,HK1,2025-2026
SP_HP0223,SP,PED322,Đo lường và đánh giá giáo dục,2,70,Đỗ Trọng Cường,HK1,2025-2026
SP_HP0224,SP,MET323,Kỹ năng giao tiếp sư phạm,3,54,Võ Hải Vinh,HK1,2025-2026
SP_HP0225,SP,EDU324,Tâm lý học lứa tuổi,4,62,Huỳnh Ngọc Thảo,HK1,2025-2026
SP_HP0226,SP,PSY325,Giáo dục học đại cương,4,43,Phạm Trọng Phúc,HK1,2025-2026
SP_HP0227,SP,PED326,Lý luận dạy học hiện đại,4,54,Trần Văn Vũ,HK1,2025-2026
SP_HP0228,SP,MET327,Ứng dụng CNTT trong dạy học,3,55,Hồ Hữu Nghĩa,HK1,2025-2026
SP_HP0229,SP,EDU328,Phương pháp giảng dạy chuyên ngành,3,63,Đặng Đức An,HK1,2025-2026
SP_HP0230,SP,PSY329,Đo lường và đánh giá giáo dục,3,73,Lý Ngọc Tuấn,HK1,2025-2026
SP_HP0231,SP,PED330,Kỹ năng giao tiếp sư phạm,4,68,Đặng Kim Bình,HK1,2025-2026
SP_HP0232,SP,MET331,Tâm lý học lứa tuổi,4,54,Nguyễn Đức Thắng,HK1,2025-2026
SP_HP0233,SP,EDU332,Giáo dục học đại cương,3,58,Dương Hữu Phong,HK1,2025-2026
SP_HP0234,SP,PSY333,Lý luận dạy học hiện đại,3,40,Phạm Hữu An,HK1,2025-2026
SP_HP0235,SP,PED334,Ứng dụng CNTT trong dạy học,3,71,Trần Xuân Hà,HK1,2025-2026
SP_HP0236,SP,MET335,Phương pháp giảng dạy chuyên ngành,4,35,Hồ Thị Tuấn,HK1,2025-2026
SP_HP0237,SP,EDU336,Đo lường và đánh giá giáo dục,3,78,Phạm Thanh Trang,HK1,2025-2026
SP_HP0238,SP,PSY337,Kỹ năng giao tiếp sư phạm,4,76,Huỳnh Bảo Tâm,HK1,2025-2026
SP_HP0239,SP,PED338,Tâm lý học lứa tuổi,4,57,Vũ Kim Vũ,HK1,2025-2026
SP_HP0240,SP,MET339,Giáo dục học đại cương,3,45,Đỗ Thị Thắng,HK1,2025-2026
SP_HP0241,SP,EDU340,Lý luận dạy học hiện đại,4,48,Hoàng Thanh Huy,HK1,2025-2026
SP_HP0242,SP,PSY341,Ứng dụng CNTT trong dạy học,2,73,Võ Minh Hải,HK1,2025-2026
SP_HP0243,SP,PED342,Phương pháp giảng dạy chuyên ngành,2,56,Huỳnh Quốc Nam,HK1,2025-2026
SP_HP0244,SP,MET343,Đo lường và đánh giá giáo dục,4,35,Dương Thanh Hà,HK1,2025-2026
SP_HP0245,SP,EDU344,Kỹ năng giao tiếp sư phạm,3,80,Lê Kim Vũ,HK1,2025-2026
SP_HP0246,SP,PSY345,Tâm lý học lứa tuổi,3,68,Hồ Bảo Vũ,HK1,2025-2026
SP_HP0247,SP,PED346,Giáo dục học đại cương,3,74,Hoàng Thanh Phong,HK1,2025-2026
SP_HP0248,SP,MET347,Lý luận dạy học hiện đại,2,59,Hồ Minh Long,HK1,2025-2026
SP_HP0249,SP,EDU348,Ứng dụng CNTT trong dạy học,4,44,Đặng Hải Bình,HK1,2025-2026
SP_HP0250,SP,PSY349,Phương pháp giảng dạy chuyên ngành,2,58,Phạm Thanh Cường,HK1,2025-2026
SP_HP0251,SP,PED350,Đo lường và đánh giá giáo dục,4,62,Phạm Bảo Long,HK1,2025-2026
SP_HP0252,SP,MET351,Kỹ năng giao tiếp sư phạm,4,36,Ngô Đức Hiếu,HK1,2025-2026
SP_HP0253,SP,EDU352,Tâm lý học lứa tuổi,3,68,Lý Anh An,HK1,2025-2026
SP_HP0254,SP,PSY353,Giáo dục học đại cương,3,80,Lý Đức Phúc,HK1,2025-2026
SP_HP0255,SP,PED354,Lý luận dạy học hiện đại,3,70,Võ Thị Tùng,HK1,2025-2026
SP_HP0256,SP,MET355,Ứng dụng CNTT trong dạy học,2,80,Dương Hữu Thảo,HK1,2025-2026
SP_HP0257,SP,EDU356,Phương pháp giảng dạy chuyên ngành,3,37,Lý Văn Hoàng,HK1,2025-2026
SP_HP0258,SP,PSY357,Đo lường và đánh giá giáo dục,2,52,Nguyễn Trọng Mai,HK1,2025-2026
SP_HP0259,SP,PED358,Kỹ năng giao tiếp sư phạm,3,48,Lê Hữu Hà,HK1,2025-2026
SP_HP0260,SP,MET359,Tâm lý học lứa tuổi,3,50,Đỗ Thanh Nam,HK1,2025-2026
SP_HP0261,SP,EDU360,Giáo dục học đại cương,3,40,Ngô Hải An,HK1,2025-2026
SP_HP0262,SP,PSY361,Lý luận dạy học hiện đại,3,65,Lê Kim Linh,HK1,2025-2026
SP_HP0263,SP,PED362,Ứng dụng CNTT trong dạy học,3,54,Lê Bảo Trung,HK1,2025-2026
SP_HP0264,SP,MET363,Phương pháp giảng dạy chuyên ngành,3,77,Phan Đức Linh,HK1,2025-2026
SP_HP0265,SP,EDU364,Đo lường và đánh giá giáo dục,4,44,Nguyễn Hải Trang,HK1,2025-2026
SP_HP0266,SP,PSY365,Kỹ năng giao tiếp sư phạm,2,40,Phan Hữu Tuấn,HK1,2025-2026
SP_HP0267,SP,PED366,Tâm lý học lứa tuổi,3,39,Ngô Văn Hiếu,HK1,2025-2026
SP_HP0268,SP,MET367,Giáo dục học đại cương,2,45,Dương Xuân Hùng,HK1,2025-2026
SP_HP0269,SP,EDU368,Lý luận dạy học hiện đại,3,75,Lý Kim Hải,HK1,2025-2026
SP_HP0270,SP,PSY369,Ứng dụng CNTT trong dạy học,3,69,Phạm Ngọc Tuấn,HK1,2025-2026
SP_HP0271,SP,PED370,Phương pháp giảng dạy chuyên ngành,3,42,Phạm Hữu Dũng,HK1,2025-2026
SP_HP0272,SP,MET371,Đo lường và đánh giá giáo dục,2,41,Lê Anh Long,HK1,2025-2026
SP_HP0273,SP,EDU372,Kỹ năng giao tiếp sư phạm,2,42,Dương Xuân Khoa,HK1,2025-2026
SP_HP0274,SP,PSY373,Tâm lý học lứa tuổi,3,54,Huỳnh Hải Trung,HK1,2025-2026
SP_HP0275,SP,PED374,Giáo dục học đại cương,4,46,Vũ Thị Trung,HK1,2025-2026
SP_HP0276,SP,MET375,Lý luận dạy học hiện đại,3,60,Dương Ngọc Vinh,HK1,2025-2026
SP_HP0277,SP,EDU376,Ứng dụng CNTT trong dạy học,3,38,Vũ Đức Thảo,HK1,2025-2026
SP_HP0278,SP,PSY377,Phương pháp giảng dạy chuyên ngành,4,73,Vũ Trọng Vũ,HK1,2025-2026
SP_HP0279,SP,PED378,Đo lường và đánh giá giáo dục,3,65,Trần Minh Sơn,HK1,2025-2026
SP_HP0280,SP,MET379,Kỹ năng giao tiếp sư phạm,4,58,Trần Xuân Huy,HK1,2025-2026
SP_HP0281,SP,EDU380,Tâm lý học lứa tuổi,3,40,Ngô Xuân Hiếu,HK1,2025-2026
SP_HP0282,SP,PSY381,Giáo dục học đại cương,4,61,Nguyễn Hải Phong,HK1,2025-2026
SP_HP0283,SP,PED382,Lý luận dạy học hiện đại,2,48,Dương Anh Cường,HK1,2025-2026
SP_HP0284,SP,MET383,Ứng dụng CNTT trong dạy học,3,48,Hoàng Hữu Thảo,HK1,2025-2026
SP_HP0285,SP,EDU384,Phương pháp giảng dạy chuyên ngành,4,40,Đỗ Đức Mai,HK1,2025-2026
SP_HP0286,SP,PSY385,Đo lường và đánh giá giáo dục,3,46,Hồ Minh Tuấn,HK1,2025-2026
SP_HP0287,SP,PED386,Kỹ năng giao tiếp sư phạm,3,59,Vũ Xuân Sơn,HK1,2025-2026
SP_HP0288,SP,MET387,Tâm lý học lứa tuổi,3,49,Lê Hữu Giang,HK1,2025-2026
SP_HP0289,SP,EDU388,Giáo dục học đại cương,3,53,Phan Thị Khoa,HK1,2025-2026
SP_HP0290,SP,PSY389,Lý luận dạy học hiện đại,4,38,Đỗ Ngọc Tâm,HK1,2025-2026
SP_HP0291,SP,PED390,Ứng dụng CNTT trong dạy học,4,40,Bùi Hải Hoàng,HK1,2025-2026
SP_HP0292,SP,MET391,Phương pháp giảng dạy chuyên ngành,3,44,Lê Quốc Mai,HK1,2025-2026
SP_HP0293,SP,EDU392,Đo lường và đánh giá giáo dục,2,74,Hoàng Xuân Phong,HK1,2025-2026
SP_HP0294,SP,PSY393,Kỹ năng giao tiếp sư phạm,2,61,Dương Ngọc Sơn,HK1,2025-2026
SP_HP0295,SP,PED394,Tâm lý học lứa tuổi,3,45,Phạm Đức Phúc,HK1,2025-2026
SP_HP0296,SP,MET395,Giáo dục học đại cương,3,36,Bùi Xuân Hải,HK1,2025-2026
SP_HP0297,SP,EDU396,Lý luận dạy học hiện đại,2,68,Đặng Minh Nam,HK1,2025-2026
SP_HP0298,SP,PSY397,Ứng dụng CNTT trong dạy học,4,41,Bùi Ngọc Hiếu,HK1,2025-2026
SP_HP0299,SP,PED398,Phương pháp giảng dạy chuyên ngành,4,43,Phạm Trọng Thảo,HK1,2025-2026
SP_HP0300,SP,MET399,Đo lường và đánh giá giáo dục,3,41,Bùi Hữu Sơn,HK1,2025-2026
SP_HP0301,SP,EDU400,Kỹ năng giao tiếp sư phạm,3,36,Nguyễn Anh Bình,HK1,2025-2026
SP_HP0302,SP,PSY401,Tâm lý học lứa tuổi,3,44,Đỗ Hữu Khoa,HK1,2025-2026
SP_HP0303,SP,PED402,Giáo dục học đại cương,3,64,Nguyễn Bảo Phúc,HK1,2025-2026
SP_HP0304,SP,MET403,Lý luận dạy học hiện đại,3,64,Nguyễn Bảo Phúc,HK1,2025-2026
SP_HP0305,SP,EDU404,Ứng dụng CNTT trong dạy học,2,38,Nguyễn Xuân Phong,HK1,2025-2026
SP_HP0306,SP,PSY405,Phương pháp giảng dạy chuyên ngành,3,77,Lý Kim Khoa,HK1,2025-2026
SP_HP0307,SP,PED406,Đo lường và đánh giá giáo dục,2,60,Huỳnh Kim Vũ,HK1,2025-2026
SP_HP0308,SP,MET407,Kỹ năng giao tiếp sư phạm,4,77,Vũ Ngọc Trang,HK1,2025-2026
SP_HP0309,SP,EDU408,Tâm lý học lứa tuổi,3,65,Hoàng Trọng Nghĩa,HK1,2025-2026
SP_HP0310,SP,PSY409,Giáo dục học đại cương,2,45,Trần Minh Vinh,HK1,2025-2026
SP_HP0311,SP,PED410,Lý luận dạy học hiện đại,3,56,Nguyễn Bảo Hà,HK1,2025-2026
SP_HP0312,SP,MET411,Ứng dụng CNTT trong dạy học,3,39,Hồ Bảo Hoàng,HK1,2025-2026
SP_HP0313,SP,EDU412,Phương pháp giảng dạy chuyên ngành,3,35,Lê Thị Cường,HK1,2025-2026
SP_HP0314,SP,PSY413,Đo lường và đánh giá giáo dục,2,73,Võ Xuân Vũ,HK1,2025-2026
SP_HP0315,SP,PED414,Kỹ năng giao tiếp sư phạm,3,42,Hồ Kim An,HK1,2025-2026
SP_HP0316,SP,MET415,Tâm lý học lứa tuổi,2,44,Đỗ Văn Hiếu,HK1,2025-2026
SP_HP0317,SP,EDU416,Giáo dục học đại cương,3,54,Ngô Kim Phong,HK1,2025-2026
SP_HP0318,SP,PSY417,Lý luận dạy học hiện đại,4,47,Huỳnh Thanh Tâm,HK1,2025-2026
SP_HP0319,SP,PED418,Ứng dụng CNTT trong dạy học,3,78,Nguyễn Bảo Hà,HK1,2025-2026
SP_HP0320,SP,MET419,Phương pháp giảng dạy chuyên ngành,3,79,Hồ Bảo Hải,HK1,2025-2026
SP_HP0321,SP,EDU420,Đo lường và đánh giá giáo dục,4,76,Dương Ngọc Vinh,HK1,2025-2026
SP_HP0322,SP,PSY421,Kỹ năng giao tiếp sư phạm,2,73,Dương Trọng Hoàng,HK1,2025-2026
SP_HP0323,SP,PED422,Tâm lý học lứa tuổi,3,52,Hồ Hữu Cường,HK1,2025-2026
SP_HP0324,SP,MET423,Giáo dục học đại cương,3,62,Ngô Thị Long,HK1,2025-2026
SP_HP0325,SP,EDU424,Lý luận dạy học hiện đại,3,43,Phạm Hải Phong,HK1,2025-2026
SP_HP0326,SP,PSY425,Ứng dụng CNTT trong dạy học,3,52,Hoàng Kim Vinh,HK1,2025-2026
SP_HP0327,SP,PED426,Phương pháp giảng dạy chuyên ngành,3,36,Vũ Anh Mai,HK1,2025-2026
SP_HP0328,SP,MET427,Đo lường và đánh giá giáo dục,2,53,Võ Hải An,HK1,2025-2026
SP_HP0329,SP,EDU428,Kỹ năng giao tiếp sư phạm,4,74,Bùi Quốc Hoàng,HK1,2025-2026
SP_HP0330,SP,PSY429,Tâm lý học lứa tuổi,4,58,Đỗ Bảo Phong,HK1,2025-2026
SP_HP0331,SP,PED430,Giáo dục học đại cương,3,56,Võ Thanh Hùng,HK1,2025-2026
SP_HP0332,SP,MET431,Lý luận dạy học hiện đại,4,61,Hoàng Minh Long,HK1,2025-2026
SP_HP0333,SP,EDU432,Ứng dụng CNTT trong dạy học,4,45,Ngô Văn Thảo,HK1,2025-2026
SP_HP0334,SP,PSY433,Phương pháp giảng dạy chuyên ngành,4,60,Hoàng Văn Dũng,HK1,2025-2026
SP_HP0335,SP,PED434,Đo lường và đánh giá giáo dục,4,80,Nguyễn Anh Tuấn,HK1,2025-2026
SP_HP0336,SP,MET435,Kỹ năng giao tiếp sư phạm,3,51,Nguyễn Anh Hải,HK1,2025-2026
SP_HP0337,SP,EDU436,Tâm lý học lứa tuổi,2,36,Hoàng Bảo Cường,HK1,2025-2026
SP_HP0338,SP,PSY437,Giáo dục học đại cương,3,75,Vũ Hữu Bình,HK1,2025-2026
SP_HP0339,SP,PED438,Lý luận dạy học hiện đại,4,75,Dương Hữu Hà,HK1,2025-2026
SP_HP0340,SP,MET439,Ứng dụng CNTT trong dạy học,3,44,Huỳnh Anh Khoa,HK1,2025-2026
SP_HP0341,SP,EDU440,Phương pháp giảng dạy chuyên ngành,2,50,Hoàng Ngọc Bình,HK1,2025-2026
SP_HP0342,SP,PSY441,Đo lường và đánh giá giáo dục,2,68,Hồ Trọng Hiếu,HK1,2025-2026
SP_HP0343,SP,PED442,Kỹ năng giao tiếp sư phạm,3,61,Đặng Bảo Nam,HK1,2025-2026
SP_HP0344,SP,MET443,Tâm lý học lứa tuổi,2,36,Đặng Thanh An,HK1,2025-2026
SP_HP0345,SP,EDU444,Giáo dục học đại cương,4,41,Đỗ Quốc Trung,HK1,2025-2026
SP_HP0346,SP,PSY445,Lý luận dạy học hiện đại,2,58,Đỗ Xuân Phong,HK1,2025-2026
SP_HP0347,SP,PED446,Ứng dụng CNTT trong dạy học,3,46,Võ Hải Vinh,HK1,2025-2026
SP_HP0348,SP,MET447,Phương pháp giảng dạy chuyên ngành,3,76,Bùi Hữu Huy,HK1,2025-2026
SP_HP0349,SP,EDU448,Đo lường và đánh giá giáo dục,3,60,Nguyễn Kim Hà,HK1,2025-2026
SP_HP0350,SP,PSY449,Kỹ năng giao tiếp sư phạm,2,46,Lê Thị Phúc,HK1,2025-2026
SP_HP0351,SP,PED450,Tâm lý học lứa tuổi,3,63,Phan Anh Trung,HK1,2025-2026
SP_HP0352,SP,MET451,Giáo dục học đại cương,3,43,Dương Hữu Phúc,HK1,2025-2026
SP_HP0353,SP,EDU452,Lý luận dạy học hiện đại,2,52,Lý Đức Hải,HK1,2025-2026
SP_HP0354,SP,PSY453,Ứng dụng CNTT trong dạy học,2,43,Trần Hải Nghĩa,HK1,2025-2026
SP_HP0355,SP,PED454,Phương pháp giảng dạy chuyên ngành,3,56,Đặng Quốc Quân,HK1,2025-2026
SP_HP0356,SP,MET455,Đo lường và đánh giá giáo dục,3,44,Dương Minh Bình,HK1,2025-2026
SP_HP0357,SP,EDU456,Kỹ năng giao tiếp sư phạm,2,74,Lý Thị Trang,HK1,2025-2026
SP_HP0358,SP,PSY457,Tâm lý học lứa tuổi,3,62,Phan Minh Khoa,HK1,2025-2026
SP_HP0359,SP,PED458,Giáo dục học đại cương,3,52,Dương Bảo Hải,HK1,2025-2026
SP_HP0360,SP,MET459,Lý luận dạy học hiện đại,2,54,Hoàng Thị Giang,HK1,2025-2026
SP_HP0361,SP,EDU460,Ứng dụng CNTT trong dạy học,4,74,Vũ Thanh Huy,HK1,2025-2026
SP_HP0362,SP,PSY461,Phương pháp giảng dạy chuyên ngành,4,44,Lý Hữu Thảo,HK1,2025-2026
SP_HP0363,SP,PED462,Đo lường và đánh giá giáo dục,4,48,Ngô Văn Bình,HK1,2025-2026
SP_HP0364,SP,MET463,Kỹ năng giao tiếp sư phạm,2,48,Nguyễn Bảo Tuấn,HK1,2025-2026
SP_HP0365,SP,EDU464,Tâm lý học lứa tuổi,4,47,Huỳnh Hải Cường,HK1,2025-2026
SP_HP0366,SP,PSY465,Giáo dục học đại cương,3,36,Ngô Quốc Long,HK1,2025-2026
SP_HP0367,SP,PED466,Lý luận dạy học hiện đại,3,44,Bùi Ngọc Vinh,HK1,2025-2026
SP_HP0368,SP,MET467,Ứng dụng CNTT trong dạy học,3,50,Hoàng Kim Trung,HK1,2025-2026
SP_HP0369,SP,EDU468,Phương pháp giảng dạy chuyên ngành,4,43,Nguyễn Kim Hiếu,HK1,2025-2026
SP_HP0370,SP,PSY469,Đo lường và đánh giá giáo dục,3,67,Lê Hữu Tùng,HK1,2025-2026
SP_HP0371,SP,PED470,Kỹ năng giao tiếp sư phạm,3,51,Hoàng Thanh Tùng,HK1,2025-2026
SP_HP0372,SP,MET471,Tâm lý học lứa tuổi,3,49,Phạm Quốc Hoàng,HK1,2025-2026
SP_HP0373,SP,EDU472,Giáo dục học đại cương,2,51,Võ Trọng Hà,HK1,2025-2026
SP_HP0374,SP,PSY473,Lý luận dạy học hiện đại,2,71,Hoàng Hữu Vũ,HK1,2025-2026
SP_HP0375,SP,PED474,Ứng dụng CNTT trong dạy học,2,62,Lê Quốc Bình,HK1,2025-2026
SP_HP0376,SP,MET475,Phương pháp giảng dạy chuyên ngành,3,59,Phạm Quốc Hiếu,HK1,2025-2026
SP_HP0377,SP,EDU476,Đo lường và đánh giá giáo dục,3,68,Dương Văn Trung,HK1,2025-2026
SP_HP0378,SP,PSY477,Kỹ năng giao tiếp sư phạm,3,70,Ngô Hữu Vũ,HK1,2025-2026
SP_HP0379,SP,PED478,Tâm lý học lứa tuổi,3,46,Bùi Thị Vinh,HK1,2025-2026
SP_HP0380,SP,MET479,Giáo dục học đại cương,4,49,Đặng Minh Nam,HK1,2025-2026
SP_HP0381,SP,EDU480,Lý luận dạy học hiện đại,2,52,Vũ Thị Hoàng,HK1,2025-2026
SP_HP0382,SP,PSY481,Ứng dụng CNTT trong dạy học,3,69,Lê Minh Vũ,HK1,2025-2026
SP_HP0383,SP,PED482,Phương pháp giảng dạy chuyên ngành,2,65,Phan Thị Tuấn,HK1,2025-2026
SP_HP0384,SP,MET483,Đo lường và đánh giá giáo dục,3,72,Bùi Văn Huy,HK1,2025-2026
SP_HP0385,SP,EDU484,Kỹ năng giao tiếp sư phạm,3,67,Lý Quốc Nam,HK1,2025-2026
SP_HP0386,SP,PSY485,Tâm lý học lứa tuổi,3,57,Vũ Anh Tâm,HK1,2025-2026
SP_HP0387,SP,PED486,Giáo dục học đại cương,3,67,Phan Quốc Linh,HK1,2025-2026
SP_HP0388,SP,MET487,Lý luận dạy học hiện đại,3,73,Nguyễn Thị Hiếu,HK1,2025-2026
SP_HP0389,SP,EDU488,Ứng dụng CNTT trong dạy học,3,60,Phạm Thanh Cường,HK1,2025-2026
SP_HP0390,SP,PSY489,Phương pháp giảng dạy chuyên ngành,4,75,Hồ Bảo Vũ,HK1,2025-2026
SP_HP0391,SP,PED490,Đo lường và đánh giá giáo dục,3,47,Bùi Thị Linh,HK1,2025-2026
SP_HP0392,SP,MET491,Kỹ năng giao tiếp sư phạm,2,42,Hoàng Trọng Huy,HK1,2025-2026
SP_HP0393,SP,EDU492,Tâm lý học lứa tuổi,2,54,Đỗ Xuân Thảo,HK1,2025-2026
SP_HP0394,SP,PSY493,Giáo dục học đại cương,4,49,Lê Đức Thảo,HK1,2025-2026
SP_HP0395,SP,PED494,Lý luận dạy học hiện đại,2,52,Phạm Thanh Nghĩa,HK1,2025-2026
SP_HP0396,SP,MET495,Ứng dụng CNTT trong dạy học,3,62,Hồ Thị Cường,HK1,2025-2026
SP_HP0397,SP,EDU496,Phương pháp giảng dạy chuyên ngành,4,55,Đặng Xuân Nam,HK1,2025-2026
SP_HP0398,SP,PSY497,Đo lường và đánh giá giáo dục,2,70,Lý Văn An,HK1,2025-2026
SP_HP0399,SP,PED498,Kỹ năng giao tiếp sư phạm,4,57,Võ Quốc Tuấn,HK1,2025-2026
SP_HP0400,SP,MET499,Tâm lý học lứa tuổi,2,80,Bùi Trọng Trang,HK1,2025-2026
SP_HP0401,SP,EDU500,Giáo dục học đại cương,3,77,Trần Xuân An,HK1,2025-2026
SP_HP0402,SP,PSY501,Lý luận dạy học hiện đại,4,72,Hồ Anh Phúc,HK1,2025-2026
SP_HP0403,SP,PED502,Ứng dụng CNTT trong dạy học,4,64,Đặng Hữu Thảo,HK1,2025-2026
SP_HP0404,SP,MET503,Phương pháp giảng dạy chuyên ngành,3,59,Ngô Thanh Huy,HK1,2025-2026
SP_HP0405,SP,EDU504,Đo lường và đánh giá giáo dục,3,44,Phạm Bảo Trang,HK1,2025-2026
SP_HP0406,SP,PSY505,Kỹ năng giao tiếp sư phạm,3,51,Đặng Hữu Huy,HK1,2025-2026
SP_HP0407,SP,PED506,Tâm lý học lứa tuổi,4,59,Đặng Anh Trung,HK1,2025-2026
SP_HP0408,SP,MET507,Giáo dục học đại cương,3,68,Nguyễn Ngọc Dũng,HK1,2025-2026
SP_HP0409,SP,EDU508,Lý luận dạy học hiện đại,3,37,Đặng Kim Vũ,HK1,2025-2026
SP_HP0410,SP,PSY509,Ứng dụng CNTT trong dạy học,2,52,Hồ Thanh Hải,HK1,2025-2026
SP_HP0411,SP,PED510,Phương pháp giảng dạy chuyên ngành,3,58,Dương Anh Long,HK1,2025-2026
SP_HP0412,SP,MET511,Đo lường và đánh giá giáo dục,4,36,Phan Thanh Hùng,HK1,2025-2026
SP_HP0413,SP,EDU512,Kỹ năng giao tiếp sư phạm,2,75,Nguyễn Bảo Tuấn,HK1,2025-2026
SP_HP0414,SP,PSY513,Tâm lý học lứa tuổi,3,50,Bùi Bảo Khoa,HK1,2025-2026
SP_HP0415,SP,PED514,Giáo dục học đại cương,3,78,Đỗ Thanh Vinh,HK1,2025-2026
SP_HP0416,SP,MET515,Lý luận dạy học hiện đại,3,61,Vũ Minh Hà,HK1,2025-2026
SP_HP0417,SP,EDU516,Ứng dụng CNTT trong dạy học,2,54,Vũ Anh Mai,HK1,2025-2026
SP_HP0418,SP,PSY517,Phương pháp giảng dạy chuyên ngành,2,60,Võ Hải Quân,HK1,2025-2026
SP_HP0419,SP,PED518,Đo lường và đánh giá giáo dục,2,45,Huỳnh Anh Vũ,HK1,2025-2026
SP_HP0420,SP,MET519,Kỹ năng giao tiếp sư phạm,3,62,Lê Ngọc Dũng,HK1,2025-2026
SP_HP0421,SP,EDU520,Tâm lý học lứa tuổi,3,39,Huỳnh Hữu Hiếu,HK1,2025-2026
SP_HP0422,SP,PSY521,Giáo dục học đại cương,4,71,Phan Bảo Bình,HK1,2025-2026
SP_HP0423,SP,PED522,Lý luận dạy học hiện đại,4,60,Nguyễn Hữu Vũ,HK1,2025-2026
SP_HP0424,SP,MET523,Ứng dụng CNTT trong dạy học,3,77,Nguyễn Văn Trang,HK1,2025-2026
SP_HP0425,SP,EDU524,Phương pháp giảng dạy chuyên ngành,3,50,Ngô Hữu Nam,HK1,2025-2026
SP_HP0426,SP,PSY525,Đo lường và đánh giá giáo dục,3,66,Hồ Văn Khoa,HK1,2025-2026
SP_HP0427,SP,PED526,Kỹ năng giao tiếp sư phạm,4,40,Huỳnh Xuân Bình,HK1,2025-2026
SP_HP0428,SP,MET527,Tâm lý học lứa tuổi,2,51,Nguyễn Minh Tùng,HK1,2025-2026
SP_HP0429,SP,EDU528,Giáo dục học đại cương,2,63,Đỗ Bảo Cường,HK1,2025-2026
SP_HP0430,SP,PSY529,Lý luận dạy học hiện đại,4,64,Hồ Hải Hà,HK1,2025-2026
SP_HP0431,SP,PED530,Ứng dụng CNTT trong dạy học,3,53,Hoàng Xuân Dũng,HK1,2025-2026
SP_HP0432,SP,MET531,Phương pháp giảng dạy chuyên ngành,2,45,Dương Anh Hoàng,HK1,2025-2026
SP_HP0433,SP,EDU532,Đo lường và đánh giá giáo dục,4,72,Trần Trọng Hoàng,HK1,2025-2026
SP_HP0434,SP,PSY533,Kỹ năng giao tiếp sư phạm,3,40,Lý Anh Hoàng,HK1,2025-2026
SP_HP0435,SP,PED534,Tâm lý học lứa tuổi,4,35,Võ Hải Long,HK1,2025-2026
SP_HP0436,SP,MET535,Giáo dục học đại cương,4,46,Hoàng Anh Thảo,HK1,2025-2026
SP_HP0437,SP,EDU536,Lý luận dạy học hiện đại,4,53,Bùi Thị Nghĩa,HK1,2025-2026
SP_HP0438,SP,PSY537,Ứng dụng CNTT trong dạy học,3,80,Đặng Văn Nam,HK1,2025-2026
TS_HP0001,TS,AQUA100,Kỹ thuật nuôi giáp xác,4,66,Đặng Thanh Huy,HK1,2025-2026
TS_HP0002,TS,FISH101,Ngư loại học chuyên đề,4,78,Nguyễn Thanh Quân,HK1,2025-2026
TS_HP0003,TS,MARI102,Bệnh học thủy sản đại cương,3,43,Nguyễn Bảo Phong,HK1,2025-2026
TS_HP0004,TS,AQUA103,Quản lý chất lượng nước ao nuôi,3,46,Hoàng Anh Hùng,HK1,2025-2026
TS_HP0005,TS,FISH104,Dinh dưỡng thức ăn thủy sản,3,63,Trần Minh Linh,HK1,2025-2026
TS_HP0006,TS,MARI105,Chế biến sản phẩm thủy sản,3,64,Trần Quốc Vinh,HK1,2025-2026
TS_HP0007,TS,AQUA106,Khai thác thủy sản bền vững,4,72,Lê Kim Hoàng,HK1,2025-2026
TS_HP0008,TS,FISH107,Kỹ thuật nuôi giáp xác,3,37,Bùi Quốc Phong,HK1,2025-2026
TS_HP0009,TS,MARI108,Ngư loại học chuyên đề,2,45,Bùi Kim Vũ,HK1,2025-2026
TS_HP0010,TS,AQUA109,Bệnh học thủy sản đại cương,3,80,Phan Minh Tuấn,HK1,2025-2026
TS_HP0011,TS,FISH110,Quản lý chất lượng nước ao nuôi,2,73,Lê Đức Trang,HK1,2025-2026
TS_HP0012,TS,MARI111,Dinh dưỡng thức ăn thủy sản,2,49,Võ Thị Mai,HK1,2025-2026
TS_HP0013,TS,AQUA112,Chế biến sản phẩm thủy sản,2,41,Võ Minh Dũng,HK1,2025-2026
TS_HP0014,TS,FISH113,Khai thác thủy sản bền vững,3,67,Võ Thị Mai,HK1,2025-2026
TS_HP0015,TS,MARI114,Kỹ thuật nuôi giáp xác,3,44,Đỗ Minh Phúc,HK1,2025-2026
TS_HP0016,TS,AQUA115,Ngư loại học chuyên đề,4,35,Nguyễn Quốc Thảo,HK1,2025-2026
TS_HP0017,TS,FISH116,Bệnh học thủy sản đại cương,4,68,Vũ Trọng An,HK1,2025-2026
TS_HP0018,TS,MARI117,Quản lý chất lượng nước ao nuôi,3,54,Nguyễn Quốc Nghĩa,HK1,2025-2026
TS_HP0019,TS,AQUA118,Dinh dưỡng thức ăn thủy sản,2,62,Võ Hải Thảo,HK1,2025-2026
TS_HP0020,TS,FISH119,Chế biến sản phẩm thủy sản,3,73,Ngô Kim Nghĩa,HK1,2025-2026
TS_HP0021,TS,MARI120,Khai thác thủy sản bền vững,2,77,Vũ Quốc Dũng,HK1,2025-2026
TS_HP0022,TS,AQUA121,Kỹ thuật nuôi giáp xác,2,49,Hồ Thị Hải,HK1,2025-2026
TS_HP0023,TS,FISH122,Ngư loại học chuyên đề,2,43,Đỗ Trọng Quân,HK1,2025-2026
TS_HP0024,TS,MARI123,Bệnh học thủy sản đại cương,3,69,Lê Minh Tùng,HK1,2025-2026
TS_HP0025,TS,AQUA124,Quản lý chất lượng nước ao nuôi,3,35,Nguyễn Văn Phong,HK1,2025-2026
TS_HP0026,TS,FISH125,Dinh dưỡng thức ăn thủy sản,4,60,Hồ Thị Hiếu,HK1,2025-2026
TS_HP0027,TS,MARI126,Chế biến sản phẩm thủy sản,3,41,Võ Thanh Hoàng,HK1,2025-2026
TS_HP0028,TS,AQUA127,Khai thác thủy sản bền vững,4,42,Huỳnh Bảo Hải,HK1,2025-2026
TS_HP0029,TS,FISH128,Kỹ thuật nuôi giáp xác,2,70,Phạm Kim Trung,HK1,2025-2026
TS_HP0030,TS,MARI129,Ngư loại học chuyên đề,2,76,Đặng Hải Mai,HK1,2025-2026
TS_HP0031,TS,AQUA130,Bệnh học thủy sản đại cương,2,48,Hoàng Kim Cường,HK1,2025-2026
TS_HP0032,TS,FISH131,Quản lý chất lượng nước ao nuôi,3,77,Phan Thị Bình,HK1,2025-2026
TS_HP0033,TS,MARI132,Dinh dưỡng thức ăn thủy sản,3,78,Dương Anh Tâm,HK1,2025-2026
TS_HP0034,TS,AQUA133,Chế biến sản phẩm thủy sản,3,70,Huỳnh Quốc Nam,HK1,2025-2026
TS_HP0035,TS,FISH134,Khai thác thủy sản bền vững,4,49,Ngô Kim Linh,HK1,2025-2026
TS_HP0036,TS,MARI135,Kỹ thuật nuôi giáp xác,3,63,Đặng Văn Cường,HK1,2025-2026
TS_HP0037,TS,AQUA136,Ngư loại học chuyên đề,2,73,Đặng Bảo Thảo,HK1,2025-2026
TS_HP0038,TS,FISH137,Bệnh học thủy sản đại cương,3,35,Lê Quốc Nghĩa,HK1,2025-2026
TS_HP0039,TS,MARI138,Quản lý chất lượng nước ao nuôi,3,64,Phan Văn Trang,HK1,2025-2026
TS_HP0040,TS,AQUA139,Dinh dưỡng thức ăn thủy sản,4,51,Bùi Bảo Nghĩa,HK1,2025-2026
TS_HP0041,TS,FISH140,Chế biến sản phẩm thủy sản,3,65,Ngô Thanh Vinh,HK1,2025-2026
TS_HP0042,TS,MARI141,Khai thác thủy sản bền vững,2,57,Hồ Thanh Bình,HK1,2025-2026
TS_HP0043,TS,AQUA142,Kỹ thuật nuôi giáp xác,2,62,Huỳnh Anh Cường,HK1,2025-2026
TS_HP0044,TS,FISH143,Ngư loại học chuyên đề,4,59,Nguyễn Quốc Dũng,HK1,2025-2026
TS_HP0045,TS,MARI144,Bệnh học thủy sản đại cương,4,60,Lý Minh Tùng,HK1,2025-2026
TS_HP0046,TS,AQUA145,Quản lý chất lượng nước ao nuôi,4,60,Võ Anh Vinh,HK1,2025-2026
TS_HP0047,TS,FISH146,Dinh dưỡng thức ăn thủy sản,3,70,Vũ Ngọc Hà,HK1,2025-2026
TS_HP0048,TS,MARI147,Chế biến sản phẩm thủy sản,4,60,Dương Hải Bình,HK1,2025-2026
TS_HP0049,TS,AQUA148,Khai thác thủy sản bền vững,3,76,Đặng Thị Linh,HK1,2025-2026
TS_HP0050,TS,FISH149,Kỹ thuật nuôi giáp xác,3,60,Đỗ Bảo Phúc,HK1,2025-2026
TS_HP0051,TS,MARI150,Ngư loại học chuyên đề,3,50,Nguyễn Ngọc An,HK1,2025-2026
TS_HP0052,TS,AQUA151,Bệnh học thủy sản đại cương,3,49,Hồ Xuân Trung,HK1,2025-2026
TS_HP0053,TS,FISH152,Quản lý chất lượng nước ao nuôi,4,71,Nguyễn Kim Phúc,HK1,2025-2026
TS_HP0054,TS,MARI153,Dinh dưỡng thức ăn thủy sản,4,47,Đặng Anh Nam,HK1,2025-2026
TS_HP0055,TS,AQUA154,Chế biến sản phẩm thủy sản,3,62,Nguyễn Quốc Long,HK1,2025-2026
TS_HP0056,TS,FISH155,Khai thác thủy sản bền vững,2,48,Phạm Ngọc Hải,HK1,2025-2026
TS_HP0057,TS,MARI156,Kỹ thuật nuôi giáp xác,4,80,Lê Kim Phong,HK1,2025-2026
TS_HP0058,TS,AQUA157,Ngư loại học chuyên đề,4,54,Lý Đức Huy,HK1,2025-2026
TS_HP0059,TS,FISH158,Bệnh học thủy sản đại cương,2,67,Dương Hữu Trang,HK1,2025-2026
TS_HP0060,TS,MARI159,Quản lý chất lượng nước ao nuôi,3,42,Hồ Anh Vũ,HK1,2025-2026
TS_HP0061,TS,AQUA160,Dinh dưỡng thức ăn thủy sản,4,78,Phạm Kim Tâm,HK1,2025-2026
TS_HP0062,TS,FISH161,Chế biến sản phẩm thủy sản,2,48,Đỗ Trọng Trang,HK1,2025-2026
TS_HP0063,TS,MARI162,Khai thác thủy sản bền vững,2,72,Phạm Bảo Tùng,HK1,2025-2026
TS_HP0064,TS,AQUA163,Kỹ thuật nuôi giáp xác,3,66,Ngô Ngọc Nam,HK1,2025-2026
TS_HP0065,TS,FISH164,Ngư loại học chuyên đề,3,72,Lê Hữu Hà,HK1,2025-2026
TS_HP0066,TS,MARI165,Bệnh học thủy sản đại cương,3,61,Phan Kim Hiếu,HK1,2025-2026
TS_HP0067,TS,AQUA166,Quản lý chất lượng nước ao nuôi,3,69,Ngô Trọng Long,HK1,2025-2026
TS_HP0068,TS,FISH167,Dinh dưỡng thức ăn thủy sản,2,75,Phan Hải Nghĩa,HK1,2025-2026
TS_HP0069,TS,MARI168,Chế biến sản phẩm thủy sản,2,57,Phan Quốc Giang,HK1,2025-2026
TS_HP0070,TS,AQUA169,Khai thác thủy sản bền vững,3,49,Huỳnh Anh Trang,HK1,2025-2026
TS_HP0071,TS,FISH170,Kỹ thuật nuôi giáp xác,3,36,Lê Kim Sơn,HK1,2025-2026
TS_HP0072,TS,MARI171,Ngư loại học chuyên đề,3,35,Võ Văn Phúc,HK1,2025-2026
TS_HP0073,TS,AQUA172,Bệnh học thủy sản đại cương,3,48,Dương Anh Vũ,HK1,2025-2026
TS_HP0074,TS,FISH173,Quản lý chất lượng nước ao nuôi,4,62,Đỗ Anh Hoàng,HK1,2025-2026
TS_HP0075,TS,MARI174,Dinh dưỡng thức ăn thủy sản,2,59,Ngô Bảo Thắng,HK1,2025-2026
TS_HP0076,TS,AQUA175,Chế biến sản phẩm thủy sản,3,57,Hồ Thanh Hiếu,HK1,2025-2026
TS_HP0077,TS,FISH176,Khai thác thủy sản bền vững,2,78,Ngô Hữu Tùng,HK1,2025-2026
TS_HP0078,TS,MARI177,Kỹ thuật nuôi giáp xác,2,71,Huỳnh Văn Hà,HK1,2025-2026
TS_HP0079,TS,AQUA178,Ngư loại học chuyên đề,3,41,Đặng Hữu Sơn,HK1,2025-2026
TS_HP0080,TS,FISH179,Bệnh học thủy sản đại cương,4,78,Nguyễn Trọng Hải,HK1,2025-2026
TS_HP0081,TS,MARI180,Quản lý chất lượng nước ao nuôi,3,70,Vũ Ngọc Hiếu,HK1,2025-2026
TS_HP0082,TS,AQUA181,Dinh dưỡng thức ăn thủy sản,3,76,Phạm Bảo Trung,HK1,2025-2026
TS_HP0083,TS,FISH182,Chế biến sản phẩm thủy sản,3,41,Đặng Thị Hùng,HK1,2025-2026
TS_HP0084,TS,MARI183,Khai thác thủy sản bền vững,3,67,Phan Hải Dũng,HK1,2025-2026
TS_HP0085,TS,AQUA184,Kỹ thuật nuôi giáp xác,3,54,Lê Anh Phúc,HK1,2025-2026
TS_HP0086,TS,FISH185,Ngư loại học chuyên đề,2,78,Phạm Xuân Thắng,HK1,2025-2026
TS_HP0087,TS,MARI186,Bệnh học thủy sản đại cương,3,46,Ngô Xuân Sơn,HK1,2025-2026
TS_HP0088,TS,AQUA187,Quản lý chất lượng nước ao nuôi,3,78,Phạm Quốc Hiếu,HK1,2025-2026
TS_HP0089,TS,FISH188,Dinh dưỡng thức ăn thủy sản,3,36,Lê Thị Vinh,HK1,2025-2026
TS_HP0090,TS,MARI189,Chế biến sản phẩm thủy sản,4,73,Vũ Bảo Phúc,HK1,2025-2026
TS_HP0091,TS,AQUA190,Khai thác thủy sản bền vững,4,61,Lê Bảo Huy,HK1,2025-2026
TS_HP0092,TS,FISH191,Kỹ thuật nuôi giáp xác,4,46,Hoàng Minh An,HK1,2025-2026
TS_HP0093,TS,MARI192,Ngư loại học chuyên đề,4,66,Võ Minh Long,HK1,2025-2026
TS_HP0094,TS,AQUA193,Bệnh học thủy sản đại cương,2,45,Lý Hữu Quân,HK1,2025-2026
TS_HP0095,TS,FISH194,Quản lý chất lượng nước ao nuôi,3,52,Đỗ Quốc Hà,HK1,2025-2026
TS_HP0096,TS,MARI195,Dinh dưỡng thức ăn thủy sản,2,73,Võ Anh Hiếu,HK1,2025-2026
TS_HP0097,TS,AQUA196,Chế biến sản phẩm thủy sản,4,66,Trần Minh Hiếu,HK1,2025-2026
TS_HP0098,TS,FISH197,Khai thác thủy sản bền vững,3,73,Trần Đức Cường,HK1,2025-2026
TS_HP0099,TS,MARI198,Kỹ thuật nuôi giáp xác,3,53,Phan Thanh Sơn,HK1,2025-2026
TS_HP0100,TS,AQUA199,Ngư loại học chuyên đề,4,76,Phạm Văn Hải,HK1,2025-2026
TS_HP0101,TS,FISH200,Bệnh học thủy sản đại cương,3,68,Nguyễn Thanh Vũ,HK1,2025-2026
TS_HP0102,TS,MARI201,Quản lý chất lượng nước ao nuôi,3,66,Võ Ngọc Hải,HK1,2025-2026
TS_HP0103,TS,AQUA202,Dinh dưỡng thức ăn thủy sản,4,62,Lý Bảo Sơn,HK1,2025-2026
TS_HP0104,TS,FISH203,Chế biến sản phẩm thủy sản,3,80,Lê Quốc Tùng,HK1,2025-2026
TS_HP0105,TS,MARI204,Khai thác thủy sản bền vững,2,40,Ngô Quốc Hoàng,HK1,2025-2026
TS_HP0106,TS,AQUA205,Kỹ thuật nuôi giáp xác,3,74,Đỗ Thanh Hiếu,HK1,2025-2026
TS_HP0107,TS,FISH206,Ngư loại học chuyên đề,3,38,Nguyễn Ngọc Quân,HK1,2025-2026
TS_HP0108,TS,MARI207,Bệnh học thủy sản đại cương,3,72,Ngô Kim Thảo,HK1,2025-2026
TS_HP0109,TS,AQUA208,Quản lý chất lượng nước ao nuôi,4,56,Lý Thanh Cường,HK1,2025-2026
TS_HP0110,TS,FISH209,Dinh dưỡng thức ăn thủy sản,3,44,Phạm Thị Dũng,HK1,2025-2026
TS_HP0111,TS,MARI210,Chế biến sản phẩm thủy sản,3,56,Đặng Thanh Khoa,HK1,2025-2026
TS_HP0112,TS,AQUA211,Khai thác thủy sản bền vững,3,57,Phan Đức An,HK1,2025-2026
TS_HP0113,TS,FISH212,Kỹ thuật nuôi giáp xác,3,50,Lý Đức Linh,HK1,2025-2026
TS_HP0114,TS,MARI213,Ngư loại học chuyên đề,3,52,Huỳnh Kim Phúc,HK1,2025-2026
TS_HP0115,TS,AQUA214,Bệnh học thủy sản đại cương,4,77,Lý Trọng Mai,HK1,2025-2026
TS_HP0116,TS,FISH215,Quản lý chất lượng nước ao nuôi,3,63,Lý Anh Hà,HK1,2025-2026
TS_HP0117,TS,MARI216,Dinh dưỡng thức ăn thủy sản,3,66,Huỳnh Thanh Tuấn,HK1,2025-2026
TS_HP0118,TS,AQUA217,Chế biến sản phẩm thủy sản,3,67,Phạm Kim Tâm,HK1,2025-2026
TS_HP0119,TS,FISH218,Khai thác thủy sản bền vững,4,56,Trần Văn Bình,HK1,2025-2026
TS_HP0120,TS,MARI219,Kỹ thuật nuôi giáp xác,3,70,Đỗ Bảo Bình,HK1,2025-2026
TS_HP0121,TS,AQUA220,Ngư loại học chuyên đề,3,48,Phan Văn Cường,HK1,2025-2026
TS_HP0122,TS,FISH221,Bệnh học thủy sản đại cương,3,79,Phạm Hữu An,HK1,2025-2026
TS_HP0123,TS,MARI222,Quản lý chất lượng nước ao nuôi,2,54,Phan Anh An,HK1,2025-2026
TS_HP0124,TS,AQUA223,Dinh dưỡng thức ăn thủy sản,3,63,Hồ Văn Hải,HK1,2025-2026
TS_HP0125,TS,FISH224,Chế biến sản phẩm thủy sản,3,59,Đặng Anh Cường,HK1,2025-2026
TS_HP0126,TS,MARI225,Khai thác thủy sản bền vững,3,58,Đỗ Hải Sơn,HK1,2025-2026
TS_HP0127,TS,AQUA226,Kỹ thuật nuôi giáp xác,4,36,Hoàng Ngọc Phúc,HK1,2025-2026
TS_HP0128,TS,FISH227,Ngư loại học chuyên đề,2,46,Bùi Hải Vinh,HK1,2025-2026
TS_HP0129,TS,MARI228,Bệnh học thủy sản đại cương,2,52,Vũ Văn Thắng,HK1,2025-2026
TS_HP0130,TS,AQUA229,Quản lý chất lượng nước ao nuôi,2,40,Huỳnh Đức Nam,HK1,2025-2026
TS_HP0131,TS,FISH230,Dinh dưỡng thức ăn thủy sản,3,50,Võ Hải Tuấn,HK1,2025-2026
TS_HP0132,TS,MARI231,Chế biến sản phẩm thủy sản,3,46,Lê Văn Hải,HK1,2025-2026
TS_HP0133,TS,AQUA232,Khai thác thủy sản bền vững,2,59,Hồ Minh Long,HK1,2025-2026
TS_HP0134,TS,FISH233,Kỹ thuật nuôi giáp xác,3,75,Đỗ Hữu Nam,HK1,2025-2026
TS_HP0135,TS,MARI234,Ngư loại học chuyên đề,2,49,Đỗ Bảo Tùng,HK1,2025-2026
TS_HP0136,TS,AQUA235,Bệnh học thủy sản đại cương,4,78,Bùi Hữu Nam,HK1,2025-2026
TS_HP0137,TS,FISH236,Quản lý chất lượng nước ao nuôi,3,51,Bùi Kim Tâm,HK1,2025-2026
TS_HP0138,TS,MARI237,Dinh dưỡng thức ăn thủy sản,2,35,Đặng Thị Vinh,HK1,2025-2026
TS_HP0139,TS,AQUA238,Chế biến sản phẩm thủy sản,4,49,Phạm Đức Phúc,HK1,2025-2026
TS_HP0140,TS,FISH239,Khai thác thủy sản bền vững,4,66,Dương Anh Khoa,HK1,2025-2026
TS_HP0141,TS,MARI240,Kỹ thuật nuôi giáp xác,3,60,Hồ Quốc Cường,HK1,2025-2026
TS_HP0142,TS,AQUA241,Ngư loại học chuyên đề,3,47,Hoàng Đức Vũ,HK1,2025-2026
TS_HP0143,TS,FISH242,Bệnh học thủy sản đại cương,4,72,Lý Thanh Nghĩa,HK1,2025-2026
TS_HP0144,TS,MARI243,Quản lý chất lượng nước ao nuôi,4,43,Trần Đức Hải,HK1,2025-2026
TS_HP0145,TS,AQUA244,Dinh dưỡng thức ăn thủy sản,3,44,Phan Minh Tuấn,HK1,2025-2026
TS_HP0146,TS,FISH245,Chế biến sản phẩm thủy sản,2,43,Hoàng Bảo Phong,HK1,2025-2026
TS_HP0147,TS,MARI246,Khai thác thủy sản bền vững,2,40,Vũ Bảo Phong,HK1,2025-2026
TS_HP0148,TS,AQUA247,Kỹ thuật nuôi giáp xác,2,70,Phan Ngọc Hà,HK1,2025-2026
TS_HP0149,TS,FISH248,Ngư loại học chuyên đề,2,39,Võ Thanh Mai,HK1,2025-2026
TS_HP0150,TS,MARI249,Bệnh học thủy sản đại cương,4,71,Ngô Minh Cường,HK1,2025-2026
TS_HP0151,TS,AQUA250,Quản lý chất lượng nước ao nuôi,2,70,Võ Thanh Linh,HK1,2025-2026
TS_HP0152,TS,FISH251,Dinh dưỡng thức ăn thủy sản,2,48,Phạm Thanh Hiếu,HK1,2025-2026
TS_HP0153,TS,MARI252,Chế biến sản phẩm thủy sản,2,36,Đỗ Minh Cường,HK1,2025-2026
TS_HP0154,TS,AQUA253,Khai thác thủy sản bền vững,2,77,Lê Minh Trang,HK1,2025-2026
TS_HP0155,TS,FISH254,Kỹ thuật nuôi giáp xác,2,80,Nguyễn Quốc Long,HK1,2025-2026
TS_HP0156,TS,MARI255,Ngư loại học chuyên đề,4,47,Dương Văn Tuấn,HK1,2025-2026
TS_HP0157,TS,AQUA256,Bệnh học thủy sản đại cương,2,39,Hoàng Ngọc Giang,HK1,2025-2026
TS_HP0158,TS,FISH257,Quản lý chất lượng nước ao nuôi,3,54,Đỗ Quốc Thắng,HK1,2025-2026
TS_HP0159,TS,MARI258,Dinh dưỡng thức ăn thủy sản,3,57,Bùi Trọng Vinh,HK1,2025-2026
TS_HP0160,TS,AQUA259,Chế biến sản phẩm thủy sản,3,72,Trần Trọng Hà,HK1,2025-2026
TS_HP0161,TS,FISH260,Khai thác thủy sản bền vững,3,46,Ngô Thị Mai,HK1,2025-2026
TS_HP0162,TS,MARI261,Kỹ thuật nuôi giáp xác,4,37,Bùi Quốc Bình,HK1,2025-2026
TS_HP0163,TS,AQUA262,Ngư loại học chuyên đề,2,39,Phạm Bảo Hà,HK1,2025-2026
TS_HP0164,TS,FISH263,Bệnh học thủy sản đại cương,2,80,Phạm Kim Vũ,HK1,2025-2026
TS_HP0165,TS,MARI264,Quản lý chất lượng nước ao nuôi,2,39,Nguyễn Hải Long,HK1,2025-2026
TS_HP0166,TS,AQUA265,Dinh dưỡng thức ăn thủy sản,3,42,Vũ Văn Linh,HK1,2025-2026
TS_HP0167,TS,FISH266,Chế biến sản phẩm thủy sản,3,75,Võ Trọng Nam,HK1,2025-2026
TS_HP0168,TS,MARI267,Khai thác thủy sản bền vững,2,67,Đỗ Hải Cường,HK1,2025-2026
TS_HP0169,TS,AQUA268,Kỹ thuật nuôi giáp xác,2,57,Đặng Minh Huy,HK1,2025-2026
TS_HP0170,TS,FISH269,Ngư loại học chuyên đề,3,73,Hồ Trọng Cường,HK1,2025-2026
TS_HP0171,TS,MARI270,Bệnh học thủy sản đại cương,3,58,Trần Hữu Khoa,HK1,2025-2026
TS_HP0172,TS,AQUA271,Quản lý chất lượng nước ao nuôi,4,42,Huỳnh Ngọc Vũ,HK1,2025-2026
TS_HP0173,TS,FISH272,Dinh dưỡng thức ăn thủy sản,3,55,Đỗ Xuân Thảo,HK1,2025-2026
TS_HP0174,TS,MARI273,Chế biến sản phẩm thủy sản,3,55,Đỗ Xuân Hùng,HK1,2025-2026
TS_HP0175,TS,AQUA274,Khai thác thủy sản bền vững,2,73,Lê Bảo Vũ,HK1,2025-2026
TS_HP0176,TS,FISH275,Kỹ thuật nuôi giáp xác,3,63,Đỗ Ngọc Tùng,HK1,2025-2026
TS_HP0177,TS,MARI276,Ngư loại học chuyên đề,3,69,Lê Hữu Thắng,HK1,2025-2026
TS_HP0178,TS,AQUA277,Bệnh học thủy sản đại cương,4,52,Võ Bảo Tuấn,HK1,2025-2026
TS_HP0179,TS,FISH278,Quản lý chất lượng nước ao nuôi,4,45,Nguyễn Bảo Mai,HK1,2025-2026
TS_HP0180,TS,MARI279,Dinh dưỡng thức ăn thủy sản,2,45,Trần Ngọc Hà,HK1,2025-2026
TS_HP0181,TS,AQUA280,Chế biến sản phẩm thủy sản,4,42,Hoàng Trọng Huy,HK1,2025-2026
TS_HP0182,TS,FISH281,Khai thác thủy sản bền vững,4,36,Vũ Xuân Bình,HK1,2025-2026
TS_HP0183,TS,MARI282,Kỹ thuật nuôi giáp xác,2,43,Đỗ Văn Hùng,HK1,2025-2026
TS_HP0184,TS,AQUA283,Ngư loại học chuyên đề,4,68,Nguyễn Văn Hải,HK1,2025-2026
TS_HP0185,TS,FISH284,Bệnh học thủy sản đại cương,3,56,Trần Thị Sơn,HK1,2025-2026
TS_HP0186,TS,MARI285,Quản lý chất lượng nước ao nuôi,3,62,Phạm Hải Linh,HK1,2025-2026
TS_HP0187,TS,AQUA286,Dinh dưỡng thức ăn thủy sản,3,69,Trần Trọng Thảo,HK1,2025-2026
TS_HP0188,TS,FISH287,Chế biến sản phẩm thủy sản,2,43,Đặng Trọng Tuấn,HK1,2025-2026
TS_HP0189,TS,MARI288,Khai thác thủy sản bền vững,2,43,Phạm Thanh Tùng,HK1,2025-2026
TS_HP0190,TS,AQUA289,Kỹ thuật nuôi giáp xác,4,37,Hoàng Bảo Thắng,HK1,2025-2026
TS_HP0191,TS,FISH290,Ngư loại học chuyên đề,3,66,Võ Minh Vũ,HK1,2025-2026
TS_HP0192,TS,MARI291,Bệnh học thủy sản đại cương,3,65,Phan Quốc Vinh,HK1,2025-2026
TS_HP0193,TS,AQUA292,Quản lý chất lượng nước ao nuôi,3,43,Lê Quốc Hải,HK1,2025-2026
TS_HP0194,TS,FISH293,Dinh dưỡng thức ăn thủy sản,3,41,Phạm Văn Tuấn,HK1,2025-2026
TS_HP0195,TS,MARI294,Chế biến sản phẩm thủy sản,3,57,Đỗ Xuân Tâm,HK1,2025-2026
TS_HP0196,TS,AQUA295,Khai thác thủy sản bền vững,4,73,Võ Văn Khoa,HK1,2025-2026
TS_HP0197,TS,FISH296,Kỹ thuật nuôi giáp xác,3,62,Dương Kim Huy,HK1,2025-2026
TS_HP0198,TS,MARI297,Ngư loại học chuyên đề,3,72,Lý Xuân An,HK1,2025-2026
TS_HP0199,TS,AQUA298,Bệnh học thủy sản đại cương,4,67,Trần Thanh Hải,HK1,2025-2026
TS_HP0200,TS,FISH299,Quản lý chất lượng nước ao nuôi,3,43,Lê Anh Tùng,HK1,2025-2026
TS_HP0201,TS,MARI300,Dinh dưỡng thức ăn thủy sản,3,46,Hoàng Văn Thảo,HK1,2025-2026
TS_HP0202,TS,AQUA301,Chế biến sản phẩm thủy sản,2,75,Dương Thị Giang,HK1,2025-2026
TS_HP0203,TS,FISH302,Khai thác thủy sản bền vững,4,47,Đỗ Đức Cường,HK1,2025-2026
TS_HP0204,TS,MARI303,Kỹ thuật nuôi giáp xác,2,40,Phan Thanh Vũ,HK1,2025-2026
TS_HP0205,TS,AQUA304,Ngư loại học chuyên đề,4,63,Dương Thị Hùng,HK1,2025-2026
TS_HP0206,TS,FISH305,Bệnh học thủy sản đại cương,3,62,Phạm Xuân Vinh,HK1,2025-2026
TS_HP0207,TS,MARI306,Quản lý chất lượng nước ao nuôi,3,39,Vũ Quốc Phúc,HK1,2025-2026
TS_HP0208,TS,AQUA307,Dinh dưỡng thức ăn thủy sản,3,63,Trần Thị Hải,HK1,2025-2026
TS_HP0209,TS,FISH308,Chế biến sản phẩm thủy sản,3,74,Đặng Thị Giang,HK1,2025-2026
TS_HP0210,TS,MARI309,Khai thác thủy sản bền vững,4,77,Phan Minh Hoàng,HK1,2025-2026
TS_HP0211,TS,AQUA310,Kỹ thuật nuôi giáp xác,3,68,Dương Kim Hải,HK1,2025-2026
TS_HP0212,TS,FISH311,Ngư loại học chuyên đề,3,63,Đỗ Đức Quân,HK1,2025-2026
TS_HP0213,TS,MARI312,Bệnh học thủy sản đại cương,3,73,Ngô Kim Khoa,HK1,2025-2026
TS_HP0214,TS,AQUA313,Quản lý chất lượng nước ao nuôi,4,39,Vũ Ngọc Huy,HK1,2025-2026
TS_HP0215,TS,FISH314,Dinh dưỡng thức ăn thủy sản,2,39,Vũ Hữu Thảo,HK1,2025-2026
TS_HP0216,TS,MARI315,Chế biến sản phẩm thủy sản,2,65,Đỗ Trọng Nam,HK1,2025-2026
TS_HP0217,TS,AQUA316,Khai thác thủy sản bền vững,4,40,Nguyễn Hữu Mai,HK1,2025-2026
TS_HP0218,TS,FISH317,Kỹ thuật nuôi giáp xác,4,71,Vũ Hải Huy,HK1,2025-2026
TS_HP0219,TS,MARI318,Ngư loại học chuyên đề,2,35,Vũ Hải Sơn,HK1,2025-2026
TS_HP0220,TS,AQUA319,Bệnh học thủy sản đại cương,2,56,Đặng Đức Thảo,HK1,2025-2026
TS_HP0221,TS,FISH320,Quản lý chất lượng nước ao nuôi,4,39,Phạm Xuân Hải,HK1,2025-2026
TS_HP0222,TS,MARI321,Dinh dưỡng thức ăn thủy sản,3,62,Phạm Văn Long,HK1,2025-2026
TS_HP0223,TS,AQUA322,Chế biến sản phẩm thủy sản,2,48,Huỳnh Anh Vinh,HK1,2025-2026
TS_HP0224,TS,FISH323,Khai thác thủy sản bền vững,4,35,Phan Đức Trung,HK1,2025-2026
TS_HP0225,TS,MARI324,Kỹ thuật nuôi giáp xác,2,76,Nguyễn Thị Khoa,HK1,2025-2026
TS_HP0226,TS,AQUA325,Ngư loại học chuyên đề,3,77,Hoàng Thị Hùng,HK1,2025-2026
TS_HP0227,TS,FISH326,Bệnh học thủy sản đại cương,4,47,Đặng Bảo Trung,HK1,2025-2026
TS_HP0228,TS,MARI327,Quản lý chất lượng nước ao nuôi,3,50,Phạm Quốc Linh,HK1,2025-2026
TS_HP0229,TS,AQUA328,Dinh dưỡng thức ăn thủy sản,2,61,Đặng Ngọc Nam,HK1,2025-2026
TS_HP0230,TS,FISH329,Chế biến sản phẩm thủy sản,3,36,Hoàng Trọng Giang,HK1,2025-2026
TS_HP0231,TS,MARI330,Khai thác thủy sản bền vững,2,52,Vũ Hải Trang,HK1,2025-2026
TS_HP0232,TS,AQUA331,Kỹ thuật nuôi giáp xác,3,62,Đặng Đức Linh,HK1,2025-2026
TS_HP0233,TS,FISH332,Ngư loại học chuyên đề,3,50,Đỗ Đức Tâm,HK1,2025-2026
TS_HP0234,TS,MARI333,Bệnh học thủy sản đại cương,3,54,Phan Kim Long,HK1,2025-2026
TS_HP0235,TS,AQUA334,Quản lý chất lượng nước ao nuôi,3,48,Hồ Kim Hùng,HK1,2025-2026
TS_HP0236,TS,FISH335,Dinh dưỡng thức ăn thủy sản,2,41,Dương Bảo Khoa,HK1,2025-2026
TS_HP0237,TS,MARI336,Chế biến sản phẩm thủy sản,3,57,Võ Thị Long,HK1,2025-2026
TS_HP0238,TS,AQUA337,Khai thác thủy sản bền vững,3,70,Ngô Thanh Linh,HK1,2025-2026
TS_HP0239,TS,FISH338,Kỹ thuật nuôi giáp xác,2,63,Hoàng Quốc Tâm,HK1,2025-2026
TS_HP0240,TS,MARI339,Ngư loại học chuyên đề,4,78,Đặng Đức Hiếu,HK1,2025-2026
TS_HP0241,TS,AQUA340,Bệnh học thủy sản đại cương,3,77,Lý Xuân Tùng,HK1,2025-2026
TS_HP0242,TS,FISH341,Quản lý chất lượng nước ao nuôi,2,65,Đặng Hữu Vinh,HK1,2025-2026
TS_HP0243,TS,MARI342,Dinh dưỡng thức ăn thủy sản,4,40,Đỗ Anh Nam,HK1,2025-2026
TS_HP0244,TS,AQUA343,Chế biến sản phẩm thủy sản,2,76,Dương Quốc Vinh,HK1,2025-2026
TS_HP0245,TS,FISH344,Khai thác thủy sản bền vững,3,69,Huỳnh Thanh Vinh,HK1,2025-2026
TS_HP0246,TS,MARI345,Kỹ thuật nuôi giáp xác,3,38,Huỳnh Bảo Trang,HK1,2025-2026
TS_HP0247,TS,AQUA346,Ngư loại học chuyên đề,4,80,Dương Anh Trang,HK1,2025-2026
TS_HP0248,TS,FISH347,Bệnh học thủy sản đại cương,3,54,Phạm Ngọc Dũng,HK1,2025-2026
TS_HP0249,TS,MARI348,Quản lý chất lượng nước ao nuôi,3,52,Nguyễn Hải Tùng,HK1,2025-2026
TS_HP0250,TS,AQUA349,Dinh dưỡng thức ăn thủy sản,4,65,Phạm Ngọc Cường,HK1,2025-2026
TS_HP0251,TS,FISH350,Chế biến sản phẩm thủy sản,2,37,Phạm Anh Tâm,HK1,2025-2026
TS_HP0252,TS,MARI351,Khai thác thủy sản bền vững,4,63,Trần Anh An,HK1,2025-2026
TS_HP0253,TS,AQUA352,Kỹ thuật nuôi giáp xác,2,44,Phan Minh Hà,HK1,2025-2026
TS_HP0254,TS,FISH353,Ngư loại học chuyên đề,3,76,Trần Anh Bình,HK1,2025-2026
TS_HP0255,TS,MARI354,Bệnh học thủy sản đại cương,3,52,Dương Trọng Thảo,HK1,2025-2026
TS_HP0256,TS,AQUA355,Quản lý chất lượng nước ao nuôi,4,53,Hoàng Bảo Khoa,HK1,2025-2026
TS_HP0257,TS,FISH356,Dinh dưỡng thức ăn thủy sản,4,50,Lê Quốc Long,HK1,2025-2026
TS_HP0258,TS,MARI357,Chế biến sản phẩm thủy sản,3,68,Vũ Thanh Hà,HK1,2025-2026
TS_HP0259,TS,AQUA358,Khai thác thủy sản bền vững,3,65,Đỗ Bảo Huy,HK1,2025-2026
TS_HP0260,TS,FISH359,Kỹ thuật nuôi giáp xác,4,52,Huỳnh Trọng Quân,HK1,2025-2026
TS_HP0261,TS,MARI360,Ngư loại học chuyên đề,4,55,Dương Xuân Vinh,HK1,2025-2026
TS_HP0262,TS,AQUA361,Bệnh học thủy sản đại cương,3,45,Phan Kim Giang,HK1,2025-2026
TS_HP0263,TS,FISH362,Quản lý chất lượng nước ao nuôi,2,52,Đỗ Trọng Mai,HK1,2025-2026
TS_HP0264,TS,MARI363,Dinh dưỡng thức ăn thủy sản,4,69,Hồ Kim Vũ,HK1,2025-2026
TS_HP0265,TS,AQUA364,Chế biến sản phẩm thủy sản,3,62,Dương Ngọc Nghĩa,HK1,2025-2026
TS_HP0266,TS,FISH365,Khai thác thủy sản bền vững,3,46,Nguyễn Đức Sơn,HK1,2025-2026
TS_HP0267,TS,MARI366,Kỹ thuật nuôi giáp xác,3,70,Phạm Hải Linh,HK1,2025-2026
TS_HP0268,TS,AQUA367,Ngư loại học chuyên đề,3,56,Đặng Anh Linh,HK1,2025-2026
TS_HP0269,TS,FISH368,Bệnh học thủy sản đại cương,3,62,Lý Quốc Thảo,HK1,2025-2026
TS_HP0270,TS,MARI369,Quản lý chất lượng nước ao nuôi,4,46,Lý Văn Hà,HK1,2025-2026
TS_HP0271,TS,AQUA370,Dinh dưỡng thức ăn thủy sản,3,53,Huỳnh Minh Vinh,HK1,2025-2026
TS_HP0272,TS,FISH371,Chế biến sản phẩm thủy sản,4,52,Trần Quốc Hà,HK1,2025-2026
TS_HP0273,TS,MARI372,Khai thác thủy sản bền vững,4,65,Hồ Thị Giang,HK1,2025-2026
TS_HP0274,TS,AQUA373,Kỹ thuật nuôi giáp xác,2,65,Nguyễn Ngọc An,HK1,2025-2026
TS_HP0275,TS,FISH374,Ngư loại học chuyên đề,2,39,Trần Minh Hiếu,HK1,2025-2026
TS_HP0276,TS,MARI375,Bệnh học thủy sản đại cương,3,67,Vũ Xuân Hiếu,HK1,2025-2026
TS_HP0277,TS,AQUA376,Quản lý chất lượng nước ao nuôi,2,45,Lê Ngọc Vinh,HK1,2025-2026
TS_HP0278,TS,FISH377,Dinh dưỡng thức ăn thủy sản,3,56,Hoàng Văn Hoàng,HK1,2025-2026
TS_HP0279,TS,MARI378,Chế biến sản phẩm thủy sản,4,68,Vũ Xuân Dũng,HK1,2025-2026
TS_HP0280,TS,AQUA379,Khai thác thủy sản bền vững,3,35,Lê Hải Cường,HK1,2025-2026
TS_HP0281,TS,FISH380,Kỹ thuật nuôi giáp xác,2,66,Hồ Thanh Phong,HK1,2025-2026
TS_HP0282,TS,MARI381,Ngư loại học chuyên đề,4,58,Vũ Quốc Tùng,HK1,2025-2026
TS_HP0283,TS,AQUA382,Bệnh học thủy sản đại cương,2,79,Lê Thanh Sơn,HK1,2025-2026
TS_HP0284,TS,FISH383,Quản lý chất lượng nước ao nuôi,3,75,Vũ Quốc Tuấn,HK1,2025-2026
TS_HP0285,TS,MARI384,Dinh dưỡng thức ăn thủy sản,4,50,Hoàng Ngọc Trang,HK1,2025-2026
TS_HP0286,TS,AQUA385,Chế biến sản phẩm thủy sản,3,41,Lê Đức Nghĩa,HK1,2025-2026
TS_HP0287,TS,FISH386,Khai thác thủy sản bền vững,3,35,Phan Bảo Thắng,HK1,2025-2026
TS_HP0288,TS,MARI387,Kỹ thuật nuôi giáp xác,4,80,Nguyễn Quốc Dũng,HK1,2025-2026
TS_HP0289,TS,AQUA388,Ngư loại học chuyên đề,4,41,Phan Anh Tuấn,HK1,2025-2026
TS_HP0290,TS,FISH389,Bệnh học thủy sản đại cương,3,40,Ngô Thị Tuấn,HK1,2025-2026
TS_HP0291,TS,MARI390,Quản lý chất lượng nước ao nuôi,2,51,Lý Hữu Thảo,HK1,2025-2026
TS_HP0292,TS,AQUA391,Dinh dưỡng thức ăn thủy sản,2,49,Đặng Xuân Hiếu,HK1,2025-2026
TS_HP0293,TS,FISH392,Chế biến sản phẩm thủy sản,3,39,Phan Trọng Tùng,HK1,2025-2026
TS_HP0294,TS,MARI393,Khai thác thủy sản bền vững,3,60,Hoàng Quốc Long,HK1,2025-2026
TS_HP0295,TS,AQUA394,Kỹ thuật nuôi giáp xác,4,52,Lê Trọng Bình,HK1,2025-2026
TS_HP0296,TS,FISH395,Ngư loại học chuyên đề,4,47,Huỳnh Ngọc Vũ,HK1,2025-2026
TS_HP0297,TS,MARI396,Bệnh học thủy sản đại cương,3,79,Bùi Hữu An,HK1,2025-2026
TS_HP0298,TS,AQUA397,Quản lý chất lượng nước ao nuôi,4,42,Phạm Thị Phúc,HK1,2025-2026
TS_HP0299,TS,FISH398,Dinh dưỡng thức ăn thủy sản,2,35,Trần Văn Thắng,HK1,2025-2026
TS_HP0300,TS,MARI399,Chế biến sản phẩm thủy sản,3,62,Đỗ Đức Bình,HK1,2025-2026
TS_HP0301,TS,AQUA400,Khai thác thủy sản bền vững,2,53,Huỳnh Minh Vinh,HK1,2025-2026
TS_HP0302,TS,FISH401,Kỹ thuật nuôi giáp xác,4,76,Trần Bảo Nghĩa,HK1,2025-2026
TS_HP0303,TS,MARI402,Ngư loại học chuyên đề,3,61,Vũ Thị Linh,HK1,2025-2026
TS_HP0304,TS,AQUA403,Bệnh học thủy sản đại cương,3,52,Hoàng Hải Hiếu,HK1,2025-2026
TS_HP0305,TS,FISH404,Quản lý chất lượng nước ao nuôi,3,58,Bùi Minh Nghĩa,HK1,2025-2026
TS_HP0306,TS,MARI405,Dinh dưỡng thức ăn thủy sản,4,45,Ngô Hải Sơn,HK1,2025-2026
NNGU_HP0001,NNGU,ENG100,Tiếng Anh học thuật 1,4,77,Lý Thị Linh,HK1,2025-2026
NNGU_HP0002,NNGU,FRA101,Ngữ pháp thực hành nâng cao,3,68,Vũ Bảo Nghĩa,HK1,2025-2026
NNGU_HP0003,NNGU,JPN102,Kỹ năng Viết học thuật,2,67,Đỗ Ngọc Thắng,HK1,2025-2026
NNGU_HP0004,NNGU,ENG103,Kỹ năng Đọc hiểu mở rộng,4,52,Đỗ Hữu Khoa,HK1,2025-2026
NNGU_HP0005,NNGU,FRA104,Tiếng Anh thương mại căn bản,2,66,Phạm Trọng Hoàng,HK1,2025-2026
NNGU_HP0006,NNGU,JPN105,Biên phiên dịch cơ sở,4,78,Đặng Trọng Long,HK1,2025-2026
NNGU_HP0007,NNGU,ENG106,Phát âm tiếng Anh chuẩn,3,71,Võ Trọng Khoa,HK1,2025-2026
NNGU_HP0008,NNGU,FRA107,Tiếng Anh học thuật 1,4,75,Trần Anh Long,HK1,2025-2026
NNGU_HP0009,NNGU,JPN108,Ngữ pháp thực hành nâng cao,4,52,Võ Xuân Hiếu,HK1,2025-2026
NNGU_HP0010,NNGU,ENG109,Kỹ năng Viết học thuật,3,63,Huỳnh Thanh Phong,HK1,2025-2026
NNGU_HP0011,NNGU,FRA110,Kỹ năng Đọc hiểu mở rộng,3,68,Nguyễn Quốc Thắng,HK1,2025-2026
NNGU_HP0012,NNGU,JPN111,Tiếng Anh thương mại căn bản,3,57,Đặng Ngọc Hùng,HK1,2025-2026
NNGU_HP0013,NNGU,ENG112,Biên phiên dịch cơ sở,4,36,Trần Thị Trang,HK1,2025-2026
NNGU_HP0014,NNGU,FRA113,Phát âm tiếng Anh chuẩn,4,38,Lý Thanh Hoàng,HK1,2025-2026
NNGU_HP0015,NNGU,JPN114,Tiếng Anh học thuật 1,2,66,Nguyễn Trọng Hoàng,HK1,2025-2026
NNGU_HP0016,NNGU,ENG115,Ngữ pháp thực hành nâng cao,3,50,Hồ Văn Phúc,HK1,2025-2026
NNGU_HP0017,NNGU,FRA116,Kỹ năng Viết học thuật,2,41,Dương Kim Hà,HK1,2025-2026
NNGU_HP0018,NNGU,JPN117,Kỹ năng Đọc hiểu mở rộng,4,70,Dương Bảo Vinh,HK1,2025-2026
NNGU_HP0019,NNGU,ENG118,Tiếng Anh thương mại căn bản,3,64,Phạm Hải Linh,HK1,2025-2026
NNGU_HP0020,NNGU,FRA119,Biên phiên dịch cơ sở,4,47,Vũ Hữu Trung,HK1,2025-2026
NNGU_HP0021,NNGU,JPN120,Phát âm tiếng Anh chuẩn,2,76,Bùi Ngọc Dũng,HK1,2025-2026
NNGU_HP0022,NNGU,ENG121,Tiếng Anh học thuật 1,2,51,Vũ Bảo Hoàng,HK1,2025-2026
NNGU_HP0023,NNGU,FRA122,Ngữ pháp thực hành nâng cao,4,46,Hoàng Quốc Khoa,HK1,2025-2026
NNGU_HP0024,NNGU,JPN123,Kỹ năng Viết học thuật,4,42,Hoàng Xuân Phong,HK1,2025-2026
NNGU_HP0025,NNGU,ENG124,Kỹ năng Đọc hiểu mở rộng,4,54,Lý Minh Trang,HK1,2025-2026
NNGU_HP0026,NNGU,FRA125,Tiếng Anh thương mại căn bản,3,51,Trần Hải Sơn,HK1,2025-2026
NNGU_HP0027,NNGU,JPN126,Biên phiên dịch cơ sở,2,51,Đặng Xuân Tùng,HK1,2025-2026
NNGU_HP0028,NNGU,ENG127,Phát âm tiếng Anh chuẩn,2,52,Trần Văn Sơn,HK1,2025-2026
NNGU_HP0029,NNGU,FRA128,Tiếng Anh học thuật 1,4,40,Đặng Trọng Khoa,HK1,2025-2026
NNGU_HP0030,NNGU,JPN129,Ngữ pháp thực hành nâng cao,3,37,Đỗ Hải Quân,HK1,2025-2026
NNGU_HP0031,NNGU,ENG130,Kỹ năng Viết học thuật,2,39,Trần Trọng Phong,HK1,2025-2026
NNGU_HP0032,NNGU,FRA131,Kỹ năng Đọc hiểu mở rộng,2,50,Nguyễn Đức Bình,HK1,2025-2026
NNGU_HP0033,NNGU,JPN132,Tiếng Anh thương mại căn bản,2,46,Đỗ Anh Hải,HK1,2025-2026
NNGU_HP0034,NNGU,ENG133,Biên phiên dịch cơ sở,3,75,Phan Trọng Tâm,HK1,2025-2026
NNGU_HP0035,NNGU,FRA134,Phát âm tiếng Anh chuẩn,4,77,Nguyễn Thanh Vũ,HK1,2025-2026
NNGU_HP0036,NNGU,JPN135,Tiếng Anh học thuật 1,2,38,Hồ Đức Tâm,HK1,2025-2026
NNGU_HP0037,NNGU,ENG136,Ngữ pháp thực hành nâng cao,2,42,Đặng Bảo Cường,HK1,2025-2026
NNGU_HP0038,NNGU,FRA137,Kỹ năng Viết học thuật,4,48,Vũ Hữu Thắng,HK1,2025-2026
NNGU_HP0039,NNGU,JPN138,Kỹ năng Đọc hiểu mở rộng,4,45,Ngô Xuân An,HK1,2025-2026
NNGU_HP0040,NNGU,ENG139,Tiếng Anh thương mại căn bản,4,60,Vũ Quốc Vinh,HK1,2025-2026
NNGU_HP0041,NNGU,FRA140,Biên phiên dịch cơ sở,4,64,Phan Quốc Nghĩa,HK1,2025-2026
NNGU_HP0042,NNGU,JPN141,Phát âm tiếng Anh chuẩn,3,61,Vũ Ngọc Nam,HK1,2025-2026
NNGU_HP0043,NNGU,ENG142,Tiếng Anh học thuật 1,2,74,Ngô Xuân Phúc,HK1,2025-2026
NNGU_HP0044,NNGU,FRA143,Ngữ pháp thực hành nâng cao,3,69,Lý Anh Vinh,HK1,2025-2026
NNGU_HP0045,NNGU,JPN144,Kỹ năng Viết học thuật,3,72,Hồ Hải Dũng,HK1,2025-2026
NNGU_HP0046,NNGU,ENG145,Kỹ năng Đọc hiểu mở rộng,3,43,Bùi Kim Phong,HK1,2025-2026
NNGU_HP0047,NNGU,FRA146,Tiếng Anh thương mại căn bản,2,70,Vũ Minh Cường,HK1,2025-2026
NNGU_HP0048,NNGU,JPN147,Biên phiên dịch cơ sở,3,52,Dương Trọng Long,HK1,2025-2026
NNGU_HP0049,NNGU,ENG148,Phát âm tiếng Anh chuẩn,4,70,Hồ Thị Trang,HK1,2025-2026
NNGU_HP0050,NNGU,FRA149,Tiếng Anh học thuật 1,4,62,Đặng Kim Vinh,HK1,2025-2026
NNGU_HP0051,NNGU,JPN150,Ngữ pháp thực hành nâng cao,3,73,Hoàng Bảo Sơn,HK1,2025-2026
NNGU_HP0052,NNGU,ENG151,Kỹ năng Viết học thuật,2,41,Vũ Hải Quân,HK1,2025-2026
NNGU_HP0053,NNGU,FRA152,Kỹ năng Đọc hiểu mở rộng,4,60,Phạm Ngọc Hiếu,HK1,2025-2026
NNGU_HP0054,NNGU,JPN153,Tiếng Anh thương mại căn bản,2,37,Hoàng Kim Phúc,HK1,2025-2026
NNGU_HP0055,NNGU,ENG154,Biên phiên dịch cơ sở,3,40,Phan Trọng Vũ,HK1,2025-2026
NNGU_HP0056,NNGU,FRA155,Phát âm tiếng Anh chuẩn,4,52,Đỗ Thanh Cường,HK1,2025-2026
NNGU_HP0057,NNGU,JPN156,Tiếng Anh học thuật 1,2,71,Trần Thị Thắng,HK1,2025-2026
NNGU_HP0058,NNGU,ENG157,Ngữ pháp thực hành nâng cao,3,56,Huỳnh Quốc Quân,HK1,2025-2026
NNGU_HP0059,NNGU,FRA158,Kỹ năng Viết học thuật,3,65,Dương Hữu Nghĩa,HK1,2025-2026
NNGU_HP0060,NNGU,JPN159,Kỹ năng Đọc hiểu mở rộng,2,58,Ngô Hải Quân,HK1,2025-2026
NNGU_HP0061,NNGU,ENG160,Tiếng Anh thương mại căn bản,4,38,Dương Anh Nghĩa,HK1,2025-2026
NNGU_HP0062,NNGU,FRA161,Biên phiên dịch cơ sở,2,60,Ngô Anh Khoa,HK1,2025-2026
NNGU_HP0063,NNGU,JPN162,Phát âm tiếng Anh chuẩn,4,45,Ngô Hữu Long,HK1,2025-2026
NNGU_HP0064,NNGU,ENG163,Tiếng Anh học thuật 1,3,72,Lý Hải Hùng,HK1,2025-2026
NNGU_HP0065,NNGU,FRA164,Ngữ pháp thực hành nâng cao,3,55,Phan Anh Hà,HK1,2025-2026
NNGU_HP0066,NNGU,JPN165,Kỹ năng Viết học thuật,2,74,Lê Ngọc Vinh,HK1,2025-2026
NNGU_HP0067,NNGU,ENG166,Kỹ năng Đọc hiểu mở rộng,3,38,Lê Thị Trang,HK1,2025-2026
NNGU_HP0068,NNGU,FRA167,Tiếng Anh thương mại căn bản,2,43,Phạm Quốc Cường,HK1,2025-2026
NNGU_HP0069,NNGU,JPN168,Biên phiên dịch cơ sở,3,62,Nguyễn Bảo Quân,HK1,2025-2026
NNGU_HP0070,NNGU,ENG169,Phát âm tiếng Anh chuẩn,2,50,Bùi Xuân Hùng,HK1,2025-2026
NNGU_HP0071,NNGU,FRA170,Tiếng Anh học thuật 1,4,77,Ngô Quốc Vinh,HK1,2025-2026
NNGU_HP0072,NNGU,JPN171,Ngữ pháp thực hành nâng cao,2,42,Ngô Bảo Linh,HK1,2025-2026
NNGU_HP0073,NNGU,ENG172,Kỹ năng Viết học thuật,2,79,Hồ Minh Tâm,HK1,2025-2026
NNGU_HP0074,NNGU,FRA173,Kỹ năng Đọc hiểu mở rộng,3,62,Hồ Thanh Thắng,HK1,2025-2026
NNGU_HP0075,NNGU,JPN174,Tiếng Anh thương mại căn bản,3,71,Bùi Trọng Mai,HK1,2025-2026
NNGU_HP0076,NNGU,ENG175,Biên phiên dịch cơ sở,2,60,Nguyễn Ngọc Dũng,HK1,2025-2026
NNGU_HP0077,NNGU,FRA176,Phát âm tiếng Anh chuẩn,4,76,Đỗ Minh Nghĩa,HK1,2025-2026
NNGU_HP0078,NNGU,JPN177,Tiếng Anh học thuật 1,2,53,Nguyễn Anh Hoàng,HK1,2025-2026
NNGU_HP0079,NNGU,ENG178,Ngữ pháp thực hành nâng cao,2,72,Trần Kim Hiếu,HK1,2025-2026
NNGU_HP0080,NNGU,FRA179,Kỹ năng Viết học thuật,4,46,Phạm Kim Tùng,HK1,2025-2026
NNGU_HP0081,NNGU,JPN180,Kỹ năng Đọc hiểu mở rộng,3,64,Dương Thị Nghĩa,HK1,2025-2026
NNGU_HP0082,NNGU,ENG181,Tiếng Anh thương mại căn bản,3,54,Đặng Minh Vũ,HK1,2025-2026
NNGU_HP0083,NNGU,FRA182,Biên phiên dịch cơ sở,3,53,Đỗ Thanh Cường,HK1,2025-2026
NNGU_HP0084,NNGU,JPN183,Phát âm tiếng Anh chuẩn,3,73,Võ Anh Thắng,HK1,2025-2026
NNGU_HP0085,NNGU,ENG184,Tiếng Anh học thuật 1,3,72,Nguyễn Thanh An,HK1,2025-2026
NNGU_HP0086,NNGU,FRA185,Ngữ pháp thực hành nâng cao,4,77,Huỳnh Quốc Thắng,HK1,2025-2026
NNGU_HP0087,NNGU,JPN186,Kỹ năng Viết học thuật,2,53,Lê Thị Quân,HK1,2025-2026
NNGU_HP0088,NNGU,ENG187,Kỹ năng Đọc hiểu mở rộng,4,54,Lý Trọng Dũng,HK1,2025-2026
NNGU_HP0089,NNGU,FRA188,Tiếng Anh thương mại căn bản,3,76,Bùi Quốc Trung,HK1,2025-2026
NNGU_HP0090,NNGU,JPN189,Biên phiên dịch cơ sở,3,63,Trần Ngọc Phúc,HK1,2025-2026
NNGU_HP0091,NNGU,ENG190,Phát âm tiếng Anh chuẩn,3,59,Dương Đức Hùng,HK1,2025-2026
NNGU_HP0092,NNGU,FRA191,Tiếng Anh học thuật 1,2,44,Bùi Xuân Vinh,HK1,2025-2026
NNGU_HP0093,NNGU,JPN192,Ngữ pháp thực hành nâng cao,2,36,Nguyễn Thị Phúc,HK1,2025-2026
NNGU_HP0094,NNGU,ENG193,Kỹ năng Viết học thuật,2,67,Võ Hải An,HK1,2025-2026
NNGU_HP0095,NNGU,FRA194,Kỹ năng Đọc hiểu mở rộng,2,75,Dương Xuân Quân,HK1,2025-2026
NNGU_HP0096,NNGU,JPN195,Tiếng Anh thương mại căn bản,3,72,Vũ Văn Hoàng,HK1,2025-2026
NNGU_HP0097,NNGU,ENG196,Biên phiên dịch cơ sở,4,64,Huỳnh Bảo Hà,HK1,2025-2026
NNGU_HP0098,NNGU,FRA197,Phát âm tiếng Anh chuẩn,3,60,Đỗ Anh Tâm,HK1,2025-2026
NNGU_HP0099,NNGU,JPN198,Tiếng Anh học thuật 1,3,58,Hoàng Bảo Thắng,HK1,2025-2026
NNGU_HP0100,NNGU,ENG199,Ngữ pháp thực hành nâng cao,2,44,Dương Thanh Sơn,HK1,2025-2026
NNGU_HP0101,NNGU,FRA200,Kỹ năng Viết học thuật,3,61,Hoàng Đức Thảo,HK1,2025-2026
NNGU_HP0102,NNGU,JPN201,Kỹ năng Đọc hiểu mở rộng,3,75,Dương Xuân Nghĩa,HK1,2025-2026
NNGU_HP0103,NNGU,ENG202,Tiếng Anh thương mại căn bản,2,50,Lê Trọng Sơn,HK1,2025-2026
NNGU_HP0104,NNGU,FRA203,Biên phiên dịch cơ sở,4,70,Bùi Hữu Sơn,HK1,2025-2026
NNGU_HP0105,NNGU,JPN204,Phát âm tiếng Anh chuẩn,3,80,Hồ Thanh Sơn,HK1,2025-2026
NNGU_HP0106,NNGU,ENG205,Tiếng Anh học thuật 1,2,61,Phan Trọng Linh,HK1,2025-2026
NNGU_HP0107,NNGU,FRA206,Ngữ pháp thực hành nâng cao,2,53,Hoàng Kim Mai,HK1,2025-2026
NNGU_HP0108,NNGU,JPN207,Kỹ năng Viết học thuật,2,38,Hoàng Thị Thảo,HK1,2025-2026
NNGU_HP0109,NNGU,ENG208,Kỹ năng Đọc hiểu mở rộng,4,41,Vũ Minh An,HK1,2025-2026
NNGU_HP0110,NNGU,FRA209,Tiếng Anh thương mại căn bản,3,77,Lê Hải Vinh,HK1,2025-2026
NNGU_HP0111,NNGU,JPN210,Biên phiên dịch cơ sở,2,45,Đỗ Anh Hùng,HK1,2025-2026
NNGU_HP0112,NNGU,ENG211,Phát âm tiếng Anh chuẩn,3,42,Đỗ Anh Long,HK1,2025-2026
NNGU_HP0113,NNGU,FRA212,Tiếng Anh học thuật 1,2,46,Phạm Kim Hiếu,HK1,2025-2026
NNGU_HP0114,NNGU,JPN213,Ngữ pháp thực hành nâng cao,3,52,Hồ Đức Vũ,HK1,2025-2026
NNGU_HP0115,NNGU,ENG214,Kỹ năng Viết học thuật,3,77,Phạm Văn Phong,HK1,2025-2026
NNGU_HP0116,NNGU,FRA215,Kỹ năng Đọc hiểu mở rộng,2,53,Đặng Kim Cường,HK1,2025-2026
NNGU_HP0117,NNGU,JPN216,Tiếng Anh thương mại căn bản,2,73,Lý Hữu An,HK1,2025-2026
NNGU_HP0118,NNGU,ENG217,Biên phiên dịch cơ sở,2,55,Hoàng Thị Dũng,HK1,2025-2026
NNGU_HP0119,NNGU,FRA218,Phát âm tiếng Anh chuẩn,3,80,Hồ Hải Thắng,HK1,2025-2026
NNGU_HP0120,NNGU,JPN219,Tiếng Anh học thuật 1,2,55,Dương Thanh Khoa,HK1,2025-2026
NNGU_HP0121,NNGU,ENG220,Ngữ pháp thực hành nâng cao,2,41,Đặng Thanh Giang,HK1,2025-2026
NNGU_HP0122,NNGU,FRA221,Kỹ năng Viết học thuật,2,38,Lê Đức Hà,HK1,2025-2026
NNGU_HP0123,NNGU,JPN222,Kỹ năng Đọc hiểu mở rộng,2,55,Bùi Hải Tuấn,HK1,2025-2026
NNGU_HP0124,NNGU,ENG223,Tiếng Anh thương mại căn bản,4,70,Đỗ Anh Tùng,HK1,2025-2026
NNGU_HP0125,NNGU,FRA224,Biên phiên dịch cơ sở,3,79,Đỗ Trọng Hùng,HK1,2025-2026
NNGU_HP0126,NNGU,JPN225,Phát âm tiếng Anh chuẩn,3,76,Lê Hải Bình,HK1,2025-2026
NNGU_HP0127,NNGU,ENG226,Tiếng Anh học thuật 1,3,79,Bùi Kim Long,HK1,2025-2026
NNGU_HP0128,NNGU,FRA227,Ngữ pháp thực hành nâng cao,2,48,Lý Đức Bình,HK1,2025-2026
NNGU_HP0129,NNGU,JPN228,Kỹ năng Viết học thuật,4,54,Đặng Hữu Hùng,HK1,2025-2026
NNGU_HP0130,NNGU,ENG229,Kỹ năng Đọc hiểu mở rộng,3,63,Ngô Ngọc Hoàng,HK1,2025-2026
NNGU_HP0131,NNGU,FRA230,Tiếng Anh thương mại căn bản,2,62,Vũ Đức Thảo,HK1,2025-2026
NNGU_HP0132,NNGU,JPN231,Biên phiên dịch cơ sở,4,39,Nguyễn Trọng Hùng,HK1,2025-2026
NNGU_HP0133,NNGU,ENG232,Phát âm tiếng Anh chuẩn,4,76,Trần Trọng Trung,HK1,2025-2026
NNGU_HP0134,NNGU,FRA233,Tiếng Anh học thuật 1,4,73,Hồ Bảo Huy,HK1,2025-2026
NNGU_HP0135,NNGU,JPN234,Ngữ pháp thực hành nâng cao,4,38,Võ Hải Hiếu,HK1,2025-2026
NNGU_HP0136,NNGU,ENG235,Kỹ năng Viết học thuật,2,72,Phạm Đức Vũ,HK1,2025-2026
NNGU_HP0137,NNGU,FRA236,Kỹ năng Đọc hiểu mở rộng,2,40,Phạm Văn Bình,HK1,2025-2026
NNGU_HP0138,NNGU,JPN237,Tiếng Anh thương mại căn bản,3,77,Nguyễn Đức Hiếu,HK1,2025-2026
NNGU_HP0139,NNGU,ENG238,Biên phiên dịch cơ sở,3,37,Nguyễn Thanh An,HK1,2025-2026
NNGU_HP0140,NNGU,FRA239,Phát âm tiếng Anh chuẩn,4,67,Nguyễn Đức Mai,HK1,2025-2026
NNGU_HP0141,NNGU,JPN240,Tiếng Anh học thuật 1,3,62,Hồ Anh Hùng,HK1,2025-2026
NNGU_HP0142,NNGU,ENG241,Ngữ pháp thực hành nâng cao,4,71,Đỗ Đức Dũng,HK1,2025-2026
NNGU_HP0143,NNGU,FRA242,Kỹ năng Viết học thuật,3,45,Lê Minh Tuấn,HK1,2025-2026
NNGU_HP0144,NNGU,JPN243,Kỹ năng Đọc hiểu mở rộng,3,53,Hồ Minh Thắng,HK1,2025-2026
NNGU_HP0145,NNGU,ENG244,Tiếng Anh thương mại căn bản,3,39,Phan Bảo Cường,HK1,2025-2026
NNGU_HP0146,NNGU,FRA245,Biên phiên dịch cơ sở,2,53,Nguyễn Kim Linh,HK1,2025-2026
NNGU_HP0147,NNGU,JPN246,Phát âm tiếng Anh chuẩn,3,41,Bùi Kim Huy,HK1,2025-2026
NNGU_HP0148,NNGU,ENG247,Tiếng Anh học thuật 1,2,54,Lê Ngọc Quân,HK1,2025-2026
NNGU_HP0149,NNGU,FRA248,Ngữ pháp thực hành nâng cao,3,74,Ngô Xuân Trung,HK1,2025-2026
NNGU_HP0150,NNGU,JPN249,Kỹ năng Viết học thuật,3,68,Hoàng Bảo Quân,HK1,2025-2026
NNGU_HP0151,NNGU,ENG250,Kỹ năng Đọc hiểu mở rộng,3,69,Bùi Đức An,HK1,2025-2026
NNGU_HP0152,NNGU,FRA251,Tiếng Anh thương mại căn bản,4,71,Hồ Bảo Khoa,HK1,2025-2026
NNGU_HP0153,NNGU,JPN252,Biên phiên dịch cơ sở,3,57,Dương Minh Tùng,HK1,2025-2026
NNGU_HP0154,NNGU,ENG253,Phát âm tiếng Anh chuẩn,3,45,Hồ Đức An,HK1,2025-2026
NNGU_HP0155,NNGU,FRA254,Tiếng Anh học thuật 1,4,50,Hồ Xuân Tùng,HK1,2025-2026
NNGU_HP0156,NNGU,JPN255,Ngữ pháp thực hành nâng cao,2,78,Đặng Thanh Hiếu,HK1,2025-2026
NNGU_HP0157,NNGU,ENG256,Kỹ năng Viết học thuật,3,52,Đặng Anh Tùng,HK1,2025-2026
NNGU_HP0158,NNGU,FRA257,Kỹ năng Đọc hiểu mở rộng,2,49,Nguyễn Minh Giang,HK1,2025-2026
NNGU_HP0159,NNGU,JPN258,Tiếng Anh thương mại căn bản,3,62,Ngô Kim Vũ,HK1,2025-2026
NNGU_HP0160,NNGU,ENG259,Biên phiên dịch cơ sở,4,76,Nguyễn Thanh Tuấn,HK1,2025-2026
NNGU_HP0161,NNGU,FRA260,Phát âm tiếng Anh chuẩn,3,49,Bùi Quốc Long,HK1,2025-2026
NNGU_HP0162,NNGU,JPN261,Tiếng Anh học thuật 1,2,69,Hồ Minh Long,HK1,2025-2026
NNGU_HP0163,NNGU,ENG262,Ngữ pháp thực hành nâng cao,2,52,Huỳnh Thị Mai,HK1,2025-2026
NNGU_HP0164,NNGU,FRA263,Kỹ năng Viết học thuật,4,71,Võ Anh Mai,HK1,2025-2026
NNGU_HP0165,NNGU,JPN264,Kỹ năng Đọc hiểu mở rộng,2,35,Ngô Thị Trung,HK1,2025-2026
NNGU_HP0166,NNGU,ENG265,Tiếng Anh thương mại căn bản,3,44,Hoàng Anh Bình,HK1,2025-2026
NNGU_HP0167,NNGU,FRA266,Biên phiên dịch cơ sở,4,55,Hoàng Thanh Tâm,HK1,2025-2026
NNGU_HP0168,NNGU,JPN267,Phát âm tiếng Anh chuẩn,3,70,Hoàng Ngọc Phúc,HK1,2025-2026
NNGU_HP0169,NNGU,ENG268,Tiếng Anh học thuật 1,2,71,Bùi Hải Huy,HK1,2025-2026
NNGU_HP0170,NNGU,FRA269,Ngữ pháp thực hành nâng cao,3,51,Nguyễn Bảo Long,HK1,2025-2026
NNGU_HP0171,NNGU,JPN270,Kỹ năng Viết học thuật,2,46,Nguyễn Xuân Vinh,HK1,2025-2026
NNGU_HP0172,NNGU,ENG271,Kỹ năng Đọc hiểu mở rộng,4,55,Hồ Văn Thảo,HK1,2025-2026
NNGU_HP0173,NNGU,FRA272,Tiếng Anh thương mại căn bản,3,54,Huỳnh Kim Cường,HK1,2025-2026
NNGU_HP0174,NNGU,JPN273,Biên phiên dịch cơ sở,3,66,Lê Kim Tùng,HK1,2025-2026
NNGU_HP0175,NNGU,ENG274,Phát âm tiếng Anh chuẩn,3,57,Bùi Xuân Cường,HK1,2025-2026
NNGU_HP0176,NNGU,FRA275,Tiếng Anh học thuật 1,2,42,Phan Kim Long,HK1,2025-2026
NNGU_HP0177,NNGU,JPN276,Ngữ pháp thực hành nâng cao,2,44,Hồ Minh Tùng,HK1,2025-2026
NNGU_HP0178,NNGU,ENG277,Kỹ năng Viết học thuật,3,73,Vũ Anh Long,HK1,2025-2026
NNGU_HP0179,NNGU,FRA278,Kỹ năng Đọc hiểu mở rộng,3,68,Võ Anh An,HK1,2025-2026
NNGU_HP0180,NNGU,JPN279,Tiếng Anh thương mại căn bản,4,47,Huỳnh Kim Vũ,HK1,2025-2026
NNGU_HP0181,NNGU,ENG280,Biên phiên dịch cơ sở,4,38,Ngô Văn Trung,HK1,2025-2026
NNGU_HP0182,NNGU,FRA281,Phát âm tiếng Anh chuẩn,3,66,Ngô Đức Cường,HK1,2025-2026
NNGU_HP0183,NNGU,JPN282,Tiếng Anh học thuật 1,3,68,Ngô Minh Tùng,HK1,2025-2026
NNGU_HP0184,NNGU,ENG283,Ngữ pháp thực hành nâng cao,3,49,Đặng Hải Hiếu,HK1,2025-2026
NNGU_HP0185,NNGU,FRA284,Kỹ năng Viết học thuật,4,40,Võ Kim Thảo,HK1,2025-2026
NNGU_HP0186,NNGU,JPN285,Kỹ năng Đọc hiểu mở rộng,4,60,Phan Xuân Thắng,HK1,2025-2026
NNGU_HP0187,NNGU,ENG286,Tiếng Anh thương mại căn bản,3,47,Phan Đức Cường,HK1,2025-2026
NNGU_HP0188,NNGU,FRA287,Biên phiên dịch cơ sở,3,44,Hoàng Minh Tuấn,HK1,2025-2026
NNGU_HP0189,NNGU,JPN288,Phát âm tiếng Anh chuẩn,3,42,Bùi Ngọc Cường,HK1,2025-2026
NNGU_HP0190,NNGU,ENG289,Tiếng Anh học thuật 1,4,75,Ngô Trọng Cường,HK1,2025-2026
NNGU_HP0191,NNGU,FRA290,Ngữ pháp thực hành nâng cao,3,47,Trần Văn Thảo,HK1,2025-2026
NNGU_HP0192,NNGU,JPN291,Kỹ năng Viết học thuật,4,75,Ngô Thị Linh,HK1,2025-2026
NNGU_HP0193,NNGU,ENG292,Kỹ năng Đọc hiểu mở rộng,2,68,Trần Văn An,HK1,2025-2026
NNGU_HP0194,NNGU,FRA293,Tiếng Anh thương mại căn bản,2,40,Hồ Quốc Dũng,HK1,2025-2026
NNGU_HP0195,NNGU,JPN294,Biên phiên dịch cơ sở,3,75,Võ Đức Hà,HK1,2025-2026
NNGU_HP0196,NNGU,ENG295,Phát âm tiếng Anh chuẩn,3,73,Phan Ngọc Hùng,HK1,2025-2026
NNGU_HP0197,NNGU,FRA296,Tiếng Anh học thuật 1,3,56,Vũ Trọng Thảo,HK1,2025-2026
NNGU_HP0198,NNGU,JPN297,Ngữ pháp thực hành nâng cao,3,64,Hồ Anh Sơn,HK1,2025-2026
NNGU_HP0199,NNGU,ENG298,Kỹ năng Viết học thuật,4,55,Phan Bảo Thảo,HK1,2025-2026
NNGU_HP0200,NNGU,FRA299,Kỹ năng Đọc hiểu mở rộng,2,80,Huỳnh Kim Vũ,HK1,2025-2026
NNGU_HP0201,NNGU,JPN300,Tiếng Anh thương mại căn bản,4,52,Đỗ Thị Huy,HK1,2025-2026
NNGU_HP0202,NNGU,ENG301,Biên phiên dịch cơ sở,4,64,Hồ Bảo Giang,HK1,2025-2026
NNGU_HP0203,NNGU,FRA302,Phát âm tiếng Anh chuẩn,4,37,Hồ Thanh Tùng,HK1,2025-2026
NNGU_HP0204,NNGU,JPN303,Tiếng Anh học thuật 1,2,35,Dương Đức Tuấn,HK1,2025-2026
NNGU_HP0205,NNGU,ENG304,Ngữ pháp thực hành nâng cao,4,57,Bùi Xuân Hà,HK1,2025-2026
NNGU_HP0206,NNGU,FRA305,Kỹ năng Viết học thuật,3,50,Lê Thị Huy,HK1,2025-2026
NNGU_HP0207,NNGU,JPN306,Kỹ năng Đọc hiểu mở rộng,3,37,Huỳnh Ngọc Tuấn,HK1,2025-2026
NNGU_HP0208,NNGU,ENG307,Tiếng Anh thương mại căn bản,4,53,Dương Thị Hải,HK1,2025-2026
NNGU_HP0209,NNGU,FRA308,Biên phiên dịch cơ sở,4,61,Nguyễn Thanh Mai,HK1,2025-2026
NNGU_HP0210,NNGU,JPN309,Phát âm tiếng Anh chuẩn,2,49,Dương Kim Nam,HK1,2025-2026
NNGU_HP0211,NNGU,ENG310,Tiếng Anh học thuật 1,3,36,Bùi Xuân Giang,HK1,2025-2026
NNGU_HP0212,NNGU,FRA311,Ngữ pháp thực hành nâng cao,2,49,Lê Thị Phúc,HK1,2025-2026
NNGU_HP0213,NNGU,JPN312,Kỹ năng Viết học thuật,3,75,Đặng Anh Hiếu,HK1,2025-2026
NNGU_HP0214,NNGU,ENG313,Kỹ năng Đọc hiểu mở rộng,4,79,Vũ Đức Huy,HK1,2025-2026
NNGU_HP0215,NNGU,FRA314,Tiếng Anh thương mại căn bản,2,79,Ngô Bảo Nam,HK1,2025-2026
NNGU_HP0216,NNGU,JPN315,Biên phiên dịch cơ sở,4,59,Huỳnh Thanh Vũ,HK1,2025-2026
NNGU_HP0217,NNGU,ENG316,Phát âm tiếng Anh chuẩn,4,71,Vũ Quốc Tùng,HK1,2025-2026
NNGU_HP0218,NNGU,FRA317,Tiếng Anh học thuật 1,3,52,Đặng Xuân Cường,HK1,2025-2026
NNGU_HP0219,NNGU,JPN318,Ngữ pháp thực hành nâng cao,2,44,Đặng Hữu Tuấn,HK1,2025-2026
NNGU_HP0220,NNGU,ENG319,Kỹ năng Viết học thuật,2,68,Lê Thanh Quân,HK1,2025-2026
NNGU_HP0221,NNGU,FRA320,Kỹ năng Đọc hiểu mở rộng,3,64,Lý Thị Bình,HK1,2025-2026
NNGU_HP0222,NNGU,JPN321,Tiếng Anh thương mại căn bản,3,54,Bùi Quốc Cường,HK1,2025-2026
NNGU_HP0223,NNGU,ENG322,Biên phiên dịch cơ sở,3,47,Ngô Anh Hoàng,HK1,2025-2026
NNGU_HP0224,NNGU,FRA323,Phát âm tiếng Anh chuẩn,3,77,Hồ Xuân Hải,HK1,2025-2026
NNGU_HP0225,NNGU,JPN324,Tiếng Anh học thuật 1,3,76,Ngô Hữu Phúc,HK1,2025-2026
NNGU_HP0226,NNGU,ENG325,Ngữ pháp thực hành nâng cao,2,63,Trần Kim An,HK1,2025-2026
NNGU_HP0227,NNGU,FRA326,Kỹ năng Viết học thuật,4,41,Nguyễn Văn Nam,HK1,2025-2026
NNGU_HP0228,NNGU,JPN327,Kỹ năng Đọc hiểu mở rộng,3,71,Lý Xuân Thắng,HK1,2025-2026
NNGU_HP0229,NNGU,ENG328,Tiếng Anh thương mại căn bản,4,65,Lý Thị Sơn,HK1,2025-2026
NNGU_HP0230,NNGU,FRA329,Biên phiên dịch cơ sở,3,37,Lý Xuân Tâm,HK1,2025-2026
NNGU_HP0231,NNGU,JPN330,Phát âm tiếng Anh chuẩn,2,63,Hoàng Ngọc Trang,HK1,2025-2026
NNGU_HP0232,NNGU,ENG331,Tiếng Anh học thuật 1,2,55,Ngô Quốc Tùng,HK1,2025-2026
NNGU_HP0233,NNGU,FRA332,Ngữ pháp thực hành nâng cao,3,44,Võ Xuân Vũ,HK1,2025-2026
NNGU_HP0234,NNGU,JPN333,Kỹ năng Viết học thuật,3,59,Võ Minh Thắng,HK1,2025-2026
NNGU_HP0235,NNGU,ENG334,Kỹ năng Đọc hiểu mở rộng,2,79,Đặng Bảo Cường,HK1,2025-2026
NNGU_HP0236,NNGU,FRA335,Tiếng Anh thương mại căn bản,2,74,Hoàng Văn Cường,HK1,2025-2026
NNGU_HP0237,NNGU,JPN336,Biên phiên dịch cơ sở,3,77,Võ Thị Hoàng,HK1,2025-2026
NNGU_HP0238,NNGU,ENG337,Phát âm tiếng Anh chuẩn,3,55,Trần Thanh Tùng,HK1,2025-2026
NNGU_HP0239,NNGU,FRA338,Tiếng Anh học thuật 1,4,78,Võ Hải Quân,HK1,2025-2026
NNGU_HP0240,NNGU,JPN339,Ngữ pháp thực hành nâng cao,4,53,Dương Ngọc Hiếu,HK1,2025-2026
NNGU_HP0241,NNGU,ENG340,Kỹ năng Viết học thuật,4,41,Phan Xuân Nam,HK1,2025-2026
NNGU_HP0242,NNGU,FRA341,Kỹ năng Đọc hiểu mở rộng,2,43,Hoàng Bảo An,HK1,2025-2026
NNGU_HP0243,NNGU,JPN342,Tiếng Anh thương mại căn bản,2,62,Vũ Quốc Phúc,HK1,2025-2026
NNGU_HP0244,NNGU,ENG343,Biên phiên dịch cơ sở,3,61,Hồ Thanh Phúc,HK1,2025-2026
NNGU_HP0245,NNGU,FRA344,Phát âm tiếng Anh chuẩn,4,60,Nguyễn Quốc Nghĩa,HK1,2025-2026
NNGU_HP0246,NNGU,JPN345,Tiếng Anh học thuật 1,4,58,Đỗ Ngọc Hà,HK1,2025-2026
NNGU_HP0247,NNGU,ENG346,Ngữ pháp thực hành nâng cao,3,53,Nguyễn Trọng Quân,HK1,2025-2026
NNGU_HP0248,NNGU,FRA347,Kỹ năng Viết học thuật,3,51,Vũ Thị Trang,HK1,2025-2026
NNGU_HP0249,NNGU,JPN348,Kỹ năng Đọc hiểu mở rộng,2,53,Huỳnh Kim Thắng,HK1,2025-2026
NNGU_HP0250,NNGU,ENG349,Tiếng Anh thương mại căn bản,3,77,Vũ Xuân Phong,HK1,2025-2026
NNGU_HP0251,NNGU,FRA350,Biên phiên dịch cơ sở,3,49,Bùi Văn Tùng,HK1,2025-2026
NNGU_HP0252,NNGU,JPN351,Phát âm tiếng Anh chuẩn,3,79,Huỳnh Anh Long,HK1,2025-2026
NNGU_HP0253,NNGU,ENG352,Tiếng Anh học thuật 1,2,78,Dương Quốc An,HK1,2025-2026
NNGU_HP0254,NNGU,FRA353,Ngữ pháp thực hành nâng cao,3,45,Ngô Kim Long,HK1,2025-2026
NNGU_HP0255,NNGU,JPN354,Kỹ năng Viết học thuật,3,55,Hoàng Thị Khoa,HK1,2025-2026
NNGU_HP0256,NNGU,ENG355,Kỹ năng Đọc hiểu mở rộng,2,78,Hồ Thị Sơn,HK1,2025-2026
NNGU_HP0257,NNGU,FRA356,Tiếng Anh thương mại căn bản,4,39,Vũ Xuân Hà,HK1,2025-2026
NNGU_HP0258,NNGU,JPN357,Biên phiên dịch cơ sở,4,58,Đặng Hải An,HK1,2025-2026
NNGU_HP0259,NNGU,ENG358,Phát âm tiếng Anh chuẩn,3,74,Võ Thanh Giang,HK1,2025-2026
NNGU_HP0260,NNGU,FRA359,Tiếng Anh học thuật 1,3,75,Đặng Thanh Bình,HK1,2025-2026
NNGU_HP0261,NNGU,JPN360,Ngữ pháp thực hành nâng cao,3,39,Võ Kim Linh,HK1,2025-2026
NNGU_HP0262,NNGU,ENG361,Kỹ năng Viết học thuật,2,66,Đỗ Hữu Huy,HK1,2025-2026
NNGU_HP0263,NNGU,FRA362,Kỹ năng Đọc hiểu mở rộng,3,70,Hồ Anh Linh,HK1,2025-2026
NNGU_HP0264,NNGU,JPN363,Tiếng Anh thương mại căn bản,2,76,Nguyễn Bảo Huy,HK1,2025-2026
NNGU_HP0265,NNGU,ENG364,Biên phiên dịch cơ sở,3,56,Nguyễn Bảo Khoa,HK1,2025-2026
NNGU_HP0266,NNGU,FRA365,Phát âm tiếng Anh chuẩn,3,43,Đỗ Kim Phong,HK1,2025-2026
NNGU_HP0267,NNGU,JPN366,Tiếng Anh học thuật 1,2,48,Huỳnh Anh Nam,HK1,2025-2026
NNGU_HP0268,NNGU,ENG367,Ngữ pháp thực hành nâng cao,3,49,Trần Đức Tuấn,HK1,2025-2026
NNGU_HP0269,NNGU,FRA368,Kỹ năng Viết học thuật,4,39,Đặng Hữu Hiếu,HK1,2025-2026
NNGU_HP0270,NNGU,JPN369,Kỹ năng Đọc hiểu mở rộng,3,36,Đỗ Trọng Phong,HK1,2025-2026
NNGU_HP0271,NNGU,ENG370,Tiếng Anh thương mại căn bản,4,54,Ngô Văn Tuấn,HK1,2025-2026
NNGU_HP0272,NNGU,FRA371,Biên phiên dịch cơ sở,3,79,Lê Ngọc Long,HK1,2025-2026
NNGU_HP0273,NNGU,JPN372,Phát âm tiếng Anh chuẩn,4,47,Lê Minh Hùng,HK1,2025-2026
NNGU_HP0274,NNGU,ENG373,Tiếng Anh học thuật 1,2,59,Võ Trọng Nghĩa,HK1,2025-2026
NNGU_HP0275,NNGU,FRA374,Ngữ pháp thực hành nâng cao,3,63,Trần Văn Dũng,HK1,2025-2026
NNGU_HP0276,NNGU,JPN375,Kỹ năng Viết học thuật,2,45,Hoàng Trọng Sơn,HK1,2025-2026
NNGU_HP0277,NNGU,ENG376,Kỹ năng Đọc hiểu mở rộng,4,54,Vũ Xuân Hải,HK1,2025-2026
NNGU_HP0278,NNGU,FRA377,Tiếng Anh thương mại căn bản,3,66,Phan Văn Mai,HK1,2025-2026
NNGU_HP0279,NNGU,JPN378,Biên phiên dịch cơ sở,3,46,Hoàng Hải Hiếu,HK1,2025-2026
NNGU_HP0280,NNGU,ENG379,Phát âm tiếng Anh chuẩn,3,67,Ngô Hải Mai,HK1,2025-2026
NNGU_HP0281,NNGU,FRA380,Tiếng Anh học thuật 1,3,47,Đặng Thanh Nghĩa,HK1,2025-2026
NNGU_HP0282,NNGU,JPN381,Ngữ pháp thực hành nâng cao,4,40,Nguyễn Xuân Sơn,HK1,2025-2026
NNGU_HP0283,NNGU,ENG382,Kỹ năng Viết học thuật,3,69,Hồ Kim Tùng,HK1,2025-2026
NNGU_HP0284,NNGU,FRA383,Kỹ năng Đọc hiểu mở rộng,3,58,Võ Quốc Bình,HK1,2025-2026
NNGU_HP0285,NNGU,JPN384,Tiếng Anh thương mại căn bản,4,60,Lê Minh Tâm,HK1,2025-2026
NNGU_HP0286,NNGU,ENG385,Biên phiên dịch cơ sở,4,35,Ngô Ngọc Quân,HK1,2025-2026
NNGU_HP0287,NNGU,FRA386,Phát âm tiếng Anh chuẩn,3,60,Phạm Hải Tâm,HK1,2025-2026
NNGU_HP0288,NNGU,JPN387,Tiếng Anh học thuật 1,2,63,Đỗ Đức Linh,HK1,2025-2026
NNGU_HP0289,NNGU,ENG388,Ngữ pháp thực hành nâng cao,3,54,Ngô Thị Hà,HK1,2025-2026
NNGU_HP0290,NNGU,FRA389,Kỹ năng Viết học thuật,2,55,Trần Quốc Giang,HK1,2025-2026
NNGU_HP0291,NNGU,JPN390,Kỹ năng Đọc hiểu mở rộng,3,51,Phạm Kim Vinh,HK1,2025-2026
NNGU_HP0292,NNGU,ENG391,Tiếng Anh thương mại căn bản,3,62,Đỗ Minh Hoàng,HK1,2025-2026
NNGU_HP0293,NNGU,FRA392,Biên phiên dịch cơ sở,3,60,Đỗ Bảo An,HK1,2025-2026
NNGU_HP0294,NNGU,JPN393,Phát âm tiếng Anh chuẩn,3,52,Hoàng Kim Nghĩa,HK1,2025-2026
NNGU_HP0295,NNGU,ENG394,Tiếng Anh học thuật 1,4,38,Dương Trọng Vũ,HK1,2025-2026
NNGU_HP0296,NNGU,FRA395,Ngữ pháp thực hành nâng cao,4,50,Hồ Đức Tùng,HK1,2025-2026
NNGU_HP0297,NNGU,JPN396,Kỹ năng Viết học thuật,3,45,Hồ Trọng Hoàng,HK1,2025-2026
NNGU_HP0298,NNGU,ENG397,Kỹ năng Đọc hiểu mở rộng,3,53,Lý Bảo Sơn,HK1,2025-2026
NNGU_HP0299,NNGU,FRA398,Tiếng Anh thương mại căn bản,4,64,Bùi Văn Cường,HK1,2025-2026
NNGU_HP0300,NNGU,JPN399,Biên phiên dịch cơ sở,2,74,Bùi Ngọc Hùng,HK1,2025-2026
NNGU_HP0301,NNGU,ENG400,Phát âm tiếng Anh chuẩn,4,35,Bùi Văn Linh,HK1,2025-2026
NNGU_HP0302,NNGU,FRA401,Tiếng Anh học thuật 1,4,57,Hoàng Kim Tuấn,HK1,2025-2026
NNGU_HP0303,NNGU,JPN402,Ngữ pháp thực hành nâng cao,2,72,Trần Kim Thảo,HK1,2025-2026
NNGU_HP0304,NNGU,ENG403,Kỹ năng Viết học thuật,4,46,Trần Hải Nghĩa,HK1,2025-2026
NNGU_HP0305,NNGU,FRA404,Kỹ năng Đọc hiểu mở rộng,3,66,Trần Kim Trung,HK1,2025-2026
NNGU_HP0306,NNGU,JPN405,Tiếng Anh thương mại căn bản,3,68,Phan Kim Long,HK1,2025-2026
NNGU_HP0307,NNGU,ENG406,Biên phiên dịch cơ sở,3,73,Đỗ Bảo An,HK1,2025-2026
NNGU_HP0308,NNGU,FRA407,Phát âm tiếng Anh chuẩn,3,51,Hoàng Quốc Hùng,HK1,2025-2026
NNGU_HP0309,NNGU,JPN408,Tiếng Anh học thuật 1,4,56,Vũ Quốc Khoa,HK1,2025-2026
NNGU_HP0310,NNGU,ENG409,Ngữ pháp thực hành nâng cao,4,40,Vũ Đức Vinh,HK1,2025-2026
NNGU_HP0311,NNGU,FRA410,Kỹ năng Viết học thuật,3,74,Hoàng Quốc Hiếu,HK1,2025-2026
NNGU_HP0312,NNGU,JPN411,Kỹ năng Đọc hiểu mở rộng,4,53,Nguyễn Quốc Mai,HK1,2025-2026
NNGU_HP0313,NNGU,ENG412,Tiếng Anh thương mại căn bản,4,45,Đặng Ngọc Tuấn,HK1,2025-2026
NNGU_HP0314,NNGU,FRA413,Biên phiên dịch cơ sở,3,52,Võ Đức Tâm,HK1,2025-2026
NNGU_HP0315,NNGU,JPN414,Phát âm tiếng Anh chuẩn,2,59,Võ Bảo Cường,HK1,2025-2026
NNGU_HP0316,NNGU,ENG415,Tiếng Anh học thuật 1,3,59,Ngô Hải Khoa,HK1,2025-2026
NNGU_HP0317,NNGU,FRA416,Ngữ pháp thực hành nâng cao,2,45,Bùi Trọng Phúc,HK1,2025-2026
NNGU_HP0318,NNGU,JPN417,Kỹ năng Viết học thuật,3,63,Ngô Minh Phúc,HK1,2025-2026
NNGU_HP0319,NNGU,ENG418,Kỹ năng Đọc hiểu mở rộng,4,57,Phạm Anh Phong,HK1,2025-2026
NNGU_HP0320,NNGU,FRA419,Tiếng Anh thương mại căn bản,3,46,Lý Hải Dũng,HK1,2025-2026
NNGU_HP0321,NNGU,JPN420,Biên phiên dịch cơ sở,4,37,Phan Hữu Khoa,HK1,2025-2026
NNGU_HP0322,NNGU,ENG421,Phát âm tiếng Anh chuẩn,3,67,Nguyễn Quốc Hà,HK1,2025-2026
NNGU_HP0323,NNGU,FRA422,Tiếng Anh học thuật 1,4,35,Huỳnh Xuân Vũ,HK1,2025-2026
NNGU_HP0324,NNGU,JPN423,Ngữ pháp thực hành nâng cao,2,49,Hoàng Kim Cường,HK1,2025-2026
NNGU_HP0325,NNGU,ENG424,Kỹ năng Viết học thuật,3,47,Vũ Đức Trung,HK1,2025-2026
NNGU_HP0326,NNGU,FRA425,Kỹ năng Đọc hiểu mở rộng,3,62,Trần Văn Nam,HK1,2025-2026
NNGU_HP0327,NNGU,JPN426,Tiếng Anh thương mại căn bản,3,47,Vũ Kim Hà,HK1,2025-2026
NNGU_HP0328,NNGU,ENG427,Biên phiên dịch cơ sở,3,62,Bùi Trọng Phúc,HK1,2025-2026
NNGU_HP0329,NNGU,FRA428,Phát âm tiếng Anh chuẩn,4,77,Huỳnh Thị Hiếu,HK1,2025-2026
NNGU_HP0330,NNGU,JPN429,Tiếng Anh học thuật 1,4,43,Lê Xuân Tùng,HK1,2025-2026
NNGU_HP0331,NNGU,ENG430,Ngữ pháp thực hành nâng cao,2,49,Huỳnh Thị Thảo,HK1,2025-2026
NNGU_HP0332,NNGU,FRA431,Kỹ năng Viết học thuật,2,38,Hồ Kim Tuấn,HK1,2025-2026
NNGU_HP0333,NNGU,JPN432,Kỹ năng Đọc hiểu mở rộng,3,67,Đỗ Xuân Cường,HK1,2025-2026
NNGU_HP0334,NNGU,ENG433,Tiếng Anh thương mại căn bản,3,55,Phan Kim Nghĩa,HK1,2025-2026
NNGU_HP0335,NNGU,FRA434,Biên phiên dịch cơ sở,4,59,Phan Bảo Linh,HK1,2025-2026
NNGU_HP0336,NNGU,JPN435,Phát âm tiếng Anh chuẩn,4,64,Lý Hải Long,HK1,2025-2026
NNGU_HP0337,NNGU,ENG436,Tiếng Anh học thuật 1,2,72,Đỗ Ngọc Hùng,HK1,2025-2026
NNGU_HP0338,NNGU,FRA437,Ngữ pháp thực hành nâng cao,4,66,Đỗ Thanh Tùng,HK1,2025-2026
NNGU_HP0339,NNGU,JPN438,Kỹ năng Viết học thuật,2,36,Phan Trọng Khoa,HK1,2025-2026
NNGU_HP0340,NNGU,ENG439,Kỹ năng Đọc hiểu mở rộng,3,63,Phan Văn Dũng,HK1,2025-2026
NNGU_HP0341,NNGU,FRA440,Tiếng Anh thương mại căn bản,2,68,Phan Kim Nghĩa,HK1,2025-2026
NNGU_HP0342,NNGU,JPN441,Biên phiên dịch cơ sở,4,55,Trần Trọng Sơn,HK1,2025-2026
NNGU_HP0343,NNGU,ENG442,Phát âm tiếng Anh chuẩn,2,73,Hoàng Trọng Hà,HK1,2025-2026
NNGU_HP0344,NNGU,FRA443,Tiếng Anh học thuật 1,4,63,Trần Minh Giang,HK1,2025-2026
NNGU_HP0345,NNGU,JPN444,Ngữ pháp thực hành nâng cao,2,48,Ngô Thanh Sơn,HK1,2025-2026
NNGU_HP0346,NNGU,ENG445,Kỹ năng Viết học thuật,3,51,Lý Thị Linh,HK1,2025-2026
NNGU_HP0347,NNGU,FRA446,Kỹ năng Đọc hiểu mở rộng,2,43,Hoàng Trọng Tâm,HK1,2025-2026
NNGU_HP0348,NNGU,JPN447,Tiếng Anh thương mại căn bản,4,43,Võ Trọng Tuấn,HK1,2025-2026
KHXHNV_HP0001,KHXHNV,SOC100,Triết học Mác - Lênin,4,39,Đỗ Ngọc Quân,HK1,2025-2026
KHXHNV_HP0002,KHXHNV,HIS101,Lịch sử văn minh thế giới,3,48,Bùi Thanh Dũng,HK1,2025-2026
KHXHNV_HP0003,KHXHNV,LIT102,Cơ sở văn hóa Việt Nam,3,66,Bùi Văn Khoa,HK1,2025-2026
KHXHNV_HP0004,KHXHNV,POL103,Nhập môn Xã hội học,3,45,Lý Kim Hùng,HK1,2025-2026
KHXHNV_HP0005,KHXHNV,SOC104,Kỹ thuật văn bản và lưu trữ,2,41,Nguyễn Anh Mai,HK1,2025-2026
KHXHNV_HP0006,KHXHNV,HIS105,Truyền thông đại chúng,3,56,Vũ Hải Hùng,HK1,2025-2026
KHXHNV_HP0007,KHXHNV,LIT106,Văn học Việt Nam hiện đại,3,71,Lê Hải Tâm,HK1,2025-2026
KHXHNV_HP0008,KHXHNV,POL107,Triết học Mác - Lênin,3,41,Lý Xuân Mai,HK1,2025-2026
KHXHNV_HP0009,KHXHNV,SOC108,Lịch sử văn minh thế giới,4,50,Đặng Kim Quân,HK1,2025-2026
KHXHNV_HP0010,KHXHNV,HIS109,Cơ sở văn hóa Việt Nam,2,54,Lý Trọng Hoàng,HK1,2025-2026
KHXHNV_HP0011,KHXHNV,LIT110,Nhập môn Xã hội học,2,43,Võ Minh Mai,HK1,2025-2026
KHXHNV_HP0012,KHXHNV,POL111,Kỹ thuật văn bản và lưu trữ,3,45,Bùi Hữu Hải,HK1,2025-2026
KHXHNV_HP0013,KHXHNV,SOC112,Truyền thông đại chúng,3,57,Vũ Kim Hà,HK1,2025-2026
KHXHNV_HP0014,KHXHNV,HIS113,Văn học Việt Nam hiện đại,3,52,Vũ Thị Bình,HK1,2025-2026
KHXHNV_HP0015,KHXHNV,LIT114,Triết học Mác - Lênin,4,73,Vũ Hải Tuấn,HK1,2025-2026
KHXHNV_HP0016,KHXHNV,POL115,Lịch sử văn minh thế giới,3,44,Đặng Minh Hà,HK1,2025-2026
KHXHNV_HP0017,KHXHNV,SOC116,Cơ sở văn hóa Việt Nam,3,79,Hồ Bảo Hùng,HK1,2025-2026
KHXHNV_HP0018,KHXHNV,HIS117,Nhập môn Xã hội học,4,55,Ngô Minh Tùng,HK1,2025-2026
KHXHNV_HP0019,KHXHNV,LIT118,Kỹ thuật văn bản và lưu trữ,2,55,Võ Ngọc Hà,HK1,2025-2026
KHXHNV_HP0020,KHXHNV,POL119,Truyền thông đại chúng,2,78,Hồ Xuân Mai,HK1,2025-2026
KHXHNV_HP0021,KHXHNV,SOC120,Văn học Việt Nam hiện đại,3,58,Trần Văn Sơn,HK1,2025-2026
KHXHNV_HP0022,KHXHNV,HIS121,Triết học Mác - Lênin,3,51,Phan Ngọc Mai,HK1,2025-2026
KHXHNV_HP0023,KHXHNV,LIT122,Lịch sử văn minh thế giới,2,76,Hoàng Trọng Long,HK1,2025-2026
KHXHNV_HP0024,KHXHNV,POL123,Cơ sở văn hóa Việt Nam,2,60,Phan Xuân Nghĩa,HK1,2025-2026
KHXHNV_HP0025,KHXHNV,SOC124,Nhập môn Xã hội học,3,57,Ngô Kim Tùng,HK1,2025-2026
KHXHNV_HP0026,KHXHNV,HIS125,Kỹ thuật văn bản và lưu trữ,3,48,Hồ Trọng Hùng,HK1,2025-2026
KHXHNV_HP0027,KHXHNV,LIT126,Truyền thông đại chúng,3,40,Lê Quốc Giang,HK1,2025-2026
KHXHNV_HP0028,KHXHNV,POL127,Văn học Việt Nam hiện đại,3,37,Trần Bảo Trang,HK1,2025-2026
KHXHNV_HP0029,KHXHNV,SOC128,Triết học Mác - Lênin,3,59,Phạm Thanh Hiếu,HK1,2025-2026
KHXHNV_HP0030,KHXHNV,HIS129,Lịch sử văn minh thế giới,3,54,Đỗ Minh Sơn,HK1,2025-2026
KHXHNV_HP0031,KHXHNV,LIT130,Cơ sở văn hóa Việt Nam,2,80,Đỗ Hải Hải,HK1,2025-2026
KHXHNV_HP0032,KHXHNV,POL131,Nhập môn Xã hội học,3,50,Vũ Kim Vinh,HK1,2025-2026
KHXHNV_HP0033,KHXHNV,SOC132,Kỹ thuật văn bản và lưu trữ,2,65,Phạm Trọng Hoàng,HK1,2025-2026
KHXHNV_HP0034,KHXHNV,HIS133,Truyền thông đại chúng,2,74,Đặng Trọng Khoa,HK1,2025-2026
KHXHNV_HP0035,KHXHNV,LIT134,Văn học Việt Nam hiện đại,2,36,Huỳnh Thị Mai,HK1,2025-2026
KHXHNV_HP0036,KHXHNV,POL135,Triết học Mác - Lênin,4,50,Huỳnh Thanh Tùng,HK1,2025-2026
KHXHNV_HP0037,KHXHNV,SOC136,Lịch sử văn minh thế giới,4,69,Vũ Đức Giang,HK1,2025-2026
KHXHNV_HP0038,KHXHNV,HIS137,Cơ sở văn hóa Việt Nam,3,78,Đặng Trọng Hùng,HK1,2025-2026
KHXHNV_HP0039,KHXHNV,LIT138,Nhập môn Xã hội học,2,58,Phan Văn Nam,HK1,2025-2026
KHXHNV_HP0040,KHXHNV,POL139,Kỹ thuật văn bản và lưu trữ,3,72,Huỳnh Văn Hải,HK1,2025-2026
KHXHNV_HP0041,KHXHNV,SOC140,Truyền thông đại chúng,3,69,Vũ Văn Cường,HK1,2025-2026
KHXHNV_HP0042,KHXHNV,HIS141,Văn học Việt Nam hiện đại,3,70,Phạm Ngọc Hùng,HK1,2025-2026
KHXHNV_HP0043,KHXHNV,LIT142,Triết học Mác - Lênin,3,78,Trần Đức Huy,HK1,2025-2026
KHXHNV_HP0044,KHXHNV,POL143,Lịch sử văn minh thế giới,2,50,Lê Hữu Quân,HK1,2025-2026
KHXHNV_HP0045,KHXHNV,SOC144,Cơ sở văn hóa Việt Nam,4,42,Lý Đức Hà,HK1,2025-2026
KHXHNV_HP0046,KHXHNV,HIS145,Nhập môn Xã hội học,3,61,Võ Đức Quân,HK1,2025-2026
KHXHNV_HP0047,KHXHNV,LIT146,Kỹ thuật văn bản và lưu trữ,4,60,Đỗ Văn Giang,HK1,2025-2026
KHXHNV_HP0048,KHXHNV,POL147,Truyền thông đại chúng,2,78,Huỳnh Hữu Trung,HK1,2025-2026
KHXHNV_HP0049,KHXHNV,SOC148,Văn học Việt Nam hiện đại,2,77,Đặng Hữu Giang,HK1,2025-2026
KHXHNV_HP0050,KHXHNV,HIS149,Triết học Mác - Lênin,3,65,Bùi Văn Quân,HK1,2025-2026
KHXHNV_HP0051,KHXHNV,LIT150,Lịch sử văn minh thế giới,2,80,Bùi Quốc Quân,HK1,2025-2026
KHXHNV_HP0052,KHXHNV,POL151,Cơ sở văn hóa Việt Nam,4,40,Ngô Thanh Sơn,HK1,2025-2026
KHXHNV_HP0053,KHXHNV,SOC152,Nhập môn Xã hội học,4,63,Hồ Trọng Vũ,HK1,2025-2026
KHXHNV_HP0054,KHXHNV,HIS153,Kỹ thuật văn bản và lưu trữ,2,60,Nguyễn Anh An,HK1,2025-2026
KHXHNV_HP0055,KHXHNV,LIT154,Truyền thông đại chúng,3,37,Ngô Kim Hà,HK1,2025-2026
KHXHNV_HP0056,KHXHNV,POL155,Văn học Việt Nam hiện đại,4,60,Hoàng Văn Linh,HK1,2025-2026
KHXHNV_HP0057,KHXHNV,SOC156,Triết học Mác - Lênin,4,40,Phạm Thanh Hoàng,HK1,2025-2026
KHXHNV_HP0058,KHXHNV,HIS157,Lịch sử văn minh thế giới,3,65,Lý Xuân Trung,HK1,2025-2026
KHXHNV_HP0059,KHXHNV,LIT158,Cơ sở văn hóa Việt Nam,3,71,Ngô Xuân Hải,HK1,2025-2026
KHXHNV_HP0060,KHXHNV,POL159,Nhập môn Xã hội học,3,55,Vũ Hữu Hùng,HK1,2025-2026
KHXHNV_HP0061,KHXHNV,SOC160,Kỹ thuật văn bản và lưu trữ,2,54,Vũ Xuân Hùng,HK1,2025-2026
KHXHNV_HP0062,KHXHNV,HIS161,Truyền thông đại chúng,3,60,Hồ Văn Hà,HK1,2025-2026
KHXHNV_HP0063,KHXHNV,LIT162,Văn học Việt Nam hiện đại,3,67,Trần Ngọc Long,HK1,2025-2026
KHXHNV_HP0064,KHXHNV,POL163,Triết học Mác - Lênin,4,35,Hoàng Hải Hoàng,HK1,2025-2026
KHXHNV_HP0065,KHXHNV,SOC164,Lịch sử văn minh thế giới,3,67,Phan Ngọc Vinh,HK1,2025-2026
KHXHNV_HP0066,KHXHNV,HIS165,Cơ sở văn hóa Việt Nam,3,46,Đỗ Hải Huy,HK1,2025-2026
KHXHNV_HP0067,KHXHNV,LIT166,Nhập môn Xã hội học,3,36,Lý Bảo Sơn,HK1,2025-2026
KHXHNV_HP0068,KHXHNV,POL167,Kỹ thuật văn bản và lưu trữ,2,70,Đỗ Đức Vinh,HK1,2025-2026
KHXHNV_HP0069,KHXHNV,SOC168,Truyền thông đại chúng,2,50,Đỗ Kim Hải,HK1,2025-2026
KHXHNV_HP0070,KHXHNV,HIS169,Văn học Việt Nam hiện đại,3,45,Lý Trọng Trung,HK1,2025-2026
KHXHNV_HP0071,KHXHNV,LIT170,Triết học Mác - Lênin,3,73,Nguyễn Hải Phong,HK1,2025-2026
KHXHNV_HP0072,KHXHNV,POL171,Lịch sử văn minh thế giới,2,43,Trần Thị Huy,HK1,2025-2026
KHXHNV_HP0073,KHXHNV,SOC172,Cơ sở văn hóa Việt Nam,3,53,Hồ Đức Quân,HK1,2025-2026
KHXHNV_HP0074,KHXHNV,HIS173,Nhập môn Xã hội học,3,37,Vũ Anh Bình,HK1,2025-2026
KHXHNV_HP0075,KHXHNV,LIT174,Kỹ thuật văn bản và lưu trữ,2,57,Huỳnh Anh Hải,HK1,2025-2026
KHXHNV_HP0076,KHXHNV,POL175,Truyền thông đại chúng,3,78,Phan Bảo Hoàng,HK1,2025-2026
KHXHNV_HP0077,KHXHNV,SOC176,Văn học Việt Nam hiện đại,2,36,Vũ Trọng Thắng,HK1,2025-2026
KHXHNV_HP0078,KHXHNV,HIS177,Triết học Mác - Lênin,4,53,Đặng Thanh Phong,HK1,2025-2026
KHXHNV_HP0079,KHXHNV,LIT178,Lịch sử văn minh thế giới,4,61,Bùi Trọng Quân,HK1,2025-2026
KHXHNV_HP0080,KHXHNV,POL179,Cơ sở văn hóa Việt Nam,2,66,Hồ Hữu Hùng,HK1,2025-2026
KHXHNV_HP0081,KHXHNV,SOC180,Nhập môn Xã hội học,3,64,Huỳnh Xuân Vũ,HK1,2025-2026
KHXHNV_HP0082,KHXHNV,HIS181,Kỹ thuật văn bản và lưu trữ,3,59,Ngô Hữu Bình,HK1,2025-2026
KHXHNV_HP0083,KHXHNV,LIT182,Truyền thông đại chúng,4,61,Lý Hải Cường,HK1,2025-2026
KHXHNV_HP0084,KHXHNV,POL183,Văn học Việt Nam hiện đại,3,74,Lý Xuân Thảo,HK1,2025-2026
KHXHNV_HP0085,KHXHNV,SOC184,Triết học Mác - Lênin,2,58,Phan Hữu Huy,HK1,2025-2026
KHXHNV_HP0086,KHXHNV,HIS185,Lịch sử văn minh thế giới,4,74,Bùi Thanh Nghĩa,HK1,2025-2026
KHXHNV_HP0087,KHXHNV,LIT186,Cơ sở văn hóa Việt Nam,3,64,Phan Thanh Hiếu,HK1,2025-2026
KHXHNV_HP0088,KHXHNV,POL187,Nhập môn Xã hội học,3,54,Lê Kim Long,HK1,2025-2026
KHXHNV_HP0089,KHXHNV,SOC188,Kỹ thuật văn bản và lưu trữ,3,45,Võ Thị An,HK1,2025-2026
KHXHNV_HP0090,KHXHNV,HIS189,Truyền thông đại chúng,4,38,Bùi Văn Nam,HK1,2025-2026
KHXHNV_HP0091,KHXHNV,LIT190,Văn học Việt Nam hiện đại,2,35,Đỗ Kim Hùng,HK1,2025-2026
KHXHNV_HP0092,KHXHNV,POL191,Triết học Mác - Lênin,2,79,Phạm Ngọc Thảo,HK1,2025-2026
KHXHNV_HP0093,KHXHNV,SOC192,Lịch sử văn minh thế giới,2,66,Hoàng Ngọc Hiếu,HK1,2025-2026
KHXHNV_HP0094,KHXHNV,HIS193,Cơ sở văn hóa Việt Nam,2,77,Phan Hải Vũ,HK1,2025-2026
KHXHNV_HP0095,KHXHNV,LIT194,Nhập môn Xã hội học,3,59,Nguyễn Bảo Hiếu,HK1,2025-2026
KHXHNV_HP0096,KHXHNV,POL195,Kỹ thuật văn bản và lưu trữ,4,65,Hoàng Hữu Long,HK1,2025-2026
KHXHNV_HP0097,KHXHNV,SOC196,Truyền thông đại chúng,3,57,Ngô Ngọc Thảo,HK1,2025-2026
KHXHNV_HP0098,KHXHNV,HIS197,Văn học Việt Nam hiện đại,3,80,Đặng Bảo Linh,HK1,2025-2026
KHXHNV_HP0099,KHXHNV,LIT198,Triết học Mác - Lênin,3,71,Hồ Trọng Hà,HK1,2025-2026
KHXHNV_HP0100,KHXHNV,POL199,Lịch sử văn minh thế giới,3,80,Võ Thị Phúc,HK1,2025-2026
KHXHNV_HP0101,KHXHNV,SOC200,Cơ sở văn hóa Việt Nam,4,78,Võ Quốc Linh,HK1,2025-2026
KHXHNV_HP0102,KHXHNV,HIS201,Nhập môn Xã hội học,3,75,Lý Xuân Thảo,HK1,2025-2026
KHXHNV_HP0103,KHXHNV,LIT202,Kỹ thuật văn bản và lưu trữ,3,73,Vũ Anh An,HK1,2025-2026
KHXHNV_HP0104,KHXHNV,POL203,Truyền thông đại chúng,3,49,Hoàng Minh Hùng,HK1,2025-2026
KHXHNV_HP0105,KHXHNV,SOC204,Văn học Việt Nam hiện đại,3,57,Lê Ngọc Cường,HK1,2025-2026
KHXHNV_HP0106,KHXHNV,HIS205,Triết học Mác - Lênin,2,61,Ngô Ngọc Long,HK1,2025-2026
KHXHNV_HP0107,KHXHNV,LIT206,Lịch sử văn minh thế giới,4,80,Đỗ Anh Trung,HK1,2025-2026
KHXHNV_HP0108,KHXHNV,POL207,Cơ sở văn hóa Việt Nam,3,37,Phan Bảo Hiếu,HK1,2025-2026
KHXHNV_HP0109,KHXHNV,SOC208,Nhập môn Xã hội học,4,75,Đặng Hữu Vũ,HK1,2025-2026
KHXHNV_HP0110,KHXHNV,HIS209,Kỹ thuật văn bản và lưu trữ,3,63,Đỗ Ngọc Mai,HK1,2025-2026
KHXHNV_HP0111,KHXHNV,LIT210,Truyền thông đại chúng,4,69,Phan Quốc Tùng,HK1,2025-2026
KHXHNV_HP0112,KHXHNV,POL211,Văn học Việt Nam hiện đại,2,71,Dương Ngọc Phong,HK1,2025-2026
KHXHNV_HP0113,KHXHNV,SOC212,Triết học Mác - Lênin,3,61,Đặng Ngọc Nam,HK1,2025-2026
KHXHNV_HP0114,KHXHNV,HIS213,Lịch sử văn minh thế giới,2,46,Nguyễn Trọng Phong,HK1,2025-2026
KHXHNV_HP0115,KHXHNV,LIT214,Cơ sở văn hóa Việt Nam,3,43,Nguyễn Ngọc Cường,HK1,2025-2026
KHXHNV_HP0116,KHXHNV,POL215,Nhập môn Xã hội học,3,78,Dương Minh Cường,HK1,2025-2026
KHXHNV_HP0117,KHXHNV,SOC216,Kỹ thuật văn bản và lưu trữ,3,52,Nguyễn Thanh Quân,HK1,2025-2026
KHXHNV_HP0118,KHXHNV,HIS217,Truyền thông đại chúng,3,75,Nguyễn Văn Thắng,HK1,2025-2026
KHXHNV_HP0119,KHXHNV,LIT218,Văn học Việt Nam hiện đại,4,58,Võ Ngọc Trang,HK1,2025-2026
KHXHNV_HP0120,KHXHNV,POL219,Triết học Mác - Lênin,3,39,Bùi Minh Vũ,HK1,2025-2026
KHXHNV_HP0121,KHXHNV,SOC220,Lịch sử văn minh thế giới,2,43,Phạm Quốc Hiếu,HK1,2025-2026
KHXHNV_HP0122,KHXHNV,HIS221,Cơ sở văn hóa Việt Nam,4,43,Phạm Thị Cường,HK1,2025-2026
KHXHNV_HP0123,KHXHNV,LIT222,Nhập môn Xã hội học,3,57,Võ Thanh Quân,HK1,2025-2026
KHXHNV_HP0124,KHXHNV,POL223,Kỹ thuật văn bản và lưu trữ,2,71,Lý Minh Bình,HK1,2025-2026
KHXHNV_HP0125,KHXHNV,SOC224,Truyền thông đại chúng,4,38,Huỳnh Đức Mai,HK1,2025-2026
KHXHNV_HP0126,KHXHNV,HIS225,Văn học Việt Nam hiện đại,2,46,Phạm Ngọc Nghĩa,HK1,2025-2026
KHXHNV_HP0127,KHXHNV,LIT226,Triết học Mác - Lênin,3,54,Bùi Anh Thảo,HK1,2025-2026
KHXHNV_HP0128,KHXHNV,POL227,Lịch sử văn minh thế giới,4,71,Phan Thanh Hiếu,HK1,2025-2026
KHXHNV_HP0129,KHXHNV,SOC228,Cơ sở văn hóa Việt Nam,3,58,Phạm Hải Tuấn,HK1,2025-2026
KHXHNV_HP0130,KHXHNV,HIS229,Nhập môn Xã hội học,2,53,Đặng Hữu Hải,HK1,2025-2026
KHXHNV_HP0131,KHXHNV,LIT230,Kỹ thuật văn bản và lưu trữ,3,57,Nguyễn Ngọc Nghĩa,HK1,2025-2026
KHXHNV_HP0132,KHXHNV,POL231,Truyền thông đại chúng,2,64,Ngô Đức Mai,HK1,2025-2026
KHXHNV_HP0133,KHXHNV,SOC232,Văn học Việt Nam hiện đại,2,35,Trần Thị Quân,HK1,2025-2026
KHXHNV_HP0134,KHXHNV,HIS233,Triết học Mác - Lênin,4,49,Huỳnh Thanh Hải,HK1,2025-2026
KHXHNV_HP0135,KHXHNV,LIT234,Lịch sử văn minh thế giới,3,57,Võ Kim Phúc,HK1,2025-2026
KHXHNV_HP0136,KHXHNV,POL235,Cơ sở văn hóa Việt Nam,2,44,Trần Xuân Mai,HK1,2025-2026
KHXHNV_HP0137,KHXHNV,SOC236,Nhập môn Xã hội học,3,44,Ngô Kim Khoa,HK1,2025-2026
KHXHNV_HP0138,KHXHNV,HIS237,Kỹ thuật văn bản và lưu trữ,2,62,Ngô Bảo Nam,HK1,2025-2026
KHXHNV_HP0139,KHXHNV,LIT238,Truyền thông đại chúng,2,42,Nguyễn Hữu Tâm,HK1,2025-2026
KHXHNV_HP0140,KHXHNV,POL239,Văn học Việt Nam hiện đại,3,41,Phan Văn Hùng,HK1,2025-2026
KHXHNV_HP0141,KHXHNV,SOC240,Triết học Mác - Lênin,3,38,Vũ Ngọc Tâm,HK1,2025-2026
KHXHNV_HP0142,KHXHNV,HIS241,Lịch sử văn minh thế giới,3,46,Lý Thị Vinh,HK1,2025-2026
KHXHNV_HP0143,KHXHNV,LIT242,Cơ sở văn hóa Việt Nam,2,35,Huỳnh Xuân Phong,HK1,2025-2026
KHXHNV_HP0144,KHXHNV,POL243,Nhập môn Xã hội học,2,73,Ngô Hải Huy,HK1,2025-2026
KHXHNV_HP0145,KHXHNV,SOC244,Kỹ thuật văn bản và lưu trữ,3,62,Phạm Thanh Long,HK1,2025-2026
KHXHNV_HP0146,KHXHNV,HIS245,Truyền thông đại chúng,2,72,Võ Hải Bình,HK1,2025-2026
KHXHNV_HP0147,KHXHNV,LIT246,Văn học Việt Nam hiện đại,2,37,Bùi Hải Phúc,HK1,2025-2026
KHXHNV_HP0148,KHXHNV,POL247,Triết học Mác - Lênin,4,49,Trần Anh Vinh,HK1,2025-2026
KHXHNV_HP0149,KHXHNV,SOC248,Lịch sử văn minh thế giới,4,54,Huỳnh Thanh Trung,HK1,2025-2026
KHXHNV_HP0150,KHXHNV,HIS249,Cơ sở văn hóa Việt Nam,3,56,Phan Đức Nghĩa,HK1,2025-2026
KHXHNV_HP0151,KHXHNV,LIT250,Nhập môn Xã hội học,2,62,Ngô Minh Vũ,HK1,2025-2026
KHXHNV_HP0152,KHXHNV,POL251,Kỹ thuật văn bản và lưu trữ,2,65,Bùi Thị Nghĩa,HK1,2025-2026
KHXHNV_HP0153,KHXHNV,SOC252,Truyền thông đại chúng,2,60,Bùi Đức Dũng,HK1,2025-2026
KHXHNV_HP0154,KHXHNV,HIS253,Văn học Việt Nam hiện đại,3,69,Hồ Hải An,HK1,2025-2026
KHXHNV_HP0155,KHXHNV,LIT254,Triết học Mác - Lênin,4,49,Lý Văn Phúc,HK1,2025-2026
KHXHNV_HP0156,KHXHNV,POL255,Lịch sử văn minh thế giới,3,41,Đặng Minh Mai,HK1,2025-2026
KHXHNV_HP0157,KHXHNV,SOC256,Cơ sở văn hóa Việt Nam,3,67,Bùi Đức Hải,HK1,2025-2026
KHXHNV_HP0158,KHXHNV,HIS257,Nhập môn Xã hội học,3,43,Vũ Quốc Trang,HK1,2025-2026
KHXHNV_HP0159,KHXHNV,LIT258,Kỹ thuật văn bản và lưu trữ,3,80,Ngô Kim Trung,HK1,2025-2026
KHXHNV_HP0160,KHXHNV,POL259,Truyền thông đại chúng,2,38,Phạm Minh Bình,HK1,2025-2026
KHXHNV_HP0161,KHXHNV,SOC260,Văn học Việt Nam hiện đại,2,57,Dương Ngọc Tùng,HK1,2025-2026
KHXHNV_HP0162,KHXHNV,HIS261,Triết học Mác - Lênin,4,49,Lê Bảo Trang,HK1,2025-2026
KHXHNV_HP0163,KHXHNV,LIT262,Lịch sử văn minh thế giới,3,48,Đặng Hải Hoàng,HK1,2025-2026
KHXHNV_HP0164,KHXHNV,POL263,Cơ sở văn hóa Việt Nam,3,35,Lê Đức Giang,HK1,2025-2026
KHXHNV_HP0165,KHXHNV,SOC264,Nhập môn Xã hội học,4,54,Nguyễn Bảo Mai,HK1,2025-2026
KHXHNV_HP0166,KHXHNV,HIS265,Kỹ thuật văn bản và lưu trữ,4,69,Hoàng Xuân Hà,HK1,2025-2026
KHXHNV_HP0167,KHXHNV,LIT266,Truyền thông đại chúng,3,51,Đỗ Hữu Giang,HK1,2025-2026
KHXHNV_HP0168,KHXHNV,POL267,Văn học Việt Nam hiện đại,3,73,Phạm Quốc An,HK1,2025-2026
KHXHNV_HP0169,KHXHNV,SOC268,Triết học Mác - Lênin,4,78,Dương Kim Long,HK1,2025-2026
KHXHNV_HP0170,KHXHNV,HIS269,Lịch sử văn minh thế giới,4,49,Phan Đức Hải,HK1,2025-2026
KHXHNV_HP0171,KHXHNV,LIT270,Cơ sở văn hóa Việt Nam,2,80,Ngô Hữu Sơn,HK1,2025-2026
KHXHNV_HP0172,KHXHNV,POL271,Nhập môn Xã hội học,2,42,Ngô Thị Khoa,HK1,2025-2026
KHXHNV_HP0173,KHXHNV,SOC272,Kỹ thuật văn bản và lưu trữ,3,54,Ngô Trọng Hải,HK1,2025-2026
KHXHNV_HP0174,KHXHNV,HIS273,Truyền thông đại chúng,3,46,Ngô Thị Hoàng,HK1,2025-2026
KHXHNV_HP0175,KHXHNV,LIT274,Văn học Việt Nam hiện đại,3,53,Vũ Hữu Giang,HK1,2025-2026
KHXHNV_HP0176,KHXHNV,POL275,Triết học Mác - Lênin,3,53,Huỳnh Xuân Thảo,HK1,2025-2026
KHXHNV_HP0177,KHXHNV,SOC276,Lịch sử văn minh thế giới,3,72,Vũ Văn Vũ,HK1,2025-2026
KHXHNV_HP0178,KHXHNV,HIS277,Cơ sở văn hóa Việt Nam,3,58,Đỗ Đức Trang,HK1,2025-2026
KHXHNV_HP0179,KHXHNV,LIT278,Nhập môn Xã hội học,2,49,Phạm Đức Mai,HK1,2025-2026
KHXHNV_HP0180,KHXHNV,POL279,Kỹ thuật văn bản và lưu trữ,2,72,Phạm Trọng Quân,HK1,2025-2026
KHXHNV_HP0181,KHXHNV,SOC280,Truyền thông đại chúng,2,79,Phan Ngọc Dũng,HK1,2025-2026
KHXHNV_HP0182,KHXHNV,HIS281,Văn học Việt Nam hiện đại,3,71,Phan Minh Giang,HK1,2025-2026
KHXHNV_HP0183,KHXHNV,LIT282,Triết học Mác - Lênin,2,56,Huỳnh Xuân Nghĩa,HK1,2025-2026
KHXHNV_HP0184,KHXHNV,POL283,Lịch sử văn minh thế giới,2,78,Ngô Đức Sơn,HK1,2025-2026
KHXHNV_HP0185,KHXHNV,SOC284,Cơ sở văn hóa Việt Nam,3,74,Đặng Đức Tuấn,HK1,2025-2026
KHXHNV_HP0186,KHXHNV,HIS285,Nhập môn Xã hội học,4,49,Ngô Minh Vinh,HK1,2025-2026
KHXHNV_HP0187,KHXHNV,LIT286,Kỹ thuật văn bản và lưu trữ,4,76,Võ Minh Nghĩa,HK1,2025-2026
KHXHNV_HP0188,KHXHNV,POL287,Truyền thông đại chúng,3,41,Lê Minh Hải,HK1,2025-2026
KHXHNV_HP0189,KHXHNV,SOC288,Văn học Việt Nam hiện đại,4,76,Lê Quốc Bình,HK1,2025-2026
KHXHNV_HP0190,KHXHNV,HIS289,Triết học Mác - Lênin,4,71,Bùi Anh Tâm,HK1,2025-2026
KHXHNV_HP0191,KHXHNV,LIT290,Lịch sử văn minh thế giới,4,38,Đặng Đức Nghĩa,HK1,2025-2026
KHXHNV_HP0192,KHXHNV,POL291,Cơ sở văn hóa Việt Nam,2,77,Võ Kim Mai,HK1,2025-2026
KHXHNV_HP0193,KHXHNV,SOC292,Nhập môn Xã hội học,3,73,Đỗ Quốc Dũng,HK1,2025-2026
KHXHNV_HP0194,KHXHNV,HIS293,Kỹ thuật văn bản và lưu trữ,4,42,Dương Đức An,HK1,2025-2026
KHXHNV_HP0195,KHXHNV,LIT294,Truyền thông đại chúng,4,44,Vũ Anh Nam,HK1,2025-2026
KHXHNV_HP0196,KHXHNV,POL295,Văn học Việt Nam hiện đại,4,45,Phan Thị Linh,HK1,2025-2026
KHXHNV_HP0197,KHXHNV,SOC296,Triết học Mác - Lênin,3,58,Đặng Văn Trung,HK1,2025-2026
KHXHNV_HP0198,KHXHNV,HIS297,Lịch sử văn minh thế giới,3,67,Lê Thị Vũ,HK1,2025-2026
KHXHNV_HP0199,KHXHNV,LIT298,Cơ sở văn hóa Việt Nam,3,80,Trần Thị Tùng,HK1,2025-2026
KHXHNV_HP0200,KHXHNV,POL299,Nhập môn Xã hội học,4,64,Hồ Kim Vũ,HK1,2025-2026
KHXHNV_HP0201,KHXHNV,SOC300,Kỹ thuật văn bản và lưu trữ,3,65,Phan Quốc Phong,HK1,2025-2026
KHXHNV_HP0202,KHXHNV,HIS301,Truyền thông đại chúng,4,61,Hồ Minh An,HK1,2025-2026
KHXHNV_HP0203,KHXHNV,LIT302,Văn học Việt Nam hiện đại,3,62,Đỗ Minh Thảo,HK1,2025-2026
KHXHNV_HP0204,KHXHNV,POL303,Triết học Mác - Lênin,4,70,Phan Đức Thắng,HK1,2025-2026
KHXHNV_HP0205,KHXHNV,SOC304,Lịch sử văn minh thế giới,2,60,Huỳnh Kim Giang,HK1,2025-2026
KHXHNV_HP0206,KHXHNV,HIS305,Cơ sở văn hóa Việt Nam,3,56,Ngô Hữu Phúc,HK1,2025-2026
KHXHNV_HP0207,KHXHNV,LIT306,Nhập môn Xã hội học,3,48,Huỳnh Bảo Thảo,HK1,2025-2026
KHXHNV_HP0208,KHXHNV,POL307,Kỹ thuật văn bản và lưu trữ,3,37,Hồ Hải Nghĩa,HK1,2025-2026
KHXHNV_HP0209,KHXHNV,SOC308,Truyền thông đại chúng,4,58,Đỗ Kim Hiếu,HK1,2025-2026
KHXHNV_HP0210,KHXHNV,HIS309,Văn học Việt Nam hiện đại,3,62,Võ Thanh Nam,HK1,2025-2026
KHXHNV_HP0211,KHXHNV,LIT310,Triết học Mác - Lênin,3,48,Dương Hải Giang,HK1,2025-2026
KHXHNV_HP0212,KHXHNV,POL311,Lịch sử văn minh thế giới,2,49,Hoàng Quốc Hải,HK1,2025-2026
KHXHNV_HP0213,KHXHNV,SOC312,Cơ sở văn hóa Việt Nam,4,67,Phạm Quốc Thắng,HK1,2025-2026
KHXHNV_HP0214,KHXHNV,HIS313,Nhập môn Xã hội học,4,61,Huỳnh Hữu Hoàng,HK1,2025-2026
KHXHNV_HP0215,KHXHNV,LIT314,Kỹ thuật văn bản và lưu trữ,4,75,Bùi Ngọc Khoa,HK1,2025-2026
KHXHNV_HP0216,KHXHNV,POL315,Truyền thông đại chúng,3,67,Dương Văn Long,HK1,2025-2026
KHXHNV_HP0217,KHXHNV,SOC316,Văn học Việt Nam hiện đại,2,57,Võ Xuân Tâm,HK1,2025-2026
KHXHNV_HP0218,KHXHNV,HIS317,Triết học Mác - Lênin,4,79,Bùi Hải Khoa,HK1,2025-2026
KHXHNV_HP0219,KHXHNV,LIT318,Lịch sử văn minh thế giới,3,80,Đặng Trọng Vũ,HK1,2025-2026
KHXHNV_HP0220,KHXHNV,POL319,Cơ sở văn hóa Việt Nam,3,42,Ngô Quốc Mai,HK1,2025-2026
KHXHNV_HP0221,KHXHNV,SOC320,Nhập môn Xã hội học,3,44,Bùi Đức Thắng,HK1,2025-2026
KHXHNV_HP0222,KHXHNV,HIS321,Kỹ thuật văn bản và lưu trữ,2,60,Nguyễn Anh Hoàng,HK1,2025-2026
KHXHNV_HP0223,KHXHNV,LIT322,Truyền thông đại chúng,3,60,Đỗ Quốc Khoa,HK1,2025-2026
KHXHNV_HP0224,KHXHNV,POL323,Văn học Việt Nam hiện đại,4,79,Phan Văn Trung,HK1,2025-2026
KHXHNV_HP0225,KHXHNV,SOC324,Triết học Mác - Lênin,2,71,Lý Kim Mai,HK1,2025-2026
KHXHNV_HP0226,KHXHNV,HIS325,Lịch sử văn minh thế giới,3,52,Lý Trọng Thắng,HK1,2025-2026
KHXHNV_HP0227,KHXHNV,LIT326,Cơ sở văn hóa Việt Nam,3,62,Phan Quốc Phong,HK1,2025-2026
KHXHNV_HP0228,KHXHNV,POL327,Nhập môn Xã hội học,3,67,Lý Hữu Hiếu,HK1,2025-2026
KHXHNV_HP0229,KHXHNV,SOC328,Kỹ thuật văn bản và lưu trữ,2,36,Đỗ Bảo Mai,HK1,2025-2026
KHXHNV_HP0230,KHXHNV,HIS329,Truyền thông đại chúng,4,65,Võ Quốc Vũ,HK1,2025-2026
KHXHNV_HP0231,KHXHNV,LIT330,Văn học Việt Nam hiện đại,2,51,Lê Kim Hùng,HK1,2025-2026
KHXHNV_HP0232,KHXHNV,POL331,Triết học Mác - Lênin,4,66,Hồ Minh Bình,HK1,2025-2026
KHXHNV_HP0233,KHXHNV,SOC332,Lịch sử văn minh thế giới,3,73,Đỗ Thanh Phúc,HK1,2025-2026
KHXHNV_HP0234,KHXHNV,HIS333,Cơ sở văn hóa Việt Nam,3,48,Vũ Anh Phong,HK1,2025-2026
KHXHNV_HP0235,KHXHNV,LIT334,Nhập môn Xã hội học,4,67,Hồ Ngọc Vũ,HK1,2025-2026
KHXHNV_HP0236,KHXHNV,POL335,Kỹ thuật văn bản và lưu trữ,3,78,Hồ Hữu Tuấn,HK1,2025-2026
KHXHNV_HP0237,KHXHNV,SOC336,Truyền thông đại chúng,3,38,Trần Xuân Hoàng,HK1,2025-2026
KHXHNV_HP0238,KHXHNV,HIS337,Văn học Việt Nam hiện đại,2,46,Lý Thị Hiếu,HK1,2025-2026
KHXHNV_HP0239,KHXHNV,LIT338,Triết học Mác - Lênin,4,55,Đỗ Hải Nghĩa,HK1,2025-2026
KHXHNV_HP0240,KHXHNV,POL339,Lịch sử văn minh thế giới,2,37,Nguyễn Trọng Tuấn,HK1,2025-2026
KHXHNV_HP0241,KHXHNV,SOC340,Cơ sở văn hóa Việt Nam,4,68,Võ Anh Mai,HK1,2025-2026
KHXHNV_HP0242,KHXHNV,HIS341,Nhập môn Xã hội học,3,64,Trần Quốc Linh,HK1,2025-2026
KHXHNV_HP0243,KHXHNV,LIT342,Kỹ thuật văn bản và lưu trữ,4,50,Hồ Anh Khoa,HK1,2025-2026
KHXHNV_HP0244,KHXHNV,POL343,Truyền thông đại chúng,4,71,Hoàng Thanh Quân,HK1,2025-2026
KHXHNV_HP0245,KHXHNV,SOC344,Văn học Việt Nam hiện đại,4,62,Lý Ngọc Trung,HK1,2025-2026
KHXHNV_HP0246,KHXHNV,HIS345,Triết học Mác - Lênin,4,65,Ngô Ngọc Quân,HK1,2025-2026
KHXHNV_HP0247,KHXHNV,LIT346,Lịch sử văn minh thế giới,4,37,Vũ Hải Hải,HK1,2025-2026
KHXHNV_HP0248,KHXHNV,POL347,Cơ sở văn hóa Việt Nam,3,61,Trần Hải Nam,HK1,2025-2026
KHXHNV_HP0249,KHXHNV,SOC348,Nhập môn Xã hội học,3,51,Nguyễn Bảo Thắng,HK1,2025-2026
KHXHNV_HP0250,KHXHNV,HIS349,Kỹ thuật văn bản và lưu trữ,3,67,Trần Đức Vũ,HK1,2025-2026
KHXHNV_HP0251,KHXHNV,LIT350,Truyền thông đại chúng,3,58,Trần Trọng Khoa,HK1,2025-2026
KHXHNV_HP0252,KHXHNV,POL351,Văn học Việt Nam hiện đại,3,41,Hoàng Hữu Tùng,HK1,2025-2026
KHXHNV_HP0253,KHXHNV,SOC352,Triết học Mác - Lênin,2,40,Dương Anh Thảo,HK1,2025-2026
KHXHNV_HP0254,KHXHNV,HIS353,Lịch sử văn minh thế giới,3,66,Võ Ngọc Hà,HK1,2025-2026
KHXHNV_HP0255,KHXHNV,LIT354,Cơ sở văn hóa Việt Nam,3,77,Lý Kim An,HK1,2025-2026
KHXHNV_HP0256,KHXHNV,POL355,Nhập môn Xã hội học,4,60,Hoàng Hải Tâm,HK1,2025-2026
KHXHNV_HP0257,KHXHNV,SOC356,Kỹ thuật văn bản và lưu trữ,3,73,Trần Trọng Linh,HK1,2025-2026
KHXHNV_HP0258,KHXHNV,HIS357,Truyền thông đại chúng,2,60,Dương Kim Hải,HK1,2025-2026
KHXHNV_HP0259,KHXHNV,LIT358,Văn học Việt Nam hiện đại,3,42,Bùi Quốc Sơn,HK1,2025-2026
KHXHNV_HP0260,KHXHNV,POL359,Triết học Mác - Lênin,2,52,Phạm Xuân Bình,HK1,2025-2026
KHXHNV_HP0261,KHXHNV,SOC360,Lịch sử văn minh thế giới,4,62,Dương Anh Hải,HK1,2025-2026
KHXHNV_HP0262,KHXHNV,HIS361,Cơ sở văn hóa Việt Nam,3,46,Phan Xuân Quân,HK1,2025-2026
KHXHNV_HP0263,KHXHNV,LIT362,Nhập môn Xã hội học,3,80,Huỳnh Anh Sơn,HK1,2025-2026
KHXHNV_HP0264,KHXHNV,POL363,Kỹ thuật văn bản và lưu trữ,3,64,Hoàng Quốc Linh,HK1,2025-2026
KHXHNV_HP0265,KHXHNV,SOC364,Truyền thông đại chúng,3,52,Lý Kim Bình,HK1,2025-2026
KHXHNV_HP0266,KHXHNV,HIS365,Văn học Việt Nam hiện đại,3,39,Bùi Quốc Huy,HK1,2025-2026
KHXHNV_HP0267,KHXHNV,LIT366,Triết học Mác - Lênin,2,41,Phạm Thị Giang,HK1,2025-2026
KHXHNV_HP0268,KHXHNV,POL367,Lịch sử văn minh thế giới,2,67,Lê Đức Nghĩa,HK1,2025-2026
KHXHNV_HP0269,KHXHNV,SOC368,Cơ sở văn hóa Việt Nam,2,48,Phạm Quốc Sơn,HK1,2025-2026
KHXHNV_HP0270,KHXHNV,HIS369,Nhập môn Xã hội học,3,68,Huỳnh Minh Giang,HK1,2025-2026
KHXHNV_HP0271,KHXHNV,LIT370,Kỹ thuật văn bản và lưu trữ,2,57,Vũ Ngọc Hiếu,HK1,2025-2026
KHXHNV_HP0272,KHXHNV,POL371,Truyền thông đại chúng,4,35,Đặng Minh Dũng,HK1,2025-2026
KHXHNV_HP0273,KHXHNV,SOC372,Văn học Việt Nam hiện đại,4,49,Trần Văn Hiếu,HK1,2025-2026
KHXHNV_HP0274,KHXHNV,HIS373,Triết học Mác - Lênin,3,61,Đặng Trọng Phong,HK1,2025-2026
CNSHTP_HP0001,CNSHTP,BIOT100,Công nghệ sinh học vi sinh,2,72,Võ Hữu Cường,HK1,2025-2026
CNSHTP_HP0002,CNSHTP,FOOD101,Hóa sinh thực phẩm ứng dụng,3,72,Lý Anh Vũ,HK1,2025-2026
CNSHTP_HP0003,CNSHTP,CHEMB102,Vi sinh vật học thực phẩm,4,53,Vũ Thị Hoàng,HK1,2025-2026
CNSHTP_HP0004,CNSHTP,BIOT103,Công nghệ chế biến rau quả,3,63,Hồ Bảo Giang,HK1,2025-2026
CNSHTP_HP0005,CNSHTP,FOOD104,Đảm bảo chất lượng và ATTP,3,59,Lê Anh Tùng,HK1,2025-2026
CNSHTP_HP0006,CNSHTP,CHEMB105,Kỹ thuật phân tích thực phẩm,4,54,Huỳnh Hải Hiếu,HK1,2025-2026
CNSHTP_HP0007,CNSHTP,BIOT106,Công nghệ lên men hiện đại,3,45,Võ Hải Thắng,HK1,2025-2026
CNSHTP_HP0008,CNSHTP,FOOD107,Công nghệ sinh học vi sinh,4,60,Bùi Thanh Trang,HK1,2025-2026
CNSHTP_HP0009,CNSHTP,CHEMB108,Hóa sinh thực phẩm ứng dụng,3,70,Ngô Quốc Hiếu,HK1,2025-2026
CNSHTP_HP0010,CNSHTP,BIOT109,Vi sinh vật học thực phẩm,3,65,Ngô Đức Phong,HK1,2025-2026
CNSHTP_HP0011,CNSHTP,FOOD110,Công nghệ chế biến rau quả,2,77,Lý Hữu Khoa,HK1,2025-2026
CNSHTP_HP0012,CNSHTP,CHEMB111,Đảm bảo chất lượng và ATTP,3,66,Huỳnh Thị Phúc,HK1,2025-2026
CNSHTP_HP0013,CNSHTP,BIOT112,Kỹ thuật phân tích thực phẩm,3,78,Võ Quốc Tuấn,HK1,2025-2026
CNSHTP_HP0014,CNSHTP,FOOD113,Công nghệ lên men hiện đại,4,46,Võ Anh Hùng,HK1,2025-2026
CNSHTP_HP0015,CNSHTP,CHEMB114,Công nghệ sinh học vi sinh,3,49,Huỳnh Hữu Nam,HK1,2025-2026
CNSHTP_HP0016,CNSHTP,BIOT115,Hóa sinh thực phẩm ứng dụng,3,56,Lý Trọng Mai,HK1,2025-2026
CNSHTP_HP0017,CNSHTP,FOOD116,Vi sinh vật học thực phẩm,3,35,Hoàng Minh Vinh,HK1,2025-2026
CNSHTP_HP0018,CNSHTP,CHEMB117,Công nghệ chế biến rau quả,4,59,Nguyễn Trọng Hoàng,HK1,2025-2026
CNSHTP_HP0019,CNSHTP,BIOT118,Đảm bảo chất lượng và ATTP,4,49,Phan Thị Nam,HK1,2025-2026
CNSHTP_HP0020,CNSHTP,FOOD119,Kỹ thuật phân tích thực phẩm,3,63,Hoàng Anh An,HK1,2025-2026
CNSHTP_HP0021,CNSHTP,CHEMB120,Công nghệ lên men hiện đại,3,35,Huỳnh Văn Trang,HK1,2025-2026
CNSHTP_HP0022,CNSHTP,BIOT121,Công nghệ sinh học vi sinh,2,49,Lý Thanh Tâm,HK1,2025-2026
CNSHTP_HP0023,CNSHTP,FOOD122,Hóa sinh thực phẩm ứng dụng,3,77,Ngô Hữu Hoàng,HK1,2025-2026
CNSHTP_HP0024,CNSHTP,CHEMB123,Vi sinh vật học thực phẩm,3,37,Bùi Ngọc Mai,HK1,2025-2026
CNSHTP_HP0025,CNSHTP,BIOT124,Công nghệ chế biến rau quả,3,53,Lê Thị Phong,HK1,2025-2026
CNSHTP_HP0026,CNSHTP,FOOD125,Đảm bảo chất lượng và ATTP,3,47,Trần Quốc Hoàng,HK1,2025-2026
CNSHTP_HP0027,CNSHTP,CHEMB126,Kỹ thuật phân tích thực phẩm,3,68,Phan Đức Thảo,HK1,2025-2026
CNSHTP_HP0028,CNSHTP,BIOT127,Công nghệ lên men hiện đại,2,62,Lý Hữu Linh,HK1,2025-2026
CNSHTP_HP0029,CNSHTP,FOOD128,Công nghệ sinh học vi sinh,3,53,Phan Xuân Trang,HK1,2025-2026
CNSHTP_HP0030,CNSHTP,CHEMB129,Hóa sinh thực phẩm ứng dụng,2,70,Võ Thị Vinh,HK1,2025-2026
CNSHTP_HP0031,CNSHTP,BIOT130,Vi sinh vật học thực phẩm,2,54,Ngô Đức Tâm,HK1,2025-2026
CNSHTP_HP0032,CNSHTP,FOOD131,Công nghệ chế biến rau quả,3,57,Hoàng Đức Nghĩa,HK1,2025-2026
CNSHTP_HP0033,CNSHTP,CHEMB132,Đảm bảo chất lượng và ATTP,3,57,Vũ Ngọc Mai,HK1,2025-2026
CNSHTP_HP0034,CNSHTP,BIOT133,Kỹ thuật phân tích thực phẩm,4,47,Trần Ngọc Tùng,HK1,2025-2026
CNSHTP_HP0035,CNSHTP,FOOD134,Công nghệ lên men hiện đại,2,40,Bùi Minh Trung,HK1,2025-2026
CNSHTP_HP0036,CNSHTP,CHEMB135,Công nghệ sinh học vi sinh,3,75,Ngô Thanh Thảo,HK1,2025-2026
CNSHTP_HP0037,CNSHTP,BIOT136,Hóa sinh thực phẩm ứng dụng,4,52,Nguyễn Minh Dũng,HK1,2025-2026
CNSHTP_HP0038,CNSHTP,FOOD137,Vi sinh vật học thực phẩm,3,59,Võ Xuân Thảo,HK1,2025-2026
CNSHTP_HP0039,CNSHTP,CHEMB138,Công nghệ chế biến rau quả,2,41,Phạm Thị Quân,HK1,2025-2026
CNSHTP_HP0040,CNSHTP,BIOT139,Đảm bảo chất lượng và ATTP,2,37,Đỗ Văn Khoa,HK1,2025-2026
CNSHTP_HP0041,CNSHTP,FOOD140,Kỹ thuật phân tích thực phẩm,3,42,Bùi Ngọc Hà,HK1,2025-2026
CNSHTP_HP0042,CNSHTP,CHEMB141,Công nghệ lên men hiện đại,3,76,Hoàng Đức Cường,HK1,2025-2026
CNSHTP_HP0043,CNSHTP,BIOT142,Công nghệ sinh học vi sinh,2,63,Vũ Đức Nam,HK1,2025-2026
CNSHTP_HP0044,CNSHTP,FOOD143,Hóa sinh thực phẩm ứng dụng,2,75,Võ Trọng Nghĩa,HK1,2025-2026
CNSHTP_HP0045,CNSHTP,CHEMB144,Vi sinh vật học thực phẩm,3,63,Phạm Hữu Hùng,HK1,2025-2026
CNSHTP_HP0046,CNSHTP,BIOT145,Công nghệ chế biến rau quả,3,37,Phạm Đức Sơn,HK1,2025-2026
CNSHTP_HP0047,CNSHTP,FOOD146,Đảm bảo chất lượng và ATTP,2,72,Nguyễn Ngọc Phúc,HK1,2025-2026
CNSHTP_HP0048,CNSHTP,CHEMB147,Kỹ thuật phân tích thực phẩm,4,47,Huỳnh Kim Nghĩa,HK1,2025-2026
CNSHTP_HP0049,CNSHTP,BIOT148,Công nghệ lên men hiện đại,3,76,Nguyễn Minh Nghĩa,HK1,2025-2026
CNSHTP_HP0050,CNSHTP,FOOD149,Công nghệ sinh học vi sinh,2,74,Vũ Hữu Hiếu,HK1,2025-2026
CNSHTP_HP0051,CNSHTP,CHEMB150,Hóa sinh thực phẩm ứng dụng,3,55,Trần Hải Tâm,HK1,2025-2026
CNSHTP_HP0052,CNSHTP,BIOT151,Vi sinh vật học thực phẩm,4,74,Huỳnh Trọng Nghĩa,HK1,2025-2026
CNSHTP_HP0053,CNSHTP,FOOD152,Công nghệ chế biến rau quả,3,60,Vũ Anh Hà,HK1,2025-2026
CNSHTP_HP0054,CNSHTP,CHEMB153,Đảm bảo chất lượng và ATTP,3,58,Hồ Thanh Huy,HK1,2025-2026
CNSHTP_HP0055,CNSHTP,BIOT154,Kỹ thuật phân tích thực phẩm,3,51,Huỳnh Văn Thảo,HK1,2025-2026
CNSHTP_HP0056,CNSHTP,FOOD155,Công nghệ lên men hiện đại,2,58,Võ Anh Thắng,HK1,2025-2026
CNSHTP_HP0057,CNSHTP,CHEMB156,Công nghệ sinh học vi sinh,4,43,Hoàng Hữu Trung,HK1,2025-2026
CNSHTP_HP0058,CNSHTP,BIOT157,Hóa sinh thực phẩm ứng dụng,2,61,Nguyễn Hữu Linh,HK1,2025-2026
CNSHTP_HP0059,CNSHTP,FOOD158,Vi sinh vật học thực phẩm,2,69,Đặng Hải Tùng,HK1,2025-2026
CNSHTP_HP0060,CNSHTP,CHEMB159,Công nghệ chế biến rau quả,2,49,Bùi Thị Hùng,HK1,2025-2026
CNSHTP_HP0061,CNSHTP,BIOT160,Đảm bảo chất lượng và ATTP,2,75,Đỗ Minh Thắng,HK1,2025-2026
CNSHTP_HP0062,CNSHTP,FOOD161,Kỹ thuật phân tích thực phẩm,4,71,Lý Hải Nghĩa,HK1,2025-2026
CNSHTP_HP0063,CNSHTP,CHEMB162,Công nghệ lên men hiện đại,3,55,Huỳnh Đức Phong,HK1,2025-2026
CNSHTP_HP0064,CNSHTP,BIOT163,Công nghệ sinh học vi sinh,3,41,Nguyễn Quốc Long,HK1,2025-2026
CNSHTP_HP0065,CNSHTP,FOOD164,Hóa sinh thực phẩm ứng dụng,2,71,Lý Thanh Khoa,HK1,2025-2026
CNSHTP_HP0066,CNSHTP,CHEMB165,Vi sinh vật học thực phẩm,2,38,Lê Xuân Long,HK1,2025-2026
CNSHTP_HP0067,CNSHTP,BIOT166,Công nghệ chế biến rau quả,3,76,Đặng Minh Bình,HK1,2025-2026
CNSHTP_HP0068,CNSHTP,FOOD167,Đảm bảo chất lượng và ATTP,3,60,Trần Thanh Trung,HK1,2025-2026
CNSHTP_HP0069,CNSHTP,CHEMB168,Kỹ thuật phân tích thực phẩm,2,39,Lê Minh Hiếu,HK1,2025-2026
CNSHTP_HP0070,CNSHTP,BIOT169,Công nghệ lên men hiện đại,2,62,Nguyễn Thanh Dũng,HK1,2025-2026
CNSHTP_HP0071,CNSHTP,FOOD170,Công nghệ sinh học vi sinh,3,45,Phan Thanh Linh,HK1,2025-2026
CNSHTP_HP0072,CNSHTP,CHEMB171,Hóa sinh thực phẩm ứng dụng,3,64,Đỗ Minh Nghĩa,HK1,2025-2026
CNSHTP_HP0073,CNSHTP,BIOT172,Vi sinh vật học thực phẩm,2,68,Hoàng Thanh Dũng,HK1,2025-2026
CNSHTP_HP0074,CNSHTP,FOOD173,Công nghệ chế biến rau quả,3,51,Phan Xuân Dũng,HK1,2025-2026
CNSHTP_HP0075,CNSHTP,CHEMB174,Đảm bảo chất lượng và ATTP,3,69,Dương Văn Hiếu,HK1,2025-2026
CNSHTP_HP0076,CNSHTP,BIOT175,Kỹ thuật phân tích thực phẩm,2,57,Phạm Thị Long,HK1,2025-2026
CNSHTP_HP0077,CNSHTP,FOOD176,Công nghệ lên men hiện đại,4,47,Bùi Văn Nghĩa,HK1,2025-2026
CNSHTP_HP0078,CNSHTP,CHEMB177,Công nghệ sinh học vi sinh,3,48,Vũ Bảo Tuấn,HK1,2025-2026
CNSHTP_HP0079,CNSHTP,BIOT178,Hóa sinh thực phẩm ứng dụng,3,45,Huỳnh Thị Vũ,HK1,2025-2026
CNSHTP_HP0080,CNSHTP,FOOD179,Vi sinh vật học thực phẩm,2,43,Lê Kim Huy,HK1,2025-2026
CNSHTP_HP0081,CNSHTP,CHEMB180,Công nghệ chế biến rau quả,3,78,Hồ Xuân Phong,HK1,2025-2026
CNSHTP_HP0082,CNSHTP,BIOT181,Đảm bảo chất lượng và ATTP,3,46,Huỳnh Anh Vũ,HK1,2025-2026
CNSHTP_HP0083,CNSHTP,FOOD182,Kỹ thuật phân tích thực phẩm,2,52,Lý Kim Vũ,HK1,2025-2026
CNSHTP_HP0084,CNSHTP,CHEMB183,Công nghệ lên men hiện đại,4,66,Dương Hữu Tuấn,HK1,2025-2026
CNSHTP_HP0085,CNSHTP,BIOT184,Công nghệ sinh học vi sinh,4,46,Hồ Kim Cường,HK1,2025-2026
CNSHTP_HP0086,CNSHTP,FOOD185,Hóa sinh thực phẩm ứng dụng,4,43,Ngô Trọng Hoàng,HK1,2025-2026
CNSHTP_HP0087,CNSHTP,CHEMB186,Vi sinh vật học thực phẩm,2,80,Huỳnh Trọng Nghĩa,HK1,2025-2026
CNSHTP_HP0088,CNSHTP,BIOT187,Công nghệ chế biến rau quả,3,61,Dương Anh Phong,HK1,2025-2026
CNSHTP_HP0089,CNSHTP,FOOD188,Đảm bảo chất lượng và ATTP,2,43,Đặng Xuân Hà,HK1,2025-2026
CNSHTP_HP0090,CNSHTP,CHEMB189,Kỹ thuật phân tích thực phẩm,3,36,Bùi Bảo Long,HK1,2025-2026
CNSHTP_HP0091,CNSHTP,BIOT190,Công nghệ lên men hiện đại,3,38,Phan Bảo Sơn,HK1,2025-2026
CNSHTP_HP0092,CNSHTP,FOOD191,Công nghệ sinh học vi sinh,4,44,Nguyễn Anh Hải,HK1,2025-2026
CNSHTP_HP0093,CNSHTP,CHEMB192,Hóa sinh thực phẩm ứng dụng,2,48,Lý Văn Tâm,HK1,2025-2026
CNSHTP_HP0094,CNSHTP,BIOT193,Vi sinh vật học thực phẩm,3,75,Phan Trọng Linh,HK1,2025-2026
CNSHTP_HP0095,CNSHTP,FOOD194,Công nghệ chế biến rau quả,3,66,Lý Đức Vinh,HK1,2025-2026
CNSHTP_HP0096,CNSHTP,CHEMB195,Đảm bảo chất lượng và ATTP,4,75,Lý Quốc Trung,HK1,2025-2026
CNSHTP_HP0097,CNSHTP,BIOT196,Kỹ thuật phân tích thực phẩm,2,72,Dương Kim Thắng,HK1,2025-2026
CNSHTP_HP0098,CNSHTP,FOOD197,Công nghệ lên men hiện đại,2,58,Đặng Xuân An,HK1,2025-2026
CNSHTP_HP0099,CNSHTP,CHEMB198,Công nghệ sinh học vi sinh,3,71,Lê Minh Tùng,HK1,2025-2026
CNSHTP_HP0100,CNSHTP,BIOT199,Hóa sinh thực phẩm ứng dụng,4,49,Ngô Thanh Quân,HK1,2025-2026
CNSHTP_HP0101,CNSHTP,FOOD200,Vi sinh vật học thực phẩm,3,52,Nguyễn Hải Hà,HK1,2025-2026
CNSHTP_HP0102,CNSHTP,CHEMB201,Công nghệ chế biến rau quả,3,75,Nguyễn Thị Giang,HK1,2025-2026
CNSHTP_HP0103,CNSHTP,BIOT202,Đảm bảo chất lượng và ATTP,3,77,Lê Trọng Bình,HK1,2025-2026
CNSHTP_HP0104,CNSHTP,FOOD203,Kỹ thuật phân tích thực phẩm,3,72,Ngô Ngọc Quân,HK1,2025-2026
CNSHTP_HP0105,CNSHTP,CHEMB204,Công nghệ lên men hiện đại,2,35,Lý Trọng Huy,HK1,2025-2026
CNSHTP_HP0106,CNSHTP,BIOT205,Công nghệ sinh học vi sinh,3,79,Bùi Anh Tâm,HK1,2025-2026
CNSHTP_HP0107,CNSHTP,FOOD206,Hóa sinh thực phẩm ứng dụng,3,56,Võ Ngọc Bình,HK1,2025-2026
CNSHTP_HP0108,CNSHTP,CHEMB207,Vi sinh vật học thực phẩm,3,54,Hoàng Ngọc Dũng,HK1,2025-2026
CNSHTP_HP0109,CNSHTP,BIOT208,Công nghệ chế biến rau quả,3,72,Hoàng Hải Thảo,HK1,2025-2026
CNSHTP_HP0110,CNSHTP,FOOD209,Đảm bảo chất lượng và ATTP,2,40,Đặng Bảo An,HK1,2025-2026
CNSHTP_HP0111,CNSHTP,CHEMB210,Kỹ thuật phân tích thực phẩm,2,37,Trần Thanh An,HK1,2025-2026
CNSHTP_HP0112,CNSHTP,BIOT211,Công nghệ lên men hiện đại,3,53,Phạm Ngọc Trang,HK1,2025-2026
CNSHTP_HP0113,CNSHTP,FOOD212,Công nghệ sinh học vi sinh,3,70,Bùi Hữu Hoàng,HK1,2025-2026
CNSHTP_HP0114,CNSHTP,CHEMB213,Hóa sinh thực phẩm ứng dụng,2,62,Lê Văn Hải,HK1,2025-2026
CNSHTP_HP0115,CNSHTP,BIOT214,Vi sinh vật học thực phẩm,4,63,Lý Đức Dũng,HK1,2025-2026
CNSHTP_HP0116,CNSHTP,FOOD215,Công nghệ chế biến rau quả,2,71,Đặng Thanh Quân,HK1,2025-2026
CNSHTP_HP0117,CNSHTP,CHEMB216,Đảm bảo chất lượng và ATTP,3,44,Phan Văn An,HK1,2025-2026
CNSHTP_HP0118,CNSHTP,BIOT217,Kỹ thuật phân tích thực phẩm,3,60,Võ Xuân Hoàng,HK1,2025-2026
CNSHTP_HP0119,CNSHTP,FOOD218,Công nghệ lên men hiện đại,3,64,Lê Ngọc Trung,HK1,2025-2026
CNSHTP_HP0120,CNSHTP,CHEMB219,Công nghệ sinh học vi sinh,3,42,Vũ Thị Phong,HK1,2025-2026
CNSHTP_HP0121,CNSHTP,BIOT220,Hóa sinh thực phẩm ứng dụng,3,44,Huỳnh Hữu Linh,HK1,2025-2026
CNSHTP_HP0122,CNSHTP,FOOD221,Vi sinh vật học thực phẩm,3,76,Hoàng Bảo Phúc,HK1,2025-2026
CNSHTP_HP0123,CNSHTP,CHEMB222,Công nghệ chế biến rau quả,3,61,Trần Trọng Mai,HK1,2025-2026
CNSHTP_HP0124,CNSHTP,BIOT223,Đảm bảo chất lượng và ATTP,4,36,Huỳnh Ngọc Hiếu,HK1,2025-2026
CNSHTP_HP0125,CNSHTP,FOOD224,Kỹ thuật phân tích thực phẩm,4,49,Đặng Trọng Bình,HK1,2025-2026
CNSHTP_HP0126,CNSHTP,CHEMB225,Công nghệ lên men hiện đại,3,43,Huỳnh Thanh Nghĩa,HK1,2025-2026
CNSHTP_HP0127,CNSHTP,BIOT226,Công nghệ sinh học vi sinh,3,54,Hoàng Trọng Phúc,HK1,2025-2026
CNSHTP_HP0128,CNSHTP,FOOD227,Hóa sinh thực phẩm ứng dụng,3,45,Đỗ Ngọc Huy,HK1,2025-2026
CNSHTP_HP0129,CNSHTP,CHEMB228,Vi sinh vật học thực phẩm,3,65,Vũ Thị Huy,HK1,2025-2026
CNSHTP_HP0130,CNSHTP,BIOT229,Công nghệ chế biến rau quả,3,53,Phan Hữu Huy,HK1,2025-2026
CNSHTP_HP0131,CNSHTP,FOOD230,Đảm bảo chất lượng và ATTP,2,62,Ngô Anh Giang,HK1,2025-2026
CNSHTP_HP0132,CNSHTP,CHEMB231,Kỹ thuật phân tích thực phẩm,2,40,Phạm Thanh Cường,HK1,2025-2026
CNSHTP_HP0133,CNSHTP,BIOT232,Công nghệ lên men hiện đại,4,48,Trần Thị Thắng,HK1,2025-2026
CNSHTP_HP0134,CNSHTP,FOOD233,Công nghệ sinh học vi sinh,3,41,Bùi Trọng Hà,HK1,2025-2026
CNSHTP_HP0135,CNSHTP,CHEMB234,Hóa sinh thực phẩm ứng dụng,3,41,Nguyễn Ngọc Hiếu,HK1,2025-2026
CNSHTP_HP0136,CNSHTP,BIOT235,Vi sinh vật học thực phẩm,3,47,Phan Trọng Khoa,HK1,2025-2026
CNSHTP_HP0137,CNSHTP,FOOD236,Công nghệ chế biến rau quả,2,78,Phan Anh Huy,HK1,2025-2026
CNSHTP_HP0138,CNSHTP,CHEMB237,Đảm bảo chất lượng và ATTP,4,40,Ngô Bảo Trung,HK1,2025-2026
CNSHTP_HP0139,CNSHTP,BIOT238,Kỹ thuật phân tích thực phẩm,3,35,Trần Minh Hoàng,HK1,2025-2026
CNSHTP_HP0140,CNSHTP,FOOD239,Công nghệ lên men hiện đại,3,63,Nguyễn Trọng Khoa,HK1,2025-2026
CNSHTP_HP0141,CNSHTP,CHEMB240,Công nghệ sinh học vi sinh,2,80,Trần Hải Trang,HK1,2025-2026
CNSHTP_HP0142,CNSHTP,BIOT241,Hóa sinh thực phẩm ứng dụng,2,75,Phan Kim Nghĩa,HK1,2025-2026
CNSHTP_HP0143,CNSHTP,FOOD242,Vi sinh vật học thực phẩm,4,40,Đỗ Trọng Nam,HK1,2025-2026
CNSHTP_HP0144,CNSHTP,CHEMB243,Công nghệ chế biến rau quả,4,65,Võ Minh Mai,HK1,2025-2026
CNSHTP_HP0145,CNSHTP,BIOT244,Đảm bảo chất lượng và ATTP,2,59,Phạm Thanh Trung,HK1,2025-2026
CNSHTP_HP0146,CNSHTP,FOOD245,Kỹ thuật phân tích thực phẩm,4,43,Vũ Hữu Hoàng,HK1,2025-2026
CNSHTP_HP0147,CNSHTP,CHEMB246,Công nghệ lên men hiện đại,2,77,Bùi Văn Thắng,HK1,2025-2026
CNSHTP_HP0148,CNSHTP,BIOT247,Công nghệ sinh học vi sinh,2,74,Dương Thanh Cường,HK1,2025-2026
CNSHTP_HP0149,CNSHTP,FOOD248,Hóa sinh thực phẩm ứng dụng,4,52,Võ Kim Hoàng,HK1,2025-2026
CNSHTP_HP0150,CNSHTP,CHEMB249,Vi sinh vật học thực phẩm,3,51,Phan Bảo Vinh,HK1,2025-2026
CNSHTP_HP0151,CNSHTP,BIOT250,Công nghệ chế biến rau quả,4,58,Trần Văn Tuấn,HK1,2025-2026
CNSHTP_HP0152,CNSHTP,FOOD251,Đảm bảo chất lượng và ATTP,3,78,Lê Ngọc Cường,HK1,2025-2026
CNSHTP_HP0153,CNSHTP,CHEMB252,Kỹ thuật phân tích thực phẩm,3,47,Lê Thanh Trung,HK1,2025-2026
CNSHTP_HP0154,CNSHTP,BIOT253,Công nghệ lên men hiện đại,3,47,Bùi Anh Thắng,HK1,2025-2026
CNSHTP_HP0155,CNSHTP,FOOD254,Công nghệ sinh học vi sinh,3,35,Lý Quốc Thảo,HK1,2025-2026
CNSHTP_HP0156,CNSHTP,CHEMB255,Hóa sinh thực phẩm ứng dụng,4,60,Phan Thanh An,HK1,2025-2026
CNSHTP_HP0157,CNSHTP,BIOT256,Vi sinh vật học thực phẩm,3,53,Dương Văn Trang,HK1,2025-2026
CNSHTP_HP0158,CNSHTP,FOOD257,Công nghệ chế biến rau quả,3,73,Phan Thanh Huy,HK1,2025-2026
CNSHTP_HP0159,CNSHTP,CHEMB258,Đảm bảo chất lượng và ATTP,4,67,Lê Anh Cường,HK1,2025-2026
CNSHTP_HP0160,CNSHTP,BIOT259,Kỹ thuật phân tích thực phẩm,3,55,Lý Xuân Trung,HK1,2025-2026
CNSHTP_HP0161,CNSHTP,FOOD260,Công nghệ lên men hiện đại,2,35,Hồ Hữu Trang,HK1,2025-2026
CNSHTP_HP0162,CNSHTP,CHEMB261,Công nghệ sinh học vi sinh,2,64,Lý Bảo Hà,HK1,2025-2026
CNSHTP_HP0163,CNSHTP,BIOT262,Hóa sinh thực phẩm ứng dụng,4,79,Võ Minh Tùng,HK1,2025-2026
CNSHTP_HP0164,CNSHTP,FOOD263,Vi sinh vật học thực phẩm,3,73,Đỗ Ngọc Bình,HK1,2025-2026
CNSHTP_HP0165,CNSHTP,CHEMB264,Công nghệ chế biến rau quả,4,74,Võ Ngọc Long,HK1,2025-2026
CNSHTP_HP0166,CNSHTP,BIOT265,Đảm bảo chất lượng và ATTP,4,48,Nguyễn Hữu Phong,HK1,2025-2026
CNSHTP_HP0167,CNSHTP,FOOD266,Kỹ thuật phân tích thực phẩm,3,60,Vũ Đức Hà,HK1,2025-2026
CNSHTP_HP0168,CNSHTP,CHEMB267,Công nghệ lên men hiện đại,2,58,Lê Anh Huy,HK1,2025-2026
CNSHTP_HP0169,CNSHTP,BIOT268,Công nghệ sinh học vi sinh,3,35,Phan Kim Tùng,HK1,2025-2026
CNSHTP_HP0170,CNSHTP,FOOD269,Hóa sinh thực phẩm ứng dụng,3,71,Dương Ngọc Giang,HK1,2025-2026
CNSHTP_HP0171,CNSHTP,CHEMB270,Vi sinh vật học thực phẩm,4,37,Lý Anh Khoa,HK1,2025-2026
CNSHTP_HP0172,CNSHTP,BIOT271,Công nghệ chế biến rau quả,3,68,Lê Anh Bình,HK1,2025-2026
CNSHTP_HP0173,CNSHTP,FOOD272,Đảm bảo chất lượng và ATTP,2,77,Phạm Anh Nghĩa,HK1,2025-2026
CNSHTP_HP0174,CNSHTP,CHEMB273,Kỹ thuật phân tích thực phẩm,3,57,Ngô Văn Nam,HK1,2025-2026
CNSHTP_HP0175,CNSHTP,BIOT274,Công nghệ lên men hiện đại,4,64,Võ Ngọc Trung,HK1,2025-2026
CNSHTP_HP0176,CNSHTP,FOOD275,Công nghệ sinh học vi sinh,2,78,Lý Thanh Sơn,HK1,2025-2026
CNSHTP_HP0177,CNSHTP,CHEMB276,Hóa sinh thực phẩm ứng dụng,3,66,Lý Minh Long,HK1,2025-2026
CNSHTP_HP0178,CNSHTP,BIOT277,Vi sinh vật học thực phẩm,4,65,Huỳnh Thị An,HK1,2025-2026
CNSHTP_HP0179,CNSHTP,FOOD278,Công nghệ chế biến rau quả,2,71,Đặng Thị Hoàng,HK1,2025-2026
CNSHTP_HP0180,CNSHTP,CHEMB279,Đảm bảo chất lượng và ATTP,3,76,Dương Kim Mai,HK1,2025-2026
CNSHTP_HP0181,CNSHTP,BIOT280,Kỹ thuật phân tích thực phẩm,2,37,Dương Minh Long,HK1,2025-2026
CNSHTP_HP0182,CNSHTP,FOOD281,Công nghệ lên men hiện đại,4,72,Hồ Anh Phong,HK1,2025-2026
CNSHTP_HP0183,CNSHTP,CHEMB282,Công nghệ sinh học vi sinh,4,50,Dương Hữu Vinh,HK1,2025-2026
CNSHTP_HP0184,CNSHTP,BIOT283,Hóa sinh thực phẩm ứng dụng,3,55,Lý Đức Quân,HK1,2025-2026
