ma_lop_hp,so_cot_diem_quy_dinh,so_cot_diem_da_nhap,ty_le_nhap_diem,han_chot_nhap_diem,ngay_hoan_thanh,trang_thai_nhap_diem
BK_HP0001,3,2,83.6,2025-12-14,2025-12-18,Đang cập nhật
BK_HP0002,3,2,81.5,2025-12-14,2025-12-13,Đang cập nhật
BK_HP0003,3,2,87.5,2025-12-14,2025-12-15,Đang cập nhật
BK_HP0004,3,2,87.0,2025-12-14,2025-12-04,Đang cập nhật
BK_HP0005,3,2,83.4,2025-12-14,2025-12-08,Đang cập nhật
BK_HP0006,3,2,88.7,2025-12-14,2025-12-06,Đang cập nhật
BK_HP0007,3,2,91.2,2025-12-14,2025-12-04,Đang cập nhật
BK_HP0008,3,2,86.7,2025-12-14,2025-12-15,Đang cập nhật
BK_HP0009,3,3,96.2,2025-12-14,2025-12-18,Đã hoàn thành
BK_HP0010,3,2,88.9,2025-12-14,2025-12-15,Đang cập nhật
BK_HP0011,3,2,86.2,2025-12-14,2025-12-05,Đang cập nhật
BK_HP0012,3,2,85.7,2025-12-14,2025-12-18,Đang cập nhật
BK_HP0013,3,2,87.0,2025-12-14,2025-12-13,Đang cập nhật
BK_HP0014,3,2,82.3,2025-12-14,2025-12-12,Đang cập nhật
BK_HP0015,3,2,91.9,2025-12-14,2025-12-09,Đang cập nhật
BK_HP0016,3,2,92.2,2025-12-14,2025-12-10,Đang cập nhật
BK_HP0017,3,2,88.9,2025-12-14,2025-12-13,Đang cập nhật
BK_HP0018,3,2,94.3,2025-12-14,2025-12-09,Đang cập nhật
BK_HP0019,3,2,91.4,2025-12-14,2025-12-12,Đang cập nhật
BK_HP0020,3,2,88.9,2025-12-14,2025-12-19,Đang cập nhật
BK_HP0021,3,2,89.9,2025-12-14,2025-12-12,Đang cập nhật
BK_HP0022,3,2,91.0,2025-12-14,2025-12-12,Đang cập nhật
BK_HP0023,3,2,84.8,2025-12-14,2025-12-14,Đang cập nhật
BK_HP0024,3,2,86.8,2025-12-14,2025-12-06,Đang cập nhật
BK_HP0025,3,3,96.4,2025-12-14,2025-12-16,Đã hoàn thành
BK_HP0026,3,2,89.5,2025-12-14,2025-12-14,Đang cập nhật
BK_HP0027,3,2,87.1,2025-12-14,2025-12-04,Đang cập nhật
BK_HP0028,3,2,89.2,2025-12-14,2025-12-18,Đang cập nhật
BK_HP0029,3,2,86.7,2025-12-14,2025-12-04,Đang cập nhật
BK_HP0030,3,2,90.4,2025-12-14,2025-12-07,Đang cập nhật
BK_HP0031,3,2,90.5,2025-12-14,2025-12-19,Đang cập nhật
BK_HP0032,3,2,90.3,2025-12-14,2025-12-19,Đang cập nhật
BK_HP0033,3,2,83.2,2025-12-14,2025-12-08,Đang cập nhật
BK_HP0034,3,2,87.2,2025-12-14,2025-12-12,Đang cập nhật
BK_HP0035,3,2,90.0,2025-12-14,2025-12-19,Đang cập nhật
BK_HP0036,3,2,90.4,2025-12-14,2025-12-07,Đang cập nhật
BK_HP0037,3,2,85.8,2025-12-14,2025-12-10,Đang cập nhật
BK_HP0038,3,2,87.3,2025-12-14,2025-12-13,Đang cập nhật
BK_HP0039,3,2,85.6,2025-12-14,2025-12-15,Đang cập nhật
BK_HP0040,3,2,84.6,2025-12-14,2025-12-18,Đang cập nhật
BK_HP0041,3,2,82.8,2025-12-14,2025-12-10,Đang cập nhật
BK_HP0042,3,2,84.0,2025-12-14,2025-12-08,Đang cập nhật
BK_HP0043,3,2,88.7,2025-12-14,2025-12-12,Đang cập nhật
BK_HP0044,3,2,91.5,2025-12-14,2025-12-19,Đang cập nhật
BK_HP0045,3,2,87.0,2025-12-14,2025-12-14,Đang cập nhật
BK_HP0046,3,2,89.1,2025-12-14,2025-12-08,Đang cập nhật
BK_HP0047,3,2,85.2,2025-12-14,2025-12-10,Đang cập nhật
BK_HP0048,3,2,85.1,2025-12-14,2025-12-19,Đang cập nhật
BK_HP0049,3,2,85.4,2025-12-14,2025-12-13,Đang cập nhật
BK_HP0050,3,2,82.9,2025-12-14,2025-12-14,Đang cập nhật
BK_HP0051,3,2,76.4,2025-12-14,2025-12-14,Đang cập nhật
BK_HP0052,3,2,81.9,2025-12-14,2025-12-15,Đang cập nhật
BK_HP0053,3,2,90.7,2025-12-14,2025-12-05,Đang cập nhật
BK_HP0054,3,2,88.6,2025-12-14,2025-12-14,Đang cập nhật
BK_HP0055,3,2,88.0,2025-12-14,2025-12-19,Đang cập nhật
BK_HP0056,3,2,88.7,2025-12-14,2025-12-11,Đang cập nhật
BK_HP0057,3,2,82.7,2025-12-14,2025-12-17,Đang cập nhật
BK_HP0058,3,2,86.8,2025-12-14,2025-12-11,Đang cập nhật
BK_HP0059,3,2,85.3,2025-12-14,2025-12-06,Đang cập nhật
BK_HP0060,3,2,87.9,2025-12-14,2025-12-17,Đang cập nhật
BK_HP0061,3,2,85.6,2025-12-14,2025-12-16,Đang cập nhật
BK_HP0062,3,2,84.1,2025-12-14,2025-12-07,Đang cập nhật
BK_HP0063,3,2,85.1,2025-12-14,2025-12-05,Đang cập nhật
BK_HP0064,3,2,92.6,2025-12-14,2025-12-07,Đang cập nhật
BK_HP0065,3,2,91.5,2025-12-14,2025-12-17,Đang cập nhật
BK_HP0066,3,2,89.9,2025-12-14,2025-12-17,Đang cập nhật
BK_HP0067,3,2,84.6,2025-12-14,2025-12-17,Đang cập nhật
BK_HP0068,3,2,87.1,2025-12-14,2025-12-16,Đang cập nhật
BK_HP0069,3,2,94.1,2025-12-14,2025-12-17,Đang cập nhật
BK_HP0070,3,2,90.4,2025-12-14,2025-12-17,Đang cập nhật
BK_HP0071,3,2,84.9,2025-12-14,2025-12-05,Đang cập nhật
BK_HP0072,3,2,89.3,2025-12-14,2025-12-15,Đang cập nhật
BK_HP0073,3,2,91.7,2025-12-14,2025-12-18,Đang cập nhật
BK_HP0074,3,2,92.0,2025-12-14,2025-12-16,Đang cập nhật
BK_HP0075,3,2,90.9,2025-12-14,2025-12-07,Đang cập nhật
BK_HP0076,3,2,80.6,2025-12-14,2025-12-09,Đang cập nhật
BK_HP0077,3,2,85.4,2025-12-14,2025-12-18,Đang cập nhật
BK_HP0078,3,2,88.0,2025-12-14,2025-12-18,Đang cập nhật
BK_HP0079,3,2,89.3,2025-12-14,2025-12-13,Đang cập nhật
BK_HP0080,3,2,84.7,2025-12-14,2025-12-14,Đang cập nhật
BK_HP0081,3,2,88.5,2025-12-14,2025-12-07,Đang cập nhật
BK_HP0082,3,3,96.1,2025-12-14,2025-12-19,Đã hoàn thành
BK_HP0083,3,2,84.0,2025-12-14,2025-12-18,Đang cập nhật
BK_HP0084,3,2,87.7,2025-12-14,2025-12-18,Đang cập nhật
BK_HP0085,3,2,91.8,2025-12-14,2025-12-07,Đang cập nhật
BK_HP0086,3,2,87.5,2025-12-14,2025-12-17,Đang cập nhật
BK_HP0087,3,2,91.2,2025-12-14,2025-12-14,Đang cập nhật
BK_HP0088,3,2,80.7,2025-12-14,2025-12-15,Đang cập nhật
BK_HP0089,3,2,90.4,2025-12-14,2025-12-18,Đang cập nhật
BK_HP0090,3,2,91.4,2025-12-14,2025-12-08,Đang cập nhật
BK_HP0091,3,3,95.3,2025-12-14,2025-12-07,Đã hoàn thành
BK_HP0092,3,2,89.8,2025-12-14,2025-12-19,Đang cập nhật
BK_HP0093,3,2,85.6,2025-12-14,2025-12-11,Đang cập nhật
BK_HP0094,3,2,92.7,2025-12-14,2025-12-05,Đang cập nhật
BK_HP0095,3,2,87.0,2025-12-14,2025-12-09,Đang cập nhật
BK_HP0096,3,2,89.9,2025-12-14,2025-12-11,Đang cập nhật
BK_HP0097,3,2,87.8,2025-12-14,2025-12-05,Đang cập nhật
BK_HP0098,3,2,89.8,2025-12-14,2025-12-14,Đang cập nhật
BK_HP0099,3,2,86.1,2025-12-14,2025-12-13,Đang cập nhật
BK_HP0100,3,2,89.5,2025-12-14,2025-12-05,Đang cập nhật
BK_HP0101,3,2,89.6,2025-12-14,2025-12-13,Đang cập nhật
BK_HP0102,3,2,89.8,2025-12-14,2025-12-16,Đang cập nhật
BK_HP0103,3,2,92.2,2025-12-14,2025-12-14,Đang cập nhật
BK_HP0104,3,2,93.6,2025-12-14,2025-12-11,Đang cập nhật
BK_HP0105,3,2,84.4,2025-12-14,2025-12-10,Đang cập nhật
BK_HP0106,3,2,90.0,2025-12-14,2025-12-19,Đang cập nhật
BK_HP0107,3,2,83.9,2025-12-14,2025-12-12,Đang cập nhật
BK_HP0108,3,2,84.7,2025-12-14,2025-12-19,Đang cập nhật
BK_HP0109,3,2,82.3,2025-12-14,2025-12-10,Đang cập nhật
BK_HP0110,3,2,87.4,2025-12-14,2025-12-14,Đang cập nhật
BK_HP0111,3,2,89.8,2025-12-14,2025-12-08,Đang cập nhật
BK_HP0112,3,2,86.6,2025-12-14,2025-12-11,Đang cập nhật
BK_HP0113,3,2,87.4,2025-12-14,2025-12-06,Đang cập nhật
BK_HP0114,3,2,87.3,2025-12-14,2025-12-05,Đang cập nhật
BK_HP0115,3,2,90.2,2025-12-14,2025-12-19,Đang cập nhật
BK_HP0116,3,2,86.6,2025-12-14,2025-12-17,Đang cập nhật
BK_HP0117,3,2,89.8,2025-12-14,2025-12-18,Đang cập nhật
BK_HP0118,3,2,80.8,2025-12-14,2025-12-06,Đang cập nhật
BK_HP0119,3,2,91.8,2025-12-14,2025-12-08,Đang cập nhật
BK_HP0120,3,2,82.9,2025-12-14,2025-12-05,Đang cập nhật
BK_HP0121,3,2,84.8,2025-12-14,2025-12-18,Đang cập nhật
BK_HP0122,3,2,86.9,2025-12-14,2025-12-10,Đang cập nhật
BK_HP0123,3,2,92.1,2025-12-14,2025-12-09,Đang cập nhật
BK_HP0124,3,2,85.4,2025-12-14,2025-12-19,Đang cập nhật
BK_HP0125,3,2,90.2,2025-12-14,2025-12-11,Đang cập nhật
BK_HP0126,3,2,88.6,2025-12-14,2025-12-05,Đang cập nhật
BK_HP0127,3,2,85.1,2025-12-14,2025-12-04,Đang cập nhật
BK_HP0128,3,2,84.3,2025-12-14,2025-12-18,Đang cập nhật
BK_HP0129,3,2,87.9,2025-12-14,2025-12-04,Đang cập nhật
BK_HP0130,3,2,82.5,2025-12-14,2025-12-04,Đang cập nhật
BK_HP0131,3,2,90.9,2025-12-14,2025-12-18,Đang cập nhật
BK_HP0132,3,2,83.2,2025-12-14,2025-12-07,Đang cập nhật
BK_HP0133,3,2,92.2,2025-12-14,2025-12-15,Đang cập nhật
BK_HP0134,3,2,87.0,2025-12-14,2025-12-13,Đang cập nhật
BK_HP0135,3,2,88.3,2025-12-14,2025-12-08,Đang cập nhật
BK_HP0136,3,2,83.5,2025-12-14,2025-12-18,Đang cập nhật
BK_HP0137,3,2,89.8,2025-12-14,2025-12-11,Đang cập nhật
BK_HP0138,3,2,92.5,2025-12-14,2025-12-16,Đang cập nhật
BK_HP0139,3,2,91.8,2025-12-14,2025-12-19,Đang cập nhật
BK_HP0140,3,2,88.1,2025-12-14,2025-12-05,Đang cập nhật
BK_HP0141,3,2,83.9,2025-12-14,2025-12-06,Đang cập nhật
BK_HP0142,3,2,83.8,2025-12-14,2025-12-13,Đang cập nhật
BK_HP0143,3,2,86.7,2025-12-14,2025-12-15,Đang cập nhật
BK_HP0144,3,2,86.0,2025-12-14,2025-12-19,Đang cập nhật
BK_HP0145,3,2,88.3,2025-12-14,2025-12-05,Đang cập nhật
BK_HP0146,3,2,86.7,2025-12-14,2025-12-13,Đang cập nhật
BK_HP0147,3,2,90.8,2025-12-14,2025-12-15,Đang cập nhật
BK_HP0148,3,2,91.3,2025-12-14,2025-12-15,Đang cập nhật
BK_HP0149,3,2,87.3,2025-12-14,2025-12-10,Đang cập nhật
BK_HP0150,3,2,94.1,2025-12-14,2025-12-11,Đang cập nhật
BK_HP0151,3,2,94.2,2025-12-14,2025-12-19,Đang cập nhật
BK_HP0152,3,2,88.8,2025-12-14,2025-12-11,Đang cập nhật
BK_HP0153,3,2,93.0,2025-12-14,2025-12-10,Đang cập nhật
BK_HP0154,3,2,83.8,2025-12-14,2025-12-18,Đang cập nhật
BK_HP0155,3,2,89.6,2025-12-14,2025-12-10,Đang cập nhật
BK_HP0156,3,2,90.2,2025-12-14,2025-12-16,Đang cập nhật
BK_HP0157,3,3,97.6,2025-12-14,2025-12-04,Đã hoàn thành
BK_HP0158,3,2,92.3,2025-12-14,2025-12-10,Đang cập nhật
BK_HP0159,3,2,81.1,2025-12-14,2025-12-05,Đang cập nhật
BK_HP0160,3,2,84.5,2025-12-14,2025-12-13,Đang cập nhật
BK_HP0161,3,2,89.0,2025-12-14,2025-12-10,Đang cập nhật
BK_HP0162,3,2,87.7,2025-12-14,2025-12-06,Đang cập nhật
BK_HP0163,3,2,86.3,2025-12-14,2025-12-06,Đang cập nhật
BK_HP0164,3,2,88.5,2025-12-14,2025-12-09,Đang cập nhật
BK_HP0165,3,2,89.1,2025-12-14,2025-12-07,Đang cập nhật
BK_HP0166,3,2,87.0,2025-12-14,2025-12-13,Đang cập nhật
BK_HP0167,3,2,89.8,2025-12-14,2025-12-12,Đang cập nhật
BK_HP0168,3,2,86.9,2025-12-14,2025-12-12,Đang cập nhật
BK_HP0169,3,2,87.5,2025-12-14,2025-12-05,Đang cập nhật
BK_HP0170,3,2,85.4,2025-12-14,2025-12-08,Đang cập nhật
BK_HP0171,3,2,88.8,2025-12-14,2025-12-15,Đang cập nhật
BK_HP0172,3,2,89.5,2025-12-14,2025-12-08,Đang cập nhật
BK_HP0173,3,2,85.7,2025-12-14,2025-12-14,Đang cập nhật
BK_HP0174,3,2,86.4,2025-12-14,2025-12-11,Đang cập nhật
BK_HP0175,3,2,85.5,2025-12-14,2025-12-10,Đang cập nhật
BK_HP0176,3,2,88.7,2025-12-14,2025-12-11,Đang cập nhật
BK_HP0177,3,2,85.2,2025-12-14,2025-12-19,Đang cập nhật
BK_HP0178,3,2,89.5,2025-12-14,2025-12-15,Đang cập nhật
BK_HP0179,3,2,88.7,2025-12-14,2025-12-15,Đang cập nhật
BK_HP0180,3,2,84.6,2025-12-14,2025-12-05,Đang cập nhật
BK_HP0181,3,2,87.3,2025-12-14,2025-12-10,Đang cập nhật
BK_HP0182,3,2,90.1,2025-12-14,2025-12-15,Đang cập nhật
BK_HP0183,3,2,90.5,2025-12-14,2025-12-13,Đang cập nhật
BK_HP0184,3,2,88.7,2025-12-14,2025-12-16,Đang cập nhật
BK_HP0185,3,2,90.7,2025-12-14,2025-12-12,Đang cập nhật
BK_HP0186,3,2,86.8,2025-12-14,2025-12-10,Đang cập nhật
BK_HP0187,3,2,86.7,2025-12-14,2025-12-09,Đang cập nhật
BK_HP0188,3,2,90.4,2025-12-14,2025-12-07,Đang cập nhật
BK_HP0189,3,2,84.7,2025-12-14,2025-12-04,Đang cập nhật
BK_HP0190,3,2,90.5,2025-12-14,2025-12-07,Đang cập nhật
BK_HP0191,3,2,88.1,2025-12-14,2025-12-12,Đang cập nhật
BK_HP0192,3,2,85.5,2025-12-14,2025-12-05,Đang cập nhật
BK_HP0193,3,2,90.4,2025-12-14,2025-12-09,Đang cập nhật
BK_HP0194,3,2,87.6,2025-12-14,2025-12-04,Đang cập nhật
BK_HP0195,3,2,87.3,2025-12-14,2025-12-14,Đang cập nhật
BK_HP0196,3,2,89.4,2025-12-14,2025-12-19,Đang cập nhật
BK_HP0197,3,2,86.9,2025-12-14,2025-12-13,Đang cập nhật
BK_HP0198,3,2,84.5,2025-12-14,2025-12-12,Đang cập nhật
BK_HP0199,3,2,85.1,2025-12-14,2025-12-17,Đang cập nhật
BK_HP0200,3,2,88.1,2025-12-14,2025-12-17,Đang cập nhật
BK_HP0201,3,2,88.5,2025-12-14,2025-12-10,Đang cập nhật
BK_HP0202,3,2,90.6,2025-12-14,2025-12-08,Đang cập nhật
BK_HP0203,3,2,92.1,2025-12-14,2025-12-14,Đang cập nhật
BK_HP0204,3,2,84.9,2025-12-14,2025-12-18,Đang cập nhật
BK_HP0205,3,2,88.1,2025-12-14,2025-12-04,Đang cập nhật
BK_HP0206,3,2,84.1,2025-12-14,2025-12-13,Đang cập nhật
BK_HP0207,3,2,88.3,2025-12-14,2025-12-19,Đang cập nhật
BK_HP0208,3,2,88.5,2025-12-14,2025-12-06,Đang cập nhật
BK_HP0209,3,2,89.9,2025-12-14,2025-12-09,Đang cập nhật
BK_HP0210,3,2,83.1,2025-12-14,2025-12-17,Đang cập nhật
BK_HP0211,3,2,87.8,2025-12-14,2025-12-18,Đang cập nhật
BK_HP0212,3,2,89.6,2025-12-14,2025-12-11,Đang cập nhật
BK_HP0213,3,2,84.6,2025-12-14,2025-12-11,Đang cập nhật
BK_HP0214,3,2,87.9,2025-12-14,2025-12-16,Đang cập nhật
BK_HP0215,3,2,89.6,2025-12-14,2025-12-19,Đang cập nhật
BK_HP0216,3,2,92.4,2025-12-14,2025-12-09,Đang cập nhật
BK_HP0217,3,2,88.7,2025-12-14,2025-12-07,Đang cập nhật
BK_HP0218,3,2,87.6,2025-12-14,2025-12-19,Đang cập nhật
BK_HP0219,3,2,87.0,2025-12-14,2025-12-06,Đang cập nhật
BK_HP0220,3,2,86.0,2025-12-14,2025-12-09,Đang cập nhật
BK_HP0221,3,2,85.5,2025-12-14,2025-12-05,Đang cập nhật
BK_HP0222,3,2,89.5,2025-12-14,2025-12-05,Đang cập nhật
BK_HP0223,3,2,84.0,2025-12-14,2025-12-12,Đang cập nhật
BK_HP0224,3,2,91.3,2025-12-14,2025-12-17,Đang cập nhật
BK_HP0225,3,2,87.6,2025-12-14,2025-12-11,Đang cập nhật
BK_HP0226,3,2,86.7,2025-12-14,2025-12-11,Đang cập nhật
BK_HP0227,3,2,87.3,2025-12-14,2025-12-07,Đang cập nhật
BK_HP0228,3,2,85.1,2025-12-14,2025-12-13,Đang cập nhật
BK_HP0229,3,2,86.9,2025-12-14,2025-12-06,Đang cập nhật
BK_HP0230,3,2,89.8,2025-12-14,2025-12-13,Đang cập nhật
BK_HP0231,3,2,88.5,2025-12-14,2025-12-19,Đang cập nhật
BK_HP0232,3,2,87.7,2025-12-14,2025-12-10,Đang cập nhật
BK_HP0233,3,2,84.9,2025-12-14,2025-12-18,Đang cập nhật
BK_HP0234,3,3,96.3,2025-12-14,2025-12-04,Đã hoàn thành
BK_HP0235,3,2,88.9,2025-12-14,2025-12-14,Đang cập nhật
BK_HP0236,3,2,87.7,2025-12-14,2025-12-12,Đang cập nhật
BK_HP0237,3,2,88.6,2025-12-14,2025-12-09,Đang cập nhật
BK_HP0238,3,2,90.1,2025-12-14,2025-12-13,Đang cập nhật
BK_HP0239,3,2,84.3,2025-12-14,2025-12-17,Đang cập nhật
BK_HP0240,3,3,96.0,2025-12-14,2025-12-11,Đã hoàn thành
BK_HP0241,3,2,89.3,2025-12-14,2025-12-04,Đang cập nhật
BK_HP0242,3,2,91.8,2025-12-14,2025-12-15,Đang cập nhật
BK_HP0243,3,2,87.2,2025-12-14,2025-12-04,Đang cập nhật
BK_HP0244,3,2,93.2,2025-12-14,2025-12-11,Đang cập nhật
BK_HP0245,3,2,86.7,2025-12-14,2025-12-06,Đang cập nhật
BK_HP0246,3,2,87.7,2025-12-14,2025-12-05,Đang cập nhật
BK_HP0247,3,2,89.8,2025-12-14,2025-12-18,Đang cập nhật
BK_HP0248,3,2,92.8,2025-12-14,2025-12-05,Đang cập nhật
BK_HP0249,3,2,87.8,2025-12-14,2025-12-09,Đang cập nhật
BK_HP0250,3,2,86.9,2025-12-14,2025-12-08,Đang cập nhật
BK_HP0251,3,2,82.8,2025-12-14,2025-12-18,Đang cập nhật
BK_HP0252,3,2,85.8,2025-12-14,2025-12-09,Đang cập nhật
BK_HP0253,3,2,84.9,2025-12-14,2025-12-16,Đang cập nhật
BK_HP0254,3,2,82.8,2025-12-14,2025-12-14,Đang cập nhật
BK_HP0255,3,2,88.4,2025-12-14,2025-12-11,Đang cập nhật
BK_HP0256,3,2,88.3,2025-12-14,2025-12-18,Đang cập nhật
BK_HP0257,3,2,91.6,2025-12-14,2025-12-18,Đang cập nhật
BK_HP0258,3,2,89.9,2025-12-14,2025-12-09,Đang cập nhật
BK_HP0259,3,2,90.4,2025-12-14,2025-12-08,Đang cập nhật
BK_HP0260,3,2,87.8,2025-12-14,2025-12-05,Đang cập nhật
BK_HP0261,3,2,85.2,2025-12-14,2025-12-09,Đang cập nhật
BK_HP0262,3,2,92.4,2025-12-14,2025-12-14,Đang cập nhật
BK_HP0263,3,2,86.7,2025-12-14,2025-12-19,Đang cập nhật
BK_HP0264,3,2,81.4,2025-12-14,2025-12-10,Đang cập nhật
BK_HP0265,3,2,86.6,2025-12-14,2025-12-15,Đang cập nhật
BK_HP0266,3,2,91.9,2025-12-14,2025-12-13,Đang cập nhật
BK_HP0267,3,2,87.6,2025-12-14,2025-12-05,Đang cập nhật
BK_HP0268,3,2,89.1,2025-12-14,2025-12-14,Đang cập nhật
BK_HP0269,3,2,91.3,2025-12-14,2025-12-13,Đang cập nhật
BK_HP0270,3,3,97.0,2025-12-14,2025-12-09,Đã hoàn thành
BK_HP0271,3,2,88.8,2025-12-14,2025-12-06,Đang cập nhật
BK_HP0272,3,2,85.0,2025-12-14,2025-12-13,Đang cập nhật
BK_HP0273,3,2,91.5,2025-12-14,2025-12-16,Đang cập nhật
BK_HP0274,3,2,87.7,2025-12-14,2025-12-19,Đang cập nhật
BK_HP0275,3,2,89.7,2025-12-14,2025-12-10,Đang cập nhật
BK_HP0276,3,2,88.6,2025-12-14,2025-12-14,Đang cập nhật
BK_HP0277,3,2,87.1,2025-12-14,2025-12-04,Đang cập nhật
BK_HP0278,3,2,91.6,2025-12-14,2025-12-19,Đang cập nhật
BK_HP0279,3,2,94.3,2025-12-14,2025-12-19,Đang cập nhật
BK_HP0280,3,2,85.8,2025-12-14,2025-12-07,Đang cập nhật
BK_HP0281,3,2,89.9,2025-12-14,2025-12-07,Đang cập nhật
BK_HP0282,3,2,88.3,2025-12-14,2025-12-09,Đang cập nhật
BK_HP0283,3,2,86.8,2025-12-14,2025-12-11,Đang cập nhật
BK_HP0284,3,2,88.3,2025-12-14,2025-12-18,Đang cập nhật
BK_HP0285,3,2,84.1,2025-12-14,2025-12-15,Đang cập nhật
BK_HP0286,3,2,88.7,2025-12-14,2025-12-12,Đang cập nhật
BK_HP0287,3,2,88.9,2025-12-14,2025-12-19,Đang cập nhật
BK_HP0288,3,2,90.0,2025-12-14,2025-12-14,Đang cập nhật
BK_HP0289,3,2,92.5,2025-12-14,2025-12-09,Đang cập nhật
BK_HP0290,3,2,88.2,2025-12-14,2025-12-06,Đang cập nhật
BK_HP0291,3,2,92.2,2025-12-14,2025-12-10,Đang cập nhật
BK_HP0292,3,2,89.6,2025-12-14,2025-12-04,Đang cập nhật
BK_HP0293,3,2,86.0,2025-12-14,2025-12-11,Đang cập nhật
BK_HP0294,3,2,93.5,2025-12-14,2025-12-19,Đang cập nhật
BK_HP0295,3,2,93.5,2025-12-14,2025-12-12,Đang cập nhật
BK_HP0296,3,2,91.2,2025-12-14,2025-12-08,Đang cập nhật
BK_HP0297,3,2,85.8,2025-12-14,2025-12-19,Đang cập nhật
BK_HP0298,3,2,90.3,2025-12-14,2025-12-10,Đang cập nhật
BK_HP0299,3,2,82.6,2025-12-14,2025-12-05,Đang cập nhật
BK_HP0300,3,2,89.0,2025-12-14,2025-12-08,Đang cập nhật
BK_HP0301,3,2,88.3,2025-12-14,2025-12-15,Đang cập nhật
BK_HP0302,3,2,85.9,2025-12-14,2025-12-10,Đang cập nhật
BK_HP0303,3,2,89.8,2025-12-14,2025-12-07,Đang cập nhật
BK_HP0304,3,2,84.3,2025-12-14,2025-12-14,Đang cập nhật
BK_HP0305,3,2,88.2,2025-12-14,2025-12-12,Đang cập nhật
BK_HP0306,3,3,95.0,2025-12-14,2025-12-09,Đã hoàn thành
BK_HP0307,3,2,89.6,2025-12-14,2025-12-05,Đang cập nhật
BK_HP0308,3,2,93.5,2025-12-14,2025-12-16,Đang cập nhật
BK_HP0309,3,2,89.0,2025-12-14,2025-12-06,Đang cập nhật
BK_HP0310,3,2,89.9,2025-12-14,2025-12-14,Đang cập nhật
BK_HP0311,3,2,93.5,2025-12-14,2025-12-09,Đang cập nhật
BK_HP0312,3,2,90.8,2025-12-14,2025-12-11,Đang cập nhật
BK_HP0313,3,2,86.7,2025-12-14,2025-12-15,Đang cập nhật
BK_HP0314,3,2,87.1,2025-12-14,2025-12-14,Đang cập nhật
BK_HP0315,3,2,86.2,2025-12-14,2025-12-10,Đang cập nhật
BK_HP0316,3,2,90.3,2025-12-14,2025-12-14,Đang cập nhật
BK_HP0317,3,2,86.7,2025-12-14,2025-12-15,Đang cập nhật
BK_HP0318,3,2,89.5,2025-12-14,2025-12-13,Đang cập nhật
BK_HP0319,3,2,82.0,2025-12-14,2025-12-09,Đang cập nhật
BK_HP0320,3,2,87.0,2025-12-14,2025-12-12,Đang cập nhật
BK_HP0321,3,2,88.1,2025-12-14,2025-12-07,Đang cập nhật
BK_HP0322,3,2,84.0,2025-12-14,2025-12-12,Đang cập nhật
BK_HP0323,3,2,90.5,2025-12-14,2025-12-18,Đang cập nhật
BK_HP0324,3,2,87.0,2025-12-14,2025-12-18,Đang cập nhật
BK_HP0325,3,2,90.6,2025-12-14,2025-12-13,Đang cập nhật
BK_HP0326,3,2,86.1,2025-12-14,2025-12-04,Đang cập nhật
BK_HP0327,3,2,86.7,2025-12-14,2025-12-19,Đang cập nhật
BK_HP0328,3,2,88.3,2025-12-14,2025-12-05,Đang cập nhật
BK_HP0329,3,2,94.1,2025-12-14,2025-12-16,Đang cập nhật
BK_HP0330,3,2,82.5,2025-12-14,2025-12-16,Đang cập nhật
BK_HP0331,3,2,88.5,2025-12-14,2025-12-10,Đang cập nhật
BK_HP0332,3,2,89.7,2025-12-14,2025-12-13,Đang cập nhật
BK_HP0333,3,2,84.8,2025-12-14,2025-12-07,Đang cập nhật
BK_HP0334,3,2,90.7,2025-12-14,2025-12-04,Đang cập nhật
BK_HP0335,3,2,89.7,2025-12-14,2025-12-18,Đang cập nhật
BK_HP0336,3,2,91.9,2025-12-14,2025-12-06,Đang cập nhật
BK_HP0337,3,2,81.8,2025-12-14,2025-12-17,Đang cập nhật
BK_HP0338,3,2,87.3,2025-12-14,2025-12-07,Đang cập nhật
BK_HP0339,3,2,87.9,2025-12-14,2025-12-16,Đang cập nhật
BK_HP0340,3,2,84.1,2025-12-14,2025-12-06,Đang cập nhật
BK_HP0341,3,2,84.3,2025-12-14,2025-12-19,Đang cập nhật
BK_HP0342,3,2,88.3,2025-12-14,2025-12-13,Đang cập nhật
BK_HP0343,3,2,85.9,2025-12-14,2025-12-06,Đang cập nhật
BK_HP0344,3,2,94.6,2025-12-14,2025-12-14,Đang cập nhật
BK_HP0345,3,2,91.3,2025-12-14,2025-12-05,Đang cập nhật
BK_HP0346,3,2,93.8,2025-12-14,2025-12-15,Đang cập nhật
BK_HP0347,3,2,91.2,2025-12-14,2025-12-13,Đang cập nhật
BK_HP0348,3,2,89.7,2025-12-14,2025-12-17,Đang cập nhật
BK_HP0349,3,2,93.7,2025-12-14,2025-12-05,Đang cập nhật
BK_HP0350,3,2,90.5,2025-12-14,2025-12-19,Đang cập nhật
BK_HP0351,3,2,90.7,2025-12-14,2025-12-07,Đang cập nhật
BK_HP0352,3,2,92.4,2025-12-14,2025-12-08,Đang cập nhật
BK_HP0353,3,2,86.9,2025-12-14,2025-12-07,Đang cập nhật
BK_HP0354,3,2,89.5,2025-12-14,2025-12-19,Đang cập nhật
BK_HP0355,3,2,87.2,2025-12-14,2025-12-09,Đang cập nhật
BK_HP0356,3,2,89.6,2025-12-14,2025-12-04,Đang cập nhật
BK_HP0357,3,2,88.5,2025-12-14,2025-12-11,Đang cập nhật
BK_HP0358,3,2,90.2,2025-12-14,2025-12-06,Đang cập nhật
BK_HP0359,3,2,87.3,2025-12-14,2025-12-11,Đang cập nhật
BK_HP0360,3,2,89.3,2025-12-14,2025-12-18,Đang cập nhật
BK_HP0361,3,2,90.6,2025-12-14,2025-12-06,Đang cập nhật
BK_HP0362,3,2,92.0,2025-12-14,2025-12-19,Đang cập nhật
BK_HP0363,3,2,87.5,2025-12-14,2025-12-10,Đang cập nhật
BK_HP0364,3,2,85.8,2025-12-14,2025-12-11,Đang cập nhật
BK_HP0365,3,2,87.5,2025-12-14,2025-12-07,Đang cập nhật
BK_HP0366,3,2,87.2,2025-12-14,2025-12-05,Đang cập nhật
BK_HP0367,3,2,83.6,2025-12-14,2025-12-04,Đang cập nhật
BK_HP0368,3,2,86.6,2025-12-14,2025-12-09,Đang cập nhật
BK_HP0369,3,2,80.3,2025-12-14,2025-12-14,Đang cập nhật
BK_HP0370,3,2,85.7,2025-12-14,2025-12-19,Đang cập nhật
BK_HP0371,3,2,85.5,2025-12-14,2025-12-14,Đang cập nhật
BK_HP0372,3,2,86.3,2025-12-14,2025-12-16,Đang cập nhật
BK_HP0373,3,2,85.9,2025-12-14,2025-12-06,Đang cập nhật
BK_HP0374,3,2,84.9,2025-12-14,2025-12-13,Đang cập nhật
BK_HP0375,3,2,87.2,2025-12-14,2025-12-07,Đang cập nhật
BK_HP0376,3,2,86.4,2025-12-14,2025-12-06,Đang cập nhật
BK_HP0377,3,2,87.4,2025-12-14,2025-12-08,Đang cập nhật
BK_HP0378,3,2,87.2,2025-12-14,2025-12-16,Đang cập nhật
BK_HP0379,3,3,96.4,2025-12-14,2025-12-07,Đã hoàn thành
BK_HP0380,3,2,85.8,2025-12-14,2025-12-15,Đang cập nhật
BK_HP0381,3,2,89.8,2025-12-14,2025-12-07,Đang cập nhật
BK_HP0382,3,2,88.6,2025-12-14,2025-12-05,Đang cập nhật
BK_HP0383,3,2,92.1,2025-12-14,2025-12-13,Đang cập nhật
BK_HP0384,3,2,88.6,2025-12-14,2025-12-08,Đang cập nhật
BK_HP0385,3,2,87.2,2025-12-14,2025-12-09,Đang cập nhật
BK_HP0386,3,2,89.3,2025-12-14,2025-12-08,Đang cập nhật
BK_HP0387,3,2,91.7,2025-12-14,2025-12-14,Đang cập nhật
BK_HP0388,3,2,86.4,2025-12-14,2025-12-18,Đang cập nhật
BK_HP0389,3,2,85.1,2025-12-14,2025-12-10,Đang cập nhật
BK_HP0390,3,2,89.0,2025-12-14,2025-12-07,Đang cập nhật
BK_HP0391,3,2,89.1,2025-12-14,2025-12-12,Đang cập nhật
BK_HP0392,3,2,90.1,2025-12-14,2025-12-09,Đang cập nhật
BK_HP0393,3,2,81.6,2025-12-14,2025-12-09,Đang cập nhật
BK_HP0394,3,2,89.8,2025-12-14,2025-12-10,Đang cập nhật
BK_HP0395,3,2,92.7,2025-12-14,2025-12-17,Đang cập nhật
BK_HP0396,3,2,88.2,2025-12-14,2025-12-19,Đang cập nhật
BK_HP0397,3,2,92.7,2025-12-14,2025-12-08,Đang cập nhật
BK_HP0398,3,2,90.8,2025-12-14,2025-12-08,Đang cập nhật
BK_HP0399,3,2,92.6,2025-12-14,2025-12-17,Đang cập nhật
BK_HP0400,3,2,92.0,2025-12-14,2025-12-07,Đang cập nhật
BK_HP0401,3,2,89.9,2025-12-14,2025-12-12,Đang cập nhật
BK_HP0402,3,2,83.5,2025-12-14,2025-12-18,Đang cập nhật
BK_HP0403,3,2,90.0,2025-12-14,2025-12-05,Đang cập nhật
BK_HP0404,3,2,88.4,2025-12-14,2025-12-19,Đang cập nhật
BK_HP0405,3,2,86.6,2025-12-14,2025-12-08,Đang cập nhật
BK_HP0406,3,2,89.7,2025-12-14,2025-12-11,Đang cập nhật
BK_HP0407,3,2,90.1,2025-12-14,2025-12-13,Đang cập nhật
BK_HP0408,3,2,87.1,2025-12-14,2025-12-09,Đang cập nhật
BK_HP0409,3,2,91.6,2025-12-14,2025-12-16,Đang cập nhật
BK_HP0410,3,2,89.3,2025-12-14,2025-12-16,Đang cập nhật
BK_HP0411,3,2,90.6,2025-12-14,2025-12-12,Đang cập nhật
BK_HP0412,3,3,97.6,2025-12-14,2025-12-16,Đã hoàn thành
BK_HP0413,3,2,92.6,2025-12-14,2025-12-14,Đang cập nhật
BK_HP0414,3,2,86.2,2025-12-14,2025-12-08,Đang cập nhật
BK_HP0415,3,2,84.1,2025-12-14,2025-12-13,Đang cập nhật
BK_HP0416,3,2,91.3,2025-12-14,2025-12-10,Đang cập nhật
BK_HP0417,3,2,91.5,2025-12-14,2025-12-13,Đang cập nhật
BK_HP0418,3,2,85.5,2025-12-14,2025-12-15,Đang cập nhật
BK_HP0419,3,2,94.1,2025-12-14,2025-12-19,Đang cập nhật
BK_HP0420,3,2,89.1,2025-12-14,2025-12-04,Đang cập nhật
BK_HP0421,3,2,83.1,2025-12-14,2025-12-14,Đang cập nhật
BK_HP0422,3,2,93.0,2025-12-14,2025-12-09,Đang cập nhật
BK_HP0423,3,2,94.0,2025-12-14,2025-12-07,Đang cập nhật
BK_HP0424,3,2,90.0,2025-12-14,2025-12-06,Đang cập nhật
BK_HP0425,3,2,83.5,2025-12-14,2025-12-10,Đang cập nhật
BK_HP0426,3,2,88.1,2025-12-14,2025-12-11,Đang cập nhật
BK_HP0427,3,3,97.2,2025-12-14,2025-12-19,Đã hoàn thành
BK_HP0428,3,2,93.9,2025-12-14,2025-12-16,Đang cập nhật
BK_HP0429,3,2,88.9,2025-12-14,2025-12-04,Đang cập nhật
BK_HP0430,3,2,86.3,2025-12-14,2025-12-19,Đang cập nhật
BK_HP0431,3,2,92.8,2025-12-14,2025-12-06,Đang cập nhật
BK_HP0432,3,2,89.5,2025-12-14,2025-12-06,Đang cập nhật
BK_HP0433,3,2,88.0,2025-12-14,2025-12-14,Đang cập nhật
BK_HP0434,3,2,92.8,2025-12-14,2025-12-09,Đang cập nhật
BK_HP0435,3,2,86.4,2025-12-14,2025-12-18,Đang cập nhật
BK_HP0436,3,2,86.8,2025-12-14,2025-12-13,Đang cập nhật
BK_HP0437,3,2,89.0,2025-12-14,2025-12-17,Đang cập nhật
BK_HP0438,3,2,94.6,2025-12-14,2025-12-05,Đang cập nhật
BK_HP0439,3,2,87.6,2025-12-14,2025-12-09,Đang cập nhật
BK_HP0440,3,2,89.0,2025-12-14,2025-12-19,Đang cập nhật
BK_HP0441,3,2,89.3,2025-12-14,2025-12-12,Đang cập nhật
BK_HP0442,3,2,84.7,2025-12-14,2025-12-19,Đang cập nhật
BK_HP0443,3,2,86.9,2025-12-14,2025-12-13,Đang cập nhật
BK_HP0444,3,2,82.4,2025-12-14,2025-12-05,Đang cập nhật
BK_HP0445,3,2,92.9,2025-12-14,2025-12-06,Đang cập nhật
BK_HP0446,3,2,88.2,2025-12-14,2025-12-16,Đang cập nhật
BK_HP0447,3,2,91.1,2025-12-14,2025-12-15,Đang cập nhật
BK_HP0448,3,2,86.6,2025-12-14,2025-12-18,Đang cập nhật
BK_HP0449,3,2,93.7,2025-12-14,2025-12-13,Đang cập nhật
BK_HP0450,3,2,84.6,2025-12-14,2025-12-05,Đang cập nhật
BK_HP0451,3,2,87.6,2025-12-14,2025-12-09,Đang cập nhật
BK_HP0452,3,2,88.3,2025-12-14,2025-12-04,Đang cập nhật
BK_HP0453,3,2,85.3,2025-12-14,2025-12-15,Đang cập nhật
BK_HP0454,3,2,88.5,2025-12-14,2025-12-16,Đang cập nhật
BK_HP0455,3,2,91.0,2025-12-14,2025-12-14,Đang cập nhật
BK_HP0456,3,3,96.7,2025-12-14,2025-12-18,Đã hoàn thành
BK_HP0457,3,2,87.4,2025-12-14,2025-12-15,Đang cập nhật
BK_HP0458,3,2,85.1,2025-12-14,2025-12-10,Đang cập nhật
BK_HP0459,3,2,89.0,2025-12-14,2025-12-18,Đang cập nhật
BK_HP0460,3,2,91.9,2025-12-14,2025-12-05,Đang cập nhật
BK_HP0461,3,2,88.9,2025-12-14,2025-12-16,Đang cập nhật
BK_HP0462,3,2,90.3,2025-12-14,2025-12-14,Đang cập nhật
BK_HP0463,3,2,89.1,2025-12-14,2025-12-04,Đang cập nhật
BK_HP0464,3,2,88.5,2025-12-14,2025-12-13,Đang cập nhật
BK_HP0465,3,2,84.3,2025-12-14,2025-12-11,Đang cập nhật
BK_HP0466,3,2,87.9,2025-12-14,2025-12-13,Đang cập nhật
BK_HP0467,3,2,81.2,2025-12-14,2025-12-15,Đang cập nhật
BK_HP0468,3,2,85.3,2025-12-14,2025-12-09,Đang cập nhật
BK_HP0469,3,2,90.5,2025-12-14,2025-12-05,Đang cập nhật
BK_HP0470,3,2,92.3,2025-12-14,2025-12-06,Đang cập nhật
BK_HP0471,3,2,86.3,2025-12-14,2025-12-07,Đang cập nhật
BK_HP0472,3,2,87.8,2025-12-14,2025-12-10,Đang cập nhật
BK_HP0473,3,2,89.4,2025-12-14,2025-12-10,Đang cập nhật
BK_HP0474,3,2,87.8,2025-12-14,2025-12-08,Đang cập nhật
BK_HP0475,3,2,93.4,2025-12-14,2025-12-05,Đang cập nhật
BK_HP0476,3,2,89.9,2025-12-14,2025-12-16,Đang cập nhật
BK_HP0477,3,2,88.9,2025-12-14,2025-12-13,Đang cập nhật
BK_HP0478,3,2,90.2,2025-12-14,2025-12-12,Đang cập nhật
BK_HP0479,3,2,84.7,2025-12-14,2025-12-04,Đang cập nhật
BK_HP0480,3,2,88.8,2025-12-14,2025-12-08,Đang cập nhật
BK_HP0481,3,2,88.3,2025-12-14,2025-12-13,Đang cập nhật
BK_HP0482,3,2,87.5,2025-12-14,2025-12-15,Đang cập nhật
BK_HP0483,3,2,94.3,2025-12-14,2025-12-10,Đang cập nhật
BK_HP0484,3,2,91.1,2025-12-14,2025-12-05,Đang cập nhật
BK_HP0485,3,2,86.2,2025-12-14,2025-12-08,Đang cập nhật
BK_HP0486,3,2,87.7,2025-12-14,2025-12-13,Đang cập nhật
BK_HP0487,3,2,90.7,2025-12-14,2025-12-18,Đang cập nhật
BK_HP0488,3,2,88.4,2025-12-14,2025-12-07,Đang cập nhật
BK_HP0489,3,2,83.0,2025-12-14,2025-12-12,Đang cập nhật
BK_HP0490,3,2,91.9,2025-12-14,2025-12-19,Đang cập nhật
BK_HP0491,3,2,84.9,2025-12-14,2025-12-11,Đang cập nhật
BK_HP0492,3,2,84.5,2025-12-14,2025-12-14,Đang cập nhật
BK_HP0493,3,2,89.0,2025-12-14,2025-12-17,Đang cập nhật
BK_HP0494,3,2,88.7,2025-12-14,2025-12-09,Đang cập nhật
BK_HP0495,3,2,88.1,2025-12-14,2025-12-10,Đang cập nhật
BK_HP0496,3,2,90.1,2025-12-14,2025-12-12,Đang cập nhật
BK_HP0497,3,2,86.1,2025-12-14,2025-12-11,Đang cập nhật
BK_HP0498,3,2,89.7,2025-12-14,2025-12-04,Đang cập nhật
BK_HP0499,3,2,84.3,2025-12-14,2025-12-05,Đang cập nhật
BK_HP0500,3,2,86.9,2025-12-14,2025-12-18,Đang cập nhật
BK_HP0501,3,2,87.7,2025-12-14,2025-12-05,Đang cập nhật
BK_HP0502,3,2,84.8,2025-12-14,2025-12-18,Đang cập nhật
BK_HP0503,3,2,84.2,2025-12-14,2025-12-19,Đang cập nhật
BK_HP0504,3,2,88.6,2025-12-14,2025-12-05,Đang cập nhật
BK_HP0505,3,2,85.6,2025-12-14,2025-12-17,Đang cập nhật
BK_HP0506,3,2,88.3,2025-12-14,2025-12-12,Đang cập nhật
BK_HP0507,3,2,87.0,2025-12-14,2025-12-19,Đang cập nhật
BK_HP0508,3,2,90.1,2025-12-14,2025-12-12,Đang cập nhật
BK_HP0509,3,2,88.1,2025-12-14,2025-12-15,Đang cập nhật
BK_HP0510,3,2,90.6,2025-12-14,2025-12-06,Đang cập nhật
BK_HP0511,3,2,90.3,2025-12-14,2025-12-18,Đang cập nhật
BK_HP0512,3,2,89.1,2025-12-14,2025-12-19,Đang cập nhật
BK_HP0513,3,2,86.8,2025-12-14,2025-12-12,Đang cập nhật
BK_HP0514,3,2,92.0,2025-12-14,2025-12-06,Đang cập nhật
BK_HP0515,3,2,89.9,2025-12-14,2025-12-17,Đang cập nhật
BK_HP0516,3,2,92.2,2025-12-14,2025-12-09,Đang cập nhật
BK_HP0517,3,2,85.4,2025-12-14,2025-12-09,Đang cập nhật
BK_HP0518,3,2,87.6,2025-12-14,2025-12-19,Đang cập nhật
BK_HP0519,3,2,85.7,2025-12-14,2025-12-04,Đang cập nhật
BK_HP0520,3,2,94.5,2025-12-14,2025-12-19,Đang cập nhật
BK_HP0521,3,2,92.4,2025-12-14,2025-12-07,Đang cập nhật
BK_HP0522,3,2,86.6,2025-12-14,2025-12-19,Đang cập nhật
BK_HP0523,3,2,89.0,2025-12-14,2025-12-13,Đang cập nhật
BK_HP0524,3,2,88.8,2025-12-14,2025-12-15,Đang cập nhật
BK_HP0525,3,2,93.3,2025-12-14,2025-12-13,Đang cập nhật
BK_HP0526,3,2,92.1,2025-12-14,2025-12-18,Đang cập nhật
BK_HP0527,3,2,92.6,2025-12-14,2025-12-13,Đang cập nhật
BK_HP0528,3,2,85.1,2025-12-14,2025-12-06,Đang cập nhật
BK_HP0529,3,2,85.0,2025-12-14,2025-12-14,Đang cập nhật
BK_HP0530,3,2,89.4,2025-12-14,2025-12-16,Đang cập nhật
BK_HP0531,3,2,84.1,2025-12-14,2025-12-07,Đang cập nhật
BK_HP0532,3,2,82.6,2025-12-14,2025-12-11,Đang cập nhật
BK_HP0533,3,2,88.3,2025-12-14,2025-12-07,Đang cập nhật
BK_HP0534,3,2,89.1,2025-12-14,2025-12-11,Đang cập nhật
BK_HP0535,3,2,89.5,2025-12-14,2025-12-05,Đang cập nhật
BK_HP0536,3,2,88.0,2025-12-14,2025-12-12,Đang cập nhật
BK_HP0537,3,2,83.5,2025-12-14,2025-12-19,Đang cập nhật
BK_HP0538,3,3,97.7,2025-12-14,2025-12-12,Đã hoàn thành
BK_HP0539,3,2,84.2,2025-12-14,2025-12-12,Đang cập nhật
BK_HP0540,3,2,91.4,2025-12-14,2025-12-09,Đang cập nhật
BK_HP0541,3,2,85.5,2025-12-14,2025-12-17,Đang cập nhật
BK_HP0542,3,2,89.4,2025-12-14,2025-12-06,Đang cập nhật
BK_HP0543,3,2,92.5,2025-12-14,2025-12-19,Đang cập nhật
BK_HP0544,3,2,90.5,2025-12-14,2025-12-19,Đang cập nhật
BK_HP0545,3,2,88.8,2025-12-14,2025-12-08,Đang cập nhật
BK_HP0546,3,2,86.7,2025-12-14,2025-12-13,Đang cập nhật
BK_HP0547,3,2,88.4,2025-12-14,2025-12-13,Đang cập nhật
BK_HP0548,3,2,87.5,2025-12-14,2025-12-05,Đang cập nhật
BK_HP0549,3,2,92.6,2025-12-14,2025-12-14,Đang cập nhật
BK_HP0550,3,2,84.9,2025-12-14,2025-12-12,Đang cập nhật
BK_HP0551,3,2,86.0,2025-12-14,2025-12-04,Đang cập nhật
BK_HP0552,3,2,83.9,2025-12-14,2025-12-08,Đang cập nhật
BK_HP0553,3,2,82.5,2025-12-14,2025-12-16,Đang cập nhật
BK_HP0554,3,2,82.2,2025-12-14,2025-12-08,Đang cập nhật
BK_HP0555,3,2,91.5,2025-12-14,2025-12-19,Đang cập nhật
BK_HP0556,3,2,83.7,2025-12-14,2025-12-09,Đang cập nhật
BK_HP0557,3,2,89.6,2025-12-14,2025-12-09,Đang cập nhật
BK_HP0558,3,2,89.0,2025-12-14,2025-12-08,Đang cập nhật
BK_HP0559,3,2,83.9,2025-12-14,2025-12-18,Đang cập nhật
BK_HP0560,3,2,87.7,2025-12-14,2025-12-18,Đang cập nhật
BK_HP0561,3,2,89.6,2025-12-14,2025-12-05,Đang cập nhật
BK_HP0562,3,2,85.3,2025-12-14,2025-12-12,Đang cập nhật
BK_HP0563,3,2,83.1,2025-12-14,2025-12-19,Đang cập nhật
BK_HP0564,3,2,86.5,2025-12-14,2025-12-16,Đang cập nhật
BK_HP0565,3,2,90.6,2025-12-14,2025-12-08,Đang cập nhật
BK_HP0566,3,2,94.5,2025-12-14,2025-12-08,Đang cập nhật
BK_HP0567,3,2,90.8,2025-12-14,2025-12-19,Đang cập nhật
BK_HP0568,3,2,88.5,2025-12-14,2025-12-17,Đang cập nhật
BK_HP0569,3,2,91.5,2025-12-14,2025-12-12,Đang cập nhật
BK_HP0570,3,2,87.0,2025-12-14,2025-12-06,Đang cập nhật
BK_HP0571,3,2,90.9,2025-12-14,2025-12-11,Đang cập nhật
BK_HP0572,3,2,86.8,2025-12-14,2025-12-09,Đang cập nhật
BK_HP0573,3,2,86.6,2025-12-14,2025-12-10,Đang cập nhật
BK_HP0574,3,2,86.2,2025-12-14,2025-12-08,Đang cập nhật
BK_HP0575,3,2,88.1,2025-12-14,2025-12-12,Đang cập nhật
BK_HP0576,3,3,98.1,2025-12-14,2025-12-12,Đã hoàn thành
BK_HP0577,3,2,87.9,2025-12-14,2025-12-18,Đang cập nhật
BK_HP0578,3,2,92.0,2025-12-14,2025-12-17,Đang cập nhật
BK_HP0579,3,2,88.1,2025-12-14,2025-12-16,Đang cập nhật
BK_HP0580,3,2,88.4,2025-12-14,2025-12-18,Đang cập nhật
BK_HP0581,3,2,93.7,2025-12-14,2025-12-09,Đang cập nhật
BK_HP0582,3,2,87.5,2025-12-14,2025-12-10,Đang cập nhật
BK_HP0583,3,2,89.5,2025-12-14,2025-12-08,Đang cập nhật
BK_HP0584,3,2,94.0,2025-12-14,2025-12-08,Đang cập nhật
BK_HP0585,3,2,81.8,2025-12-14,2025-12-12,Đang cập nhật
BK_HP0586,3,2,83.6,2025-12-14,2025-12-14,Đang cập nhật
BK_HP0587,3,2,88.4,2025-12-14,2025-12-11,Đang cập nhật
BK_HP0588,3,2,83.3,2025-12-14,2025-12-19,Đang cập nhật
BK_HP0589,3,2,91.8,2025-12-14,2025-12-11,Đang cập nhật
BK_HP0590,3,2,88.5,2025-12-14,2025-12-10,Đang cập nhật
BK_HP0591,3,2,91.7,2025-12-14,2025-12-09,Đang cập nhật
BK_HP0592,3,2,86.9,2025-12-14,2025-12-08,Đang cập nhật
BK_HP0593,3,2,90.0,2025-12-14,2025-12-16,Đang cập nhật
BK_HP0594,3,2,90.6,2025-12-14,2025-12-09,Đang cập nhật
BK_HP0595,3,2,88.4,2025-12-14,2025-12-19,Đang cập nhật
BK_HP0596,3,2,86.4,2025-12-14,2025-12-10,Đang cập nhật
BK_HP0597,3,3,96.0,2025-12-14,2025-12-18,Đã hoàn thành
BK_HP0598,3,2,92.4,2025-12-14,2025-12-07,Đang cập nhật
BK_HP0599,3,2,87.5,2025-12-14,2025-12-06,Đang cập nhật
BK_HP0600,3,2,88.9,2025-12-14,2025-12-08,Đang cập nhật
BK_HP0601,3,2,92.0,2025-12-14,2025-12-16,Đang cập nhật
BK_HP0602,3,2,87.9,2025-12-14,2025-12-06,Đang cập nhật
BK_HP0603,3,2,86.8,2025-12-14,2025-12-09,Đang cập nhật
BK_HP0604,3,2,84.4,2025-12-14,2025-12-06,Đang cập nhật
BK_HP0605,3,2,89.2,2025-12-14,2025-12-12,Đang cập nhật
BK_HP0606,3,2,88.3,2025-12-14,2025-12-05,Đang cập nhật
BK_HP0607,3,2,86.5,2025-12-14,2025-12-11,Đang cập nhật
BK_HP0608,3,2,86.8,2025-12-14,2025-12-12,Đang cập nhật
BK_HP0609,3,2,89.5,2025-12-14,2025-12-10,Đang cập nhật
BK_HP0610,3,2,88.7,2025-12-14,2025-12-16,Đang cập nhật
BK_HP0611,3,2,85.3,2025-12-14,2025-12-07,Đang cập nhật
BK_HP0612,3,2,87.9,2025-12-14,2025-12-15,Đang cập nhật
BK_HP0613,3,2,89.6,2025-12-14,2025-12-09,Đang cập nhật
BK_HP0614,3,2,83.5,2025-12-14,2025-12-11,Đang cập nhật
BK_HP0615,3,2,92.5,2025-12-14,2025-12-04,Đang cập nhật
BK_HP0616,3,2,88.1,2025-12-14,2025-12-05,Đang cập nhật
BK_HP0617,3,2,90.5,2025-12-14,2025-12-17,Đang cập nhật
BK_HP0618,3,2,83.5,2025-12-14,2025-12-12,Đang cập nhật
BK_HP0619,3,2,88.3,2025-12-14,2025-12-06,Đang cập nhật
BK_HP0620,3,2,90.9,2025-12-14,2025-12-17,Đang cập nhật
BK_HP0621,3,2,87.4,2025-12-14,2025-12-15,Đang cập nhật
BK_HP0622,3,2,91.7,2025-12-14,2025-12-05,Đang cập nhật
BK_HP0623,3,2,85.0,2025-12-14,2025-12-13,Đang cập nhật
BK_HP0624,3,2,81.4,2025-12-14,2025-12-09,Đang cập nhật
BK_HP0625,3,3,97.4,2025-12-14,2025-12-10,Đã hoàn thành
BK_HP0626,3,2,92.4,2025-12-14,2025-12-07,Đang cập nhật
BK_HP0627,3,2,86.0,2025-12-14,2025-12-04,Đang cập nhật
BK_HP0628,3,2,89.7,2025-12-14,2025-12-19,Đang cập nhật
BK_HP0629,3,2,79.5,2025-12-14,2025-12-15,Đang cập nhật
BK_HP0630,3,2,94.2,2025-12-14,2025-12-15,Đang cập nhật
BK_HP0631,3,2,91.4,2025-12-14,2025-12-14,Đang cập nhật
BK_HP0632,3,2,90.3,2025-12-14,2025-12-12,Đang cập nhật
BK_HP0633,3,2,82.7,2025-12-14,2025-12-08,Đang cập nhật
BK_HP0634,3,2,84.2,2025-12-14,2025-12-19,Đang cập nhật
BK_HP0635,3,2,82.3,2025-12-14,2025-12-09,Đang cập nhật
BK_HP0636,3,3,96.5,2025-12-14,2025-12-04,Đã hoàn thành
BK_HP0637,3,2,87.4,2025-12-14,2025-12-06,Đang cập nhật
BK_HP0638,3,2,84.0,2025-12-14,2025-12-10,Đang cập nhật
BK_HP0639,3,2,93.2,2025-12-14,2025-12-08,Đang cập nhật
BK_HP0640,3,2,90.4,2025-12-14,2025-12-08,Đang cập nhật
BK_HP0641,3,2,94.9,2025-12-14,2025-12-13,Đang cập nhật
BK_HP0642,3,2,86.6,2025-12-14,2025-12-14,Đang cập nhật
BK_HP0643,3,2,93.3,2025-12-14,2025-12-05,Đang cập nhật
BK_HP0644,3,2,89.0,2025-12-14,2025-12-08,Đang cập nhật
BK_HP0645,3,2,89.3,2025-12-14,2025-12-11,Đang cập nhật
BK_HP0646,3,2,88.9,2025-12-14,2025-12-07,Đang cập nhật
BK_HP0647,3,2,89.2,2025-12-14,2025-12-18,Đang cập nhật
BK_HP0648,3,2,90.1,2025-12-14,2025-12-17,Đang cập nhật
BK_HP0649,3,2,90.5,2025-12-14,2025-12-19,Đang cập nhật
BK_HP0650,3,2,91.9,2025-12-14,2025-12-15,Đang cập nhật
BK_HP0651,3,2,90.7,2025-12-14,2025-12-13,Đang cập nhật
BK_HP0652,3,2,85.3,2025-12-14,2025-12-12,Đang cập nhật
BK_HP0653,3,2,88.0,2025-12-14,2025-12-14,Đang cập nhật
BK_HP0654,3,2,86.9,2025-12-14,2025-12-05,Đang cập nhật
BK_HP0655,3,2,86.2,2025-12-14,2025-12-12,Đang cập nhật
BK_HP0656,3,2,88.6,2025-12-14,2025-12-12,Đang cập nhật
BK_HP0657,3,2,92.1,2025-12-14,2025-12-15,Đang cập nhật
BK_HP0658,3,2,85.9,2025-12-14,2025-12-10,Đang cập nhật
BK_HP0659,3,2,91.3,2025-12-14,2025-12-18,Đang cập nhật
BK_HP0660,3,2,88.8,2025-12-14,2025-12-12,Đang cập nhật
BK_HP0661,3,2,90.5,2025-12-14,2025-12-04,Đang cập nhật
BK_HP0662,3,2,92.4,2025-12-14,2025-12-17,Đang cập nhật
BK_HP0663,3,3,98.8,2025-12-14,2025-12-10,Đã hoàn thành
BK_HP0664,3,2,87.7,2025-12-14,2025-12-10,Đang cập nhật
BK_HP0665,3,2,83.8,2025-12-14,2025-12-04,Đang cập nhật
BK_HP0666,3,2,90.1,2025-12-14,2025-12-12,Đang cập nhật
BK_HP0667,3,2,86.5,2025-12-14,2025-12-18,Đang cập nhật
BK_HP0668,3,2,92.0,2025-12-14,2025-12-16,Đang cập nhật
BK_HP0669,3,2,89.7,2025-12-14,2025-12-12,Đang cập nhật
BK_HP0670,3,2,85.7,2025-12-14,2025-12-05,Đang cập nhật
BK_HP0671,3,2,83.2,2025-12-14,2025-12-15,Đang cập nhật
BK_HP0672,3,2,88.4,2025-12-14,2025-12-11,Đang cập nhật
BK_HP0673,3,2,87.9,2025-12-14,2025-12-19,Đang cập nhật
BK_HP0674,3,2,87.9,2025-12-14,2025-12-18,Đang cập nhật
BK_HP0675,3,2,89.7,2025-12-14,2025-12-06,Đang cập nhật
BK_HP0676,3,2,84.3,2025-12-14,2025-12-17,Đang cập nhật
BK_HP0677,3,2,92.3,2025-12-14,2025-12-12,Đang cập nhật
BK_HP0678,3,2,88.8,2025-12-14,2025-12-18,Đang cập nhật
BK_HP0679,3,2,89.5,2025-12-14,2025-12-15,Đang cập nhật
BK_HP0680,3,2,88.1,2025-12-14,2025-12-10,Đang cập nhật
BK_HP0681,3,2,88.0,2025-12-14,2025-12-04,Đang cập nhật
BK_HP0682,3,2,89.6,2025-12-14,2025-12-16,Đang cập nhật
BK_HP0683,3,2,93.0,2025-12-14,2025-12-07,Đang cập nhật
BK_HP0684,3,2,89.0,2025-12-14,2025-12-12,Đang cập nhật
KHTN_HP0001,3,2,89.1,2025-12-14,2025-12-19,Đang cập nhật
KHTN_HP0002,3,2,94.8,2025-12-14,2025-12-04,Đang cập nhật
KHTN_HP0003,3,2,90.0,2025-12-14,2025-12-09,Đang cập nhật
KHTN_HP0004,3,2,90.2,2025-12-14,2025-12-07,Đang cập nhật
KHTN_HP0005,3,2,86.5,2025-12-14,2025-12-16,Đang cập nhật
KHTN_HP0006,3,2,94.7,2025-12-14,2025-12-06,Đang cập nhật
KHTN_HP0007,3,2,87.3,2025-12-14,2025-12-19,Đang cập nhật
KHTN_HP0008,3,2,84.4,2025-12-14,2025-12-19,Đang cập nhật
KHTN_HP0009,3,2,82.9,2025-12-14,2025-12-19,Đang cập nhật
KHTN_HP0010,3,2,86.1,2025-12-14,2025-12-16,Đang cập nhật
KHTN_HP0011,3,2,85.4,2025-12-14,2025-12-15,Đang cập nhật
KHTN_HP0012,3,2,92.1,2025-12-14,2025-12-10,Đang cập nhật
KHTN_HP0013,3,2,91.8,2025-12-14,2025-12-19,Đang cập nhật
KHTN_HP0014,3,2,84.6,2025-12-14,2025-12-12,Đang cập nhật
KHTN_HP0015,3,2,88.0,2025-12-14,2025-12-10,Đang cập nhật
KHTN_HP0016,3,2,88.5,2025-12-14,2025-12-19,Đang cập nhật
KHTN_HP0017,3,2,88.7,2025-12-14,2025-12-13,Đang cập nhật
KHTN_HP0018,3,2,81.2,2025-12-14,2025-12-06,Đang cập nhật
KHTN_HP0019,3,2,91.3,2025-12-14,2025-12-16,Đang cập nhật
KHTN_HP0020,3,2,90.9,2025-12-14,2025-12-12,Đang cập nhật
KHTN_HP0021,3,2,92.5,2025-12-14,2025-12-13,Đang cập nhật
KHTN_HP0022,3,2,92.2,2025-12-14,2025-12-12,Đang cập nhật
KHTN_HP0023,3,2,93.5,2025-12-14,2025-12-17,Đang cập nhật
KHTN_HP0024,3,3,95.3,2025-12-14,2025-12-07,Đã hoàn thành
KHTN_HP0025,3,2,88.0,2025-12-14,2025-12-04,Đang cập nhật
KHTN_HP0026,3,2,90.5,2025-12-14,2025-12-06,Đang cập nhật
KHTN_HP0027,3,2,87.8,2025-12-14,2025-12-12,Đang cập nhật
KHTN_HP0028,3,2,90.0,2025-12-14,2025-12-17,Đang cập nhật
KHTN_HP0029,3,2,87.5,2025-12-14,2025-12-16,Đang cập nhật
KHTN_HP0030,3,2,93.8,2025-12-14,2025-12-07,Đang cập nhật
KHTN_HP0031,3,2,92.6,2025-12-14,2025-12-07,Đang cập nhật
KHTN_HP0032,3,2,88.6,2025-12-14,2025-12-09,Đang cập nhật
KHTN_HP0033,3,2,88.9,2025-12-14,2025-12-13,Đang cập nhật
KHTN_HP0034,3,2,90.4,2025-12-14,2025-12-07,Đang cập nhật
KHTN_HP0035,3,2,92.6,2025-12-14,2025-12-16,Đang cập nhật
KHTN_HP0036,3,2,90.4,2025-12-14,2025-12-15,Đang cập nhật
KHTN_HP0037,3,2,87.6,2025-12-14,2025-12-14,Đang cập nhật
KHTN_HP0038,3,2,89.7,2025-12-14,2025-12-18,Đang cập nhật
KHTN_HP0039,3,2,92.8,2025-12-14,2025-12-10,Đang cập nhật
KHTN_HP0040,3,2,87.7,2025-12-14,2025-12-11,Đang cập nhật
KHTN_HP0041,3,2,89.5,2025-12-14,2025-12-06,Đang cập nhật
KHTN_HP0042,3,2,91.3,2025-12-14,2025-12-13,Đang cập nhật
KHTN_HP0043,3,2,90.3,2025-12-14,2025-12-07,Đang cập nhật
KHTN_HP0044,3,2,86.7,2025-12-14,2025-12-16,Đang cập nhật
KHTN_HP0045,3,2,90.4,2025-12-14,2025-12-04,Đang cập nhật
KHTN_HP0046,3,2,91.7,2025-12-14,2025-12-14,Đang cập nhật
KHTN_HP0047,3,2,90.4,2025-12-14,2025-12-14,Đang cập nhật
KHTN_HP0048,3,2,89.1,2025-12-14,2025-12-04,Đang cập nhật
KHTN_HP0049,3,3,99.7,2025-12-14,2025-12-09,Đã hoàn thành
KHTN_HP0050,3,2,89.0,2025-12-14,2025-12-07,Đang cập nhật
KHTN_HP0051,3,2,87.5,2025-12-14,2025-12-18,Đang cập nhật
KHTN_HP0052,3,2,94.2,2025-12-14,2025-12-18,Đang cập nhật
KHTN_HP0053,3,2,88.5,2025-12-14,2025-12-13,Đang cập nhật
KHTN_HP0054,3,2,90.8,2025-12-14,2025-12-11,Đang cập nhật
KHTN_HP0055,3,2,94.8,2025-12-14,2025-12-07,Đang cập nhật
KHTN_HP0056,3,2,86.4,2025-12-14,2025-12-09,Đang cập nhật
KHTN_HP0057,3,2,88.7,2025-12-14,2025-12-11,Đang cập nhật
KHTN_HP0058,3,2,86.5,2025-12-14,2025-12-13,Đang cập nhật
KHTN_HP0059,3,2,88.7,2025-12-14,2025-12-07,Đang cập nhật
KHTN_HP0060,3,2,88.6,2025-12-14,2025-12-12,Đang cập nhật
KHTN_HP0061,3,2,87.5,2025-12-14,2025-12-04,Đang cập nhật
KHTN_HP0062,3,2,91.1,2025-12-14,2025-12-18,Đang cập nhật
KHTN_HP0063,3,2,87.1,2025-12-14,2025-12-13,Đang cập nhật
KHTN_HP0064,3,3,99.0,2025-12-14,2025-12-15,Đã hoàn thành
KHTN_HP0065,3,2,89.6,2025-12-14,2025-12-10,Đang cập nhật
KHTN_HP0066,3,2,92.2,2025-12-14,2025-12-17,Đang cập nhật
KHTN_HP0067,3,2,92.7,2025-12-14,2025-12-18,Đang cập nhật
KHTN_HP0068,3,2,93.1,2025-12-14,2025-12-09,Đang cập nhật
KHTN_HP0069,3,2,92.5,2025-12-14,2025-12-07,Đang cập nhật
KHTN_HP0070,3,2,90.2,2025-12-14,2025-12-14,Đang cập nhật
KHTN_HP0071,3,2,88.2,2025-12-14,2025-12-15,Đang cập nhật
KHTN_HP0072,3,2,90.4,2025-12-14,2025-12-14,Đang cập nhật
KHTN_HP0073,3,2,88.3,2025-12-14,2025-12-14,Đang cập nhật
KHTN_HP0074,3,2,88.6,2025-12-14,2025-12-13,Đang cập nhật
KHTN_HP0075,3,2,92.6,2025-12-14,2025-12-12,Đang cập nhật
KHTN_HP0076,3,2,90.3,2025-12-14,2025-12-13,Đang cập nhật
KHTN_HP0077,3,2,91.9,2025-12-14,2025-12-13,Đang cập nhật
KHTN_HP0078,3,2,89.6,2025-12-14,2025-12-14,Đang cập nhật
KHTN_HP0079,3,2,87.5,2025-12-14,2025-12-17,Đang cập nhật
KHTN_HP0080,3,2,88.8,2025-12-14,2025-12-17,Đang cập nhật
KHTN_HP0081,3,2,91.1,2025-12-14,2025-12-17,Đang cập nhật
KHTN_HP0082,3,2,93.9,2025-12-14,2025-12-11,Đang cập nhật
KHTN_HP0083,3,2,92.7,2025-12-14,2025-12-05,Đang cập nhật
KHTN_HP0084,3,2,87.9,2025-12-14,2025-12-05,Đang cập nhật
KHTN_HP0085,3,2,92.6,2025-12-14,2025-12-08,Đang cập nhật
KHTN_HP0086,3,2,85.6,2025-12-14,2025-12-06,Đang cập nhật
KHTN_HP0087,3,3,95.5,2025-12-14,2025-12-06,Đã hoàn thành
KHTN_HP0088,3,2,90.7,2025-12-14,2025-12-05,Đang cập nhật
KHTN_HP0089,3,2,89.0,2025-12-14,2025-12-12,Đang cập nhật
KHTN_HP0090,3,2,92.2,2025-12-14,2025-12-19,Đang cập nhật
KHTN_HP0091,3,2,92.7,2025-12-14,2025-12-11,Đang cập nhật
KHTN_HP0092,3,2,84.7,2025-12-14,2025-12-19,Đang cập nhật
KHTN_HP0093,3,2,90.4,2025-12-14,2025-12-19,Đang cập nhật
KHTN_HP0094,3,2,89.6,2025-12-14,2025-12-18,Đang cập nhật
KHTN_HP0095,3,2,89.4,2025-12-14,2025-12-07,Đang cập nhật
KHTN_HP0096,3,2,93.2,2025-12-14,2025-12-14,Đang cập nhật
KHTN_HP0097,3,2,84.9,2025-12-14,2025-12-09,Đang cập nhật
KHTN_HP0098,3,2,93.1,2025-12-14,2025-12-14,Đang cập nhật
KHTN_HP0099,3,2,91.3,2025-12-14,2025-12-13,Đang cập nhật
KHTN_HP0100,3,2,93.7,2025-12-14,2025-12-14,Đang cập nhật
KHTN_HP0101,3,2,88.2,2025-12-14,2025-12-14,Đang cập nhật
KHTN_HP0102,3,2,89.4,2025-12-14,2025-12-05,Đang cập nhật
KHTN_HP0103,3,2,92.5,2025-12-14,2025-12-08,Đang cập nhật
KHTN_HP0104,3,2,88.3,2025-12-14,2025-12-07,Đang cập nhật
KHTN_HP0105,3,2,86.4,2025-12-14,2025-12-18,Đang cập nhật
KHTN_HP0106,3,2,90.1,2025-12-14,2025-12-09,Đang cập nhật
KHTN_HP0107,3,2,90.2,2025-12-14,2025-12-05,Đang cập nhật
KHTN_HP0108,3,2,85.2,2025-12-14,2025-12-04,Đang cập nhật
KHTN_HP0109,3,2,84.6,2025-12-14,2025-12-19,Đang cập nhật
KHTN_HP0110,3,2,92.2,2025-12-14,2025-12-05,Đang cập nhật
KHTN_HP0111,3,2,90.7,2025-12-14,2025-12-17,Đang cập nhật
KHTN_HP0112,3,2,92.2,2025-12-14,2025-12-17,Đang cập nhật
KHTN_HP0113,3,2,91.0,2025-12-14,2025-12-14,Đang cập nhật
KHTN_HP0114,3,2,94.7,2025-12-14,2025-12-17,Đang cập nhật
KHTN_HP0115,3,2,83.6,2025-12-14,2025-12-17,Đang cập nhật
KHTN_HP0116,3,2,93.9,2025-12-14,2025-12-07,Đang cập nhật
KHTN_HP0117,3,2,92.7,2025-12-14,2025-12-08,Đang cập nhật
KHTN_HP0118,3,2,85.3,2025-12-14,2025-12-13,Đang cập nhật
KHTN_HP0119,3,2,89.2,2025-12-14,2025-12-12,Đang cập nhật
KHTN_HP0120,3,2,92.6,2025-12-14,2025-12-13,Đang cập nhật
KHTN_HP0121,3,3,95.0,2025-12-14,2025-12-05,Đã hoàn thành
KHTN_HP0122,3,2,89.1,2025-12-14,2025-12-09,Đang cập nhật
KHTN_HP0123,3,2,92.9,2025-12-14,2025-12-15,Đang cập nhật
KHTN_HP0124,3,2,93.0,2025-12-14,2025-12-15,Đang cập nhật
KHTN_HP0125,3,2,94.3,2025-12-14,2025-12-17,Đang cập nhật
KHTN_HP0126,3,2,86.5,2025-12-14,2025-12-15,Đang cập nhật
KHTN_HP0127,3,2,87.5,2025-12-14,2025-12-17,Đang cập nhật
KHTN_HP0128,3,2,90.1,2025-12-14,2025-12-07,Đang cập nhật
KHTN_HP0129,3,2,87.2,2025-12-14,2025-12-07,Đang cập nhật
KHTN_HP0130,3,2,89.8,2025-12-14,2025-12-04,Đang cập nhật
KHTN_HP0131,3,2,89.4,2025-12-14,2025-12-13,Đang cập nhật
KHTN_HP0132,3,2,91.6,2025-12-14,2025-12-06,Đang cập nhật
KHTN_HP0133,3,2,87.4,2025-12-14,2025-12-13,Đang cập nhật
KHTN_HP0134,3,2,92.8,2025-12-14,2025-12-17,Đang cập nhật
KHTN_HP0135,3,2,87.2,2025-12-14,2025-12-12,Đang cập nhật
KHTN_HP0136,3,2,93.6,2025-12-14,2025-12-17,Đang cập nhật
KHTN_HP0137,3,2,89.9,2025-12-14,2025-12-08,Đang cập nhật
KHTN_HP0138,3,2,91.7,2025-12-14,2025-12-16,Đang cập nhật
KHTN_HP0139,3,2,84.2,2025-12-14,2025-12-09,Đang cập nhật
KHTN_HP0140,3,3,98.3,2025-12-14,2025-12-19,Đã hoàn thành
KHTN_HP0141,3,2,80.9,2025-12-14,2025-12-19,Đang cập nhật
KHTN_HP0142,3,2,86.3,2025-12-14,2025-12-13,Đang cập nhật
KHTN_HP0143,3,2,93.2,2025-12-14,2025-12-17,Đang cập nhật
KHTN_HP0144,3,2,89.3,2025-12-14,2025-12-05,Đang cập nhật
KHTN_HP0145,3,2,91.6,2025-12-14,2025-12-04,Đang cập nhật
KHTN_HP0146,3,2,93.7,2025-12-14,2025-12-05,Đang cập nhật
KHTN_HP0147,3,2,94.1,2025-12-14,2025-12-14,Đang cập nhật
KHTN_HP0148,3,2,88.9,2025-12-14,2025-12-19,Đang cập nhật
KHTN_HP0149,3,2,88.1,2025-12-14,2025-12-11,Đang cập nhật
KHTN_HP0150,3,2,89.3,2025-12-14,2025-12-07,Đang cập nhật
KHTN_HP0151,3,2,88.1,2025-12-14,2025-12-11,Đang cập nhật
KHTN_HP0152,3,2,86.1,2025-12-14,2025-12-04,Đang cập nhật
KHTN_HP0153,3,2,92.0,2025-12-14,2025-12-04,Đang cập nhật
KHTN_HP0154,3,2,90.0,2025-12-14,2025-12-17,Đang cập nhật
KHTN_HP0155,3,2,86.5,2025-12-14,2025-12-18,Đang cập nhật
KHTN_HP0156,3,2,91.1,2025-12-14,2025-12-19,Đang cập nhật
KHTN_HP0157,3,2,89.9,2025-12-14,2025-12-12,Đang cập nhật
KHTN_HP0158,3,2,94.5,2025-12-14,2025-12-07,Đang cập nhật
KHTN_HP0159,3,2,88.8,2025-12-14,2025-12-07,Đang cập nhật
KHTN_HP0160,3,2,88.5,2025-12-14,2025-12-14,Đang cập nhật
KHTN_HP0161,3,2,89.2,2025-12-14,2025-12-15,Đang cập nhật
KHTN_HP0162,3,2,87.1,2025-12-14,2025-12-04,Đang cập nhật
KHTN_HP0163,3,2,86.7,2025-12-14,2025-12-14,Đang cập nhật
KHTN_HP0164,3,2,89.4,2025-12-14,2025-12-10,Đang cập nhật
KHTN_HP0165,3,2,89.1,2025-12-14,2025-12-13,Đang cập nhật
KHTN_HP0166,3,2,85.4,2025-12-14,2025-12-17,Đang cập nhật
KHTN_HP0167,3,3,95.5,2025-12-14,2025-12-16,Đã hoàn thành
KHTN_HP0168,3,3,95.7,2025-12-14,2025-12-19,Đã hoàn thành
KHTN_HP0169,3,2,84.5,2025-12-14,2025-12-10,Đang cập nhật
KHTN_HP0170,3,2,88.6,2025-12-14,2025-12-07,Đang cập nhật
KHTN_HP0171,3,2,86.7,2025-12-14,2025-12-05,Đang cập nhật
KHTN_HP0172,3,2,90.3,2025-12-14,2025-12-04,Đang cập nhật
KHTN_HP0173,3,2,94.9,2025-12-14,2025-12-07,Đang cập nhật
KHTN_HP0174,3,2,84.8,2025-12-14,2025-12-16,Đang cập nhật
KHTN_HP0175,3,2,85.0,2025-12-14,2025-12-11,Đang cập nhật
KHTN_HP0176,3,2,87.5,2025-12-14,2025-12-09,Đang cập nhật
KHTN_HP0177,3,2,88.4,2025-12-14,2025-12-18,Đang cập nhật
KHTN_HP0178,3,2,91.2,2025-12-14,2025-12-08,Đang cập nhật
KHTN_HP0179,3,2,92.8,2025-12-14,2025-12-12,Đang cập nhật
KHTN_HP0180,3,2,88.8,2025-12-14,2025-12-06,Đang cập nhật
KHTN_HP0181,3,2,93.2,2025-12-14,2025-12-09,Đang cập nhật
KHTN_HP0182,3,2,85.8,2025-12-14,2025-12-07,Đang cập nhật
KHTN_HP0183,3,2,88.7,2025-12-14,2025-12-05,Đang cập nhật
KHTN_HP0184,3,2,90.3,2025-12-14,2025-12-17,Đang cập nhật
KHTN_HP0185,3,2,92.3,2025-12-14,2025-12-07,Đang cập nhật
KHTN_HP0186,3,2,92.1,2025-12-14,2025-12-04,Đang cập nhật
KHTN_HP0187,3,2,86.5,2025-12-14,2025-12-18,Đang cập nhật
KHTN_HP0188,3,2,86.8,2025-12-14,2025-12-18,Đang cập nhật
KHTN_HP0189,3,2,86.9,2025-12-14,2025-12-06,Đang cập nhật
KHTN_HP0190,3,2,93.7,2025-12-14,2025-12-17,Đang cập nhật
KHTN_HP0191,3,2,89.7,2025-12-14,2025-12-12,Đang cập nhật
KHTN_HP0192,3,2,93.0,2025-12-14,2025-12-04,Đang cập nhật
KHTN_HP0193,3,3,96.3,2025-12-14,2025-12-05,Đã hoàn thành
KHTN_HP0194,3,2,90.7,2025-12-14,2025-12-19,Đang cập nhật
KHTN_HP0195,3,2,90.9,2025-12-14,2025-12-05,Đang cập nhật
KHTN_HP0196,3,2,82.7,2025-12-14,2025-12-14,Đang cập nhật
KHTN_HP0197,3,2,89.5,2025-12-14,2025-12-13,Đang cập nhật
KHTN_HP0198,3,2,89.9,2025-12-14,2025-12-18,Đang cập nhật
KHTN_HP0199,3,2,92.4,2025-12-14,2025-12-12,Đang cập nhật
KHTN_HP0200,3,2,90.5,2025-12-14,2025-12-16,Đang cập nhật
KHTN_HP0201,3,2,88.4,2025-12-14,2025-12-04,Đang cập nhật
KHTN_HP0202,3,2,90.8,2025-12-14,2025-12-15,Đang cập nhật
KHTN_HP0203,3,2,89.1,2025-12-14,2025-12-14,Đang cập nhật
KHTN_HP0204,3,2,88.3,2025-12-14,2025-12-06,Đang cập nhật
KHTN_HP0205,3,2,92.2,2025-12-14,2025-12-13,Đang cập nhật
KHTN_HP0206,3,2,85.2,2025-12-14,2025-12-14,Đang cập nhật
KHTN_HP0207,3,2,87.8,2025-12-14,2025-12-16,Đang cập nhật
KHTN_HP0208,3,2,90.9,2025-12-14,2025-12-19,Đang cập nhật
KHTN_HP0209,3,2,92.0,2025-12-14,2025-12-18,Đang cập nhật
KHTN_HP0210,3,2,91.1,2025-12-14,2025-12-11,Đang cập nhật
KHTN_HP0211,3,2,91.3,2025-12-14,2025-12-04,Đang cập nhật
KHTN_HP0212,3,2,92.0,2025-12-14,2025-12-16,Đang cập nhật
KHTN_HP0213,3,2,89.5,2025-12-14,2025-12-09,Đang cập nhật
KHTN_HP0214,3,2,85.1,2025-12-14,2025-12-14,Đang cập nhật
KHTN_HP0215,3,2,90.7,2025-12-14,2025-12-10,Đang cập nhật
KHTN_HP0216,3,2,86.3,2025-12-14,2025-12-10,Đang cập nhật
KHTN_HP0217,3,2,93.0,2025-12-14,2025-12-12,Đang cập nhật
KHTN_HP0218,3,2,89.0,2025-12-14,2025-12-16,Đang cập nhật
KHTN_HP0219,3,3,95.7,2025-12-14,2025-12-14,Đã hoàn thành
KHTN_HP0220,3,2,92.6,2025-12-14,2025-12-07,Đang cập nhật
KHTN_HP0221,3,2,88.9,2025-12-14,2025-12-06,Đang cập nhật
KHTN_HP0222,3,2,89.6,2025-12-14,2025-12-14,Đang cập nhật
KHTN_HP0223,3,2,85.3,2025-12-14,2025-12-17,Đang cập nhật
KHTN_HP0224,3,2,89.4,2025-12-14,2025-12-17,Đang cập nhật
KHTN_HP0225,3,2,90.6,2025-12-14,2025-12-14,Đang cập nhật
KHTN_HP0226,3,2,92.2,2025-12-14,2025-12-19,Đang cập nhật
KHTN_HP0227,3,2,92.9,2025-12-14,2025-12-09,Đang cập nhật
KHTN_HP0228,3,2,89.0,2025-12-14,2025-12-14,Đang cập nhật
KHTN_HP0229,3,2,88.5,2025-12-14,2025-12-11,Đang cập nhật
KHTN_HP0230,3,2,87.6,2025-12-14,2025-12-05,Đang cập nhật
KHTN_HP0231,3,2,82.5,2025-12-14,2025-12-16,Đang cập nhật
KHTN_HP0232,3,2,92.3,2025-12-14,2025-12-14,Đang cập nhật
KHTN_HP0233,3,2,88.0,2025-12-14,2025-12-07,Đang cập nhật
KHTN_HP0234,3,2,93.6,2025-12-14,2025-12-15,Đang cập nhật
KHTN_HP0235,3,2,89.5,2025-12-14,2025-12-11,Đang cập nhật
KHTN_HP0236,3,3,95.0,2025-12-14,2025-12-07,Đã hoàn thành
KHTN_HP0237,3,2,91.0,2025-12-14,2025-12-04,Đang cập nhật
KHTN_HP0238,3,2,91.4,2025-12-14,2025-12-15,Đang cập nhật
KHTN_HP0239,3,2,90.4,2025-12-14,2025-12-15,Đang cập nhật
KHTN_HP0240,3,2,91.1,2025-12-14,2025-12-18,Đang cập nhật
KHTN_HP0241,3,2,94.3,2025-12-14,2025-12-14,Đang cập nhật
KHTN_HP0242,3,2,89.1,2025-12-14,2025-12-12,Đang cập nhật
KHTN_HP0243,3,2,89.1,2025-12-14,2025-12-08,Đang cập nhật
KHTN_HP0244,3,2,89.3,2025-12-14,2025-12-06,Đang cập nhật
KHTN_HP0245,3,2,90.1,2025-12-14,2025-12-11,Đang cập nhật
KHTN_HP0246,3,2,92.9,2025-12-14,2025-12-14,Đang cập nhật
KHTN_HP0247,3,2,92.3,2025-12-14,2025-12-13,Đang cập nhật
KHTN_HP0248,3,2,85.6,2025-12-14,2025-12-06,Đang cập nhật
KHTN_HP0249,3,2,89.9,2025-12-14,2025-12-05,Đang cập nhật
KHTN_HP0250,3,3,97.1,2025-12-14,2025-12-12,Đã hoàn thành
KHTN_HP0251,3,2,92.9,2025-12-14,2025-12-11,Đang cập nhật
KHTN_HP0252,3,2,88.5,2025-12-14,2025-12-18,Đang cập nhật
KHTN_HP0253,3,2,93.8,2025-12-14,2025-12-14,Đang cập nhật
KHTN_HP0254,3,2,91.9,2025-12-14,2025-12-19,Đang cập nhật
KHTN_HP0255,3,2,86.1,2025-12-14,2025-12-19,Đang cập nhật
KHTN_HP0256,3,2,92.9,2025-12-14,2025-12-14,Đang cập nhật
KHTN_HP0257,3,2,86.4,2025-12-14,2025-12-14,Đang cập nhật
KHTN_HP0258,3,2,88.0,2025-12-14,2025-12-11,Đang cập nhật
KHTN_HP0259,3,2,92.8,2025-12-14,2025-12-05,Đang cập nhật
KHTN_HP0260,3,2,91.1,2025-12-14,2025-12-09,Đang cập nhật
KHTN_HP0261,3,2,93.0,2025-12-14,2025-12-15,Đang cập nhật
KHTN_HP0262,3,2,91.0,2025-12-14,2025-12-11,Đang cập nhật
KHTN_HP0263,3,2,93.8,2025-12-14,2025-12-07,Đang cập nhật
KHTN_HP0264,3,2,88.7,2025-12-14,2025-12-05,Đang cập nhật
KHTN_HP0265,3,2,89.3,2025-12-14,2025-12-07,Đang cập nhật
KHTN_HP0266,3,2,90.3,2025-12-14,2025-12-06,Đang cập nhật
KHTN_HP0267,3,2,92.3,2025-12-14,2025-12-12,Đang cập nhật
KHTN_HP0268,3,2,92.0,2025-12-14,2025-12-16,Đang cập nhật
KHTN_HP0269,3,2,89.4,2025-12-14,2025-12-10,Đang cập nhật
KHTN_HP0270,3,2,91.9,2025-12-14,2025-12-17,Đang cập nhật
KHTN_HP0271,3,2,89.6,2025-12-14,2025-12-07,Đang cập nhật
KHTN_HP0272,3,2,88.7,2025-12-14,2025-12-18,Đang cập nhật
KHTN_HP0273,3,2,88.6,2025-12-14,2025-12-14,Đang cập nhật
KHTN_HP0274,3,2,87.2,2025-12-14,2025-12-17,Đang cập nhật
KHTN_HP0275,3,2,92.2,2025-12-14,2025-12-08,Đang cập nhật
KHTN_HP0276,3,2,88.3,2025-12-14,2025-12-06,Đang cập nhật
KHTN_HP0277,3,2,87.6,2025-12-14,2025-12-14,Đang cập nhật
KHTN_HP0278,3,2,89.0,2025-12-14,2025-12-14,Đang cập nhật
KHTN_HP0279,3,2,91.2,2025-12-14,2025-12-05,Đang cập nhật
KHTN_HP0280,3,2,87.8,2025-12-14,2025-12-12,Đang cập nhật
KHTN_HP0281,3,2,87.3,2025-12-14,2025-12-19,Đang cập nhật
KHTN_HP0282,3,2,92.7,2025-12-14,2025-12-05,Đang cập nhật
KHTN_HP0283,3,2,92.1,2025-12-14,2025-12-15,Đang cập nhật
KHTN_HP0284,3,2,89.6,2025-12-14,2025-12-17,Đang cập nhật
KHTN_HP0285,3,2,90.2,2025-12-14,2025-12-08,Đang cập nhật
KHTN_HP0286,3,2,88.3,2025-12-14,2025-12-17,Đang cập nhật
KHTN_HP0287,3,2,90.6,2025-12-14,2025-12-10,Đang cập nhật
KHTN_HP0288,3,2,94.0,2025-12-14,2025-12-15,Đang cập nhật
KHTN_HP0289,3,3,95.8,2025-12-14,2025-12-16,Đã hoàn thành
KHTN_HP0290,3,2,89.4,2025-12-14,2025-12-11,Đang cập nhật
KHTN_HP0291,3,2,83.5,2025-12-14,2025-12-18,Đang cập nhật
KHTN_HP0292,3,2,86.9,2025-12-14,2025-12-08,Đang cập nhật
KHTN_HP0293,3,2,94.9,2025-12-14,2025-12-07,Đang cập nhật
KHTN_HP0294,3,2,83.7,2025-12-14,2025-12-12,Đang cập nhật
KHTN_HP0295,3,2,90.2,2025-12-14,2025-12-04,Đang cập nhật
KHTN_HP0296,3,2,86.8,2025-12-14,2025-12-16,Đang cập nhật
KHTN_HP0297,3,2,86.6,2025-12-14,2025-12-18,Đang cập nhật
KHTN_HP0298,3,2,90.2,2025-12-14,2025-12-19,Đang cập nhật
KHTN_HP0299,3,3,95.5,2025-12-14,2025-12-13,Đã hoàn thành
KHTN_HP0300,3,2,93.6,2025-12-14,2025-12-17,Đang cập nhật
KHTN_HP0301,3,2,91.9,2025-12-14,2025-12-13,Đang cập nhật
KHTN_HP0302,3,2,92.0,2025-12-14,2025-12-06,Đang cập nhật
KHTN_HP0303,3,2,89.6,2025-12-14,2025-12-08,Đang cập nhật
KHTN_HP0304,3,2,88.8,2025-12-14,2025-12-04,Đang cập nhật
KHTN_HP0305,3,2,88.2,2025-12-14,2025-12-12,Đang cập nhật
KHTN_HP0306,3,2,92.9,2025-12-14,2025-12-15,Đang cập nhật
KHTN_HP0307,3,2,89.8,2025-12-14,2025-12-09,Đang cập nhật
KHTN_HP0308,3,2,91.4,2025-12-14,2025-12-15,Đang cập nhật
KHTN_HP0309,3,2,92.9,2025-12-14,2025-12-11,Đang cập nhật
KHTN_HP0310,3,2,92.7,2025-12-14,2025-12-16,Đang cập nhật
KHTN_HP0311,3,2,94.2,2025-12-14,2025-12-12,Đang cập nhật
KHTN_HP0312,3,2,89.9,2025-12-14,2025-12-08,Đang cập nhật
KHTN_HP0313,3,2,92.5,2025-12-14,2025-12-16,Đang cập nhật
KHTN_HP0314,3,2,89.8,2025-12-14,2025-12-18,Đang cập nhật
KHTN_HP0315,3,2,90.3,2025-12-14,2025-12-16,Đang cập nhật
KHTN_HP0316,3,2,90.9,2025-12-14,2025-12-13,Đang cập nhật
KHTN_HP0317,3,2,89.7,2025-12-14,2025-12-11,Đang cập nhật
KHTN_HP0318,3,2,89.6,2025-12-14,2025-12-15,Đang cập nhật
KHTN_HP0319,3,2,86.9,2025-12-14,2025-12-07,Đang cập nhật
KHTN_HP0320,3,2,87.3,2025-12-14,2025-12-12,Đang cập nhật
KHTN_HP0321,3,2,86.6,2025-12-14,2025-12-14,Đang cập nhật
KHTN_HP0322,3,2,92.7,2025-12-14,2025-12-10,Đang cập nhật
KHTN_HP0323,3,2,88.1,2025-12-14,2025-12-12,Đang cập nhật
KHTN_HP0324,3,2,89.6,2025-12-14,2025-12-19,Đang cập nhật
KHTN_HP0325,3,2,80.6,2025-12-14,2025-12-16,Đang cập nhật
KHTN_HP0326,3,2,94.9,2025-12-14,2025-12-11,Đang cập nhật
KHTN_HP0327,3,2,93.5,2025-12-14,2025-12-10,Đang cập nhật
KHTN_HP0328,3,2,90.6,2025-12-14,2025-12-15,Đang cập nhật
KHTN_HP0329,3,2,87.4,2025-12-14,2025-12-19,Đang cập nhật
KHTN_HP0330,3,2,91.0,2025-12-14,2025-12-04,Đang cập nhật
KHTN_HP0331,3,3,96.2,2025-12-14,2025-12-19,Đã hoàn thành
KHTN_HP0332,3,2,85.5,2025-12-14,2025-12-13,Đang cập nhật
KHTN_HP0333,3,2,88.9,2025-12-14,2025-12-15,Đang cập nhật
KHTN_HP0334,3,2,89.1,2025-12-14,2025-12-07,Đang cập nhật
KHTN_HP0335,3,2,93.3,2025-12-14,2025-12-06,Đang cập nhật
KHTN_HP0336,3,2,84.7,2025-12-14,2025-12-17,Đang cập nhật
KHTN_HP0337,3,2,86.9,2025-12-14,2025-12-09,Đang cập nhật
KHTN_HP0338,3,2,91.5,2025-12-14,2025-12-19,Đang cập nhật
KHTN_HP0339,3,2,90.5,2025-12-14,2025-12-18,Đang cập nhật
KHTN_HP0340,3,2,93.3,2025-12-14,2025-12-17,Đang cập nhật
KHTN_HP0341,3,2,88.3,2025-12-14,2025-12-13,Đang cập nhật
KHTN_HP0342,3,2,87.5,2025-12-14,2025-12-19,Đang cập nhật
KHTN_HP0343,3,2,86.0,2025-12-14,2025-12-04,Đang cập nhật
KHTN_HP0344,3,2,93.9,2025-12-14,2025-12-16,Đang cập nhật
KHTN_HP0345,3,2,88.0,2025-12-14,2025-12-08,Đang cập nhật
KHTN_HP0346,3,2,89.4,2025-12-14,2025-12-05,Đang cập nhật
KHTN_HP0347,3,2,92.4,2025-12-14,2025-12-12,Đang cập nhật
KHTN_HP0348,3,2,86.7,2025-12-14,2025-12-09,Đang cập nhật
KHTN_HP0349,3,2,86.3,2025-12-14,2025-12-19,Đang cập nhật
KHTN_HP0350,3,2,93.4,2025-12-14,2025-12-04,Đang cập nhật
KHTN_HP0351,3,2,89.0,2025-12-14,2025-12-07,Đang cập nhật
KHTN_HP0352,3,2,87.6,2025-12-14,2025-12-18,Đang cập nhật
KHTN_HP0353,3,2,90.4,2025-12-14,2025-12-18,Đang cập nhật
KHTN_HP0354,3,2,89.7,2025-12-14,2025-12-14,Đang cập nhật
KHTN_HP0355,3,3,97.3,2025-12-14,2025-12-08,Đã hoàn thành
KHTN_HP0356,3,2,93.3,2025-12-14,2025-12-18,Đang cập nhật
KHTN_HP0357,3,2,84.9,2025-12-14,2025-12-17,Đang cập nhật
KHTN_HP0358,3,2,94.1,2025-12-14,2025-12-14,Đang cập nhật
KHTN_HP0359,3,2,86.7,2025-12-14,2025-12-17,Đang cập nhật
KHTN_HP0360,3,2,91.9,2025-12-14,2025-12-15,Đang cập nhật
KHTN_HP0361,3,3,95.7,2025-12-14,2025-12-09,Đã hoàn thành
KHTN_HP0362,3,2,86.0,2025-12-14,2025-12-11,Đang cập nhật
KHTN_HP0363,3,2,88.8,2025-12-14,2025-12-19,Đang cập nhật
KHTN_HP0364,3,2,93.1,2025-12-14,2025-12-13,Đang cập nhật
KHTN_HP0365,3,2,90.9,2025-12-14,2025-12-13,Đang cập nhật
KHTN_HP0366,3,2,89.2,2025-12-14,2025-12-04,Đang cập nhật
KHTN_HP0367,3,2,88.0,2025-12-14,2025-12-18,Đang cập nhật
KHTN_HP0368,3,2,90.5,2025-12-14,2025-12-10,Đang cập nhật
KHTN_HP0369,3,2,92.9,2025-12-14,2025-12-09,Đang cập nhật
KHTN_HP0370,3,2,88.9,2025-12-14,2025-12-06,Đang cập nhật
KHTN_HP0371,3,2,94.1,2025-12-14,2025-12-15,Đang cập nhật
KHTN_HP0372,3,2,91.2,2025-12-14,2025-12-15,Đang cập nhật
KHTN_HP0373,3,2,88.1,2025-12-14,2025-12-14,Đang cập nhật
KHTN_HP0374,3,2,88.0,2025-12-14,2025-12-09,Đang cập nhật
KHTN_HP0375,3,2,87.2,2025-12-14,2025-12-19,Đang cập nhật
KHTN_HP0376,3,3,99.4,2025-12-14,2025-12-04,Đã hoàn thành
KHTN_HP0377,3,2,88.9,2025-12-14,2025-12-18,Đang cập nhật
KHTN_HP0378,3,2,93.5,2025-12-14,2025-12-06,Đang cập nhật
KHTN_HP0379,3,2,94.0,2025-12-14,2025-12-07,Đang cập nhật
KHTN_HP0380,3,2,88.5,2025-12-14,2025-12-08,Đang cập nhật
KHTN_HP0381,3,3,99.3,2025-12-14,2025-12-06,Đã hoàn thành
KHTN_HP0382,3,2,87.5,2025-12-14,2025-12-16,Đang cập nhật
KHTN_HP0383,3,2,87.1,2025-12-14,2025-12-10,Đang cập nhật
KHTN_HP0384,3,2,92.2,2025-12-14,2025-12-07,Đang cập nhật
KHTN_HP0385,3,2,91.8,2025-12-14,2025-12-17,Đang cập nhật
KHTN_HP0386,3,2,94.8,2025-12-14,2025-12-15,Đang cập nhật
KHTN_HP0387,3,2,91.3,2025-12-14,2025-12-12,Đang cập nhật
KHTN_HP0388,3,3,99.4,2025-12-14,2025-12-12,Đã hoàn thành
KHTN_HP0389,3,2,91.8,2025-12-14,2025-12-12,Đang cập nhật
KHTN_HP0390,3,2,85.5,2025-12-14,2025-12-05,Đang cập nhật
KHTN_HP0391,3,3,95.9,2025-12-14,2025-12-19,Đã hoàn thành
KHTN_HP0392,3,2,89.6,2025-12-14,2025-12-05,Đang cập nhật
KHTN_HP0393,3,2,85.3,2025-12-14,2025-12-19,Đang cập nhật
KHTN_HP0394,3,2,90.1,2025-12-14,2025-12-16,Đang cập nhật
KHTN_HP0395,3,2,91.2,2025-12-14,2025-12-10,Đang cập nhật
KHTN_HP0396,3,2,88.6,2025-12-14,2025-12-14,Đang cập nhật
KHTN_HP0397,3,2,94.4,2025-12-14,2025-12-19,Đang cập nhật
KHTN_HP0398,3,2,91.3,2025-12-14,2025-12-06,Đang cập nhật
KHTN_HP0399,3,2,86.8,2025-12-14,2025-12-13,Đang cập nhật
KHTN_HP0400,3,2,89.1,2025-12-14,2025-12-18,Đang cập nhật
KHTN_HP0401,3,2,90.0,2025-12-14,2025-12-15,Đang cập nhật
KHTN_HP0402,3,2,89.7,2025-12-14,2025-12-04,Đang cập nhật
KHTN_HP0403,3,2,88.6,2025-12-14,2025-12-04,Đang cập nhật
KHTN_HP0404,3,3,99.9,2025-12-14,2025-12-19,Đã hoàn thành
KHTN_HP0405,3,2,88.7,2025-12-14,2025-12-18,Đang cập nhật
KHTN_HP0406,3,2,89.4,2025-12-14,2025-12-15,Đang cập nhật
KHTN_HP0407,3,2,91.1,2025-12-14,2025-12-06,Đang cập nhật
KHTN_HP0408,3,2,86.3,2025-12-14,2025-12-08,Đang cập nhật
KHTN_HP0409,3,2,89.5,2025-12-14,2025-12-16,Đang cập nhật
KHTN_HP0410,3,2,85.5,2025-12-14,2025-12-10,Đang cập nhật
KHTN_HP0411,3,2,85.9,2025-12-14,2025-12-11,Đang cập nhật
KHTN_HP0412,3,2,89.3,2025-12-14,2025-12-08,Đang cập nhật
KHTN_HP0413,3,2,84.6,2025-12-14,2025-12-04,Đang cập nhật
KHTN_HP0414,3,2,94.1,2025-12-14,2025-12-13,Đang cập nhật
KHTN_HP0415,3,2,84.9,2025-12-14,2025-12-14,Đang cập nhật
KHTN_HP0416,3,2,89.1,2025-12-14,2025-12-15,Đang cập nhật
KHTN_HP0417,3,2,93.3,2025-12-14,2025-12-14,Đang cập nhật
KHTN_HP0418,3,2,94.8,2025-12-14,2025-12-15,Đang cập nhật
KHTN_HP0419,3,2,84.0,2025-12-14,2025-12-18,Đang cập nhật
KHTN_HP0420,3,2,92.5,2025-12-14,2025-12-10,Đang cập nhật
KHTN_HP0421,3,2,88.6,2025-12-14,2025-12-18,Đang cập nhật
KHTN_HP0422,3,2,88.1,2025-12-14,2025-12-07,Đang cập nhật
KHTN_HP0423,3,2,90.3,2025-12-14,2025-12-12,Đang cập nhật
KHTN_HP0424,3,2,90.3,2025-12-14,2025-12-10,Đang cập nhật
KHTN_HP0425,3,2,90.0,2025-12-14,2025-12-16,Đang cập nhật
KHTN_HP0426,3,3,95.5,2025-12-14,2025-12-05,Đã hoàn thành
KT_HP0001,3,3,95.8,2025-12-14,2025-12-14,Đã hoàn thành
KT_HP0002,3,2,88.3,2025-12-14,2025-12-13,Đang cập nhật
KT_HP0003,3,3,96.4,2025-12-14,2025-12-05,Đã hoàn thành
KT_HP0004,3,2,91.5,2025-12-14,2025-12-15,Đang cập nhật
KT_HP0005,3,2,90.9,2025-12-14,2025-12-05,Đang cập nhật
KT_HP0006,3,2,93.7,2025-12-14,2025-12-11,Đang cập nhật
KT_HP0007,3,2,89.9,2025-12-14,2025-12-06,Đang cập nhật
KT_HP0008,3,2,92.1,2025-12-14,2025-12-04,Đang cập nhật
KT_HP0009,3,2,90.1,2025-12-14,2025-12-14,Đang cập nhật
KT_HP0010,3,2,94.4,2025-12-14,2025-12-08,Đang cập nhật
KT_HP0011,3,2,89.3,2025-12-14,2025-12-06,Đang cập nhật
KT_HP0012,3,3,95.8,2025-12-14,2025-12-04,Đã hoàn thành
KT_HP0013,3,2,88.9,2025-12-14,2025-12-17,Đang cập nhật
KT_HP0014,3,2,90.6,2025-12-14,2025-12-11,Đang cập nhật
KT_HP0015,3,2,94.0,2025-12-14,2025-12-13,Đang cập nhật
KT_HP0016,3,2,86.9,2025-12-14,2025-12-19,Đang cập nhật
KT_HP0017,3,2,91.0,2025-12-14,2025-12-19,Đang cập nhật
KT_HP0018,3,2,91.3,2025-12-14,2025-12-08,Đang cập nhật
KT_HP0019,3,2,93.2,2025-12-14,2025-12-17,Đang cập nhật
KT_HP0020,3,2,87.8,2025-12-14,2025-12-11,Đang cập nhật
KT_HP0021,3,2,92.0,2025-12-14,2025-12-16,Đang cập nhật
KT_HP0022,3,2,91.3,2025-12-14,2025-12-04,Đang cập nhật
KT_HP0023,3,2,94.0,2025-12-14,2025-12-04,Đang cập nhật
KT_HP0024,3,3,98.7,2025-12-14,2025-12-12,Đã hoàn thành
KT_HP0025,3,2,87.0,2025-12-14,2025-12-06,Đang cập nhật
KT_HP0026,3,2,93.0,2025-12-14,2025-12-09,Đang cập nhật
KT_HP0027,3,2,91.0,2025-12-14,2025-12-06,Đang cập nhật
KT_HP0028,3,2,91.5,2025-12-14,2025-12-15,Đang cập nhật
KT_HP0029,3,2,90.4,2025-12-14,2025-12-17,Đang cập nhật
KT_HP0030,3,2,93.6,2025-12-14,2025-12-16,Đang cập nhật
KT_HP0031,3,3,95.2,2025-12-14,2025-12-07,Đã hoàn thành
KT_HP0032,3,2,92.9,2025-12-14,2025-12-05,Đang cập nhật
KT_HP0033,3,2,93.2,2025-12-14,2025-12-10,Đang cập nhật
KT_HP0034,3,2,93.3,2025-12-14,2025-12-16,Đang cập nhật
KT_HP0035,3,2,92.0,2025-12-14,2025-12-14,Đang cập nhật
KT_HP0036,3,3,99.9,2025-12-14,2025-12-09,Đã hoàn thành
KT_HP0037,3,2,88.8,2025-12-14,2025-12-12,Đang cập nhật
KT_HP0038,3,2,92.6,2025-12-14,2025-12-07,Đang cập nhật
KT_HP0039,3,2,92.2,2025-12-14,2025-12-05,Đang cập nhật
KT_HP0040,3,2,94.0,2025-12-14,2025-12-05,Đang cập nhật
KT_HP0041,3,2,94.5,2025-12-14,2025-12-06,Đang cập nhật
KT_HP0042,3,2,90.0,2025-12-14,2025-12-10,Đang cập nhật
KT_HP0043,3,2,85.5,2025-12-14,2025-12-14,Đang cập nhật
KT_HP0044,3,2,90.9,2025-12-14,2025-12-10,Đang cập nhật
KT_HP0045,3,2,90.4,2025-12-14,2025-12-05,Đang cập nhật
KT_HP0046,3,2,89.1,2025-12-14,2025-12-13,Đang cập nhật
KT_HP0047,3,2,90.5,2025-12-14,2025-12-14,Đang cập nhật
KT_HP0048,3,2,90.4,2025-12-14,2025-12-12,Đang cập nhật
KT_HP0049,3,2,85.5,2025-12-14,2025-12-10,Đang cập nhật
KT_HP0050,3,2,92.3,2025-12-14,2025-12-16,Đang cập nhật
KT_HP0051,3,2,89.6,2025-12-14,2025-12-04,Đang cập nhật
KT_HP0052,3,2,92.1,2025-12-14,2025-12-05,Đang cập nhật
KT_HP0053,3,2,93.9,2025-12-14,2025-12-15,Đang cập nhật
KT_HP0054,3,3,96.5,2025-12-14,2025-12-17,Đã hoàn thành
KT_HP0055,3,2,93.5,2025-12-14,2025-12-06,Đang cập nhật
KT_HP0056,3,2,90.9,2025-12-14,2025-12-16,Đang cập nhật
KT_HP0057,3,2,92.0,2025-12-14,2025-12-14,Đang cập nhật
KT_HP0058,3,2,85.6,2025-12-14,2025-12-12,Đang cập nhật
KT_HP0059,3,2,88.8,2025-12-14,2025-12-05,Đang cập nhật
KT_HP0060,3,2,89.6,2025-12-14,2025-12-10,Đang cập nhật
KT_HP0061,3,3,95.0,2025-12-14,2025-12-09,Đã hoàn thành
KT_HP0062,3,2,89.4,2025-12-14,2025-12-16,Đang cập nhật
KT_HP0063,3,3,95.5,2025-12-14,2025-12-08,Đã hoàn thành
KT_HP0064,3,2,92.8,2025-12-14,2025-12-18,Đang cập nhật
KT_HP0065,3,2,94.5,2025-12-14,2025-12-04,Đang cập nhật
KT_HP0066,3,2,93.1,2025-12-14,2025-12-07,Đang cập nhật
KT_HP0067,3,2,93.7,2025-12-14,2025-12-18,Đang cập nhật
KT_HP0068,3,2,87.7,2025-12-14,2025-12-14,Đang cập nhật
KT_HP0069,3,3,95.4,2025-12-14,2025-12-07,Đã hoàn thành
KT_HP0070,3,2,87.7,2025-12-14,2025-12-16,Đang cập nhật
KT_HP0071,3,2,89.5,2025-12-14,2025-12-15,Đang cập nhật
KT_HP0072,3,2,92.3,2025-12-14,2025-12-04,Đang cập nhật
KT_HP0073,3,2,94.9,2025-12-14,2025-12-06,Đang cập nhật
KT_HP0074,3,2,94.3,2025-12-14,2025-12-07,Đang cập nhật
KT_HP0075,3,2,92.5,2025-12-14,2025-12-15,Đang cập nhật
KT_HP0076,3,2,89.7,2025-12-14,2025-12-13,Đang cập nhật
KT_HP0077,3,2,90.4,2025-12-14,2025-12-19,Đang cập nhật
KT_HP0078,3,3,98.3,2025-12-14,2025-12-12,Đã hoàn thành
KT_HP0079,3,2,91.6,2025-12-14,2025-12-14,Đang cập nhật
KT_HP0080,3,2,88.0,2025-12-14,2025-12-14,Đang cập nhật
KT_HP0081,3,2,88.7,2025-12-14,2025-12-12,Đang cập nhật
KT_HP0082,3,2,92.7,2025-12-14,2025-12-08,Đang cập nhật
KT_HP0083,3,2,92.0,2025-12-14,2025-12-14,Đang cập nhật
KT_HP0084,3,2,92.0,2025-12-14,2025-12-17,Đang cập nhật
KT_HP0085,3,2,88.2,2025-12-14,2025-12-11,Đang cập nhật
KT_HP0086,3,2,93.0,2025-12-14,2025-12-08,Đang cập nhật
KT_HP0087,3,2,91.7,2025-12-14,2025-12-12,Đang cập nhật
KT_HP0088,3,2,90.0,2025-12-14,2025-12-09,Đang cập nhật
KT_HP0089,3,2,79.9,2025-12-14,2025-12-09,Đang cập nhật
KT_HP0090,3,2,92.3,2025-12-14,2025-12-18,Đang cập nhật
KT_HP0091,3,2,94.3,2025-12-14,2025-12-18,Đang cập nhật
KT_HP0092,3,2,87.7,2025-12-14,2025-12-18,Đang cập nhật
KT_HP0093,3,2,87.0,2025-12-14,2025-12-13,Đang cập nhật
KT_HP0094,3,3,95.0,2025-12-14,2025-12-17,Đã hoàn thành
KT_HP0095,3,2,94.5,2025-12-14,2025-12-13,Đang cập nhật
KT_HP0096,3,2,93.4,2025-12-14,2025-12-12,Đang cập nhật
KT_HP0097,3,3,98.1,2025-12-14,2025-12-12,Đã hoàn thành
KT_HP0098,3,2,94.1,2025-12-14,2025-12-14,Đang cập nhật
KT_HP0099,3,2,89.4,2025-12-14,2025-12-07,Đang cập nhật
KT_HP0100,3,2,92.7,2025-12-14,2025-12-13,Đang cập nhật
KT_HP0101,3,2,94.9,2025-12-14,2025-12-06,Đang cập nhật
KT_HP0102,3,2,88.3,2025-12-14,2025-12-05,Đang cập nhật
KT_HP0103,3,3,96.7,2025-12-14,2025-12-07,Đã hoàn thành
KT_HP0104,3,2,84.3,2025-12-14,2025-12-11,Đang cập nhật
KT_HP0105,3,2,93.5,2025-12-14,2025-12-11,Đang cập nhật
KT_HP0106,3,2,90.4,2025-12-14,2025-12-14,Đang cập nhật
KT_HP0107,3,2,85.9,2025-12-14,2025-12-15,Đang cập nhật
KT_HP0108,3,2,93.1,2025-12-14,2025-12-06,Đang cập nhật
KT_HP0109,3,2,87.9,2025-12-14,2025-12-09,Đang cập nhật
KT_HP0110,3,2,90.2,2025-12-14,2025-12-05,Đang cập nhật
KT_HP0111,3,2,87.6,2025-12-14,2025-12-16,Đang cập nhật
KT_HP0112,3,3,95.3,2025-12-14,2025-12-08,Đã hoàn thành
KT_HP0113,3,2,87.8,2025-12-14,2025-12-18,Đang cập nhật
KT_HP0114,3,2,89.3,2025-12-14,2025-12-05,Đang cập nhật
KT_HP0115,3,2,92.8,2025-12-14,2025-12-13,Đang cập nhật
KT_HP0116,3,2,90.8,2025-12-14,2025-12-16,Đang cập nhật
KT_HP0117,3,2,89.4,2025-12-14,2025-12-10,Đang cập nhật
KT_HP0118,3,2,88.2,2025-12-14,2025-12-10,Đang cập nhật
KT_HP0119,3,2,92.8,2025-12-14,2025-12-06,Đang cập nhật
KT_HP0120,3,2,92.9,2025-12-14,2025-12-16,Đang cập nhật
KT_HP0121,3,2,85.7,2025-12-14,2025-12-16,Đang cập nhật
KT_HP0122,3,2,90.2,2025-12-14,2025-12-06,Đang cập nhật
KT_HP0123,3,2,92.9,2025-12-14,2025-12-16,Đang cập nhật
KT_HP0124,3,3,99.1,2025-12-14,2025-12-14,Đã hoàn thành
KT_HP0125,3,2,93.7,2025-12-14,2025-12-12,Đang cập nhật
KT_HP0126,3,2,94.6,2025-12-14,2025-12-07,Đang cập nhật
KT_HP0127,3,2,90.5,2025-12-14,2025-12-19,Đang cập nhật
KT_HP0128,3,2,89.6,2025-12-14,2025-12-17,Đang cập nhật
KT_HP0129,3,2,93.2,2025-12-14,2025-12-13,Đang cập nhật
KT_HP0130,3,2,90.7,2025-12-14,2025-12-09,Đang cập nhật
KT_HP0131,3,2,92.0,2025-12-14,2025-12-19,Đang cập nhật
KT_HP0132,3,2,86.1,2025-12-14,2025-12-18,Đang cập nhật
KT_HP0133,3,2,94.3,2025-12-14,2025-12-07,Đang cập nhật
KT_HP0134,3,2,94.4,2025-12-14,2025-12-16,Đang cập nhật
KT_HP0135,3,2,92.3,2025-12-14,2025-12-14,Đang cập nhật
KT_HP0136,3,2,93.6,2025-12-14,2025-12-07,Đang cập nhật
KT_HP0137,3,3,95.5,2025-12-14,2025-12-06,Đã hoàn thành
KT_HP0138,3,2,90.6,2025-12-14,2025-12-08,Đang cập nhật
KT_HP0139,3,2,93.8,2025-12-14,2025-12-12,Đang cập nhật
KT_HP0140,3,2,89.5,2025-12-14,2025-12-04,Đang cập nhật
KT_HP0141,3,2,91.1,2025-12-14,2025-12-12,Đang cập nhật
KT_HP0142,3,3,95.6,2025-12-14,2025-12-15,Đã hoàn thành
KT_HP0143,3,2,94.2,2025-12-14,2025-12-04,Đang cập nhật
KT_HP0144,3,3,100.0,2025-12-14,2025-12-16,Đã hoàn thành
KT_HP0145,3,2,89.4,2025-12-14,2025-12-06,Đang cập nhật
KT_HP0146,3,2,94.0,2025-12-14,2025-12-08,Đang cập nhật
KT_HP0147,3,2,94.6,2025-12-14,2025-12-10,Đang cập nhật
KT_HP0148,3,2,89.4,2025-12-14,2025-12-16,Đang cập nhật
KT_HP0149,3,3,97.0,2025-12-14,2025-12-06,Đã hoàn thành
KT_HP0150,3,2,90.1,2025-12-14,2025-12-04,Đang cập nhật
KT_HP0151,3,2,90.9,2025-12-14,2025-12-14,Đang cập nhật
KT_HP0152,3,2,90.2,2025-12-14,2025-12-12,Đang cập nhật
KT_HP0153,3,3,99.1,2025-12-14,2025-12-13,Đã hoàn thành
KT_HP0154,3,2,91.9,2025-12-14,2025-12-09,Đang cập nhật
KT_HP0155,3,2,93.0,2025-12-14,2025-12-18,Đang cập nhật
KT_HP0156,3,2,91.1,2025-12-14,2025-12-07,Đang cập nhật
KT_HP0157,3,2,91.9,2025-12-14,2025-12-08,Đang cập nhật
KT_HP0158,3,2,91.1,2025-12-14,2025-12-16,Đang cập nhật
KT_HP0159,3,2,90.3,2025-12-14,2025-12-05,Đang cập nhật
KT_HP0160,3,2,92.7,2025-12-14,2025-12-08,Đang cập nhật
KT_HP0161,3,2,88.7,2025-12-14,2025-12-10,Đang cập nhật
KT_HP0162,3,2,94.0,2025-12-14,2025-12-17,Đang cập nhật
KT_HP0163,3,2,92.6,2025-12-14,2025-12-14,Đang cập nhật
KT_HP0164,3,3,98.0,2025-12-14,2025-12-17,Đã hoàn thành
KT_HP0165,3,2,87.0,2025-12-14,2025-12-13,Đang cập nhật
KT_HP0166,3,2,89.8,2025-12-14,2025-12-07,Đang cập nhật
KT_HP0167,3,2,84.7,2025-12-14,2025-12-12,Đang cập nhật
KT_HP0168,3,2,91.3,2025-12-14,2025-12-14,Đang cập nhật
KT_HP0169,3,3,95.3,2025-12-14,2025-12-06,Đã hoàn thành
KT_HP0170,3,2,92.9,2025-12-14,2025-12-17,Đang cập nhật
KT_HP0171,3,2,87.5,2025-12-14,2025-12-10,Đang cập nhật
KT_HP0172,3,2,94.6,2025-12-14,2025-12-16,Đang cập nhật
KT_HP0173,3,2,94.6,2025-12-14,2025-12-16,Đang cập nhật
KT_HP0174,3,2,86.2,2025-12-14,2025-12-05,Đang cập nhật
KT_HP0175,3,2,87.9,2025-12-14,2025-12-19,Đang cập nhật
KT_HP0176,3,2,93.1,2025-12-14,2025-12-06,Đang cập nhật
KT_HP0177,3,2,93.6,2025-12-14,2025-12-06,Đang cập nhật
KT_HP0178,3,2,92.9,2025-12-14,2025-12-11,Đang cập nhật
KT_HP0179,3,2,90.8,2025-12-14,2025-12-04,Đang cập nhật
KT_HP0180,3,2,86.0,2025-12-14,2025-12-06,Đang cập nhật
KT_HP0181,3,3,98.1,2025-12-14,2025-12-16,Đã hoàn thành
KT_HP0182,3,3,95.0,2025-12-14,2025-12-19,Đã hoàn thành
KT_HP0183,3,2,87.8,2025-12-14,2025-12-18,Đang cập nhật
KT_HP0184,3,2,94.6,2025-12-14,2025-12-08,Đang cập nhật
KT_HP0185,3,2,94.9,2025-12-14,2025-12-13,Đang cập nhật
KT_HP0186,3,2,92.3,2025-12-14,2025-12-14,Đang cập nhật
KT_HP0187,3,2,89.5,2025-12-14,2025-12-17,Đang cập nhật
KT_HP0188,3,2,92.4,2025-12-14,2025-12-14,Đang cập nhật
KT_HP0189,3,2,89.2,2025-12-14,2025-12-11,Đang cập nhật
KT_HP0190,3,3,95.3,2025-12-14,2025-12-14,Đã hoàn thành
KT_HP0191,3,3,98.8,2025-12-14,2025-12-14,Đã hoàn thành
KT_HP0192,3,2,85.8,2025-12-14,2025-12-18,Đang cập nhật
KT_HP0193,3,3,96.3,2025-12-14,2025-12-16,Đã hoàn thành
KT_HP0194,3,2,93.0,2025-12-14,2025-12-07,Đang cập nhật
KT_HP0195,3,2,89.7,2025-12-14,2025-12-18,Đang cập nhật
KT_HP0196,3,2,91.2,2025-12-14,2025-12-18,Đang cập nhật
KT_HP0197,3,2,91.7,2025-12-14,2025-12-13,Đang cập nhật
KT_HP0198,3,2,87.5,2025-12-14,2025-12-05,Đang cập nhật
KT_HP0199,3,2,86.7,2025-12-14,2025-12-08,Đang cập nhật
KT_HP0200,3,2,93.0,2025-12-14,2025-12-13,Đang cập nhật
KT_HP0201,3,2,90.7,2025-12-14,2025-12-04,Đang cập nhật
KT_HP0202,3,2,91.0,2025-12-14,2025-12-14,Đang cập nhật
KT_HP0203,3,3,99.3,2025-12-14,2025-12-10,Đã hoàn thành
KT_HP0204,3,3,95.3,2025-12-14,2025-12-04,Đã hoàn thành
KT_HP0205,3,3,95.8,2025-12-14,2025-12-09,Đã hoàn thành
KT_HP0206,3,2,92.4,2025-12-14,2025-12-16,Đang cập nhật
KT_HP0207,3,2,94.6,2025-12-14,2025-12-16,Đang cập nhật
KT_HP0208,3,2,88.4,2025-12-14,2025-12-10,Đang cập nhật
KT_HP0209,3,2,91.0,2025-12-14,2025-12-16,Đang cập nhật
KT_HP0210,3,3,96.3,2025-12-14,2025-12-19,Đã hoàn thành
KT_HP0211,3,3,98.9,2025-12-14,2025-12-14,Đã hoàn thành
KT_HP0212,3,2,89.8,2025-12-14,2025-12-08,Đang cập nhật
KT_HP0213,3,2,92.1,2025-12-14,2025-12-14,Đang cập nhật
KT_HP0214,3,2,90.7,2025-12-14,2025-12-09,Đang cập nhật
KT_HP0215,3,2,91.8,2025-12-14,2025-12-14,Đang cập nhật
KT_HP0216,3,2,91.8,2025-12-14,2025-12-16,Đang cập nhật
KT_HP0217,3,2,94.4,2025-12-14,2025-12-09,Đang cập nhật
KT_HP0218,3,2,94.0,2025-12-14,2025-12-18,Đang cập nhật
KT_HP0219,3,3,95.4,2025-12-14,2025-12-16,Đã hoàn thành
KT_HP0220,3,2,89.1,2025-12-14,2025-12-13,Đang cập nhật
KT_HP0221,3,2,89.2,2025-12-14,2025-12-09,Đang cập nhật
KT_HP0222,3,2,90.6,2025-12-14,2025-12-16,Đang cập nhật
KT_HP0223,3,2,91.1,2025-12-14,2025-12-12,Đang cập nhật
KT_HP0224,3,2,92.7,2025-12-14,2025-12-17,Đang cập nhật
KT_HP0225,3,2,87.0,2025-12-14,2025-12-19,Đang cập nhật
KT_HP0226,3,2,88.6,2025-12-14,2025-12-18,Đang cập nhật
KT_HP0227,3,3,96.0,2025-12-14,2025-12-16,Đã hoàn thành
KT_HP0228,3,2,91.3,2025-12-14,2025-12-09,Đang cập nhật
KT_HP0229,3,2,94.0,2025-12-14,2025-12-15,Đang cập nhật
KT_HP0230,3,2,94.9,2025-12-14,2025-12-12,Đang cập nhật
KT_HP0231,3,2,88.9,2025-12-14,2025-12-17,Đang cập nhật
KT_HP0232,3,2,93.2,2025-12-14,2025-12-13,Đang cập nhật
KT_HP0233,3,3,95.0,2025-12-14,2025-12-06,Đã hoàn thành
KT_HP0234,3,2,89.5,2025-12-14,2025-12-06,Đang cập nhật
KT_HP0235,3,2,90.6,2025-12-14,2025-12-19,Đang cập nhật
KT_HP0236,3,2,92.6,2025-12-14,2025-12-06,Đang cập nhật
KT_HP0237,3,2,90.1,2025-12-14,2025-12-04,Đang cập nhật
KT_HP0238,3,2,89.5,2025-12-14,2025-12-19,Đang cập nhật
KT_HP0239,3,2,87.2,2025-12-14,2025-12-13,Đang cập nhật
KT_HP0240,3,2,91.9,2025-12-14,2025-12-19,Đang cập nhật
KT_HP0241,3,2,87.9,2025-12-14,2025-12-15,Đang cập nhật
KT_HP0242,3,3,95.1,2025-12-14,2025-12-12,Đã hoàn thành
KT_HP0243,3,2,91.5,2025-12-14,2025-12-08,Đang cập nhật
KT_HP0244,3,3,95.4,2025-12-14,2025-12-08,Đã hoàn thành
KT_HP0245,3,2,89.8,2025-12-14,2025-12-16,Đang cập nhật
KT_HP0246,3,2,92.4,2025-12-14,2025-12-14,Đang cập nhật
KT_HP0247,3,2,91.4,2025-12-14,2025-12-08,Đang cập nhật
KT_HP0248,3,2,90.0,2025-12-14,2025-12-16,Đang cập nhật
KT_HP0249,3,2,94.9,2025-12-14,2025-12-08,Đang cập nhật
KT_HP0250,3,2,91.9,2025-12-14,2025-12-11,Đang cập nhật
KT_HP0251,3,2,92.1,2025-12-14,2025-12-11,Đang cập nhật
KT_HP0252,3,3,97.8,2025-12-14,2025-12-12,Đã hoàn thành
KT_HP0253,3,3,95.6,2025-12-14,2025-12-04,Đã hoàn thành
KT_HP0254,3,2,88.3,2025-12-14,2025-12-09,Đang cập nhật
KT_HP0255,3,2,88.1,2025-12-14,2025-12-11,Đang cập nhật
KT_HP0256,3,2,92.9,2025-12-14,2025-12-15,Đang cập nhật
KT_HP0257,3,2,87.1,2025-12-14,2025-12-12,Đang cập nhật
KT_HP0258,3,2,93.6,2025-12-14,2025-12-14,Đang cập nhật
KT_HP0259,3,2,91.7,2025-12-14,2025-12-11,Đang cập nhật
KT_HP0260,3,2,90.1,2025-12-14,2025-12-19,Đang cập nhật
KT_HP0261,3,3,95.5,2025-12-14,2025-12-16,Đã hoàn thành
KT_HP0262,3,2,91.2,2025-12-14,2025-12-09,Đang cập nhật
KT_HP0263,3,2,88.3,2025-12-14,2025-12-15,Đang cập nhật
KT_HP0264,3,2,92.6,2025-12-14,2025-12-04,Đang cập nhật
KT_HP0265,3,2,83.1,2025-12-14,2025-12-07,Đang cập nhật
KT_HP0266,3,2,92.4,2025-12-14,2025-12-12,Đang cập nhật
KT_HP0267,3,2,90.5,2025-12-14,2025-12-10,Đang cập nhật
KT_HP0268,3,2,89.3,2025-12-14,2025-12-17,Đang cập nhật
KT_HP0269,3,3,97.0,2025-12-14,2025-12-15,Đã hoàn thành
KT_HP0270,3,2,90.5,2025-12-14,2025-12-04,Đang cập nhật
KT_HP0271,3,2,94.4,2025-12-14,2025-12-13,Đang cập nhật
KT_HP0272,3,2,88.8,2025-12-14,2025-12-11,Đang cập nhật
KT_HP0273,3,2,90.3,2025-12-14,2025-12-04,Đang cập nhật
KT_HP0274,3,3,98.3,2025-12-14,2025-12-11,Đã hoàn thành
KT_HP0275,3,2,94.3,2025-12-14,2025-12-04,Đang cập nhật
KT_HP0276,3,2,93.9,2025-12-14,2025-12-10,Đang cập nhật
KT_HP0277,3,3,96.4,2025-12-14,2025-12-14,Đã hoàn thành
KT_HP0278,3,2,89.1,2025-12-14,2025-12-12,Đang cập nhật
KT_HP0279,3,2,92.6,2025-12-14,2025-12-17,Đang cập nhật
KT_HP0280,3,2,94.4,2025-12-14,2025-12-12,Đang cập nhật
KT_HP0281,3,2,90.4,2025-12-14,2025-12-06,Đang cập nhật
KT_HP0282,3,2,89.9,2025-12-14,2025-12-09,Đang cập nhật
KT_HP0283,3,3,95.8,2025-12-14,2025-12-19,Đã hoàn thành
KT_HP0284,3,2,92.1,2025-12-14,2025-12-16,Đang cập nhật
KT_HP0285,3,2,91.9,2025-12-14,2025-12-11,Đang cập nhật
KT_HP0286,3,2,87.1,2025-12-14,2025-12-10,Đang cập nhật
KT_HP0287,3,2,86.6,2025-12-14,2025-12-15,Đang cập nhật
KT_HP0288,3,2,91.4,2025-12-14,2025-12-13,Đang cập nhật
KT_HP0289,3,2,91.9,2025-12-14,2025-12-15,Đang cập nhật
KT_HP0290,3,2,87.4,2025-12-14,2025-12-19,Đang cập nhật
KT_HP0291,3,2,92.8,2025-12-14,2025-12-05,Đang cập nhật
KT_HP0292,3,2,92.8,2025-12-14,2025-12-11,Đang cập nhật
KT_HP0293,3,2,93.3,2025-12-14,2025-12-07,Đang cập nhật
KT_HP0294,3,2,94.7,2025-12-14,2025-12-04,Đang cập nhật
KT_HP0295,3,2,89.2,2025-12-14,2025-12-14,Đang cập nhật
KT_HP0296,3,3,95.8,2025-12-14,2025-12-07,Đã hoàn thành
KT_HP0297,3,2,91.7,2025-12-14,2025-12-10,Đang cập nhật
KT_HP0298,3,2,90.6,2025-12-14,2025-12-04,Đang cập nhật
KT_HP0299,3,2,89.1,2025-12-14,2025-12-16,Đang cập nhật
KT_HP0300,3,3,95.7,2025-12-14,2025-12-15,Đã hoàn thành
KT_HP0301,3,2,89.7,2025-12-14,2025-12-18,Đang cập nhật
KT_HP0302,3,2,92.2,2025-12-14,2025-12-12,Đang cập nhật
KT_HP0303,3,2,87.5,2025-12-14,2025-12-10,Đang cập nhật
KT_HP0304,3,2,89.0,2025-12-14,2025-12-11,Đang cập nhật
KT_HP0305,3,2,92.2,2025-12-14,2025-12-10,Đang cập nhật
KT_HP0306,3,2,88.3,2025-12-14,2025-12-19,Đang cập nhật
KT_HP0307,3,2,94.9,2025-12-14,2025-12-11,Đang cập nhật
KT_HP0308,3,2,88.2,2025-12-14,2025-12-14,Đang cập nhật
KT_HP0309,3,2,94.5,2025-12-14,2025-12-16,Đang cập nhật
KT_HP0310,3,2,88.5,2025-12-14,2025-12-15,Đang cập nhật
KT_HP0311,3,2,86.3,2025-12-14,2025-12-05,Đang cập nhật
KT_HP0312,3,2,86.2,2025-12-14,2025-12-08,Đang cập nhật
KT_HP0313,3,2,93.2,2025-12-14,2025-12-15,Đang cập nhật
KT_HP0314,3,3,95.2,2025-12-14,2025-12-15,Đã hoàn thành
KT_HP0315,3,2,88.0,2025-12-14,2025-12-16,Đang cập nhật
KT_HP0316,3,3,95.6,2025-12-14,2025-12-14,Đã hoàn thành
KT_HP0317,3,3,96.4,2025-12-14,2025-12-07,Đã hoàn thành
KT_HP0318,3,2,93.3,2025-12-14,2025-12-13,Đang cập nhật
KT_HP0319,3,2,89.9,2025-12-14,2025-12-05,Đang cập nhật
KT_HP0320,3,2,93.7,2025-12-14,2025-12-07,Đang cập nhật
KT_HP0321,3,2,84.5,2025-12-14,2025-12-08,Đang cập nhật
KT_HP0322,3,2,85.1,2025-12-14,2025-12-15,Đang cập nhật
KT_HP0323,3,2,89.8,2025-12-14,2025-12-06,Đang cập nhật
KT_HP0324,3,2,91.3,2025-12-14,2025-12-04,Đang cập nhật
KT_HP0325,3,2,90.4,2025-12-14,2025-12-09,Đang cập nhật
KT_HP0326,3,2,91.4,2025-12-14,2025-12-04,Đang cập nhật
KT_HP0327,3,2,91.1,2025-12-14,2025-12-09,Đang cập nhật
KT_HP0328,3,2,93.8,2025-12-14,2025-12-04,Đang cập nhật
KT_HP0329,3,2,92.3,2025-12-14,2025-12-10,Đang cập nhật
KT_HP0330,3,2,89.5,2025-12-14,2025-12-07,Đang cập nhật
KT_HP0331,3,2,92.2,2025-12-14,2025-12-15,Đang cập nhật
KT_HP0332,3,3,98.5,2025-12-14,2025-12-09,Đã hoàn thành
KT_HP0333,3,2,91.2,2025-12-14,2025-12-14,Đang cập nhật
KT_HP0334,3,3,95.5,2025-12-14,2025-12-12,Đã hoàn thành
KT_HP0335,3,2,91.9,2025-12-14,2025-12-18,Đang cập nhật
KT_HP0336,3,2,90.1,2025-12-14,2025-12-09,Đang cập nhật
KT_HP0337,3,3,97.1,2025-12-14,2025-12-04,Đã hoàn thành
KT_HP0338,3,3,99.1,2025-12-14,2025-12-14,Đã hoàn thành
KT_HP0339,3,2,91.3,2025-12-14,2025-12-18,Đang cập nhật
KT_HP0340,3,2,87.7,2025-12-14,2025-12-12,Đang cập nhật
KT_HP0341,3,2,93.3,2025-12-14,2025-12-13,Đang cập nhật
KT_HP0342,3,3,97.1,2025-12-14,2025-12-12,Đã hoàn thành
KT_HP0343,3,2,84.6,2025-12-14,2025-12-16,Đang cập nhật
KT_HP0344,3,2,88.8,2025-12-14,2025-12-10,Đang cập nhật
KT_HP0345,3,2,88.6,2025-12-14,2025-12-19,Đang cập nhật
KT_HP0346,3,2,91.9,2025-12-14,2025-12-14,Đang cập nhật
KT_HP0347,3,2,87.1,2025-12-14,2025-12-18,Đang cập nhật
KT_HP0348,3,2,91.3,2025-12-14,2025-12-13,Đang cập nhật
KT_HP0349,3,2,89.6,2025-12-14,2025-12-19,Đang cập nhật
KT_HP0350,3,2,90.5,2025-12-14,2025-12-10,Đang cập nhật
KT_HP0351,3,2,84.8,2025-12-14,2025-12-13,Đang cập nhật
KT_HP0352,3,2,86.9,2025-12-14,2025-12-13,Đang cập nhật
KT_HP0353,3,2,93.1,2025-12-14,2025-12-06,Đang cập nhật
KT_HP0354,3,2,84.6,2025-12-14,2025-12-18,Đang cập nhật
KT_HP0355,3,3,97.7,2025-12-14,2025-12-10,Đã hoàn thành
KT_HP0356,3,2,89.8,2025-12-14,2025-12-04,Đang cập nhật
KT_HP0357,3,2,90.0,2025-12-14,2025-12-11,Đang cập nhật
KT_HP0358,3,2,84.1,2025-12-14,2025-12-15,Đang cập nhật
KT_HP0359,3,2,85.9,2025-12-14,2025-12-04,Đang cập nhật
KT_HP0360,3,2,94.4,2025-12-14,2025-12-12,Đang cập nhật
KT_HP0361,3,2,84.2,2025-12-14,2025-12-13,Đang cập nhật
KT_HP0362,3,2,87.4,2025-12-14,2025-12-19,Đang cập nhật
KT_HP0363,3,2,90.9,2025-12-14,2025-12-07,Đang cập nhật
KT_HP0364,3,2,87.2,2025-12-14,2025-12-14,Đang cập nhật
KT_HP0365,3,2,90.7,2025-12-14,2025-12-04,Đang cập nhật
KT_HP0366,3,2,87.7,2025-12-14,2025-12-16,Đang cập nhật
KT_HP0367,3,2,90.7,2025-12-14,2025-12-15,Đang cập nhật
KT_HP0368,3,2,91.1,2025-12-14,2025-12-14,Đang cập nhật
KT_HP0369,3,3,97.2,2025-12-14,2025-12-16,Đã hoàn thành
KT_HP0370,3,2,93.4,2025-12-14,2025-12-07,Đang cập nhật
KT_HP0371,3,2,92.0,2025-12-14,2025-12-16,Đang cập nhật
KT_HP0372,3,2,89.8,2025-12-14,2025-12-18,Đang cập nhật
KT_HP0373,3,3,95.3,2025-12-14,2025-12-09,Đã hoàn thành
KT_HP0374,3,2,89.6,2025-12-14,2025-12-14,Đang cập nhật
KT_HP0375,3,2,90.1,2025-12-14,2025-12-18,Đang cập nhật
KT_HP0376,3,2,93.3,2025-12-14,2025-12-18,Đang cập nhật
KT_HP0377,3,2,93.8,2025-12-14,2025-12-12,Đang cập nhật
KT_HP0378,3,2,92.4,2025-12-14,2025-12-12,Đang cập nhật
KT_HP0379,3,3,95.7,2025-12-14,2025-12-15,Đã hoàn thành
KT_HP0380,3,2,90.5,2025-12-14,2025-12-10,Đang cập nhật
KT_HP0381,3,2,94.7,2025-12-14,2025-12-08,Đang cập nhật
KT_HP0382,3,3,95.0,2025-12-14,2025-12-10,Đã hoàn thành
KT_HP0383,3,2,91.0,2025-12-14,2025-12-07,Đang cập nhật
KT_HP0384,3,2,92.2,2025-12-14,2025-12-08,Đang cập nhật
KT_HP0385,3,2,90.0,2025-12-14,2025-12-18,Đang cập nhật
KT_HP0386,3,2,88.2,2025-12-14,2025-12-12,Đang cập nhật
KT_HP0387,3,2,94.6,2025-12-14,2025-12-13,Đang cập nhật
KT_HP0388,3,2,94.0,2025-12-14,2025-12-13,Đang cập nhật
KT_HP0389,3,2,93.4,2025-12-14,2025-12-04,Đang cập nhật
KT_HP0390,3,2,87.5,2025-12-14,2025-12-11,Đang cập nhật
KT_HP0391,3,2,91.2,2025-12-14,2025-12-19,Đang cập nhật
KT_HP0392,3,2,92.4,2025-12-14,2025-12-15,Đang cập nhật
KT_HP0393,3,2,91.8,2025-12-14,2025-12-06,Đang cập nhật
KT_HP0394,3,2,84.8,2025-12-14,2025-12-16,Đang cập nhật
KT_HP0395,3,2,92.2,2025-12-14,2025-12-14,Đang cập nhật
KT_HP0396,3,3,95.8,2025-12-14,2025-12-10,Đã hoàn thành
KT_HP0397,3,3,96.0,2025-12-14,2025-12-13,Đã hoàn thành
KT_HP0398,3,3,97.5,2025-12-14,2025-12-10,Đã hoàn thành
KT_HP0399,3,2,84.5,2025-12-14,2025-12-07,Đang cập nhật
KT_HP0400,3,2,85.0,2025-12-14,2025-12-10,Đang cập nhật
KT_HP0401,3,2,90.5,2025-12-14,2025-12-11,Đang cập nhật
KT_HP0402,3,3,95.4,2025-12-14,2025-12-08,Đã hoàn thành
KT_HP0403,3,2,92.5,2025-12-14,2025-12-16,Đang cập nhật
KT_HP0404,3,2,87.6,2025-12-14,2025-12-11,Đang cập nhật
KT_HP0405,3,3,95.4,2025-12-14,2025-12-11,Đã hoàn thành
KT_HP0406,3,2,93.0,2025-12-14,2025-12-17,Đang cập nhật
KT_HP0407,3,2,92.9,2025-12-14,2025-12-13,Đang cập nhật
KT_HP0408,3,2,89.1,2025-12-14,2025-12-15,Đang cập nhật
KT_HP0409,3,2,91.6,2025-12-14,2025-12-12,Đang cập nhật
KT_HP0410,3,2,92.0,2025-12-14,2025-12-11,Đang cập nhật
KT_HP0411,3,3,95.4,2025-12-14,2025-12-18,Đã hoàn thành
KT_HP0412,3,3,98.4,2025-12-14,2025-12-16,Đã hoàn thành
KT_HP0413,3,2,91.4,2025-12-14,2025-12-10,Đang cập nhật
KT_HP0414,3,2,92.1,2025-12-14,2025-12-11,Đang cập nhật
KT_HP0415,3,3,96.7,2025-12-14,2025-12-14,Đã hoàn thành
KT_HP0416,3,2,94.2,2025-12-14,2025-12-10,Đang cập nhật
KT_HP0417,3,3,95.0,2025-12-14,2025-12-13,Đã hoàn thành
KT_HP0418,3,2,89.8,2025-12-14,2025-12-09,Đang cập nhật
KT_HP0419,3,2,91.7,2025-12-14,2025-12-18,Đang cập nhật
KT_HP0420,3,2,91.7,2025-12-14,2025-12-19,Đang cập nhật
KT_HP0421,3,2,94.3,2025-12-14,2025-12-14,Đang cập nhật
KT_HP0422,3,2,93.5,2025-12-14,2025-12-10,Đang cập nhật
KT_HP0423,3,3,95.3,2025-12-14,2025-12-05,Đã hoàn thành
KT_HP0424,3,2,89.1,2025-12-14,2025-12-15,Đang cập nhật
KT_HP0425,3,3,97.4,2025-12-14,2025-12-07,Đã hoàn thành
KT_HP0426,3,2,92.4,2025-12-14,2025-12-05,Đang cập nhật
KT_HP0427,3,2,89.0,2025-12-14,2025-12-05,Đang cập nhật
KT_HP0428,3,2,89.0,2025-12-14,2025-12-09,Đang cập nhật
KT_HP0429,3,2,90.0,2025-12-14,2025-12-19,Đang cập nhật
KT_HP0430,3,2,93.0,2025-12-14,2025-12-19,Đang cập nhật
KT_HP0431,3,2,93.8,2025-12-14,2025-12-06,Đang cập nhật
KT_HP0432,3,3,99.2,2025-12-14,2025-12-12,Đã hoàn thành
KT_HP0433,3,2,88.6,2025-12-14,2025-12-18,Đang cập nhật
KT_HP0434,3,3,95.4,2025-12-14,2025-12-10,Đã hoàn thành
KT_HP0435,3,2,85.5,2025-12-14,2025-12-07,Đang cập nhật
KT_HP0436,3,3,99.3,2025-12-14,2025-12-05,Đã hoàn thành
KT_HP0437,3,2,88.3,2025-12-14,2025-12-13,Đang cập nhật
KT_HP0438,3,2,93.1,2025-12-14,2025-12-05,Đang cập nhật
KT_HP0439,3,2,88.2,2025-12-14,2025-12-08,Đang cập nhật
KT_HP0440,3,2,89.5,2025-12-14,2025-12-04,Đang cập nhật
KT_HP0441,3,2,93.6,2025-12-14,2025-12-08,Đang cập nhật
KT_HP0442,3,2,94.9,2025-12-14,2025-12-17,Đang cập nhật
KT_HP0443,3,2,89.2,2025-12-14,2025-12-15,Đang cập nhật
KT_HP0444,3,2,88.1,2025-12-14,2025-12-07,Đang cập nhật
KT_HP0445,3,3,97.5,2025-12-14,2025-12-15,Đã hoàn thành
KT_HP0446,3,2,92.8,2025-12-14,2025-12-13,Đang cập nhật
KT_HP0447,3,2,93.9,2025-12-14,2025-12-15,Đang cập nhật
KT_HP0448,3,2,88.0,2025-12-14,2025-12-19,Đang cập nhật
KT_HP0449,3,2,90.8,2025-12-14,2025-12-14,Đang cập nhật
KT_HP0450,3,2,88.0,2025-12-14,2025-12-10,Đang cập nhật
KT_HP0451,3,2,92.2,2025-12-14,2025-12-08,Đang cập nhật
KT_HP0452,3,2,92.2,2025-12-14,2025-12-04,Đang cập nhật
KT_HP0453,3,2,86.9,2025-12-14,2025-12-06,Đang cập nhật
KT_HP0454,3,2,91.0,2025-12-14,2025-12-14,Đang cập nhật
KT_HP0455,3,3,95.5,2025-12-14,2025-12-14,Đã hoàn thành
KT_HP0456,3,3,95.2,2025-12-14,2025-12-14,Đã hoàn thành
KT_HP0457,3,2,91.8,2025-12-14,2025-12-06,Đang cập nhật
KT_HP0458,3,2,88.0,2025-12-14,2025-12-04,Đang cập nhật
KT_HP0459,3,2,87.5,2025-12-14,2025-12-05,Đang cập nhật
KT_HP0460,3,3,95.7,2025-12-14,2025-12-09,Đã hoàn thành
KT_HP0461,3,2,91.5,2025-12-14,2025-12-12,Đang cập nhật
KT_HP0462,3,3,97.9,2025-12-14,2025-12-11,Đã hoàn thành
KT_HP0463,3,2,88.8,2025-12-14,2025-12-15,Đang cập nhật
KT_HP0464,3,2,89.2,2025-12-14,2025-12-16,Đang cập nhật
KT_HP0465,3,3,97.6,2025-12-14,2025-12-13,Đã hoàn thành
KT_HP0466,3,2,93.0,2025-12-14,2025-12-17,Đang cập nhật
KT_HP0467,3,2,89.7,2025-12-14,2025-12-11,Đang cập nhật
KT_HP0468,3,2,92.5,2025-12-14,2025-12-04,Đang cập nhật
KT_HP0469,3,2,89.3,2025-12-14,2025-12-15,Đang cập nhật
KT_HP0470,3,2,93.1,2025-12-14,2025-12-07,Đang cập nhật
KT_HP0471,3,2,93.1,2025-12-14,2025-12-15,Đang cập nhật
KT_HP0472,3,2,92.7,2025-12-14,2025-12-09,Đang cập nhật
KT_HP0473,3,2,91.9,2025-12-14,2025-12-19,Đang cập nhật
KT_HP0474,3,2,87.4,2025-12-14,2025-12-15,Đang cập nhật
KT_HP0475,3,2,93.5,2025-12-14,2025-12-14,Đang cập nhật
KT_HP0476,3,2,94.4,2025-12-14,2025-12-08,Đang cập nhật
KT_HP0477,3,2,90.6,2025-12-14,2025-12-09,Đang cập nhật
KT_HP0478,3,2,88.0,2025-12-14,2025-12-16,Đang cập nhật
KT_HP0479,3,2,85.6,2025-12-14,2025-12-08,Đang cập nhật
KT_HP0480,3,2,94.1,2025-12-14,2025-12-04,Đang cập nhật
KT_HP0481,3,2,94.1,2025-12-14,2025-12-13,Đang cập nhật
KT_HP0482,3,2,89.9,2025-12-14,2025-12-10,Đang cập nhật
KT_HP0483,3,2,92.5,2025-12-14,2025-12-13,Đang cập nhật
KT_HP0484,3,2,89.3,2025-12-14,2025-12-10,Đang cập nhật
KT_HP0485,3,2,93.4,2025-12-14,2025-12-06,Đang cập nhật
KT_HP0486,3,3,98.9,2025-12-14,2025-12-19,Đã hoàn thành
KT_HP0487,3,3,98.4,2025-12-14,2025-12-10,Đã hoàn thành
KT_HP0488,3,2,92.5,2025-12-14,2025-12-08,Đang cập nhật
KT_HP0489,3,3,95.2,2025-12-14,2025-12-19,Đã hoàn thành
KT_HP0490,3,2,90.8,2025-12-14,2025-12-07,Đang cập nhật
KT_HP0491,3,2,90.6,2025-12-14,2025-12-18,Đang cập nhật
KT_HP0492,3,2,88.6,2025-12-14,2025-12-17,Đang cập nhật
KT_HP0493,3,2,90.5,2025-12-14,2025-12-05,Đang cập nhật
KT_HP0494,3,2,93.9,2025-12-14,2025-12-10,Đang cập nhật
KT_HP0495,3,2,93.8,2025-12-14,2025-12-14,Đang cập nhật
KT_HP0496,3,2,92.6,2025-12-14,2025-12-10,Đang cập nhật
KT_HP0497,3,3,98.6,2025-12-14,2025-12-09,Đã hoàn thành
KT_HP0498,3,2,89.3,2025-12-14,2025-12-10,Đang cập nhật
KT_HP0499,3,3,96.7,2025-12-14,2025-12-06,Đã hoàn thành
KT_HP0500,3,2,94.7,2025-12-14,2025-12-13,Đang cập nhật
KT_HP0501,3,2,87.4,2025-12-14,2025-12-06,Đang cập nhật
KT_HP0502,3,2,91.2,2025-12-14,2025-12-11,Đang cập nhật
KT_HP0503,3,2,87.4,2025-12-14,2025-12-18,Đang cập nhật
KT_HP0504,3,2,89.5,2025-12-14,2025-12-07,Đang cập nhật
KT_HP0505,3,2,93.6,2025-12-14,2025-12-08,Đang cập nhật
KT_HP0506,3,2,90.3,2025-12-14,2025-12-15,Đang cập nhật
KT_HP0507,3,3,96.2,2025-12-14,2025-12-04,Đã hoàn thành
KT_HP0508,3,2,90.6,2025-12-14,2025-12-14,Đang cập nhật
KT_HP0509,3,2,93.9,2025-12-14,2025-12-16,Đang cập nhật
KT_HP0510,3,2,91.2,2025-12-14,2025-12-10,Đang cập nhật
KT_HP0511,3,2,90.9,2025-12-14,2025-12-07,Đang cập nhật
KT_HP0512,3,2,89.5,2025-12-14,2025-12-05,Đang cập nhật
KT_HP0513,3,2,94.5,2025-12-14,2025-12-12,Đang cập nhật
KT_HP0514,3,2,92.3,2025-12-14,2025-12-09,Đang cập nhật
KT_HP0515,3,2,87.8,2025-12-14,2025-12-15,Đang cập nhật
KT_HP0516,3,2,89.9,2025-12-14,2025-12-04,Đang cập nhật
KT_HP0517,3,2,88.5,2025-12-14,2025-12-14,Đang cập nhật
KT_HP0518,3,2,88.3,2025-12-14,2025-12-14,Đang cập nhật
KT_HP0519,3,2,92.0,2025-12-14,2025-12-12,Đang cập nhật
KT_HP0520,3,2,91.6,2025-12-14,2025-12-11,Đang cập nhật
KT_HP0521,3,2,94.8,2025-12-14,2025-12-06,Đang cập nhật
KT_HP0522,3,2,88.0,2025-12-14,2025-12-16,Đang cập nhật
KT_HP0523,3,2,91.1,2025-12-14,2025-12-10,Đang cập nhật
KT_HP0524,3,2,91.9,2025-12-14,2025-12-14,Đang cập nhật
KT_HP0525,3,2,94.8,2025-12-14,2025-12-04,Đang cập nhật
KT_HP0526,3,2,89.9,2025-12-14,2025-12-06,Đang cập nhật
KT_HP0527,3,2,93.3,2025-12-14,2025-12-19,Đang cập nhật
KT_HP0528,3,3,96.1,2025-12-14,2025-12-18,Đã hoàn thành
KT_HP0529,3,2,92.3,2025-12-14,2025-12-14,Đang cập nhật
KT_HP0530,3,2,92.5,2025-12-14,2025-12-18,Đang cập nhật
KT_HP0531,3,2,92.0,2025-12-14,2025-12-18,Đang cập nhật
KT_HP0532,3,2,92.4,2025-12-14,2025-12-18,Đang cập nhật
KT_HP0533,3,2,85.7,2025-12-14,2025-12-17,Đang cập nhật
KT_HP0534,3,2,93.4,2025-12-14,2025-12-10,Đang cập nhật
KT_HP0535,3,3,97.1,2025-12-14,2025-12-08,Đã hoàn thành
KT_HP0536,3,3,98.9,2025-12-14,2025-12-15,Đã hoàn thành
KT_HP0537,3,2,89.7,2025-12-14,2025-12-10,Đang cập nhật
KT_HP0538,3,2,92.0,2025-12-14,2025-12-14,Đang cập nhật
KT_HP0539,3,2,92.8,2025-12-14,2025-12-19,Đang cập nhật
KT_HP0540,3,2,88.5,2025-12-14,2025-12-13,Đang cập nhật
KT_HP0541,3,2,89.5,2025-12-14,2025-12-18,Đang cập nhật
KT_HP0542,3,2,89.5,2025-12-14,2025-12-04,Đang cập nhật
KT_HP0543,3,2,92.7,2025-12-14,2025-12-10,Đang cập nhật
KT_HP0544,3,2,91.3,2025-12-14,2025-12-17,Đang cập nhật
KT_HP0545,3,2,89.0,2025-12-14,2025-12-15,Đang cập nhật
KT_HP0546,3,2,93.3,2025-12-14,2025-12-18,Đang cập nhật
KT_HP0547,3,2,92.7,2025-12-14,2025-12-10,Đang cập nhật
KT_HP0548,3,2,89.8,2025-12-14,2025-12-19,Đang cập nhật
KT_HP0549,3,2,88.8,2025-12-14,2025-12-10,Đang cập nhật
KT_HP0550,3,2,93.3,2025-12-14,2025-12-08,Đang cập nhật
KT_HP0551,3,2,92.2,2025-12-14,2025-12-05,Đang cập nhật
KT_HP0552,3,2,89.6,2025-12-14,2025-12-10,Đang cập nhật
KT_HP0553,3,2,92.2,2025-12-14,2025-12-11,Đang cập nhật
KT_HP0554,3,2,87.3,2025-12-14,2025-12-10,Đang cập nhật
KT_HP0555,3,2,92.6,2025-12-14,2025-12-10,Đang cập nhật
KT_HP0556,3,3,95.5,2025-12-14,2025-12-06,Đã hoàn thành
KT_HP0557,3,2,91.8,2025-12-14,2025-12-11,Đang cập nhật
KT_HP0558,3,2,88.6,2025-12-14,2025-12-14,Đang cập nhật
KT_HP0559,3,2,93.7,2025-12-14,2025-12-08,Đang cập nhật
KT_HP0560,3,2,94.3,2025-12-14,2025-12-13,Đang cập nhật
KT_HP0561,3,3,98.6,2025-12-14,2025-12-12,Đã hoàn thành
KT_HP0562,3,2,91.1,2025-12-14,2025-12-04,Đang cập nhật
KT_HP0563,3,2,82.9,2025-12-14,2025-12-07,Đang cập nhật
KT_HP0564,3,2,90.2,2025-12-14,2025-12-09,Đang cập nhật
KT_HP0565,3,2,91.1,2025-12-14,2025-12-11,Đang cập nhật
KT_HP0566,3,2,86.9,2025-12-14,2025-12-06,Đang cập nhật
KT_HP0567,3,2,90.4,2025-12-14,2025-12-16,Đang cập nhật
KT_HP0568,3,2,92.2,2025-12-14,2025-12-07,Đang cập nhật
KT_HP0569,3,2,87.6,2025-12-14,2025-12-16,Đang cập nhật
KT_HP0570,3,2,87.4,2025-12-14,2025-12-15,Đang cập nhật
KT_HP0571,3,2,86.1,2025-12-14,2025-12-15,Đang cập nhật
KT_HP0572,3,2,90.5,2025-12-14,2025-12-16,Đang cập nhật
KT_HP0573,3,2,92.1,2025-12-14,2025-12-04,Đang cập nhật
KT_HP0574,3,2,90.8,2025-12-14,2025-12-19,Đang cập nhật
KT_HP0575,3,3,96.0,2025-12-14,2025-12-06,Đã hoàn thành
KT_HP0576,3,3,95.6,2025-12-14,2025-12-18,Đã hoàn thành
KT_HP0577,3,2,87.0,2025-12-14,2025-12-17,Đang cập nhật
KT_HP0578,3,2,89.2,2025-12-14,2025-12-15,Đang cập nhật
KT_HP0579,3,2,92.2,2025-12-14,2025-12-17,Đang cập nhật
KT_HP0580,3,2,87.6,2025-12-14,2025-12-12,Đang cập nhật
KT_HP0581,3,2,87.8,2025-12-14,2025-12-05,Đang cập nhật
KT_HP0582,3,2,88.4,2025-12-14,2025-12-18,Đang cập nhật
KT_HP0583,3,2,91.2,2025-12-14,2025-12-05,Đang cập nhật
KT_HP0584,3,2,87.0,2025-12-14,2025-12-07,Đang cập nhật
KT_HP0585,3,2,93.9,2025-12-14,2025-12-12,Đang cập nhật
KT_HP0586,3,2,93.0,2025-12-14,2025-12-15,Đang cập nhật
KT_HP0587,3,3,95.3,2025-12-14,2025-12-04,Đã hoàn thành
KT_HP0588,3,2,94.2,2025-12-14,2025-12-12,Đang cập nhật
KT_HP0589,3,2,88.5,2025-12-14,2025-12-11,Đang cập nhật
KT_HP0590,3,3,96.0,2025-12-14,2025-12-05,Đã hoàn thành
KT_HP0591,3,3,96.6,2025-12-14,2025-12-19,Đã hoàn thành
KT_HP0592,3,2,92.8,2025-12-14,2025-12-04,Đang cập nhật
KT_HP0593,3,2,93.8,2025-12-14,2025-12-06,Đang cập nhật
KT_HP0594,3,2,90.1,2025-12-14,2025-12-10,Đang cập nhật
KT_HP0595,3,2,90.5,2025-12-14,2025-12-08,Đang cập nhật
KT_HP0596,3,2,89.9,2025-12-14,2025-12-09,Đang cập nhật
KT_HP0597,3,2,93.2,2025-12-14,2025-12-14,Đang cập nhật
KT_HP0598,3,2,90.8,2025-12-14,2025-12-12,Đang cập nhật
KT_HP0599,3,3,95.5,2025-12-14,2025-12-17,Đã hoàn thành
KT_HP0600,3,2,88.1,2025-12-14,2025-12-12,Đang cập nhật
KT_HP0601,3,2,89.7,2025-12-14,2025-12-12,Đang cập nhật
KT_HP0602,3,2,90.5,2025-12-14,2025-12-14,Đang cập nhật
KT_HP0603,3,2,92.9,2025-12-14,2025-12-06,Đang cập nhật
KT_HP0604,3,2,91.0,2025-12-14,2025-12-13,Đang cập nhật
KT_HP0605,3,2,89.9,2025-12-14,2025-12-09,Đang cập nhật
KT_HP0606,3,3,95.1,2025-12-14,2025-12-09,Đã hoàn thành
KT_HP0607,3,3,96.7,2025-12-14,2025-12-15,Đã hoàn thành
KT_HP0608,3,2,94.2,2025-12-14,2025-12-04,Đang cập nhật
KT_HP0609,3,3,95.2,2025-12-14,2025-12-16,Đã hoàn thành
KT_HP0610,3,3,96.9,2025-12-14,2025-12-15,Đã hoàn thành
KT_HP0611,3,2,88.8,2025-12-14,2025-12-08,Đang cập nhật
KT_HP0612,3,2,93.2,2025-12-14,2025-12-10,Đang cập nhật
KT_HP0613,3,2,91.5,2025-12-14,2025-12-18,Đang cập nhật
KT_HP0614,3,2,87.9,2025-12-14,2025-12-07,Đang cập nhật
KT_HP0615,3,2,91.6,2025-12-14,2025-12-19,Đang cập nhật
KT_HP0616,3,2,94.0,2025-12-14,2025-12-06,Đang cập nhật
KT_HP0617,3,2,92.1,2025-12-14,2025-12-06,Đang cập nhật
KT_HP0618,3,2,93.5,2025-12-14,2025-12-04,Đang cập nhật
KT_HP0619,3,2,90.8,2025-12-14,2025-12-13,Đang cập nhật
KT_HP0620,3,2,87.7,2025-12-14,2025-12-16,Đang cập nhật
KT_HP0621,3,3,96.2,2025-12-14,2025-12-15,Đã hoàn thành
KT_HP0622,3,3,98.5,2025-12-14,2025-12-06,Đã hoàn thành
KT_HP0623,3,2,89.1,2025-12-14,2025-12-15,Đang cập nhật
KT_HP0624,3,2,89.5,2025-12-14,2025-12-16,Đang cập nhật
KT_HP0625,3,2,92.8,2025-12-14,2025-12-06,Đang cập nhật
KT_HP0626,3,2,87.7,2025-12-14,2025-12-19,Đang cập nhật
KT_HP0627,3,3,96.4,2025-12-14,2025-12-08,Đã hoàn thành
KT_HP0628,3,2,92.0,2025-12-14,2025-12-12,Đang cập nhật
KT_HP0629,3,2,91.4,2025-12-14,2025-12-07,Đang cập nhật
KT_HP0630,3,3,97.9,2025-12-14,2025-12-05,Đã hoàn thành
KT_HP0631,3,3,95.5,2025-12-14,2025-12-19,Đã hoàn thành
KT_HP0632,3,2,91.2,2025-12-14,2025-12-08,Đang cập nhật
KT_HP0633,3,2,93.3,2025-12-14,2025-12-07,Đang cập nhật
KT_HP0634,3,2,87.5,2025-12-14,2025-12-19,Đang cập nhật
KT_HP0635,3,2,86.7,2025-12-14,2025-12-10,Đang cập nhật
KT_HP0636,3,2,88.3,2025-12-14,2025-12-06,Đang cập nhật
KT_HP0637,3,2,89.6,2025-12-14,2025-12-09,Đang cập nhật
KT_HP0638,3,2,87.0,2025-12-14,2025-12-06,Đang cập nhật
KT_HP0639,3,2,88.3,2025-12-14,2025-12-07,Đang cập nhật
KT_HP0640,3,2,89.9,2025-12-14,2025-12-09,Đang cập nhật
KT_HP0641,3,3,96.3,2025-12-14,2025-12-14,Đã hoàn thành
KT_HP0642,3,2,92.0,2025-12-14,2025-12-11,Đang cập nhật
KT_HP0643,3,2,92.2,2025-12-14,2025-12-07,Đang cập nhật
KT_HP0644,3,2,94.5,2025-12-14,2025-12-16,Đang cập nhật
KT_HP0645,3,2,90.2,2025-12-14,2025-12-04,Đang cập nhật
KT_HP0646,3,2,89.2,2025-12-14,2025-12-07,Đang cập nhật
KT_HP0647,3,2,93.1,2025-12-14,2025-12-17,Đang cập nhật
KT_HP0648,3,2,86.9,2025-12-14,2025-12-11,Đang cập nhật
KT_HP0649,3,2,92.5,2025-12-14,2025-12-13,Đang cập nhật
KT_HP0650,3,2,92.5,2025-12-14,2025-12-11,Đang cập nhật
KT_HP0651,3,2,90.4,2025-12-14,2025-12-10,Đang cập nhật
KT_HP0652,3,2,87.9,2025-12-14,2025-12-08,Đang cập nhật
KT_HP0653,3,2,91.8,2025-12-14,2025-12-14,Đang cập nhật
KT_HP0654,3,2,89.8,2025-12-14,2025-12-04,Đang cập nhật
KT_HP0655,3,2,92.1,2025-12-14,2025-12-09,Đang cập nhật
KT_HP0656,3,3,99.4,2025-12-14,2025-12-18,Đã hoàn thành
KT_HP0657,3,2,91.3,2025-12-14,2025-12-09,Đang cập nhật
KT_HP0658,3,2,88.5,2025-12-14,2025-12-09,Đang cập nhật
KT_HP0659,3,2,90.3,2025-12-14,2025-12-17,Đang cập nhật
KT_HP0660,3,2,92.9,2025-12-14,2025-12-13,Đang cập nhật
KT_HP0661,3,2,92.4,2025-12-14,2025-12-18,Đang cập nhật
KT_HP0662,3,2,92.6,2025-12-14,2025-12-05,Đang cập nhật
KT_HP0663,3,2,92.1,2025-12-14,2025-12-19,Đang cập nhật
KT_HP0664,3,2,92.8,2025-12-14,2025-12-05,Đang cập nhật
KT_HP0665,3,2,89.0,2025-12-14,2025-12-10,Đang cập nhật
KT_HP0666,3,2,89.5,2025-12-14,2025-12-15,Đang cập nhật
KT_HP0667,3,2,88.0,2025-12-14,2025-12-18,Đang cập nhật
KT_HP0668,3,2,86.7,2025-12-14,2025-12-09,Đang cập nhật
KT_HP0669,3,2,89.9,2025-12-14,2025-12-05,Đang cập nhật
KT_HP0670,3,2,94.2,2025-12-14,2025-12-19,Đang cập nhật
KT_HP0671,3,2,88.1,2025-12-14,2025-12-19,Đang cập nhật
KT_HP0672,3,2,88.3,2025-12-14,2025-12-12,Đang cập nhật
KT_HP0673,3,3,96.8,2025-12-14,2025-12-08,Đã hoàn thành
KT_HP0674,3,2,93.5,2025-12-14,2025-12-11,Đang cập nhật
KT_HP0675,3,3,95.6,2025-12-14,2025-12-08,Đã hoàn thành
KT_HP0676,3,2,87.8,2025-12-14,2025-12-10,Đang cập nhật
KT_HP0677,3,2,90.4,2025-12-14,2025-12-13,Đang cập nhật
KT_HP0678,3,2,91.5,2025-12-14,2025-12-19,Đang cập nhật
KT_HP0679,3,2,91.7,2025-12-14,2025-12-11,Đang cập nhật
KT_HP0680,3,2,93.3,2025-12-14,2025-12-11,Đang cập nhật
KT_HP0681,3,2,94.3,2025-12-14,2025-12-14,Đang cập nhật
KT_HP0682,3,2,90.3,2025-12-14,2025-12-19,Đang cập nhật
KT_HP0683,3,2,88.1,2025-12-14,2025-12-17,Đang cập nhật
KT_HP0684,3,2,87.7,2025-12-14,2025-12-15,Đang cập nhật
KT_HP0685,3,3,96.9,2025-12-14,2025-12-11,Đã hoàn thành
KT_HP0686,3,2,90.9,2025-12-14,2025-12-08,Đang cập nhật
KT_HP0687,3,3,95.4,2025-12-14,2025-12-12,Đã hoàn thành
KT_HP0688,3,3,95.3,2025-12-14,2025-12-15,Đã hoàn thành
KT_HP0689,3,2,90.4,2025-12-14,2025-12-14,Đang cập nhật
KT_HP0690,3,3,95.9,2025-12-14,2025-12-17,Đã hoàn thành
KT_HP0691,3,2,89.8,2025-12-14,2025-12-07,Đang cập nhật
KT_HP0692,3,2,86.3,2025-12-14,2025-12-09,Đang cập nhật
KT_HP0693,3,2,94.4,2025-12-14,2025-12-08,Đang cập nhật
KT_HP0694,3,2,91.8,2025-12-14,2025-12-14,Đang cập nhật
KT_HP0695,3,3,98.9,2025-12-14,2025-12-04,Đã hoàn thành
KT_HP0696,3,2,88.6,2025-12-14,2025-12-09,Đang cập nhật
KT_HP0697,3,2,91.9,2025-12-14,2025-12-17,Đang cập nhật
KT_HP0698,3,2,86.0,2025-12-14,2025-12-07,Đang cập nhật
KT_HP0699,3,2,92.1,2025-12-14,2025-12-11,Đang cập nhật
KT_HP0700,3,2,91.6,2025-12-14,2025-12-06,Đang cập nhật
KT_HP0701,3,2,92.5,2025-12-14,2025-12-09,Đang cập nhật
KT_HP0702,3,2,91.0,2025-12-14,2025-12-04,Đang cập nhật
KT_HP0703,3,2,94.1,2025-12-14,2025-12-09,Đang cập nhật
KT_HP0704,3,2,91.2,2025-12-14,2025-12-18,Đang cập nhật
KT_HP0705,3,2,94.3,2025-12-14,2025-12-08,Đang cập nhật
KT_HP0706,3,2,91.1,2025-12-14,2025-12-06,Đang cập nhật
KT_HP0707,3,2,91.6,2025-12-14,2025-12-14,Đang cập nhật
KT_HP0708,3,2,90.4,2025-12-14,2025-12-11,Đang cập nhật
KT_HP0709,3,3,96.9,2025-12-14,2025-12-17,Đã hoàn thành
KT_HP0710,3,2,85.2,2025-12-14,2025-12-13,Đang cập nhật
KT_HP0711,3,2,91.9,2025-12-14,2025-12-05,Đang cập nhật
KT_HP0712,3,3,96.4,2025-12-14,2025-12-14,Đã hoàn thành
CNTT_HP0001,3,2,91.5,2025-12-14,2025-12-12,Đang cập nhật
CNTT_HP0002,3,2,92.7,2025-12-14,2025-12-18,Đang cập nhật
CNTT_HP0003,3,2,92.6,2025-12-14,2025-12-17,Đang cập nhật
CNTT_HP0004,3,2,93.6,2025-12-14,2025-12-19,Đang cập nhật
CNTT_HP0005,3,3,97.3,2025-12-14,2025-12-09,Đã hoàn thành
CNTT_HP0006,3,2,94.1,2025-12-14,2025-12-07,Đang cập nhật
CNTT_HP0007,3,2,91.4,2025-12-14,2025-12-07,Đang cập nhật
CNTT_HP0008,3,2,89.1,2025-12-14,2025-12-17,Đang cập nhật
CNTT_HP0009,3,2,93.6,2025-12-14,2025-12-07,Đang cập nhật
CNTT_HP0010,3,2,94.5,2025-12-14,2025-12-09,Đang cập nhật
CNTT_HP0011,3,3,96.1,2025-12-14,2025-12-07,Đã hoàn thành
CNTT_HP0012,3,3,96.5,2025-12-14,2025-12-19,Đã hoàn thành
CNTT_HP0013,3,3,95.7,2025-12-14,2025-12-14,Đã hoàn thành
CNTT_HP0014,3,3,97.9,2025-12-14,2025-12-13,Đã hoàn thành
CNTT_HP0015,3,2,91.0,2025-12-14,2025-12-07,Đang cập nhật
CNTT_HP0016,3,2,94.0,2025-12-14,2025-12-18,Đang cập nhật
CNTT_HP0017,3,2,86.4,2025-12-14,2025-12-06,Đang cập nhật
CNTT_HP0018,3,2,92.4,2025-12-14,2025-12-14,Đang cập nhật
CNTT_HP0019,3,2,93.2,2025-12-14,2025-12-14,Đang cập nhật
CNTT_HP0020,3,2,92.2,2025-12-14,2025-12-13,Đang cập nhật
CNTT_HP0021,3,2,89.0,2025-12-14,2025-12-09,Đang cập nhật
CNTT_HP0022,3,2,94.1,2025-12-14,2025-12-04,Đang cập nhật
CNTT_HP0023,3,2,91.7,2025-12-14,2025-12-19,Đang cập nhật
CNTT_HP0024,3,3,95.5,2025-12-14,2025-12-12,Đã hoàn thành
CNTT_HP0025,3,2,85.6,2025-12-14,2025-12-17,Đang cập nhật
CNTT_HP0026,3,3,97.3,2025-12-14,2025-12-15,Đã hoàn thành
CNTT_HP0027,3,2,92.2,2025-12-14,2025-12-13,Đang cập nhật
CNTT_HP0028,3,2,92.2,2025-12-14,2025-12-06,Đang cập nhật
CNTT_HP0029,3,2,94.8,2025-12-14,2025-12-08,Đang cập nhật
CNTT_HP0030,3,3,95.2,2025-12-14,2025-12-16,Đã hoàn thành
CNTT_HP0031,3,2,91.2,2025-12-14,2025-12-08,Đang cập nhật
CNTT_HP0032,3,3,96.5,2025-12-14,2025-12-18,Đã hoàn thành
CNTT_HP0033,3,2,87.2,2025-12-14,2025-12-12,Đang cập nhật
CNTT_HP0034,3,2,93.8,2025-12-14,2025-12-10,Đang cập nhật
CNTT_HP0035,3,2,89.8,2025-12-14,2025-12-07,Đang cập nhật
CNTT_HP0036,3,2,92.0,2025-12-14,2025-12-07,Đang cập nhật
CNTT_HP0037,3,2,91.7,2025-12-14,2025-12-09,Đang cập nhật
CNTT_HP0038,3,2,91.5,2025-12-14,2025-12-18,Đang cập nhật
CNTT_HP0039,3,2,91.7,2025-12-14,2025-12-15,Đang cập nhật
CNTT_HP0040,3,3,96.1,2025-12-14,2025-12-06,Đã hoàn thành
CNTT_HP0041,3,2,90.0,2025-12-14,2025-12-10,Đang cập nhật
CNTT_HP0042,3,2,90.3,2025-12-14,2025-12-18,Đang cập nhật
CNTT_HP0043,3,2,93.7,2025-12-14,2025-12-19,Đang cập nhật
CNTT_HP0044,3,3,99.3,2025-12-14,2025-12-17,Đã hoàn thành
CNTT_HP0045,3,2,90.5,2025-12-14,2025-12-13,Đang cập nhật
CNTT_HP0046,3,2,92.5,2025-12-14,2025-12-11,Đang cập nhật
CNTT_HP0047,3,2,91.1,2025-12-14,2025-12-10,Đang cập nhật
CNTT_HP0048,3,2,93.7,2025-12-14,2025-12-11,Đang cập nhật
CNTT_HP0049,3,2,93.4,2025-12-14,2025-12-18,Đang cập nhật
CNTT_HP0050,3,3,96.3,2025-12-14,2025-12-09,Đã hoàn thành
CNTT_HP0051,3,3,95.8,2025-12-14,2025-12-18,Đã hoàn thành
CNTT_HP0052,3,2,92.5,2025-12-14,2025-12-13,Đang cập nhật
CNTT_HP0053,3,3,99.2,2025-12-14,2025-12-11,Đã hoàn thành
CNTT_HP0054,3,2,85.8,2025-12-14,2025-12-11,Đang cập nhật
CNTT_HP0055,3,2,87.9,2025-12-14,2025-12-04,Đang cập nhật
CNTT_HP0056,3,2,88.5,2025-12-14,2025-12-06,Đang cập nhật
CNTT_HP0057,3,3,96.2,2025-12-14,2025-12-17,Đã hoàn thành
CNTT_HP0058,3,2,90.7,2025-12-14,2025-12-13,Đang cập nhật
CNTT_HP0059,3,2,94.6,2025-12-14,2025-12-08,Đang cập nhật
CNTT_HP0060,3,2,89.9,2025-12-14,2025-12-12,Đang cập nhật
CNTT_HP0061,3,2,94.3,2025-12-14,2025-12-13,Đang cập nhật
CNTT_HP0062,3,2,92.6,2025-12-14,2025-12-04,Đang cập nhật
CNTT_HP0063,3,2,91.8,2025-12-14,2025-12-14,Đang cập nhật
CNTT_HP0064,3,2,94.9,2025-12-14,2025-12-14,Đang cập nhật
CNTT_HP0065,3,2,94.3,2025-12-14,2025-12-05,Đang cập nhật
CNTT_HP0066,3,3,99.5,2025-12-14,2025-12-11,Đã hoàn thành
CNTT_HP0067,3,3,95.0,2025-12-14,2025-12-18,Đã hoàn thành
CNTT_HP0068,3,3,97.3,2025-12-14,2025-12-14,Đã hoàn thành
CNTT_HP0069,3,2,91.1,2025-12-14,2025-12-06,Đang cập nhật
CNTT_HP0070,3,2,90.2,2025-12-14,2025-12-12,Đang cập nhật
CNTT_HP0071,3,2,92.7,2025-12-14,2025-12-19,Đang cập nhật
CNTT_HP0072,3,3,99.8,2025-12-14,2025-12-07,Đã hoàn thành
CNTT_HP0073,3,3,95.1,2025-12-14,2025-12-15,Đã hoàn thành
CNTT_HP0074,3,2,85.0,2025-12-14,2025-12-17,Đang cập nhật
CNTT_HP0075,3,3,95.8,2025-12-14,2025-12-07,Đã hoàn thành
CNTT_HP0076,3,2,90.4,2025-12-14,2025-12-10,Đang cập nhật
CNTT_HP0077,3,2,90.0,2025-12-14,2025-12-08,Đang cập nhật
CNTT_HP0078,3,2,93.7,2025-12-14,2025-12-15,Đang cập nhật
CNTT_HP0079,3,2,91.5,2025-12-14,2025-12-17,Đang cập nhật
CNTT_HP0080,3,2,89.4,2025-12-14,2025-12-05,Đang cập nhật
CNTT_HP0081,3,3,97.1,2025-12-14,2025-12-17,Đã hoàn thành
CNTT_HP0082,3,2,93.7,2025-12-14,2025-12-17,Đang cập nhật
CNTT_HP0083,3,2,88.7,2025-12-14,2025-12-19,Đang cập nhật
CNTT_HP0084,3,3,95.8,2025-12-14,2025-12-11,Đã hoàn thành
CNTT_HP0085,3,3,96.4,2025-12-14,2025-12-06,Đã hoàn thành
CNTT_HP0086,3,3,95.2,2025-12-14,2025-12-13,Đã hoàn thành
CNTT_HP0087,3,2,91.4,2025-12-14,2025-12-16,Đang cập nhật
CNTT_HP0088,3,2,94.5,2025-12-14,2025-12-13,Đang cập nhật
CNTT_HP0089,3,2,88.6,2025-12-14,2025-12-19,Đang cập nhật
CNTT_HP0090,3,3,95.9,2025-12-14,2025-12-13,Đã hoàn thành
CNTT_HP0091,3,2,88.6,2025-12-14,2025-12-05,Đang cập nhật
CNTT_HP0092,3,2,86.5,2025-12-14,2025-12-10,Đang cập nhật
CNTT_HP0093,3,2,93.1,2025-12-14,2025-12-04,Đang cập nhật
CNTT_HP0094,3,2,90.1,2025-12-14,2025-12-09,Đang cập nhật
CNTT_HP0095,3,2,92.7,2025-12-14,2025-12-10,Đang cập nhật
CNTT_HP0096,3,2,94.2,2025-12-14,2025-12-05,Đang cập nhật
CNTT_HP0097,3,2,94.3,2025-12-14,2025-12-18,Đang cập nhật
CNTT_HP0098,3,2,94.1,2025-12-14,2025-12-06,Đang cập nhật
CNTT_HP0099,3,3,95.4,2025-12-14,2025-12-10,Đã hoàn thành
CNTT_HP0100,3,2,90.0,2025-12-14,2025-12-04,Đang cập nhật
CNTT_HP0101,3,3,97.3,2025-12-14,2025-12-08,Đã hoàn thành
CNTT_HP0102,3,2,90.2,2025-12-14,2025-12-17,Đang cập nhật
CNTT_HP0103,3,2,91.8,2025-12-14,2025-12-14,Đang cập nhật
CNTT_HP0104,3,2,89.3,2025-12-14,2025-12-13,Đang cập nhật
CNTT_HP0105,3,2,92.5,2025-12-14,2025-12-13,Đang cập nhật
CNTT_HP0106,3,2,93.5,2025-12-14,2025-12-04,Đang cập nhật
CNTT_HP0107,3,2,94.7,2025-12-14,2025-12-18,Đang cập nhật
CNTT_HP0108,3,2,92.1,2025-12-14,2025-12-05,Đang cập nhật
CNTT_HP0109,3,2,88.5,2025-12-14,2025-12-10,Đang cập nhật
CNTT_HP0110,3,2,85.0,2025-12-14,2025-12-15,Đang cập nhật
CNTT_HP0111,3,2,93.4,2025-12-14,2025-12-12,Đang cập nhật
CNTT_HP0112,3,2,89.0,2025-12-14,2025-12-17,Đang cập nhật
CNTT_HP0113,3,2,90.9,2025-12-14,2025-12-04,Đang cập nhật
CNTT_HP0114,3,2,93.9,2025-12-14,2025-12-15,Đang cập nhật
CNTT_HP0115,3,2,91.7,2025-12-14,2025-12-04,Đang cập nhật
CNTT_HP0116,3,2,91.9,2025-12-14,2025-12-15,Đang cập nhật
CNTT_HP0117,3,3,96.2,2025-12-14,2025-12-09,Đã hoàn thành
CNTT_HP0118,3,3,97.1,2025-12-14,2025-12-10,Đã hoàn thành
CNTT_HP0119,3,2,90.4,2025-12-14,2025-12-07,Đang cập nhật
CNTT_HP0120,3,2,92.5,2025-12-14,2025-12-12,Đang cập nhật
CNTT_HP0121,3,3,97.1,2025-12-14,2025-12-06,Đã hoàn thành
CNTT_HP0122,3,2,93.8,2025-12-14,2025-12-15,Đang cập nhật
CNTT_HP0123,3,2,92.9,2025-12-14,2025-12-06,Đang cập nhật
CNTT_HP0124,3,2,91.3,2025-12-14,2025-12-08,Đang cập nhật
CNTT_HP0125,3,3,95.1,2025-12-14,2025-12-15,Đã hoàn thành
CNTT_HP0126,3,2,91.3,2025-12-14,2025-12-08,Đang cập nhật
CNTT_HP0127,3,2,90.7,2025-12-14,2025-12-13,Đang cập nhật
CNTT_HP0128,3,2,91.7,2025-12-14,2025-12-05,Đang cập nhật
CNTT_HP0129,3,3,95.5,2025-12-14,2025-12-11,Đã hoàn thành
CNTT_HP0130,3,2,88.8,2025-12-14,2025-12-12,Đang cập nhật
CNTT_HP0131,3,2,88.9,2025-12-14,2025-12-06,Đang cập nhật
CNTT_HP0132,3,3,97.6,2025-12-14,2025-12-06,Đã hoàn thành
CNTT_HP0133,3,2,88.7,2025-12-14,2025-12-18,Đang cập nhật
CNTT_HP0134,3,2,91.2,2025-12-14,2025-12-17,Đang cập nhật
CNTT_HP0135,3,2,91.9,2025-12-14,2025-12-13,Đang cập nhật
CNTT_HP0136,3,3,96.7,2025-12-14,2025-12-13,Đã hoàn thành
CNTT_HP0137,3,3,99.4,2025-12-14,2025-12-17,Đã hoàn thành
CNTT_HP0138,3,2,92.8,2025-12-14,2025-12-05,Đang cập nhật
CNTT_HP0139,3,2,83.6,2025-12-14,2025-12-14,Đang cập nhật
CNTT_HP0140,3,2,90.3,2025-12-14,2025-12-08,Đang cập nhật
CNTT_HP0141,3,2,89.5,2025-12-14,2025-12-17,Đang cập nhật
CNTT_HP0142,3,2,92.3,2025-12-14,2025-12-16,Đang cập nhật
CNTT_HP0143,3,2,93.6,2025-12-14,2025-12-14,Đang cập nhật
CNTT_HP0144,3,3,96.8,2025-12-14,2025-12-12,Đã hoàn thành
CNTT_HP0145,3,2,85.3,2025-12-14,2025-12-19,Đang cập nhật
CNTT_HP0146,3,2,91.0,2025-12-14,2025-12-08,Đang cập nhật
CNTT_HP0147,3,2,90.4,2025-12-14,2025-12-08,Đang cập nhật
CNTT_HP0148,3,2,80.5,2025-12-14,2025-12-15,Đang cập nhật
CNTT_HP0149,3,3,96.2,2025-12-14,2025-12-04,Đã hoàn thành
CNTT_HP0150,3,2,92.9,2025-12-14,2025-12-15,Đang cập nhật
CNTT_HP0151,3,2,94.2,2025-12-14,2025-12-12,Đang cập nhật
CNTT_HP0152,3,2,91.4,2025-12-14,2025-12-11,Đang cập nhật
CNTT_HP0153,3,2,90.4,2025-12-14,2025-12-10,Đang cập nhật
CNTT_HP0154,3,2,92.8,2025-12-14,2025-12-08,Đang cập nhật
CNTT_HP0155,3,2,90.7,2025-12-14,2025-12-16,Đang cập nhật
CNTT_HP0156,3,3,95.7,2025-12-14,2025-12-04,Đã hoàn thành
CNTT_HP0157,3,2,89.4,2025-12-14,2025-12-04,Đang cập nhật
CNTT_HP0158,3,2,88.1,2025-12-14,2025-12-12,Đang cập nhật
CNTT_HP0159,3,2,92.9,2025-12-14,2025-12-05,Đang cập nhật
CNTT_HP0160,3,2,91.3,2025-12-14,2025-12-04,Đang cập nhật
CNTT_HP0161,3,3,97.7,2025-12-14,2025-12-05,Đã hoàn thành
CNTT_HP0162,3,2,89.4,2025-12-14,2025-12-10,Đang cập nhật
CNTT_HP0163,3,2,93.6,2025-12-14,2025-12-06,Đang cập nhật
CNTT_HP0164,3,3,98.5,2025-12-14,2025-12-07,Đã hoàn thành
CNTT_HP0165,3,2,91.5,2025-12-14,2025-12-13,Đang cập nhật
CNTT_HP0166,3,2,94.2,2025-12-14,2025-12-13,Đang cập nhật
CNTT_HP0167,3,2,90.0,2025-12-14,2025-12-08,Đang cập nhật
CNTT_HP0168,3,3,96.4,2025-12-14,2025-12-17,Đã hoàn thành
CNTT_HP0169,3,2,93.6,2025-12-14,2025-12-09,Đang cập nhật
CNTT_HP0170,3,2,90.3,2025-12-14,2025-12-07,Đang cập nhật
CNTT_HP0171,3,2,90.4,2025-12-14,2025-12-08,Đang cập nhật
CNTT_HP0172,3,3,97.5,2025-12-14,2025-12-09,Đã hoàn thành
CNTT_HP0173,3,2,93.3,2025-12-14,2025-12-06,Đang cập nhật
CNTT_HP0174,3,2,91.2,2025-12-14,2025-12-11,Đang cập nhật
CNTT_HP0175,3,3,98.2,2025-12-14,2025-12-18,Đã hoàn thành
CNTT_HP0176,3,2,92.7,2025-12-14,2025-12-07,Đang cập nhật
CNTT_HP0177,3,3,95.8,2025-12-14,2025-12-13,Đã hoàn thành
CNTT_HP0178,3,2,88.3,2025-12-14,2025-12-06,Đang cập nhật
CNTT_HP0179,3,2,91.8,2025-12-14,2025-12-10,Đang cập nhật
CNTT_HP0180,3,3,97.2,2025-12-14,2025-12-07,Đã hoàn thành
CNTT_HP0181,3,2,94.4,2025-12-14,2025-12-17,Đang cập nhật
CNTT_HP0182,3,3,96.5,2025-12-14,2025-12-13,Đã hoàn thành
CNTT_HP0183,3,2,91.9,2025-12-14,2025-12-19,Đang cập nhật
CNTT_HP0184,3,2,92.8,2025-12-14,2025-12-10,Đang cập nhật
CNTT_HP0185,3,2,91.1,2025-12-14,2025-12-12,Đang cập nhật
CNTT_HP0186,3,3,97.6,2025-12-14,2025-12-12,Đã hoàn thành
CNTT_HP0187,3,2,92.2,2025-12-14,2025-12-19,Đang cập nhật
CNTT_HP0188,3,2,90.4,2025-12-14,2025-12-17,Đang cập nhật
CNTT_HP0189,3,2,88.6,2025-12-14,2025-12-19,Đang cập nhật
CNTT_HP0190,3,2,93.0,2025-12-14,2025-12-05,Đang cập nhật
CNTT_HP0191,3,2,89.9,2025-12-14,2025-12-09,Đang cập nhật
CNTT_HP0192,3,2,92.5,2025-12-14,2025-12-10,Đang cập nhật
CNTT_HP0193,3,3,95.2,2025-12-14,2025-12-16,Đã hoàn thành
CNTT_HP0194,3,3,96.8,2025-12-14,2025-12-16,Đã hoàn thành
CNTT_HP0195,3,3,95.8,2025-12-14,2025-12-09,Đã hoàn thành
CNTT_HP0196,3,2,91.8,2025-12-14,2025-12-14,Đang cập nhật
CNTT_HP0197,3,2,93.7,2025-12-14,2025-12-13,Đang cập nhật
CNTT_HP0198,3,2,89.5,2025-12-14,2025-12-18,Đang cập nhật
CNTT_HP0199,3,2,93.2,2025-12-14,2025-12-14,Đang cập nhật
CNTT_HP0200,3,2,92.7,2025-12-14,2025-12-11,Đang cập nhật
CNTT_HP0201,3,2,93.5,2025-12-14,2025-12-10,Đang cập nhật
CNTT_HP0202,3,2,92.0,2025-12-14,2025-12-10,Đang cập nhật
CNTT_HP0203,3,2,91.2,2025-12-14,2025-12-07,Đang cập nhật
CNTT_HP0204,3,3,96.9,2025-12-14,2025-12-15,Đã hoàn thành
CNTT_HP0205,3,2,91.6,2025-12-14,2025-12-05,Đang cập nhật
CNTT_HP0206,3,3,95.0,2025-12-14,2025-12-14,Đã hoàn thành
CNTT_HP0207,3,2,93.6,2025-12-14,2025-12-06,Đang cập nhật
CNTT_HP0208,3,2,92.7,2025-12-14,2025-12-06,Đang cập nhật
CNTT_HP0209,3,2,91.7,2025-12-14,2025-12-15,Đang cập nhật
CNTT_HP0210,3,2,94.2,2025-12-14,2025-12-19,Đang cập nhật
CNTT_HP0211,3,2,94.4,2025-12-14,2025-12-18,Đang cập nhật
CNTT_HP0212,3,2,93.9,2025-12-14,2025-12-09,Đang cập nhật
CNTT_HP0213,3,2,93.7,2025-12-14,2025-12-15,Đang cập nhật
CNTT_HP0214,3,2,93.2,2025-12-14,2025-12-10,Đang cập nhật
CNTT_HP0215,3,2,89.5,2025-12-14,2025-12-13,Đang cập nhật
CNTT_HP0216,3,2,92.9,2025-12-14,2025-12-05,Đang cập nhật
CNTT_HP0217,3,2,88.6,2025-12-14,2025-12-08,Đang cập nhật
CNTT_HP0218,3,2,90.4,2025-12-14,2025-12-13,Đang cập nhật
CNTT_HP0219,3,2,89.6,2025-12-14,2025-12-19,Đang cập nhật
CNTT_HP0220,3,2,93.7,2025-12-14,2025-12-05,Đang cập nhật
CNTT_HP0221,3,2,94.1,2025-12-14,2025-12-17,Đang cập nhật
CNTT_HP0222,3,2,89.3,2025-12-14,2025-12-13,Đang cập nhật
CNTT_HP0223,3,3,98.6,2025-12-14,2025-12-05,Đã hoàn thành
CNTT_HP0224,3,2,87.6,2025-12-14,2025-12-17,Đang cập nhật
CNTT_HP0225,3,2,92.5,2025-12-14,2025-12-11,Đang cập nhật
CNTT_HP0226,3,2,94.0,2025-12-14,2025-12-04,Đang cập nhật
CNTT_HP0227,3,2,91.0,2025-12-14,2025-12-17,Đang cập nhật
CNTT_HP0228,3,2,88.6,2025-12-14,2025-12-06,Đang cập nhật
CNTT_HP0229,3,3,96.1,2025-12-14,2025-12-19,Đã hoàn thành
CNTT_HP0230,3,2,85.6,2025-12-14,2025-12-12,Đang cập nhật
CNTT_HP0231,3,2,93.8,2025-12-14,2025-12-07,Đang cập nhật
CNTT_HP0232,3,2,90.4,2025-12-14,2025-12-08,Đang cập nhật
CNTT_HP0233,3,2,93.1,2025-12-14,2025-12-04,Đang cập nhật
CNTT_HP0234,3,3,98.9,2025-12-14,2025-12-12,Đã hoàn thành
CNTT_HP0235,3,2,94.5,2025-12-14,2025-12-11,Đang cập nhật
CNTT_HP0236,3,2,90.3,2025-12-14,2025-12-05,Đang cập nhật
CNTT_HP0237,3,2,89.8,2025-12-14,2025-12-16,Đang cập nhật
CNTT_HP0238,3,2,88.8,2025-12-14,2025-12-17,Đang cập nhật
CNTT_HP0239,3,2,90.4,2025-12-14,2025-12-16,Đang cập nhật
CNTT_HP0240,3,3,97.5,2025-12-14,2025-12-05,Đã hoàn thành
CNTT_HP0241,3,2,94.0,2025-12-14,2025-12-19,Đang cập nhật
CNTT_HP0242,3,2,92.6,2025-12-14,2025-12-15,Đang cập nhật
CNTT_HP0243,3,2,94.2,2025-12-14,2025-12-18,Đang cập nhật
CNTT_HP0244,3,2,90.1,2025-12-14,2025-12-05,Đang cập nhật
CNTT_HP0245,3,2,93.2,2025-12-14,2025-12-06,Đang cập nhật
CNTT_HP0246,3,2,91.0,2025-12-14,2025-12-13,Đang cập nhật
CNTT_HP0247,3,3,96.8,2025-12-14,2025-12-09,Đã hoàn thành
CNTT_HP0248,3,2,92.8,2025-12-14,2025-12-09,Đang cập nhật
CNTT_HP0249,3,2,88.5,2025-12-14,2025-12-16,Đang cập nhật
CNTT_HP0250,3,2,92.8,2025-12-14,2025-12-17,Đang cập nhật
CNTT_HP0251,3,3,97.8,2025-12-14,2025-12-17,Đã hoàn thành
CNTT_HP0252,3,2,93.0,2025-12-14,2025-12-16,Đang cập nhật
CNTT_HP0253,3,2,94.5,2025-12-14,2025-12-19,Đang cập nhật
CNTT_HP0254,3,3,95.3,2025-12-14,2025-12-18,Đã hoàn thành
CNTT_HP0255,3,2,94.4,2025-12-14,2025-12-10,Đang cập nhật
CNTT_HP0256,3,2,91.4,2025-12-14,2025-12-15,Đang cập nhật
CNTT_HP0257,3,2,93.5,2025-12-14,2025-12-04,Đang cập nhật
CNTT_HP0258,3,2,90.9,2025-12-14,2025-12-09,Đang cập nhật
CNTT_HP0259,3,2,88.8,2025-12-14,2025-12-13,Đang cập nhật
CNTT_HP0260,3,2,94.3,2025-12-14,2025-12-18,Đang cập nhật
CNTT_HP0261,3,2,91.1,2025-12-14,2025-12-13,Đang cập nhật
CNTT_HP0262,3,2,94.7,2025-12-14,2025-12-06,Đang cập nhật
CNTT_HP0263,3,2,87.1,2025-12-14,2025-12-10,Đang cập nhật
CNTT_HP0264,3,2,93.7,2025-12-14,2025-12-10,Đang cập nhật
CNTT_HP0265,3,2,89.7,2025-12-14,2025-12-15,Đang cập nhật
CNTT_HP0266,3,3,95.6,2025-12-14,2025-12-12,Đã hoàn thành
CNTT_HP0267,3,2,91.3,2025-12-14,2025-12-14,Đang cập nhật
CNTT_HP0268,3,3,98.7,2025-12-14,2025-12-09,Đã hoàn thành
CNTT_HP0269,3,2,88.3,2025-12-14,2025-12-08,Đang cập nhật
CNTT_HP0270,3,2,91.5,2025-12-14,2025-12-13,Đang cập nhật
CNTT_HP0271,3,2,93.1,2025-12-14,2025-12-14,Đang cập nhật
CNTT_HP0272,3,3,95.0,2025-12-14,2025-12-17,Đã hoàn thành
CNTT_HP0273,3,3,96.4,2025-12-14,2025-12-13,Đã hoàn thành
CNTT_HP0274,3,2,90.7,2025-12-14,2025-12-04,Đang cập nhật
CNTT_HP0275,3,2,86.7,2025-12-14,2025-12-17,Đang cập nhật
CNTT_HP0276,3,2,87.4,2025-12-14,2025-12-07,Đang cập nhật
CNTT_HP0277,3,2,94.7,2025-12-14,2025-12-13,Đang cập nhật
CNTT_HP0278,3,3,96.6,2025-12-14,2025-12-05,Đã hoàn thành
CNTT_HP0279,3,2,91.6,2025-12-14,2025-12-18,Đang cập nhật
CNTT_HP0280,3,3,96.4,2025-12-14,2025-12-05,Đã hoàn thành
CNTT_HP0281,3,2,91.6,2025-12-14,2025-12-15,Đang cập nhật
CNTT_HP0282,3,2,94.2,2025-12-14,2025-12-16,Đang cập nhật
CNTT_HP0283,3,2,90.8,2025-12-14,2025-12-13,Đang cập nhật
CNTT_HP0284,3,2,88.0,2025-12-14,2025-12-06,Đang cập nhật
CNTT_HP0285,3,3,97.2,2025-12-14,2025-12-12,Đã hoàn thành
CNTT_HP0286,3,2,92.4,2025-12-14,2025-12-17,Đang cập nhật
CNTT_HP0287,3,3,99.6,2025-12-14,2025-12-16,Đã hoàn thành
CNTT_HP0288,3,2,91.1,2025-12-14,2025-12-13,Đang cập nhật
CNTT_HP0289,3,2,93.1,2025-12-14,2025-12-15,Đang cập nhật
CNTT_HP0290,3,2,91.6,2025-12-14,2025-12-16,Đang cập nhật
CNTT_HP0291,3,2,92.5,2025-12-14,2025-12-18,Đang cập nhật
CNTT_HP0292,3,2,91.6,2025-12-14,2025-12-06,Đang cập nhật
CNTT_HP0293,3,2,92.1,2025-12-14,2025-12-15,Đang cập nhật
CNTT_HP0294,3,2,94.4,2025-12-14,2025-12-18,Đang cập nhật
CNTT_HP0295,3,2,91.5,2025-12-14,2025-12-14,Đang cập nhật
CNTT_HP0296,3,2,94.5,2025-12-14,2025-12-06,Đang cập nhật
CNTT_HP0297,3,3,95.4,2025-12-14,2025-12-14,Đã hoàn thành
CNTT_HP0298,3,3,97.7,2025-12-14,2025-12-06,Đã hoàn thành
CNTT_HP0299,3,2,91.7,2025-12-14,2025-12-11,Đang cập nhật
CNTT_HP0300,3,2,87.9,2025-12-14,2025-12-17,Đang cập nhật
CNTT_HP0301,3,2,94.2,2025-12-14,2025-12-04,Đang cập nhật
CNTT_HP0302,3,2,92.7,2025-12-14,2025-12-07,Đang cập nhật
CNTT_HP0303,3,2,93.4,2025-12-14,2025-12-10,Đang cập nhật
CNTT_HP0304,3,2,89.7,2025-12-14,2025-12-17,Đang cập nhật
CNTT_HP0305,3,2,91.9,2025-12-14,2025-12-05,Đang cập nhật
CNTT_HP0306,3,2,92.6,2025-12-14,2025-12-12,Đang cập nhật
CNTT_HP0307,3,3,96.7,2025-12-14,2025-12-06,Đã hoàn thành
CNTT_HP0308,3,2,94.9,2025-12-14,2025-12-17,Đang cập nhật
CNTT_HP0309,3,3,96.5,2025-12-14,2025-12-11,Đã hoàn thành
CNTT_HP0310,3,2,94.3,2025-12-14,2025-12-05,Đang cập nhật
CNTT_HP0311,3,2,94.6,2025-12-14,2025-12-18,Đang cập nhật
CNTT_HP0312,3,2,89.8,2025-12-14,2025-12-15,Đang cập nhật
CNTT_HP0313,3,2,90.0,2025-12-14,2025-12-18,Đang cập nhật
CNTT_HP0314,3,2,88.9,2025-12-14,2025-12-17,Đang cập nhật
CNTT_HP0315,3,2,90.6,2025-12-14,2025-12-16,Đang cập nhật
CNTT_HP0316,3,2,89.9,2025-12-14,2025-12-19,Đang cập nhật
CNTT_HP0317,3,3,95.8,2025-12-14,2025-12-11,Đã hoàn thành
CNTT_HP0318,3,2,91.7,2025-12-14,2025-12-13,Đang cập nhật
CNTT_HP0319,3,2,88.0,2025-12-14,2025-12-19,Đang cập nhật
CNTT_HP0320,3,2,92.5,2025-12-14,2025-12-17,Đang cập nhật
CNTT_HP0321,3,2,93.5,2025-12-14,2025-12-08,Đang cập nhật
CNTT_HP0322,3,2,91.5,2025-12-14,2025-12-09,Đang cập nhật
CNTT_HP0323,3,2,91.2,2025-12-14,2025-12-11,Đang cập nhật
CNTT_HP0324,3,2,90.4,2025-12-14,2025-12-13,Đang cập nhật
CNTT_HP0325,3,3,95.2,2025-12-14,2025-12-18,Đã hoàn thành
CNTT_HP0326,3,2,89.7,2025-12-14,2025-12-05,Đang cập nhật
CNTT_HP0327,3,2,92.1,2025-12-14,2025-12-19,Đang cập nhật
CNTT_HP0328,3,3,96.4,2025-12-14,2025-12-18,Đã hoàn thành
CNTT_HP0329,3,2,91.9,2025-12-14,2025-12-10,Đang cập nhật
CNTT_HP0330,3,2,94.9,2025-12-14,2025-12-09,Đang cập nhật
CNTT_HP0331,3,2,94.8,2025-12-14,2025-12-12,Đang cập nhật
CNTT_HP0332,3,2,91.8,2025-12-14,2025-12-17,Đang cập nhật
CNTT_HP0333,3,3,97.7,2025-12-14,2025-12-14,Đã hoàn thành
CNTT_HP0334,3,2,91.9,2025-12-14,2025-12-08,Đang cập nhật
CNTT_HP0335,3,2,86.6,2025-12-14,2025-12-08,Đang cập nhật
CNTT_HP0336,3,2,90.8,2025-12-14,2025-12-16,Đang cập nhật
CNTT_HP0337,3,2,93.2,2025-12-14,2025-12-16,Đang cập nhật
CNTT_HP0338,3,2,91.5,2025-12-14,2025-12-10,Đang cập nhật
CNTT_HP0339,3,3,98.5,2025-12-14,2025-12-08,Đã hoàn thành
CNTT_HP0340,3,2,93.8,2025-12-14,2025-12-04,Đang cập nhật
CNTT_HP0341,3,3,95.0,2025-12-14,2025-12-18,Đã hoàn thành
CNTT_HP0342,3,2,87.2,2025-12-14,2025-12-07,Đang cập nhật
CNTT_HP0343,3,2,92.6,2025-12-14,2025-12-14,Đang cập nhật
CNTT_HP0344,3,2,92.6,2025-12-14,2025-12-06,Đang cập nhật
CNTT_HP0345,3,2,89.5,2025-12-14,2025-12-04,Đang cập nhật
CNTT_HP0346,3,2,88.4,2025-12-14,2025-12-14,Đang cập nhật
CNTT_HP0347,3,3,96.8,2025-12-14,2025-12-15,Đã hoàn thành
CNTT_HP0348,3,2,86.6,2025-12-14,2025-12-04,Đang cập nhật
CNTT_HP0349,3,3,96.8,2025-12-14,2025-12-13,Đã hoàn thành
CNTT_HP0350,3,3,95.5,2025-12-14,2025-12-05,Đã hoàn thành
CNTT_HP0351,3,2,89.0,2025-12-14,2025-12-15,Đang cập nhật
CNTT_HP0352,3,2,92.8,2025-12-14,2025-12-17,Đang cập nhật
CNTT_HP0353,3,2,91.1,2025-12-14,2025-12-15,Đang cập nhật
CNTT_HP0354,3,2,89.7,2025-12-14,2025-12-07,Đang cập nhật
CNTT_HP0355,3,2,93.8,2025-12-14,2025-12-04,Đang cập nhật
CNTT_HP0356,3,3,96.5,2025-12-14,2025-12-17,Đã hoàn thành
CNTT_HP0357,3,2,92.9,2025-12-14,2025-12-18,Đang cập nhật
CNTT_HP0358,3,2,90.6,2025-12-14,2025-12-17,Đang cập nhật
CNTT_HP0359,3,3,95.0,2025-12-14,2025-12-07,Đã hoàn thành
CNTT_HP0360,3,3,95.6,2025-12-14,2025-12-19,Đã hoàn thành
CNTT_HP0361,3,2,90.4,2025-12-14,2025-12-10,Đang cập nhật
CNTT_HP0362,3,2,92.7,2025-12-14,2025-12-17,Đang cập nhật
CNTT_HP0363,3,2,94.3,2025-12-14,2025-12-10,Đang cập nhật
CNTT_HP0364,3,2,93.0,2025-12-14,2025-12-11,Đang cập nhật
CNTT_HP0365,3,2,90.4,2025-12-14,2025-12-18,Đang cập nhật
CNTT_HP0366,3,2,91.7,2025-12-14,2025-12-17,Đang cập nhật
CNTT_HP0367,3,2,93.4,2025-12-14,2025-12-09,Đang cập nhật
CNTT_HP0368,3,2,94.4,2025-12-14,2025-12-17,Đang cập nhật
CNTT_HP0369,3,2,87.9,2025-12-14,2025-12-17,Đang cập nhật
CNTT_HP0370,3,2,83.8,2025-12-14,2025-12-11,Đang cập nhật
CNTT_HP0371,3,2,93.6,2025-12-14,2025-12-19,Đang cập nhật
CNTT_HP0372,3,2,92.4,2025-12-14,2025-12-05,Đang cập nhật
CNTT_HP0373,3,3,97.5,2025-12-14,2025-12-12,Đã hoàn thành
CNTT_HP0374,3,2,90.7,2025-12-14,2025-12-10,Đang cập nhật
CNTT_HP0375,3,2,87.4,2025-12-14,2025-12-19,Đang cập nhật
CNTT_HP0376,3,2,89.9,2025-12-14,2025-12-15,Đang cập nhật
CNTT_HP0377,3,2,92.3,2025-12-14,2025-12-12,Đang cập nhật
CNTT_HP0378,3,2,90.0,2025-12-14,2025-12-06,Đang cập nhật
CNTT_HP0379,3,3,96.0,2025-12-14,2025-12-08,Đã hoàn thành
CNTT_HP0380,3,3,96.2,2025-12-14,2025-12-09,Đã hoàn thành
CNTT_HP0381,3,2,93.7,2025-12-14,2025-12-10,Đang cập nhật
CNTT_HP0382,3,2,91.0,2025-12-14,2025-12-18,Đang cập nhật
CNTT_HP0383,3,2,94.7,2025-12-14,2025-12-19,Đang cập nhật
CNTT_HP0384,3,3,95.4,2025-12-14,2025-12-18,Đã hoàn thành
CNTT_HP0385,3,2,88.3,2025-12-14,2025-12-06,Đang cập nhật
CNTT_HP0386,3,2,90.9,2025-12-14,2025-12-17,Đang cập nhật
CNTT_HP0387,3,2,94.0,2025-12-14,2025-12-13,Đang cập nhật
CNTT_HP0388,3,2,93.1,2025-12-14,2025-12-15,Đang cập nhật
CNTT_HP0389,3,2,92.4,2025-12-14,2025-12-09,Đang cập nhật
CNTT_HP0390,3,2,92.7,2025-12-14,2025-12-18,Đang cập nhật
CNTT_HP0391,3,2,90.8,2025-12-14,2025-12-19,Đang cập nhật
CNTT_HP0392,3,2,91.9,2025-12-14,2025-12-09,Đang cập nhật
CNTT_HP0393,3,2,91.1,2025-12-14,2025-12-10,Đang cập nhật
CNTT_HP0394,3,3,99.8,2025-12-14,2025-12-06,Đã hoàn thành
CNTT_HP0395,3,2,94.7,2025-12-14,2025-12-09,Đang cập nhật
CNTT_HP0396,3,3,97.4,2025-12-14,2025-12-06,Đã hoàn thành
CNTT_HP0397,3,2,91.5,2025-12-14,2025-12-12,Đang cập nhật
CNTT_HP0398,3,2,91.7,2025-12-14,2025-12-11,Đang cập nhật
CNTT_HP0399,3,2,91.3,2025-12-14,2025-12-06,Đang cập nhật
CNTT_HP0400,3,2,88.8,2025-12-14,2025-12-14,Đang cập nhật
CNTT_HP0401,3,2,90.6,2025-12-14,2025-12-09,Đang cập nhật
CNTT_HP0402,3,3,98.7,2025-12-14,2025-12-05,Đã hoàn thành
CNTT_HP0403,3,2,93.0,2025-12-14,2025-12-12,Đang cập nhật
CNTT_HP0404,3,2,88.4,2025-12-14,2025-12-04,Đang cập nhật
CNTT_HP0405,3,2,93.3,2025-12-14,2025-12-13,Đang cập nhật
CNTT_HP0406,3,2,88.2,2025-12-14,2025-12-10,Đang cập nhật
CNTT_HP0407,3,2,93.2,2025-12-14,2025-12-11,Đang cập nhật
CNTT_HP0408,3,2,89.4,2025-12-14,2025-12-09,Đang cập nhật
CNTT_HP0409,3,2,89.4,2025-12-14,2025-12-09,Đang cập nhật
CNTT_HP0410,3,2,92.9,2025-12-14,2025-12-19,Đang cập nhật
CNTT_HP0411,3,2,94.9,2025-12-14,2025-12-18,Đang cập nhật
CNTT_HP0412,3,2,92.8,2025-12-14,2025-12-13,Đang cập nhật
CNTT_HP0413,3,2,91.9,2025-12-14,2025-12-19,Đang cập nhật
CNTT_HP0414,3,2,94.4,2025-12-14,2025-12-08,Đang cập nhật
CNTT_HP0415,3,2,89.2,2025-12-14,2025-12-11,Đang cập nhật
CNTT_HP0416,3,3,96.8,2025-12-14,2025-12-15,Đã hoàn thành
CNTT_HP0417,3,2,85.5,2025-12-14,2025-12-13,Đang cập nhật
CNTT_HP0418,3,2,94.9,2025-12-14,2025-12-09,Đang cập nhật
CNTT_HP0419,3,2,88.1,2025-12-14,2025-12-16,Đang cập nhật
CNTT_HP0420,3,2,93.6,2025-12-14,2025-12-11,Đang cập nhật
CNTT_HP0421,3,3,97.6,2025-12-14,2025-12-15,Đã hoàn thành
CNTT_HP0422,3,3,95.0,2025-12-14,2025-12-18,Đã hoàn thành
CNTT_HP0423,3,2,89.0,2025-12-14,2025-12-08,Đang cập nhật
CNTT_HP0424,3,2,93.1,2025-12-14,2025-12-15,Đang cập nhật
CNTT_HP0425,3,3,95.9,2025-12-14,2025-12-10,Đã hoàn thành
CNTT_HP0426,3,2,93.9,2025-12-14,2025-12-13,Đang cập nhật
CNTT_HP0427,3,2,93.5,2025-12-14,2025-12-18,Đang cập nhật
CNTT_HP0428,3,2,88.0,2025-12-14,2025-12-08,Đang cập nhật
CNTT_HP0429,3,2,94.6,2025-12-14,2025-12-19,Đang cập nhật
CNTT_HP0430,3,3,96.2,2025-12-14,2025-12-10,Đã hoàn thành
CNTT_HP0431,3,2,92.2,2025-12-14,2025-12-06,Đang cập nhật
CNTT_HP0432,3,2,85.3,2025-12-14,2025-12-14,Đang cập nhật
CNTT_HP0433,3,2,89.5,2025-12-14,2025-12-17,Đang cập nhật
CNTT_HP0434,3,2,88.7,2025-12-14,2025-12-09,Đang cập nhật
CNTT_HP0435,3,2,90.2,2025-12-14,2025-12-16,Đang cập nhật
CNTT_HP0436,3,2,91.9,2025-12-14,2025-12-18,Đang cập nhật
CNTT_HP0437,3,2,94.8,2025-12-14,2025-12-05,Đang cập nhật
CNTT_HP0438,3,3,96.9,2025-12-14,2025-12-06,Đã hoàn thành
CNTT_HP0439,3,2,89.9,2025-12-14,2025-12-04,Đang cập nhật
CNTT_HP0440,3,3,95.3,2025-12-14,2025-12-14,Đã hoàn thành
CNTT_HP0441,3,2,94.4,2025-12-14,2025-12-19,Đang cập nhật
CNTT_HP0442,3,2,89.0,2025-12-14,2025-12-15,Đang cập nhật
CNTT_HP0443,3,2,94.6,2025-12-14,2025-12-06,Đang cập nhật
CNTT_HP0444,3,2,92.3,2025-12-14,2025-12-04,Đang cập nhật
CNTT_HP0445,3,3,97.4,2025-12-14,2025-12-19,Đã hoàn thành
CNTT_HP0446,3,2,91.3,2025-12-14,2025-12-07,Đang cập nhật
CNTT_HP0447,3,2,92.2,2025-12-14,2025-12-14,Đang cập nhật
CNTT_HP0448,3,2,90.1,2025-12-14,2025-12-05,Đang cập nhật
CNTT_HP0449,3,2,90.8,2025-12-14,2025-12-04,Đang cập nhật
CNTT_HP0450,3,2,89.1,2025-12-14,2025-12-10,Đang cập nhật
CNTT_HP0451,3,2,91.2,2025-12-14,2025-12-15,Đang cập nhật
CNTT_HP0452,3,2,93.7,2025-12-14,2025-12-08,Đang cập nhật
CNTT_HP0453,3,3,99.1,2025-12-14,2025-12-11,Đã hoàn thành
CNTT_HP0454,3,2,93.9,2025-12-14,2025-12-06,Đang cập nhật
CNTT_HP0455,3,2,90.1,2025-12-14,2025-12-12,Đang cập nhật
CNTT_HP0456,3,2,87.1,2025-12-14,2025-12-13,Đang cập nhật
CNTT_HP0457,3,3,99.1,2025-12-14,2025-12-11,Đã hoàn thành
CNTT_HP0458,3,2,91.1,2025-12-14,2025-12-11,Đang cập nhật
CNTT_HP0459,3,2,90.7,2025-12-14,2025-12-08,Đang cập nhật
CNTT_HP0460,3,2,94.6,2025-12-14,2025-12-19,Đang cập nhật
CNTT_HP0461,3,3,96.8,2025-12-14,2025-12-16,Đã hoàn thành
CNTT_HP0462,3,2,93.6,2025-12-14,2025-12-09,Đang cập nhật
CNTT_HP0463,3,2,93.2,2025-12-14,2025-12-08,Đang cập nhật
CNTT_HP0464,3,2,94.8,2025-12-14,2025-12-09,Đang cập nhật
CNTT_HP0465,3,2,85.9,2025-12-14,2025-12-07,Đang cập nhật
CNTT_HP0466,3,2,91.5,2025-12-14,2025-12-10,Đang cập nhật
CNTT_HP0467,3,3,95.4,2025-12-14,2025-12-16,Đã hoàn thành
CNTT_HP0468,3,3,98.1,2025-12-14,2025-12-10,Đã hoàn thành
CNTT_HP0469,3,2,89.3,2025-12-14,2025-12-17,Đang cập nhật
CNTT_HP0470,3,2,92.7,2025-12-14,2025-12-09,Đang cập nhật
CNTT_HP0471,3,2,93.2,2025-12-14,2025-12-13,Đang cập nhật
CNTT_HP0472,3,2,92.1,2025-12-14,2025-12-10,Đang cập nhật
CNTT_HP0473,3,2,93.8,2025-12-14,2025-12-10,Đang cập nhật
CNTT_HP0474,3,3,95.3,2025-12-14,2025-12-08,Đã hoàn thành
CNTT_HP0475,3,3,96.6,2025-12-14,2025-12-10,Đã hoàn thành
CNTT_HP0476,3,2,90.7,2025-12-14,2025-12-11,Đang cập nhật
CNTT_HP0477,3,2,86.8,2025-12-14,2025-12-15,Đang cập nhật
CNTT_HP0478,3,2,89.5,2025-12-14,2025-12-16,Đang cập nhật
CNTT_HP0479,3,2,90.6,2025-12-14,2025-12-07,Đang cập nhật
CNTT_HP0480,3,2,88.0,2025-12-14,2025-12-04,Đang cập nhật
CNTT_HP0481,3,2,92.3,2025-12-14,2025-12-16,Đang cập nhật
CNTT_HP0482,3,3,98.4,2025-12-14,2025-12-05,Đã hoàn thành
CNTT_HP0483,3,3,96.1,2025-12-14,2025-12-17,Đã hoàn thành
CNTT_HP0484,3,3,95.2,2025-12-14,2025-12-15,Đã hoàn thành
CNTT_HP0485,3,2,91.4,2025-12-14,2025-12-15,Đang cập nhật
CNTT_HP0486,3,2,92.5,2025-12-14,2025-12-04,Đang cập nhật
CNTT_HP0487,3,2,92.0,2025-12-14,2025-12-12,Đang cập nhật
CNTT_HP0488,3,2,92.4,2025-12-14,2025-12-18,Đang cập nhật
CNTT_HP0489,3,2,90.6,2025-12-14,2025-12-18,Đang cập nhật
CNTT_HP0490,3,2,90.4,2025-12-14,2025-12-08,Đang cập nhật
CNTT_HP0491,3,2,91.5,2025-12-14,2025-12-11,Đang cập nhật
CNTT_HP0492,3,3,99.9,2025-12-14,2025-12-14,Đã hoàn thành
CNTT_HP0493,3,2,91.5,2025-12-14,2025-12-06,Đang cập nhật
CNTT_HP0494,3,2,93.4,2025-12-14,2025-12-06,Đang cập nhật
CNTT_HP0495,3,2,92.5,2025-12-14,2025-12-18,Đang cập nhật
CNTT_HP0496,3,2,93.6,2025-12-14,2025-12-15,Đang cập nhật
CNTT_HP0497,3,2,91.3,2025-12-14,2025-12-06,Đang cập nhật
CNTT_HP0498,3,2,90.5,2025-12-14,2025-12-11,Đang cập nhật
NN_HP0001,3,2,93.7,2025-12-14,2025-12-11,Đang cập nhật
NN_HP0002,3,2,93.9,2025-12-14,2025-12-07,Đang cập nhật
NN_HP0003,3,3,97.9,2025-12-14,2025-12-11,Đã hoàn thành
NN_HP0004,3,2,91.6,2025-12-14,2025-12-14,Đang cập nhật
NN_HP0005,3,2,87.6,2025-12-14,2025-12-13,Đang cập nhật
NN_HP0006,3,2,94.7,2025-12-14,2025-12-19,Đang cập nhật
NN_HP0007,3,2,89.8,2025-12-14,2025-12-14,Đang cập nhật
NN_HP0008,3,2,88.9,2025-12-14,2025-12-06,Đang cập nhật
NN_HP0009,3,2,93.6,2025-12-14,2025-12-10,Đang cập nhật
NN_HP0010,3,3,95.0,2025-12-14,2025-12-15,Đã hoàn thành
NN_HP0011,3,2,89.8,2025-12-14,2025-12-15,Đang cập nhật
NN_HP0012,3,3,98.8,2025-12-14,2025-12-11,Đã hoàn thành
NN_HP0013,3,2,89.4,2025-12-14,2025-12-05,Đang cập nhật
NN_HP0014,3,2,89.5,2025-12-14,2025-12-16,Đang cập nhật
NN_HP0015,3,2,91.7,2025-12-14,2025-12-11,Đang cập nhật
NN_HP0016,3,3,95.2,2025-12-14,2025-12-17,Đã hoàn thành
NN_HP0017,3,2,94.0,2025-12-14,2025-12-10,Đang cập nhật
NN_HP0018,3,3,96.4,2025-12-14,2025-12-04,Đã hoàn thành
NN_HP0019,3,3,96.7,2025-12-14,2025-12-07,Đã hoàn thành
NN_HP0020,3,2,92.1,2025-12-14,2025-12-08,Đang cập nhật
NN_HP0021,3,3,96.8,2025-12-14,2025-12-07,Đã hoàn thành
NN_HP0022,3,2,94.9,2025-12-14,2025-12-05,Đang cập nhật
NN_HP0023,3,2,92.5,2025-12-14,2025-12-16,Đang cập nhật
NN_HP0024,3,2,94.6,2025-12-14,2025-12-10,Đang cập nhật
NN_HP0025,3,2,94.5,2025-12-14,2025-12-07,Đang cập nhật
NN_HP0026,3,2,91.2,2025-12-14,2025-12-11,Đang cập nhật
NN_HP0027,3,3,98.9,2025-12-14,2025-12-18,Đã hoàn thành
NN_HP0028,3,2,91.8,2025-12-14,2025-12-07,Đang cập nhật
NN_HP0029,3,2,90.6,2025-12-14,2025-12-12,Đang cập nhật
NN_HP0030,3,2,94.0,2025-12-14,2025-12-11,Đang cập nhật
NN_HP0031,3,2,94.1,2025-12-14,2025-12-08,Đang cập nhật
NN_HP0032,3,2,93.7,2025-12-14,2025-12-09,Đang cập nhật
NN_HP0033,3,2,86.7,2025-12-14,2025-12-09,Đang cập nhật
NN_HP0034,3,3,98.0,2025-12-14,2025-12-17,Đã hoàn thành
NN_HP0035,3,3,95.5,2025-12-14,2025-12-09,Đã hoàn thành
NN_HP0036,3,3,99.5,2025-12-14,2025-12-08,Đã hoàn thành
NN_HP0037,3,3,95.2,2025-12-14,2025-12-12,Đã hoàn thành
NN_HP0038,3,3,97.7,2025-12-14,2025-12-08,Đã hoàn thành
NN_HP0039,3,2,90.0,2025-12-14,2025-12-06,Đang cập nhật
NN_HP0040,3,3,99.8,2025-12-14,2025-12-06,Đã hoàn thành
NN_HP0041,3,3,97.8,2025-12-14,2025-12-14,Đã hoàn thành
NN_HP0042,3,2,91.2,2025-12-14,2025-12-15,Đang cập nhật
NN_HP0043,3,2,90.9,2025-12-14,2025-12-06,Đang cập nhật
NN_HP0044,3,2,91.9,2025-12-14,2025-12-09,Đang cập nhật
NN_HP0045,3,3,95.4,2025-12-14,2025-12-09,Đã hoàn thành
NN_HP0046,3,2,89.1,2025-12-14,2025-12-06,Đang cập nhật
NN_HP0047,3,3,99.5,2025-12-14,2025-12-13,Đã hoàn thành
NN_HP0048,3,2,88.5,2025-12-14,2025-12-07,Đang cập nhật
NN_HP0049,3,3,97.0,2025-12-14,2025-12-14,Đã hoàn thành
NN_HP0050,3,2,93.8,2025-12-14,2025-12-08,Đang cập nhật
NN_HP0051,3,2,94.1,2025-12-14,2025-12-16,Đang cập nhật
NN_HP0052,3,2,94.7,2025-12-14,2025-12-17,Đang cập nhật
NN_HP0053,3,2,89.2,2025-12-14,2025-12-16,Đang cập nhật
NN_HP0054,3,2,92.7,2025-12-14,2025-12-12,Đang cập nhật
NN_HP0055,3,3,97.5,2025-12-14,2025-12-14,Đã hoàn thành
NN_HP0056,3,2,87.1,2025-12-14,2025-12-10,Đang cập nhật
NN_HP0057,3,3,98.5,2025-12-14,2025-12-05,Đã hoàn thành
NN_HP0058,3,2,94.3,2025-12-14,2025-12-05,Đang cập nhật
NN_HP0059,3,3,100.0,2025-12-14,2025-12-11,Đã hoàn thành
NN_HP0060,3,3,96.1,2025-12-14,2025-12-15,Đã hoàn thành
NN_HP0061,3,3,97.7,2025-12-14,2025-12-07,Đã hoàn thành
NN_HP0062,3,2,92.7,2025-12-14,2025-12-04,Đang cập nhật
NN_HP0063,3,2,92.7,2025-12-14,2025-12-06,Đang cập nhật
NN_HP0064,3,2,93.0,2025-12-14,2025-12-19,Đang cập nhật
NN_HP0065,3,2,92.7,2025-12-14,2025-12-13,Đang cập nhật
NN_HP0066,3,3,95.3,2025-12-14,2025-12-12,Đã hoàn thành
NN_HP0067,3,2,94.9,2025-12-14,2025-12-07,Đang cập nhật
NN_HP0068,3,3,95.1,2025-12-14,2025-12-10,Đã hoàn thành
NN_HP0069,3,3,99.9,2025-12-14,2025-12-19,Đã hoàn thành
NN_HP0070,3,3,96.4,2025-12-14,2025-12-18,Đã hoàn thành
NN_HP0071,3,2,89.2,2025-12-14,2025-12-10,Đang cập nhật
NN_HP0072,3,3,98.7,2025-12-14,2025-12-14,Đã hoàn thành
NN_HP0073,3,3,95.1,2025-12-14,2025-12-15,Đã hoàn thành
NN_HP0074,3,2,88.4,2025-12-14,2025-12-14,Đang cập nhật
NN_HP0075,3,3,96.2,2025-12-14,2025-12-10,Đã hoàn thành
NN_HP0076,3,3,97.8,2025-12-14,2025-12-09,Đã hoàn thành
NN_HP0077,3,3,97.0,2025-12-14,2025-12-05,Đã hoàn thành
NN_HP0078,3,2,93.5,2025-12-14,2025-12-14,Đang cập nhật
NN_HP0079,3,2,88.9,2025-12-14,2025-12-09,Đang cập nhật
NN_HP0080,3,3,99.0,2025-12-14,2025-12-17,Đã hoàn thành
NN_HP0081,3,2,93.2,2025-12-14,2025-12-10,Đang cập nhật
NN_HP0082,3,2,93.7,2025-12-14,2025-12-19,Đang cập nhật
NN_HP0083,3,3,99.2,2025-12-14,2025-12-13,Đã hoàn thành
NN_HP0084,3,3,95.9,2025-12-14,2025-12-12,Đã hoàn thành
NN_HP0085,3,2,94.3,2025-12-14,2025-12-05,Đang cập nhật
NN_HP0086,3,2,88.8,2025-12-14,2025-12-19,Đang cập nhật
NN_HP0087,3,2,90.5,2025-12-14,2025-12-08,Đang cập nhật
NN_HP0088,3,3,96.3,2025-12-14,2025-12-08,Đã hoàn thành
NN_HP0089,3,3,96.4,2025-12-14,2025-12-09,Đã hoàn thành
NN_HP0090,3,3,96.2,2025-12-14,2025-12-07,Đã hoàn thành
NN_HP0091,3,2,94.6,2025-12-14,2025-12-07,Đang cập nhật
NN_HP0092,3,2,93.5,2025-12-14,2025-12-14,Đang cập nhật
NN_HP0093,3,3,97.7,2025-12-14,2025-12-08,Đã hoàn thành
NN_HP0094,3,2,93.7,2025-12-14,2025-12-11,Đang cập nhật
NN_HP0095,3,3,96.4,2025-12-14,2025-12-11,Đã hoàn thành
NN_HP0096,3,3,95.3,2025-12-14,2025-12-15,Đã hoàn thành
NN_HP0097,3,2,94.4,2025-12-14,2025-12-16,Đang cập nhật
NN_HP0098,3,2,85.0,2025-12-14,2025-12-08,Đang cập nhật
NN_HP0099,3,3,95.2,2025-12-14,2025-12-08,Đã hoàn thành
NN_HP0100,3,3,97.1,2025-12-14,2025-12-15,Đã hoàn thành
NN_HP0101,3,3,99.7,2025-12-14,2025-12-17,Đã hoàn thành
NN_HP0102,3,2,92.0,2025-12-14,2025-12-17,Đang cập nhật
NN_HP0103,3,2,94.5,2025-12-14,2025-12-10,Đang cập nhật
NN_HP0104,3,2,90.8,2025-12-14,2025-12-14,Đang cập nhật
NN_HP0105,3,3,97.3,2025-12-14,2025-12-19,Đã hoàn thành
NN_HP0106,3,2,92.7,2025-12-14,2025-12-13,Đang cập nhật
NN_HP0107,3,2,93.2,2025-12-14,2025-12-07,Đang cập nhật
NN_HP0108,3,3,95.2,2025-12-14,2025-12-07,Đã hoàn thành
NN_HP0109,3,2,90.6,2025-12-14,2025-12-08,Đang cập nhật
NN_HP0110,3,3,95.0,2025-12-14,2025-12-07,Đã hoàn thành
NN_HP0111,3,3,97.3,2025-12-14,2025-12-12,Đã hoàn thành
NN_HP0112,3,2,90.2,2025-12-14,2025-12-16,Đang cập nhật
NN_HP0113,3,2,93.8,2025-12-14,2025-12-13,Đang cập nhật
NN_HP0114,3,2,94.6,2025-12-14,2025-12-08,Đang cập nhật
NN_HP0115,3,2,91.8,2025-12-14,2025-12-13,Đang cập nhật
NN_HP0116,3,3,99.7,2025-12-14,2025-12-12,Đã hoàn thành
NN_HP0117,3,3,95.1,2025-12-14,2025-12-11,Đã hoàn thành
NN_HP0118,3,3,96.8,2025-12-14,2025-12-04,Đã hoàn thành
NN_HP0119,3,2,89.6,2025-12-14,2025-12-07,Đang cập nhật
NN_HP0120,3,2,92.6,2025-12-14,2025-12-11,Đang cập nhật
NN_HP0121,3,2,92.8,2025-12-14,2025-12-04,Đang cập nhật
NN_HP0122,3,3,99.3,2025-12-14,2025-12-08,Đã hoàn thành
NN_HP0123,3,3,99.9,2025-12-14,2025-12-09,Đã hoàn thành
NN_HP0124,3,2,94.5,2025-12-14,2025-12-05,Đang cập nhật
NN_HP0125,3,2,90.6,2025-12-14,2025-12-14,Đang cập nhật
NN_HP0126,3,2,91.8,2025-12-14,2025-12-12,Đang cập nhật
NN_HP0127,3,2,88.9,2025-12-14,2025-12-11,Đang cập nhật
NN_HP0128,3,3,97.1,2025-12-14,2025-12-19,Đã hoàn thành
NN_HP0129,3,3,100.0,2025-12-14,2025-12-14,Đã hoàn thành
NN_HP0130,3,2,90.7,2025-12-14,2025-12-10,Đang cập nhật
NN_HP0131,3,3,98.8,2025-12-14,2025-12-04,Đã hoàn thành
NN_HP0132,3,2,90.8,2025-12-14,2025-12-06,Đang cập nhật
NN_HP0133,3,3,95.5,2025-12-14,2025-12-04,Đã hoàn thành
NN_HP0134,3,3,95.6,2025-12-14,2025-12-06,Đã hoàn thành
NN_HP0135,3,2,94.0,2025-12-14,2025-12-17,Đang cập nhật
NN_HP0136,3,2,85.6,2025-12-14,2025-12-04,Đang cập nhật
NN_HP0137,3,3,99.5,2025-12-14,2025-12-07,Đã hoàn thành
NN_HP0138,3,3,97.8,2025-12-14,2025-12-14,Đã hoàn thành
NN_HP0139,3,3,96.9,2025-12-14,2025-12-16,Đã hoàn thành
NN_HP0140,3,3,96.0,2025-12-14,2025-12-06,Đã hoàn thành
NN_HP0141,3,2,92.2,2025-12-14,2025-12-14,Đang cập nhật
NN_HP0142,3,3,97.2,2025-12-14,2025-12-18,Đã hoàn thành
NN_HP0143,3,2,93.8,2025-12-14,2025-12-18,Đang cập nhật
NN_HP0144,3,3,96.5,2025-12-14,2025-12-07,Đã hoàn thành
NN_HP0145,3,2,92.7,2025-12-14,2025-12-16,Đang cập nhật
NN_HP0146,3,2,90.8,2025-12-14,2025-12-04,Đang cập nhật
NN_HP0147,3,2,92.6,2025-12-14,2025-12-07,Đang cập nhật
NN_HP0148,3,2,93.0,2025-12-14,2025-12-19,Đang cập nhật
NN_HP0149,3,3,96.3,2025-12-14,2025-12-08,Đã hoàn thành
NN_HP0150,3,3,95.7,2025-12-14,2025-12-11,Đã hoàn thành
NN_HP0151,3,3,95.9,2025-12-14,2025-12-18,Đã hoàn thành
NN_HP0152,3,2,93.9,2025-12-14,2025-12-06,Đang cập nhật
NN_HP0153,3,3,98.2,2025-12-14,2025-12-07,Đã hoàn thành
NN_HP0154,3,3,97.8,2025-12-14,2025-12-18,Đã hoàn thành
NN_HP0155,3,2,93.5,2025-12-14,2025-12-11,Đang cập nhật
NN_HP0156,3,3,95.0,2025-12-14,2025-12-05,Đã hoàn thành
NN_HP0157,3,3,95.1,2025-12-14,2025-12-13,Đã hoàn thành
NN_HP0158,3,2,94.0,2025-12-14,2025-12-18,Đang cập nhật
NN_HP0159,3,2,87.6,2025-12-14,2025-12-08,Đang cập nhật
NN_HP0160,3,3,95.0,2025-12-14,2025-12-18,Đã hoàn thành
NN_HP0161,3,2,88.7,2025-12-14,2025-12-19,Đang cập nhật
NN_HP0162,3,2,86.1,2025-12-14,2025-12-17,Đang cập nhật
NN_HP0163,3,3,95.1,2025-12-14,2025-12-18,Đã hoàn thành
NN_HP0164,3,3,96.5,2025-12-14,2025-12-06,Đã hoàn thành
NN_HP0165,3,2,92.7,2025-12-14,2025-12-09,Đang cập nhật
NN_HP0166,3,2,93.5,2025-12-14,2025-12-13,Đang cập nhật
NN_HP0167,3,2,84.4,2025-12-14,2025-12-04,Đang cập nhật
NN_HP0168,3,2,91.5,2025-12-14,2025-12-17,Đang cập nhật
NN_HP0169,3,3,96.1,2025-12-14,2025-12-13,Đã hoàn thành
NN_HP0170,3,2,92.7,2025-12-14,2025-12-16,Đang cập nhật
NN_HP0171,3,3,95.0,2025-12-14,2025-12-10,Đã hoàn thành
NN_HP0172,3,3,95.8,2025-12-14,2025-12-05,Đã hoàn thành
NN_HP0173,3,2,94.0,2025-12-14,2025-12-13,Đang cập nhật
NN_HP0174,3,2,92.5,2025-12-14,2025-12-16,Đang cập nhật
NN_HP0175,3,2,94.7,2025-12-14,2025-12-07,Đang cập nhật
NN_HP0176,3,3,96.9,2025-12-14,2025-12-08,Đã hoàn thành
NN_HP0177,3,2,91.1,2025-12-14,2025-12-17,Đang cập nhật
NN_HP0178,3,2,91.8,2025-12-14,2025-12-12,Đang cập nhật
NN_HP0179,3,2,89.5,2025-12-14,2025-12-19,Đang cập nhật
NN_HP0180,3,3,96.2,2025-12-14,2025-12-06,Đã hoàn thành
NN_HP0181,3,2,93.6,2025-12-14,2025-12-05,Đang cập nhật
NN_HP0182,3,3,95.4,2025-12-14,2025-12-13,Đã hoàn thành
NN_HP0183,3,3,98.0,2025-12-14,2025-12-18,Đã hoàn thành
NN_HP0184,3,2,92.1,2025-12-14,2025-12-09,Đang cập nhật
NN_HP0185,3,3,95.9,2025-12-14,2025-12-07,Đã hoàn thành
NN_HP0186,3,2,93.2,2025-12-14,2025-12-17,Đang cập nhật
NN_HP0187,3,3,96.8,2025-12-14,2025-12-12,Đã hoàn thành
NN_HP0188,3,2,92.2,2025-12-14,2025-12-08,Đang cập nhật
NN_HP0189,3,2,89.6,2025-12-14,2025-12-14,Đang cập nhật
NN_HP0190,3,2,91.9,2025-12-14,2025-12-17,Đang cập nhật
NN_HP0191,3,2,90.5,2025-12-14,2025-12-10,Đang cập nhật
NN_HP0192,3,2,90.1,2025-12-14,2025-12-07,Đang cập nhật
NN_HP0193,3,2,92.3,2025-12-14,2025-12-05,Đang cập nhật
NN_HP0194,3,2,91.7,2025-12-14,2025-12-07,Đang cập nhật
NN_HP0195,3,3,99.1,2025-12-14,2025-12-10,Đã hoàn thành
NN_HP0196,3,2,89.8,2025-12-14,2025-12-19,Đang cập nhật
NN_HP0197,3,2,89.1,2025-12-14,2025-12-07,Đang cập nhật
NN_HP0198,3,2,94.6,2025-12-14,2025-12-06,Đang cập nhật
NN_HP0199,3,3,95.3,2025-12-14,2025-12-10,Đã hoàn thành
NN_HP0200,3,2,94.7,2025-12-14,2025-12-19,Đang cập nhật
NN_HP0201,3,2,92.1,2025-12-14,2025-12-19,Đang cập nhật
NN_HP0202,3,2,94.9,2025-12-14,2025-12-14,Đang cập nhật
NN_HP0203,3,3,95.5,2025-12-14,2025-12-07,Đã hoàn thành
NN_HP0204,3,3,97.2,2025-12-14,2025-12-18,Đã hoàn thành
NN_HP0205,3,2,93.9,2025-12-14,2025-12-18,Đang cập nhật
NN_HP0206,3,3,95.4,2025-12-14,2025-12-12,Đã hoàn thành
NN_HP0207,3,2,92.9,2025-12-14,2025-12-14,Đang cập nhật
NN_HP0208,3,2,94.1,2025-12-14,2025-12-14,Đang cập nhật
NN_HP0209,3,2,89.7,2025-12-14,2025-12-05,Đang cập nhật
NN_HP0210,3,2,92.5,2025-12-14,2025-12-19,Đang cập nhật
NN_HP0211,3,2,89.1,2025-12-14,2025-12-13,Đang cập nhật
NN_HP0212,3,2,94.6,2025-12-14,2025-12-16,Đang cập nhật
NN_HP0213,3,2,93.5,2025-12-14,2025-12-11,Đang cập nhật
NN_HP0214,3,3,96.0,2025-12-14,2025-12-12,Đã hoàn thành
NN_HP0215,3,3,96.9,2025-12-14,2025-12-14,Đã hoàn thành
NN_HP0216,3,3,96.9,2025-12-14,2025-12-17,Đã hoàn thành
NN_HP0217,3,3,97.3,2025-12-14,2025-12-05,Đã hoàn thành
NN_HP0218,3,2,92.3,2025-12-14,2025-12-16,Đang cập nhật
NN_HP0219,3,2,90.8,2025-12-14,2025-12-09,Đang cập nhật
NN_HP0220,3,3,98.5,2025-12-14,2025-12-17,Đã hoàn thành
NN_HP0221,3,3,96.7,2025-12-14,2025-12-06,Đã hoàn thành
NN_HP0222,3,2,93.9,2025-12-14,2025-12-07,Đang cập nhật
NN_HP0223,3,2,90.0,2025-12-14,2025-12-14,Đang cập nhật
NN_HP0224,3,3,97.8,2025-12-14,2025-12-05,Đã hoàn thành
NN_HP0225,3,2,94.3,2025-12-14,2025-12-18,Đang cập nhật
NN_HP0226,3,3,96.6,2025-12-14,2025-12-16,Đã hoàn thành
NN_HP0227,3,2,93.3,2025-12-14,2025-12-17,Đang cập nhật
NN_HP0228,3,3,95.3,2025-12-14,2025-12-11,Đã hoàn thành
NN_HP0229,3,2,90.4,2025-12-14,2025-12-09,Đang cập nhật
NN_HP0230,3,2,91.0,2025-12-14,2025-12-19,Đang cập nhật
NN_HP0231,3,2,94.3,2025-12-14,2025-12-11,Đang cập nhật
NN_HP0232,3,3,95.3,2025-12-14,2025-12-16,Đã hoàn thành
NN_HP0233,3,2,86.9,2025-12-14,2025-12-09,Đang cập nhật
NN_HP0234,3,2,93.0,2025-12-14,2025-12-08,Đang cập nhật
NN_HP0235,3,3,97.4,2025-12-14,2025-12-14,Đã hoàn thành
NN_HP0236,3,2,89.8,2025-12-14,2025-12-07,Đang cập nhật
NN_HP0237,3,2,91.5,2025-12-14,2025-12-07,Đang cập nhật
NN_HP0238,3,3,96.6,2025-12-14,2025-12-11,Đã hoàn thành
NN_HP0239,3,2,94.0,2025-12-14,2025-12-07,Đang cập nhật
NN_HP0240,3,2,91.7,2025-12-14,2025-12-16,Đang cập nhật
NN_HP0241,3,3,96.6,2025-12-14,2025-12-07,Đã hoàn thành
NN_HP0242,3,2,93.0,2025-12-14,2025-12-18,Đang cập nhật
NN_HP0243,3,3,96.4,2025-12-14,2025-12-13,Đã hoàn thành
NN_HP0244,3,2,93.1,2025-12-14,2025-12-19,Đang cập nhật
NN_HP0245,3,2,91.5,2025-12-14,2025-12-11,Đang cập nhật
NN_HP0246,3,3,96.3,2025-12-14,2025-12-10,Đã hoàn thành
NN_HP0247,3,3,96.2,2025-12-14,2025-12-11,Đã hoàn thành
NN_HP0248,3,2,93.1,2025-12-14,2025-12-05,Đang cập nhật
NN_HP0249,3,2,92.3,2025-12-14,2025-12-10,Đang cập nhật
NN_HP0250,3,2,88.4,2025-12-14,2025-12-17,Đang cập nhật
NN_HP0251,3,3,96.8,2025-12-14,2025-12-12,Đã hoàn thành
NN_HP0252,3,2,91.3,2025-12-14,2025-12-13,Đang cập nhật
NN_HP0253,3,2,88.0,2025-12-14,2025-12-11,Đang cập nhật
NN_HP0254,3,2,92.8,2025-12-14,2025-12-15,Đang cập nhật
NN_HP0255,3,2,93.0,2025-12-14,2025-12-06,Đang cập nhật
NN_HP0256,3,3,99.2,2025-12-14,2025-12-04,Đã hoàn thành
NN_HP0257,3,3,96.4,2025-12-14,2025-12-16,Đã hoàn thành
NN_HP0258,3,3,99.3,2025-12-14,2025-12-18,Đã hoàn thành
NN_HP0259,3,2,93.9,2025-12-14,2025-12-19,Đang cập nhật
NN_HP0260,3,2,91.5,2025-12-14,2025-12-10,Đang cập nhật
NN_HP0261,3,3,97.1,2025-12-14,2025-12-19,Đã hoàn thành
NN_HP0262,3,2,94.0,2025-12-14,2025-12-07,Đang cập nhật
NN_HP0263,3,2,91.5,2025-12-14,2025-12-13,Đang cập nhật
NN_HP0264,3,3,99.1,2025-12-14,2025-12-09,Đã hoàn thành
NN_HP0265,3,3,98.4,2025-12-14,2025-12-09,Đã hoàn thành
NN_HP0266,3,2,87.2,2025-12-14,2025-12-12,Đang cập nhật
NN_HP0267,3,3,98.0,2025-12-14,2025-12-09,Đã hoàn thành
NN_HP0268,3,2,89.8,2025-12-14,2025-12-15,Đang cập nhật
NN_HP0269,3,3,97.5,2025-12-14,2025-12-15,Đã hoàn thành
NN_HP0270,3,2,93.7,2025-12-14,2025-12-14,Đang cập nhật
NN_HP0271,3,2,91.9,2025-12-14,2025-12-14,Đang cập nhật
NN_HP0272,3,2,93.2,2025-12-14,2025-12-17,Đang cập nhật
NN_HP0273,3,2,90.2,2025-12-14,2025-12-09,Đang cập nhật
NN_HP0274,3,2,93.6,2025-12-14,2025-12-08,Đang cập nhật
NN_HP0275,3,2,94.4,2025-12-14,2025-12-18,Đang cập nhật
NN_HP0276,3,2,88.3,2025-12-14,2025-12-16,Đang cập nhật
NN_HP0277,3,2,92.3,2025-12-14,2025-12-14,Đang cập nhật
NN_HP0278,3,2,92.4,2025-12-14,2025-12-08,Đang cập nhật
NN_HP0279,3,3,99.6,2025-12-14,2025-12-05,Đã hoàn thành
NN_HP0280,3,3,98.0,2025-12-14,2025-12-09,Đã hoàn thành
NN_HP0281,3,3,97.3,2025-12-14,2025-12-04,Đã hoàn thành
NN_HP0282,3,2,93.0,2025-12-14,2025-12-10,Đang cập nhật
NN_HP0283,3,2,94.3,2025-12-14,2025-12-05,Đang cập nhật
NN_HP0284,3,3,95.2,2025-12-14,2025-12-15,Đã hoàn thành
NN_HP0285,3,2,93.6,2025-12-14,2025-12-10,Đang cập nhật
NN_HP0286,3,2,90.8,2025-12-14,2025-12-17,Đang cập nhật
NN_HP0287,3,2,92.5,2025-12-14,2025-12-12,Đang cập nhật
NN_HP0288,3,3,95.0,2025-12-14,2025-12-13,Đã hoàn thành
NN_HP0289,3,2,94.1,2025-12-14,2025-12-14,Đang cập nhật
NN_HP0290,3,3,98.7,2025-12-14,2025-12-11,Đã hoàn thành
NN_HP0291,3,2,90.8,2025-12-14,2025-12-14,Đang cập nhật
NN_HP0292,3,2,92.9,2025-12-14,2025-12-06,Đang cập nhật
NN_HP0293,3,2,93.1,2025-12-14,2025-12-14,Đang cập nhật
NN_HP0294,3,3,95.6,2025-12-14,2025-12-05,Đã hoàn thành
NN_HP0295,3,2,93.0,2025-12-14,2025-12-18,Đang cập nhật
NN_HP0296,3,2,91.3,2025-12-14,2025-12-09,Đang cập nhật
NN_HP0297,3,2,93.1,2025-12-14,2025-12-04,Đang cập nhật
NN_HP0298,3,3,95.4,2025-12-14,2025-12-07,Đã hoàn thành
NN_HP0299,3,2,93.2,2025-12-14,2025-12-16,Đang cập nhật
NN_HP0300,3,3,96.8,2025-12-14,2025-12-12,Đã hoàn thành
NN_HP0301,3,3,95.6,2025-12-14,2025-12-06,Đã hoàn thành
NN_HP0302,3,2,92.0,2025-12-14,2025-12-10,Đang cập nhật
NN_HP0303,3,2,94.4,2025-12-14,2025-12-07,Đang cập nhật
NN_HP0304,3,3,97.4,2025-12-14,2025-12-19,Đã hoàn thành
NN_HP0305,3,3,97.3,2025-12-14,2025-12-14,Đã hoàn thành
NN_HP0306,3,2,93.4,2025-12-14,2025-12-12,Đang cập nhật
NN_HP0307,3,3,97.9,2025-12-14,2025-12-19,Đã hoàn thành
NN_HP0308,3,3,95.3,2025-12-14,2025-12-18,Đã hoàn thành
NN_HP0309,3,2,87.5,2025-12-14,2025-12-07,Đang cập nhật
NN_HP0310,3,3,96.0,2025-12-14,2025-12-15,Đã hoàn thành
NN_HP0311,3,3,99.2,2025-12-14,2025-12-17,Đã hoàn thành
NN_HP0312,3,2,93.0,2025-12-14,2025-12-13,Đang cập nhật
NN_HP0313,3,2,88.7,2025-12-14,2025-12-05,Đang cập nhật
NN_HP0314,3,3,96.1,2025-12-14,2025-12-05,Đã hoàn thành
NN_HP0315,3,2,91.7,2025-12-14,2025-12-13,Đang cập nhật
NN_HP0316,3,3,96.5,2025-12-14,2025-12-11,Đã hoàn thành
NN_HP0317,3,3,97.1,2025-12-14,2025-12-06,Đã hoàn thành
NN_HP0318,3,2,92.3,2025-12-14,2025-12-05,Đang cập nhật
NN_HP0319,3,3,95.6,2025-12-14,2025-12-16,Đã hoàn thành
NN_HP0320,3,3,95.2,2025-12-14,2025-12-14,Đã hoàn thành
NN_HP0321,3,2,92.2,2025-12-14,2025-12-14,Đang cập nhật
NN_HP0322,3,3,96.1,2025-12-14,2025-12-08,Đã hoàn thành
NN_HP0323,3,2,94.2,2025-12-14,2025-12-19,Đang cập nhật
NN_HP0324,3,2,93.2,2025-12-14,2025-12-18,Đang cập nhật
NN_HP0325,3,2,92.7,2025-12-14,2025-12-04,Đang cập nhật
NN_HP0326,3,2,93.2,2025-12-14,2025-12-18,Đang cập nhật
NN_HP0327,3,2,92.7,2025-12-14,2025-12-04,Đang cập nhật
NN_HP0328,3,2,94.9,2025-12-14,2025-12-05,Đang cập nhật
NN_HP0329,3,2,89.2,2025-12-14,2025-12-19,Đang cập nhật
NN_HP0330,3,2,94.3,2025-12-14,2025-12-11,Đang cập nhật
NN_HP0331,3,2,93.5,2025-12-14,2025-12-09,Đang cập nhật
NN_HP0332,3,2,91.9,2025-12-14,2025-12-15,Đang cập nhật
NN_HP0333,3,2,92.6,2025-12-14,2025-12-15,Đang cập nhật
NN_HP0334,3,2,91.5,2025-12-14,2025-12-08,Đang cập nhật
NN_HP0335,3,3,97.6,2025-12-14,2025-12-13,Đã hoàn thành
NN_HP0336,3,2,88.6,2025-12-14,2025-12-17,Đang cập nhật
NN_HP0337,3,2,91.7,2025-12-14,2025-12-13,Đang cập nhật
NN_HP0338,3,2,93.1,2025-12-14,2025-12-11,Đang cập nhật
NN_HP0339,3,3,95.6,2025-12-14,2025-12-17,Đã hoàn thành
NN_HP0340,3,2,94.9,2025-12-14,2025-12-09,Đang cập nhật
NN_HP0341,3,2,90.6,2025-12-14,2025-12-04,Đang cập nhật
NN_HP0342,3,2,94.0,2025-12-14,2025-12-12,Đang cập nhật
NN_HP0343,3,3,98.4,2025-12-14,2025-12-11,Đã hoàn thành
NN_HP0344,3,3,97.6,2025-12-14,2025-12-05,Đã hoàn thành
NN_HP0345,3,2,93.8,2025-12-14,2025-12-07,Đang cập nhật
NN_HP0346,3,2,91.9,2025-12-14,2025-12-06,Đang cập nhật
NN_HP0347,3,3,95.1,2025-12-14,2025-12-14,Đã hoàn thành
NN_HP0348,3,2,93.6,2025-12-14,2025-12-17,Đang cập nhật
NN_HP0349,3,3,95.4,2025-12-14,2025-12-08,Đã hoàn thành
NN_HP0350,3,2,92.2,2025-12-14,2025-12-09,Đang cập nhật
NN_HP0351,3,3,96.6,2025-12-14,2025-12-08,Đã hoàn thành
NN_HP0352,3,2,89.2,2025-12-14,2025-12-06,Đang cập nhật
NN_HP0353,3,2,93.8,2025-12-14,2025-12-16,Đang cập nhật
NN_HP0354,3,3,96.3,2025-12-14,2025-12-14,Đã hoàn thành
NN_HP0355,3,2,93.3,2025-12-14,2025-12-09,Đang cập nhật
NN_HP0356,3,3,96.7,2025-12-14,2025-12-14,Đã hoàn thành
NN_HP0357,3,2,93.5,2025-12-14,2025-12-11,Đang cập nhật
NN_HP0358,3,3,97.8,2025-12-14,2025-12-16,Đã hoàn thành
NN_HP0359,3,3,99.8,2025-12-14,2025-12-16,Đã hoàn thành
NN_HP0360,3,2,93.5,2025-12-14,2025-12-17,Đang cập nhật
NN_HP0361,3,3,95.5,2025-12-14,2025-12-16,Đã hoàn thành
NN_HP0362,3,2,93.7,2025-12-14,2025-12-07,Đang cập nhật
NN_HP0363,3,2,91.4,2025-12-14,2025-12-08,Đang cập nhật
NN_HP0364,3,2,93.6,2025-12-14,2025-12-04,Đang cập nhật
NN_HP0365,3,2,88.2,2025-12-14,2025-12-07,Đang cập nhật
NN_HP0366,3,2,87.6,2025-12-14,2025-12-17,Đang cập nhật
NN_HP0367,3,2,91.5,2025-12-14,2025-12-05,Đang cập nhật
NN_HP0368,3,2,89.6,2025-12-14,2025-12-16,Đang cập nhật
NN_HP0369,3,3,97.9,2025-12-14,2025-12-06,Đã hoàn thành
NN_HP0370,3,3,99.3,2025-12-14,2025-12-11,Đã hoàn thành
NN_HP0371,3,2,91.2,2025-12-14,2025-12-15,Đang cập nhật
NN_HP0372,3,3,97.1,2025-12-14,2025-12-16,Đã hoàn thành
NN_HP0373,3,2,93.8,2025-12-14,2025-12-12,Đang cập nhật
NN_HP0374,3,2,91.7,2025-12-14,2025-12-12,Đang cập nhật
NN_HP0375,3,2,94.4,2025-12-14,2025-12-06,Đang cập nhật
NN_HP0376,3,2,93.1,2025-12-14,2025-12-15,Đang cập nhật
NN_HP0377,3,2,94.4,2025-12-14,2025-12-09,Đang cập nhật
NN_HP0378,3,2,92.6,2025-12-14,2025-12-07,Đang cập nhật
NN_HP0379,3,3,100.0,2025-12-14,2025-12-06,Đã hoàn thành
NN_HP0380,3,3,97.3,2025-12-14,2025-12-10,Đã hoàn thành
NN_HP0381,3,2,93.7,2025-12-14,2025-12-04,Đang cập nhật
NN_HP0382,3,2,88.7,2025-12-14,2025-12-04,Đang cập nhật
NN_HP0383,3,2,94.1,2025-12-14,2025-12-18,Đang cập nhật
NN_HP0384,3,3,95.5,2025-12-14,2025-12-16,Đã hoàn thành
NN_HP0385,3,2,94.5,2025-12-14,2025-12-15,Đang cập nhật
NN_HP0386,3,2,93.9,2025-12-14,2025-12-11,Đang cập nhật
NN_HP0387,3,3,96.3,2025-12-14,2025-12-07,Đã hoàn thành
NN_HP0388,3,2,89.6,2025-12-14,2025-12-09,Đang cập nhật
NN_HP0389,3,2,94.5,2025-12-14,2025-12-05,Đang cập nhật
NN_HP0390,3,2,91.9,2025-12-14,2025-12-04,Đang cập nhật
NN_HP0391,3,2,93.4,2025-12-14,2025-12-05,Đang cập nhật
NN_HP0392,3,2,94.8,2025-12-14,2025-12-08,Đang cập nhật
NN_HP0393,3,2,93.2,2025-12-14,2025-12-12,Đang cập nhật
NN_HP0394,3,3,98.3,2025-12-14,2025-12-06,Đã hoàn thành
NN_HP0395,3,2,93.1,2025-12-14,2025-12-07,Đang cập nhật
NN_HP0396,3,2,90.2,2025-12-14,2025-12-15,Đang cập nhật
NN_HP0397,3,3,99.3,2025-12-14,2025-12-14,Đã hoàn thành
NN_HP0398,3,3,97.7,2025-12-14,2025-12-15,Đã hoàn thành
NN_HP0399,3,2,93.9,2025-12-14,2025-12-19,Đang cập nhật
NN_HP0400,3,2,91.9,2025-12-14,2025-12-12,Đang cập nhật
NN_HP0401,3,3,96.9,2025-12-14,2025-12-04,Đã hoàn thành
NN_HP0402,3,3,97.6,2025-12-14,2025-12-10,Đã hoàn thành
NN_HP0403,3,3,99.1,2025-12-14,2025-12-14,Đã hoàn thành
NN_HP0404,3,2,94.2,2025-12-14,2025-12-12,Đang cập nhật
NN_HP0405,3,3,97.5,2025-12-14,2025-12-17,Đã hoàn thành
NN_HP0406,3,2,88.1,2025-12-14,2025-12-15,Đang cập nhật
NN_HP0407,3,3,95.3,2025-12-14,2025-12-17,Đã hoàn thành
NN_HP0408,3,2,94.5,2025-12-14,2025-12-11,Đang cập nhật
NN_HP0409,3,3,99.8,2025-12-14,2025-12-05,Đã hoàn thành
NN_HP0410,3,2,89.9,2025-12-14,2025-12-09,Đang cập nhật
NN_HP0411,3,3,95.8,2025-12-14,2025-12-18,Đã hoàn thành
NN_HP0412,3,3,95.0,2025-12-14,2025-12-05,Đã hoàn thành
NN_HP0413,3,3,95.3,2025-12-14,2025-12-09,Đã hoàn thành
NN_HP0414,3,2,92.5,2025-12-14,2025-12-04,Đang cập nhật
NN_HP0415,3,2,90.5,2025-12-14,2025-12-07,Đang cập nhật
NN_HP0416,3,2,93.3,2025-12-14,2025-12-06,Đang cập nhật
NN_HP0417,3,2,93.9,2025-12-14,2025-12-17,Đang cập nhật
NN_HP0418,3,3,99.7,2025-12-14,2025-12-09,Đã hoàn thành
NN_HP0419,3,2,93.1,2025-12-14,2025-12-05,Đang cập nhật
NN_HP0420,3,2,93.6,2025-12-14,2025-12-07,Đang cập nhật
NN_HP0421,3,2,91.0,2025-12-14,2025-12-14,Đang cập nhật
NN_HP0422,3,3,96.7,2025-12-14,2025-12-05,Đã hoàn thành
NN_HP0423,3,2,94.7,2025-12-14,2025-12-09,Đang cập nhật
NN_HP0424,3,2,91.0,2025-12-14,2025-12-13,Đang cập nhật
NN_HP0425,3,3,95.0,2025-12-14,2025-12-09,Đã hoàn thành
NN_HP0426,3,3,96.4,2025-12-14,2025-12-17,Đã hoàn thành
NN_HP0427,3,2,93.8,2025-12-14,2025-12-10,Đang cập nhật
NN_HP0428,3,3,95.8,2025-12-14,2025-12-05,Đã hoàn thành
NN_HP0429,3,2,94.6,2025-12-14,2025-12-17,Đang cập nhật
NN_HP0430,3,2,93.4,2025-12-14,2025-12-08,Đang cập nhật
NN_HP0431,3,2,90.9,2025-12-14,2025-12-16,Đang cập nhật
NN_HP0432,3,2,94.5,2025-12-14,2025-12-14,Đang cập nhật
NN_HP0433,3,2,93.3,2025-12-14,2025-12-11,Đang cập nhật
NN_HP0434,3,3,95.6,2025-12-14,2025-12-05,Đã hoàn thành
NN_HP0435,3,3,96.1,2025-12-14,2025-12-11,Đã hoàn thành
NN_HP0436,3,2,91.8,2025-12-14,2025-12-04,Đang cập nhật
NN_HP0437,3,2,90.8,2025-12-14,2025-12-17,Đang cập nhật
NN_HP0438,3,3,97.3,2025-12-14,2025-12-11,Đã hoàn thành
NN_HP0439,3,2,91.9,2025-12-14,2025-12-15,Đang cập nhật
NN_HP0440,3,3,97.7,2025-12-14,2025-12-09,Đã hoàn thành
NN_HP0441,3,2,90.4,2025-12-14,2025-12-16,Đang cập nhật
NN_HP0442,3,3,95.5,2025-12-14,2025-12-07,Đã hoàn thành
NN_HP0443,3,2,93.0,2025-12-14,2025-12-11,Đang cập nhật
NN_HP0444,3,3,99.4,2025-12-14,2025-12-10,Đã hoàn thành
NN_HP0445,3,2,94.3,2025-12-14,2025-12-11,Đang cập nhật
NN_HP0446,3,2,92.3,2025-12-14,2025-12-14,Đang cập nhật
NN_HP0447,3,3,96.4,2025-12-14,2025-12-10,Đã hoàn thành
NN_HP0448,3,2,90.8,2025-12-14,2025-12-08,Đang cập nhật
NN_HP0449,3,2,94.0,2025-12-14,2025-12-17,Đang cập nhật
NN_HP0450,3,3,98.1,2025-12-14,2025-12-14,Đã hoàn thành
NN_HP0451,3,2,91.6,2025-12-14,2025-12-16,Đang cập nhật
NN_HP0452,3,2,89.6,2025-12-14,2025-12-05,Đang cập nhật
NN_HP0453,3,3,99.1,2025-12-14,2025-12-12,Đã hoàn thành
NN_HP0454,3,2,92.0,2025-12-14,2025-12-08,Đang cập nhật
NN_HP0455,3,2,94.2,2025-12-14,2025-12-14,Đang cập nhật
NN_HP0456,3,2,93.3,2025-12-14,2025-12-05,Đang cập nhật
NN_HP0457,3,3,98.8,2025-12-14,2025-12-14,Đã hoàn thành
NN_HP0458,3,2,92.7,2025-12-14,2025-12-14,Đang cập nhật
NN_HP0459,3,3,96.9,2025-12-14,2025-12-13,Đã hoàn thành
NN_HP0460,3,2,91.5,2025-12-14,2025-12-19,Đang cập nhật
NN_HP0461,3,2,94.4,2025-12-14,2025-12-15,Đang cập nhật
NN_HP0462,3,2,93.8,2025-12-14,2025-12-09,Đang cập nhật
NN_HP0463,3,2,91.9,2025-12-14,2025-12-05,Đang cập nhật
NN_HP0464,3,3,96.1,2025-12-14,2025-12-13,Đã hoàn thành
NN_HP0465,3,2,92.8,2025-12-14,2025-12-11,Đang cập nhật
NN_HP0466,3,3,95.8,2025-12-14,2025-12-04,Đã hoàn thành
NN_HP0467,3,3,96.2,2025-12-14,2025-12-06,Đã hoàn thành
NN_HP0468,3,2,93.9,2025-12-14,2025-12-04,Đang cập nhật
NN_HP0469,3,3,96.1,2025-12-14,2025-12-15,Đã hoàn thành
NN_HP0470,3,3,96.2,2025-12-14,2025-12-07,Đã hoàn thành
NN_HP0471,3,2,92.5,2025-12-14,2025-12-19,Đang cập nhật
NN_HP0472,3,2,87.9,2025-12-14,2025-12-15,Đang cập nhật
NN_HP0473,3,3,96.1,2025-12-14,2025-12-19,Đã hoàn thành
NN_HP0474,3,2,91.2,2025-12-14,2025-12-06,Đang cập nhật
NN_HP0475,3,2,94.1,2025-12-14,2025-12-08,Đang cập nhật
NN_HP0476,3,3,97.8,2025-12-14,2025-12-08,Đã hoàn thành
NN_HP0477,3,3,99.5,2025-12-14,2025-12-19,Đã hoàn thành
NN_HP0478,3,2,94.6,2025-12-14,2025-12-09,Đang cập nhật
NN_HP0479,3,3,99.9,2025-12-14,2025-12-19,Đã hoàn thành
NN_HP0480,3,3,95.5,2025-12-14,2025-12-09,Đã hoàn thành
NN_HP0481,3,3,95.1,2025-12-14,2025-12-12,Đã hoàn thành
NN_HP0482,3,3,96.4,2025-12-14,2025-12-19,Đã hoàn thành
NN_HP0483,3,2,93.8,2025-12-14,2025-12-09,Đang cập nhật
NN_HP0484,3,2,93.4,2025-12-14,2025-12-09,Đang cập nhật
NN_HP0485,3,2,94.5,2025-12-14,2025-12-11,Đang cập nhật
NN_HP0486,3,3,95.4,2025-12-14,2025-12-11,Đã hoàn thành
NN_HP0487,3,2,94.7,2025-12-14,2025-12-08,Đang cập nhật
NN_HP0488,3,3,97.8,2025-12-14,2025-12-10,Đã hoàn thành
NN_HP0489,3,2,90.6,2025-12-14,2025-12-15,Đang cập nhật
NN_HP0490,3,2,92.3,2025-12-14,2025-12-13,Đang cập nhật
NN_HP0491,3,3,97.5,2025-12-14,2025-12-06,Đã hoàn thành
NN_HP0492,3,3,97.9,2025-12-14,2025-12-07,Đã hoàn thành
NN_HP0493,3,3,98.2,2025-12-14,2025-12-14,Đã hoàn thành
NN_HP0494,3,2,92.8,2025-12-14,2025-12-06,Đang cập nhật
NN_HP0495,3,2,94.6,2025-12-14,2025-12-08,Đang cập nhật
NN_HP0496,3,2,88.6,2025-12-14,2025-12-17,Đang cập nhật
NN_HP0497,3,2,94.9,2025-12-14,2025-12-14,Đang cập nhật
NN_HP0498,3,3,95.5,2025-12-14,2025-12-05,Đã hoàn thành
NN_HP0499,3,2,93.4,2025-12-14,2025-12-04,Đang cập nhật
NN_HP0500,3,2,94.1,2025-12-14,2025-12-07,Đang cập nhật
NN_HP0501,3,2,87.8,2025-12-14,2025-12-14,Đang cập nhật
NN_HP0502,3,3,95.5,2025-12-14,2025-12-18,Đã hoàn thành
NN_HP0503,3,2,91.8,2025-12-14,2025-12-07,Đang cập nhật
NN_HP0504,3,3,98.9,2025-12-14,2025-12-11,Đã hoàn thành
NN_HP0505,3,3,99.1,2025-12-14,2025-12-12,Đã hoàn thành
NN_HP0506,3,2,91.1,2025-12-14,2025-12-08,Đang cập nhật
NN_HP0507,3,2,91.9,2025-12-14,2025-12-15,Đang cập nhật
NN_HP0508,3,3,99.3,2025-12-14,2025-12-10,Đã hoàn thành
NN_HP0509,3,2,94.6,2025-12-14,2025-12-13,Đang cập nhật
NN_HP0510,3,3,95.3,2025-12-14,2025-12-11,Đã hoàn thành
NN_HP0511,3,3,96.8,2025-12-14,2025-12-14,Đã hoàn thành
NN_HP0512,3,3,97.9,2025-12-14,2025-12-09,Đã hoàn thành
NN_HP0513,3,3,98.5,2025-12-14,2025-12-16,Đã hoàn thành
NN_HP0514,3,2,92.6,2025-12-14,2025-12-19,Đang cập nhật
NN_HP0515,3,2,89.8,2025-12-14,2025-12-06,Đang cập nhật
NN_HP0516,3,2,93.5,2025-12-14,2025-12-04,Đang cập nhật
SP_HP0001,3,3,97.6,2025-12-14,2025-12-10,Đã hoàn thành
SP_HP0002,3,3,97.4,2025-12-14,2025-12-18,Đã hoàn thành
SP_HP0003,3,3,98.2,2025-12-14,2025-12-13,Đã hoàn thành
SP_HP0004,3,3,95.0,2025-12-14,2025-12-18,Đã hoàn thành
SP_HP0005,3,3,96.6,2025-12-14,2025-12-08,Đã hoàn thành
SP_HP0006,3,3,96.6,2025-12-14,2025-12-07,Đã hoàn thành
SP_HP0007,3,3,98.1,2025-12-14,2025-12-18,Đã hoàn thành
SP_HP0008,3,3,97.8,2025-12-14,2025-12-14,Đã hoàn thành
SP_HP0009,3,3,96.6,2025-12-14,2025-12-19,Đã hoàn thành
SP_HP0010,3,3,96.6,2025-12-14,2025-12-05,Đã hoàn thành
SP_HP0011,3,3,99.3,2025-12-14,2025-12-11,Đã hoàn thành
SP_HP0012,3,3,99.0,2025-12-14,2025-12-16,Đã hoàn thành
SP_HP0013,3,3,98.4,2025-12-14,2025-12-17,Đã hoàn thành
SP_HP0014,3,3,95.8,2025-12-14,2025-12-08,Đã hoàn thành
SP_HP0015,3,3,95.4,2025-12-14,2025-12-17,Đã hoàn thành
SP_HP0016,3,3,98.8,2025-12-14,2025-12-15,Đã hoàn thành
SP_HP0017,3,2,90.4,2025-12-14,2025-12-04,Đang cập nhật
SP_HP0018,3,3,97.6,2025-12-14,2025-12-09,Đã hoàn thành
SP_HP0019,3,3,95.0,2025-12-14,2025-12-18,Đã hoàn thành
SP_HP0020,3,3,96.3,2025-12-14,2025-12-06,Đã hoàn thành
SP_HP0021,3,3,98.4,2025-12-14,2025-12-14,Đã hoàn thành
SP_HP0022,3,2,92.4,2025-12-14,2025-12-04,Đang cập nhật
SP_HP0023,3,3,96.8,2025-12-14,2025-12-17,Đã hoàn thành
SP_HP0024,3,3,98.7,2025-12-14,2025-12-08,Đã hoàn thành
SP_HP0025,3,3,99.3,2025-12-14,2025-12-18,Đã hoàn thành
SP_HP0026,3,2,93.7,2025-12-14,2025-12-12,Đang cập nhật
SP_HP0027,3,3,100.0,2025-12-14,2025-12-12,Đã hoàn thành
SP_HP0028,3,2,91.6,2025-12-14,2025-12-13,Đang cập nhật
SP_HP0029,3,3,99.5,2025-12-14,2025-12-14,Đã hoàn thành
SP_HP0030,3,3,96.4,2025-12-14,2025-12-09,Đã hoàn thành
SP_HP0031,3,2,94.4,2025-12-14,2025-12-04,Đang cập nhật
SP_HP0032,3,2,94.7,2025-12-14,2025-12-11,Đang cập nhật
SP_HP0033,3,3,98.4,2025-12-14,2025-12-05,Đã hoàn thành
SP_HP0034,3,2,93.9,2025-12-14,2025-12-19,Đang cập nhật
SP_HP0035,3,3,96.2,2025-12-14,2025-12-13,Đã hoàn thành
SP_HP0036,3,2,91.7,2025-12-14,2025-12-13,Đang cập nhật
SP_HP0037,3,3,96.0,2025-12-14,2025-12-13,Đã hoàn thành
SP_HP0038,3,2,94.4,2025-12-14,2025-12-08,Đang cập nhật
SP_HP0039,3,3,97.2,2025-12-14,2025-12-13,Đã hoàn thành
SP_HP0040,3,2,91.4,2025-12-14,2025-12-19,Đang cập nhật
SP_HP0041,3,2,91.3,2025-12-14,2025-12-12,Đang cập nhật
SP_HP0042,3,3,99.1,2025-12-14,2025-12-06,Đã hoàn thành
SP_HP0043,3,2,92.0,2025-12-14,2025-12-10,Đang cập nhật
SP_HP0044,3,3,100.0,2025-12-14,2025-12-15,Đã hoàn thành
SP_HP0045,3,3,96.8,2025-12-14,2025-12-08,Đã hoàn thành
SP_HP0046,3,3,98.2,2025-12-14,2025-12-10,Đã hoàn thành
SP_HP0047,3,3,95.8,2025-12-14,2025-12-16,Đã hoàn thành
SP_HP0048,3,3,95.3,2025-12-14,2025-12-06,Đã hoàn thành
SP_HP0049,3,2,92.1,2025-12-14,2025-12-10,Đang cập nhật
SP_HP0050,3,2,93.4,2025-12-14,2025-12-13,Đang cập nhật
SP_HP0051,3,3,95.7,2025-12-14,2025-12-11,Đã hoàn thành
SP_HP0052,3,3,95.5,2025-12-14,2025-12-07,Đã hoàn thành
SP_HP0053,3,2,93.6,2025-12-14,2025-12-16,Đang cập nhật
SP_HP0054,3,3,95.5,2025-12-14,2025-12-15,Đã hoàn thành
SP_HP0055,3,3,96.3,2025-12-14,2025-12-09,Đã hoàn thành
SP_HP0056,3,2,92.6,2025-12-14,2025-12-06,Đang cập nhật
SP_HP0057,3,2,93.3,2025-12-14,2025-12-17,Đang cập nhật
SP_HP0058,3,3,98.4,2025-12-14,2025-12-04,Đã hoàn thành
SP_HP0059,3,3,96.0,2025-12-14,2025-12-10,Đã hoàn thành
SP_HP0060,3,3,96.4,2025-12-14,2025-12-19,Đã hoàn thành
SP_HP0061,3,3,97.1,2025-12-14,2025-12-14,Đã hoàn thành
SP_HP0062,3,3,99.4,2025-12-14,2025-12-05,Đã hoàn thành
SP_HP0063,3,2,93.5,2025-12-14,2025-12-07,Đang cập nhật
SP_HP0064,3,2,93.9,2025-12-14,2025-12-13,Đang cập nhật
SP_HP0065,3,3,95.9,2025-12-14,2025-12-13,Đã hoàn thành
SP_HP0066,3,2,92.9,2025-12-14,2025-12-12,Đang cập nhật
SP_HP0067,3,2,94.7,2025-12-14,2025-12-15,Đang cập nhật
SP_HP0068,3,3,95.0,2025-12-14,2025-12-09,Đã hoàn thành
SP_HP0069,3,2,93.1,2025-12-14,2025-12-07,Đang cập nhật
SP_HP0070,3,2,94.9,2025-12-14,2025-12-10,Đang cập nhật
SP_HP0071,3,3,98.7,2025-12-14,2025-12-18,Đã hoàn thành
SP_HP0072,3,2,93.0,2025-12-14,2025-12-16,Đang cập nhật
SP_HP0073,3,3,98.4,2025-12-14,2025-12-11,Đã hoàn thành
SP_HP0074,3,2,94.7,2025-12-14,2025-12-05,Đang cập nhật
SP_HP0075,3,2,94.8,2025-12-14,2025-12-16,Đang cập nhật
SP_HP0076,3,3,95.1,2025-12-14,2025-12-07,Đã hoàn thành
SP_HP0077,3,2,93.1,2025-12-14,2025-12-19,Đang cập nhật
SP_HP0078,3,3,95.9,2025-12-14,2025-12-06,Đã hoàn thành
SP_HP0079,3,3,97.3,2025-12-14,2025-12-11,Đã hoàn thành
SP_HP0080,3,3,98.3,2025-12-14,2025-12-04,Đã hoàn thành
SP_HP0081,3,3,97.2,2025-12-14,2025-12-09,Đã hoàn thành
SP_HP0082,3,2,93.5,2025-12-14,2025-12-15,Đang cập nhật
SP_HP0083,3,3,95.2,2025-12-14,2025-12-06,Đã hoàn thành
SP_HP0084,3,3,97.4,2025-12-14,2025-12-06,Đã hoàn thành
SP_HP0085,3,3,97.9,2025-12-14,2025-12-04,Đã hoàn thành
SP_HP0086,3,3,99.6,2025-12-14,2025-12-12,Đã hoàn thành
SP_HP0087,3,3,95.4,2025-12-14,2025-12-10,Đã hoàn thành
SP_HP0088,3,3,97.2,2025-12-14,2025-12-18,Đã hoàn thành
SP_HP0089,3,3,97.5,2025-12-14,2025-12-09,Đã hoàn thành
SP_HP0090,3,3,96.7,2025-12-14,2025-12-16,Đã hoàn thành
SP_HP0091,3,3,97.8,2025-12-14,2025-12-14,Đã hoàn thành
SP_HP0092,3,3,99.8,2025-12-14,2025-12-05,Đã hoàn thành
SP_HP0093,3,3,97.4,2025-12-14,2025-12-19,Đã hoàn thành
SP_HP0094,3,3,97.9,2025-12-14,2025-12-13,Đã hoàn thành
SP_HP0095,3,3,98.1,2025-12-14,2025-12-05,Đã hoàn thành
SP_HP0096,3,3,95.1,2025-12-14,2025-12-04,Đã hoàn thành
SP_HP0097,3,2,92.9,2025-12-14,2025-12-06,Đang cập nhật
SP_HP0098,3,2,94.8,2025-12-14,2025-12-15,Đang cập nhật
SP_HP0099,3,2,88.8,2025-12-14,2025-12-05,Đang cập nhật
SP_HP0100,3,3,96.5,2025-12-14,2025-12-10,Đã hoàn thành
SP_HP0101,3,3,96.8,2025-12-14,2025-12-12,Đã hoàn thành
SP_HP0102,3,2,89.1,2025-12-14,2025-12-17,Đang cập nhật
SP_HP0103,3,3,98.0,2025-12-14,2025-12-04,Đã hoàn thành
SP_HP0104,3,3,97.1,2025-12-14,2025-12-19,Đã hoàn thành
SP_HP0105,3,2,94.2,2025-12-14,2025-12-13,Đang cập nhật
SP_HP0106,3,3,98.4,2025-12-14,2025-12-10,Đã hoàn thành
SP_HP0107,3,3,95.6,2025-12-14,2025-12-06,Đã hoàn thành
SP_HP0108,3,3,97.0,2025-12-14,2025-12-07,Đã hoàn thành
SP_HP0109,3,2,92.7,2025-12-14,2025-12-18,Đang cập nhật
SP_HP0110,3,3,97.7,2025-12-14,2025-12-04,Đã hoàn thành
SP_HP0111,3,2,94.3,2025-12-14,2025-12-04,Đang cập nhật
SP_HP0112,3,3,95.2,2025-12-14,2025-12-04,Đã hoàn thành
SP_HP0113,3,3,97.1,2025-12-14,2025-12-10,Đã hoàn thành
SP_HP0114,3,3,95.6,2025-12-14,2025-12-13,Đã hoàn thành
SP_HP0115,3,3,95.9,2025-12-14,2025-12-11,Đã hoàn thành
SP_HP0116,3,2,90.5,2025-12-14,2025-12-17,Đang cập nhật
SP_HP0117,3,2,90.5,2025-12-14,2025-12-10,Đang cập nhật
SP_HP0118,3,3,96.8,2025-12-14,2025-12-16,Đã hoàn thành
SP_HP0119,3,2,93.8,2025-12-14,2025-12-11,Đang cập nhật
SP_HP0120,3,2,91.2,2025-12-14,2025-12-06,Đang cập nhật
SP_HP0121,3,2,93.6,2025-12-14,2025-12-11,Đang cập nhật
SP_HP0122,3,3,95.0,2025-12-14,2025-12-17,Đã hoàn thành
SP_HP0123,3,3,95.2,2025-12-14,2025-12-12,Đã hoàn thành
SP_HP0124,3,3,99.5,2025-12-14,2025-12-05,Đã hoàn thành
SP_HP0125,3,2,94.8,2025-12-14,2025-12-08,Đang cập nhật
SP_HP0126,3,2,94.8,2025-12-14,2025-12-10,Đang cập nhật
SP_HP0127,3,3,98.2,2025-12-14,2025-12-19,Đã hoàn thành
SP_HP0128,3,3,98.0,2025-12-14,2025-12-06,Đã hoàn thành
SP_HP0129,3,2,93.8,2025-12-14,2025-12-04,Đang cập nhật
SP_HP0130,3,3,95.6,2025-12-14,2025-12-04,Đã hoàn thành
SP_HP0131,3,3,96.7,2025-12-14,2025-12-09,Đã hoàn thành
SP_HP0132,3,2,91.1,2025-12-14,2025-12-07,Đang cập nhật
SP_HP0133,3,3,96.1,2025-12-14,2025-12-19,Đã hoàn thành
SP_HP0134,3,3,96.6,2025-12-14,2025-12-13,Đã hoàn thành
SP_HP0135,3,3,98.2,2025-12-14,2025-12-08,Đã hoàn thành
SP_HP0136,3,3,99.6,2025-12-14,2025-12-11,Đã hoàn thành
SP_HP0137,3,3,97.7,2025-12-14,2025-12-06,Đã hoàn thành
SP_HP0138,3,3,96.3,2025-12-14,2025-12-04,Đã hoàn thành
SP_HP0139,3,3,99.9,2025-12-14,2025-12-17,Đã hoàn thành
SP_HP0140,3,3,95.5,2025-12-14,2025-12-16,Đã hoàn thành
SP_HP0141,3,2,94.5,2025-12-14,2025-12-11,Đang cập nhật
SP_HP0142,3,2,93.4,2025-12-14,2025-12-15,Đang cập nhật
SP_HP0143,3,3,95.1,2025-12-14,2025-12-08,Đã hoàn thành
SP_HP0144,3,2,93.4,2025-12-14,2025-12-15,Đang cập nhật
SP_HP0145,3,2,94.3,2025-12-14,2025-12-19,Đang cập nhật
SP_HP0146,3,2,91.9,2025-12-14,2025-12-04,Đang cập nhật
SP_HP0147,3,2,90.5,2025-12-14,2025-12-13,Đang cập nhật
SP_HP0148,3,2,93.7,2025-12-14,2025-12-04,Đang cập nhật
SP_HP0149,3,3,95.9,2025-12-14,2025-12-18,Đã hoàn thành
SP_HP0150,3,2,90.5,2025-12-14,2025-12-08,Đang cập nhật
SP_HP0151,3,2,94.0,2025-12-14,2025-12-07,Đang cập nhật
SP_HP0152,3,3,98.5,2025-12-14,2025-12-19,Đã hoàn thành
SP_HP0153,3,2,93.0,2025-12-14,2025-12-11,Đang cập nhật
SP_HP0154,3,2,94.9,2025-12-14,2025-12-13,Đang cập nhật
SP_HP0155,3,2,94.8,2025-12-14,2025-12-11,Đang cập nhật
SP_HP0156,3,2,91.7,2025-12-14,2025-12-06,Đang cập nhật
SP_HP0157,3,3,97.0,2025-12-14,2025-12-18,Đã hoàn thành
SP_HP0158,3,3,95.8,2025-12-14,2025-12-12,Đã hoàn thành
SP_HP0159,3,3,97.7,2025-12-14,2025-12-06,Đã hoàn thành
SP_HP0160,3,3,95.9,2025-12-14,2025-12-09,Đã hoàn thành
SP_HP0161,3,3,95.7,2025-12-14,2025-12-04,Đã hoàn thành
SP_HP0162,3,3,96.8,2025-12-14,2025-12-17,Đã hoàn thành
SP_HP0163,3,3,96.9,2025-12-14,2025-12-06,Đã hoàn thành
SP_HP0164,3,2,93.8,2025-12-14,2025-12-08,Đang cập nhật
SP_HP0165,3,2,92.5,2025-12-14,2025-12-12,Đang cập nhật
SP_HP0166,3,3,97.9,2025-12-14,2025-12-05,Đã hoàn thành
SP_HP0167,3,3,97.4,2025-12-14,2025-12-14,Đã hoàn thành
SP_HP0168,3,3,95.1,2025-12-14,2025-12-18,Đã hoàn thành
SP_HP0169,3,3,95.9,2025-12-14,2025-12-09,Đã hoàn thành
SP_HP0170,3,3,98.7,2025-12-14,2025-12-11,Đã hoàn thành
SP_HP0171,3,3,95.2,2025-12-14,2025-12-05,Đã hoàn thành
SP_HP0172,3,3,95.0,2025-12-14,2025-12-11,Đã hoàn thành
SP_HP0173,3,2,92.0,2025-12-14,2025-12-16,Đang cập nhật
SP_HP0174,3,2,93.1,2025-12-14,2025-12-16,Đang cập nhật
SP_HP0175,3,3,96.4,2025-12-14,2025-12-11,Đã hoàn thành
SP_HP0176,3,2,90.9,2025-12-14,2025-12-11,Đang cập nhật
SP_HP0177,3,2,87.8,2025-12-14,2025-12-04,Đang cập nhật
SP_HP0178,3,2,93.8,2025-12-14,2025-12-18,Đang cập nhật
SP_HP0179,3,2,93.7,2025-12-14,2025-12-14,Đang cập nhật
SP_HP0180,3,3,99.4,2025-12-14,2025-12-12,Đã hoàn thành
SP_HP0181,3,2,94.9,2025-12-14,2025-12-12,Đang cập nhật
SP_HP0182,3,3,99.6,2025-12-14,2025-12-15,Đã hoàn thành
SP_HP0183,3,3,99.6,2025-12-14,2025-12-13,Đã hoàn thành
SP_HP0184,3,3,97.0,2025-12-14,2025-12-10,Đã hoàn thành
SP_HP0185,3,3,97.7,2025-12-14,2025-12-07,Đã hoàn thành
SP_HP0186,3,3,96.4,2025-12-14,2025-12-09,Đã hoàn thành
SP_HP0187,3,2,92.3,2025-12-14,2025-12-09,Đang cập nhật
SP_HP0188,3,3,97.9,2025-12-14,2025-12-10,Đã hoàn thành
SP_HP0189,3,3,96.7,2025-12-14,2025-12-07,Đã hoàn thành
SP_HP0190,3,3,96.2,2025-12-14,2025-12-10,Đã hoàn thành
SP_HP0191,3,2,91.7,2025-12-14,2025-12-15,Đang cập nhật
SP_HP0192,3,3,98.0,2025-12-14,2025-12-16,Đã hoàn thành
SP_HP0193,3,3,99.7,2025-12-14,2025-12-05,Đã hoàn thành
SP_HP0194,3,2,94.6,2025-12-14,2025-12-05,Đang cập nhật
SP_HP0195,3,2,94.7,2025-12-14,2025-12-04,Đang cập nhật
SP_HP0196,3,3,95.0,2025-12-14,2025-12-07,Đã hoàn thành
SP_HP0197,3,3,97.9,2025-12-14,2025-12-16,Đã hoàn thành
SP_HP0198,3,3,98.1,2025-12-14,2025-12-18,Đã hoàn thành
SP_HP0199,3,2,87.2,2025-12-14,2025-12-11,Đang cập nhật
SP_HP0200,3,3,99.3,2025-12-14,2025-12-15,Đã hoàn thành
SP_HP0201,3,3,98.6,2025-12-14,2025-12-17,Đã hoàn thành
SP_HP0202,3,3,96.5,2025-12-14,2025-12-15,Đã hoàn thành
SP_HP0203,3,3,95.9,2025-12-14,2025-12-13,Đã hoàn thành
SP_HP0204,3,3,100.0,2025-12-14,2025-12-09,Đã hoàn thành
SP_HP0205,3,2,91.0,2025-12-14,2025-12-18,Đang cập nhật
SP_HP0206,3,3,96.4,2025-12-14,2025-12-19,Đã hoàn thành
SP_HP0207,3,3,95.5,2025-12-14,2025-12-11,Đã hoàn thành
SP_HP0208,3,2,91.7,2025-12-14,2025-12-04,Đang cập nhật
SP_HP0209,3,3,97.2,2025-12-14,2025-12-17,Đã hoàn thành
SP_HP0210,3,3,99.0,2025-12-14,2025-12-16,Đã hoàn thành
SP_HP0211,3,3,96.9,2025-12-14,2025-12-06,Đã hoàn thành
SP_HP0212,3,2,91.3,2025-12-14,2025-12-11,Đang cập nhật
SP_HP0213,3,2,94.8,2025-12-14,2025-12-06,Đang cập nhật
SP_HP0214,3,3,98.4,2025-12-14,2025-12-10,Đã hoàn thành
SP_HP0215,3,3,99.0,2025-12-14,2025-12-08,Đã hoàn thành
SP_HP0216,3,2,93.1,2025-12-14,2025-12-12,Đang cập nhật
SP_HP0217,3,3,95.2,2025-12-14,2025-12-10,Đã hoàn thành
SP_HP0218,3,2,94.6,2025-12-14,2025-12-09,Đang cập nhật
SP_HP0219,3,3,97.8,2025-12-14,2025-12-06,Đã hoàn thành
SP_HP0220,3,2,93.4,2025-12-14,2025-12-07,Đang cập nhật
SP_HP0221,3,3,96.7,2025-12-14,2025-12-09,Đã hoàn thành
SP_HP0222,3,2,94.5,2025-12-14,2025-12-09,Đang cập nhật
SP_HP0223,3,2,94.9,2025-12-14,2025-12-04,Đang cập nhật
SP_HP0224,3,3,97.1,2025-12-14,2025-12-15,Đã hoàn thành
SP_HP0225,3,3,99.1,2025-12-14,2025-12-13,Đã hoàn thành
SP_HP0226,3,3,96.2,2025-12-14,2025-12-17,Đã hoàn thành
SP_HP0227,3,3,99.3,2025-12-14,2025-12-15,Đã hoàn thành
SP_HP0228,3,3,97.4,2025-12-14,2025-12-04,Đã hoàn thành
SP_HP0229,3,2,94.4,2025-12-14,2025-12-16,Đang cập nhật
SP_HP0230,3,3,98.7,2025-12-14,2025-12-12,Đã hoàn thành
SP_HP0231,3,3,100.0,2025-12-14,2025-12-05,Đã hoàn thành
SP_HP0232,3,3,96.9,2025-12-14,2025-12-14,Đã hoàn thành
SP_HP0233,3,2,90.4,2025-12-14,2025-12-04,Đang cập nhật
SP_HP0234,3,3,96.4,2025-12-14,2025-12-08,Đã hoàn thành
SP_HP0235,3,3,96.2,2025-12-14,2025-12-14,Đã hoàn thành
SP_HP0236,3,3,95.1,2025-12-14,2025-12-07,Đã hoàn thành
SP_HP0237,3,3,98.3,2025-12-14,2025-12-15,Đã hoàn thành
SP_HP0238,3,2,93.8,2025-12-14,2025-12-06,Đang cập nhật
SP_HP0239,3,2,89.9,2025-12-14,2025-12-14,Đang cập nhật
SP_HP0240,3,3,96.1,2025-12-14,2025-12-08,Đã hoàn thành
SP_HP0241,3,2,93.4,2025-12-14,2025-12-14,Đang cập nhật
SP_HP0242,3,2,92.5,2025-12-14,2025-12-16,Đang cập nhật
SP_HP0243,3,3,98.7,2025-12-14,2025-12-17,Đã hoàn thành
SP_HP0244,3,2,94.1,2025-12-14,2025-12-12,Đang cập nhật
SP_HP0245,3,2,94.0,2025-12-14,2025-12-14,Đang cập nhật
SP_HP0246,3,2,94.3,2025-12-14,2025-12-19,Đang cập nhật
SP_HP0247,3,3,99.3,2025-12-14,2025-12-09,Đã hoàn thành
SP_HP0248,3,3,99.1,2025-12-14,2025-12-08,Đã hoàn thành
SP_HP0249,3,3,95.4,2025-12-14,2025-12-08,Đã hoàn thành
SP_HP0250,3,3,98.8,2025-12-14,2025-12-06,Đã hoàn thành
SP_HP0251,3,3,95.7,2025-12-14,2025-12-10,Đã hoàn thành
SP_HP0252,3,3,98.8,2025-12-14,2025-12-16,Đã hoàn thành
SP_HP0253,3,2,90.5,2025-12-14,2025-12-06,Đang cập nhật
SP_HP0254,3,2,91.5,2025-12-14,2025-12-19,Đang cập nhật
SP_HP0255,3,2,91.3,2025-12-14,2025-12-08,Đang cập nhật
SP_HP0256,3,2,94.4,2025-12-14,2025-12-13,Đang cập nhật
SP_HP0257,3,3,95.3,2025-12-14,2025-12-12,Đã hoàn thành
SP_HP0258,3,2,89.9,2025-12-14,2025-12-08,Đang cập nhật
SP_HP0259,3,3,96.0,2025-12-14,2025-12-15,Đã hoàn thành
SP_HP0260,3,2,93.4,2025-12-14,2025-12-17,Đang cập nhật
SP_HP0261,3,3,97.6,2025-12-14,2025-12-04,Đã hoàn thành
SP_HP0262,3,2,93.8,2025-12-14,2025-12-11,Đang cập nhật
SP_HP0263,3,3,98.3,2025-12-14,2025-12-08,Đã hoàn thành
SP_HP0264,3,3,95.1,2025-12-14,2025-12-15,Đã hoàn thành
SP_HP0265,3,3,99.6,2025-12-14,2025-12-07,Đã hoàn thành
SP_HP0266,3,2,94.0,2025-12-14,2025-12-06,Đang cập nhật
SP_HP0267,3,2,90.4,2025-12-14,2025-12-17,Đang cập nhật
SP_HP0268,3,2,94.9,2025-12-14,2025-12-14,Đang cập nhật
SP_HP0269,3,2,87.3,2025-12-14,2025-12-18,Đang cập nhật
SP_HP0270,3,3,98.3,2025-12-14,2025-12-18,Đã hoàn thành
SP_HP0271,3,2,90.3,2025-12-14,2025-12-16,Đang cập nhật
SP_HP0272,3,3,96.5,2025-12-14,2025-12-18,Đã hoàn thành
SP_HP0273,3,3,96.1,2025-12-14,2025-12-12,Đã hoàn thành
SP_HP0274,3,3,95.5,2025-12-14,2025-12-13,Đã hoàn thành
SP_HP0275,3,3,98.1,2025-12-14,2025-12-12,Đã hoàn thành
SP_HP0276,3,2,93.1,2025-12-14,2025-12-09,Đang cập nhật
SP_HP0277,3,2,93.6,2025-12-14,2025-12-07,Đang cập nhật
SP_HP0278,3,3,98.6,2025-12-14,2025-12-09,Đã hoàn thành
SP_HP0279,3,2,93.2,2025-12-14,2025-12-08,Đang cập nhật
SP_HP0280,3,2,93.5,2025-12-14,2025-12-11,Đang cập nhật
SP_HP0281,3,2,93.9,2025-12-14,2025-12-09,Đang cập nhật
SP_HP0282,3,2,93.4,2025-12-14,2025-12-14,Đang cập nhật
SP_HP0283,3,3,99.8,2025-12-14,2025-12-07,Đã hoàn thành
SP_HP0284,3,2,89.5,2025-12-14,2025-12-07,Đang cập nhật
SP_HP0285,3,3,95.8,2025-12-14,2025-12-18,Đã hoàn thành
SP_HP0286,3,3,97.9,2025-12-14,2025-12-12,Đã hoàn thành
SP_HP0287,3,2,92.3,2025-12-14,2025-12-09,Đang cập nhật
SP_HP0288,3,3,95.3,2025-12-14,2025-12-15,Đã hoàn thành
SP_HP0289,3,3,96.5,2025-12-14,2025-12-07,Đã hoàn thành
SP_HP0290,3,3,96.4,2025-12-14,2025-12-06,Đã hoàn thành
SP_HP0291,3,2,92.6,2025-12-14,2025-12-10,Đang cập nhật
SP_HP0292,3,3,96.3,2025-12-14,2025-12-09,Đã hoàn thành
SP_HP0293,3,2,90.9,2025-12-14,2025-12-07,Đang cập nhật
SP_HP0294,3,2,91.2,2025-12-14,2025-12-16,Đang cập nhật
SP_HP0295,3,2,91.8,2025-12-14,2025-12-08,Đang cập nhật
SP_HP0296,3,3,95.1,2025-12-14,2025-12-16,Đã hoàn thành
SP_HP0297,3,2,93.8,2025-12-14,2025-12-10,Đang cập nhật
SP_HP0298,3,3,95.6,2025-12-14,2025-12-09,Đã hoàn thành
SP_HP0299,3,3,96.9,2025-12-14,2025-12-16,Đã hoàn thành
SP_HP0300,3,2,94.5,2025-12-14,2025-12-05,Đang cập nhật
SP_HP0301,3,2,89.0,2025-12-14,2025-12-18,Đang cập nhật
SP_HP0302,3,3,96.3,2025-12-14,2025-12-04,Đã hoàn thành
SP_HP0303,3,2,93.4,2025-12-14,2025-12-05,Đang cập nhật
SP_HP0304,3,2,93.7,2025-12-14,2025-12-09,Đang cập nhật
SP_HP0305,3,2,93.2,2025-12-14,2025-12-07,Đang cập nhật
SP_HP0306,3,2,90.3,2025-12-14,2025-12-06,Đang cập nhật
SP_HP0307,3,2,93.7,2025-12-14,2025-12-08,Đang cập nhật
SP_HP0308,3,2,94.7,2025-12-14,2025-12-16,Đang cập nhật
SP_HP0309,3,2,92.7,2025-12-14,2025-12-05,Đang cập nhật
SP_HP0310,3,2,93.7,2025-12-14,2025-12-13,Đang cập nhật
SP_HP0311,3,2,91.8,2025-12-14,2025-12-04,Đang cập nhật
SP_HP0312,3,2,90.8,2025-12-14,2025-12-19,Đang cập nhật
SP_HP0313,3,2,94.6,2025-12-14,2025-12-16,Đang cập nhật
SP_HP0314,3,2,91.5,2025-12-14,2025-12-14,Đang cập nhật
SP_HP0315,3,3,95.6,2025-12-14,2025-12-15,Đã hoàn thành
SP_HP0316,3,2,94.4,2025-12-14,2025-12-12,Đang cập nhật
SP_HP0317,3,2,93.3,2025-12-14,2025-12-16,Đang cập nhật
SP_HP0318,3,3,99.8,2025-12-14,2025-12-04,Đã hoàn thành
SP_HP0319,3,2,92.9,2025-12-14,2025-12-07,Đang cập nhật
SP_HP0320,3,3,99.1,2025-12-14,2025-12-08,Đã hoàn thành
SP_HP0321,3,2,93.1,2025-12-14,2025-12-09,Đang cập nhật
SP_HP0322,3,2,90.3,2025-12-14,2025-12-18,Đang cập nhật
SP_HP0323,3,3,95.9,2025-12-14,2025-12-11,Đã hoàn thành
SP_HP0324,3,2,93.7,2025-12-14,2025-12-04,Đang cập nhật
SP_HP0325,3,2,87.7,2025-12-14,2025-12-16,Đang cập nhật
SP_HP0326,3,2,90.8,2025-12-14,2025-12-04,Đang cập nhật
SP_HP0327,3,2,91.4,2025-12-14,2025-12-06,Đang cập nhật
SP_HP0328,3,2,90.0,2025-12-14,2025-12-18,Đang cập nhật
SP_HP0329,3,3,98.6,2025-12-14,2025-12-10,Đã hoàn thành
SP_HP0330,3,3,96.4,2025-12-14,2025-12-19,Đã hoàn thành
SP_HP0331,3,3,98.9,2025-12-14,2025-12-09,Đã hoàn thành
SP_HP0332,3,2,92.7,2025-12-14,2025-12-06,Đang cập nhật
SP_HP0333,3,2,94.9,2025-12-14,2025-12-17,Đang cập nhật
SP_HP0334,3,3,98.7,2025-12-14,2025-12-16,Đã hoàn thành
SP_HP0335,3,2,88.9,2025-12-14,2025-12-04,Đang cập nhật
SP_HP0336,3,3,98.3,2025-12-14,2025-12-13,Đã hoàn thành
SP_HP0337,3,3,96.1,2025-12-14,2025-12-12,Đã hoàn thành
SP_HP0338,3,3,97.0,2025-12-14,2025-12-14,Đã hoàn thành
SP_HP0339,3,3,95.3,2025-12-14,2025-12-07,Đã hoàn thành
SP_HP0340,3,2,93.6,2025-12-14,2025-12-13,Đang cập nhật
SP_HP0341,3,3,95.4,2025-12-14,2025-12-08,Đã hoàn thành
SP_HP0342,3,2,94.6,2025-12-14,2025-12-06,Đang cập nhật
SP_HP0343,3,2,94.7,2025-12-14,2025-12-08,Đang cập nhật
SP_HP0344,3,2,94.9,2025-12-14,2025-12-14,Đang cập nhật
SP_HP0345,3,3,97.6,2025-12-14,2025-12-13,Đã hoàn thành
SP_HP0346,3,2,92.1,2025-12-14,2025-12-12,Đang cập nhật
SP_HP0347,3,3,95.8,2025-12-14,2025-12-08,Đã hoàn thành
SP_HP0348,3,3,95.7,2025-12-14,2025-12-09,Đã hoàn thành
SP_HP0349,3,3,95.0,2025-12-14,2025-12-13,Đã hoàn thành
SP_HP0350,3,3,99.4,2025-12-14,2025-12-17,Đã hoàn thành
SP_HP0351,3,3,99.0,2025-12-14,2025-12-16,Đã hoàn thành
SP_HP0352,3,3,99.5,2025-12-14,2025-12-11,Đã hoàn thành
SP_HP0353,3,3,98.5,2025-12-14,2025-12-10,Đã hoàn thành
SP_HP0354,3,3,97.4,2025-12-14,2025-12-08,Đã hoàn thành
SP_HP0355,3,3,96.1,2025-12-14,2025-12-13,Đã hoàn thành
SP_HP0356,3,3,96.7,2025-12-14,2025-12-18,Đã hoàn thành
SP_HP0357,3,3,96.4,2025-12-14,2025-12-11,Đã hoàn thành
SP_HP0358,3,2,92.3,2025-12-14,2025-12-15,Đang cập nhật
SP_HP0359,3,3,98.7,2025-12-14,2025-12-10,Đã hoàn thành
SP_HP0360,3,2,93.9,2025-12-14,2025-12-10,Đang cập nhật
SP_HP0361,3,3,96.8,2025-12-14,2025-12-14,Đã hoàn thành
SP_HP0362,3,3,95.1,2025-12-14,2025-12-07,Đã hoàn thành
SP_HP0363,3,3,95.4,2025-12-14,2025-12-13,Đã hoàn thành
SP_HP0364,3,2,92.7,2025-12-14,2025-12-19,Đang cập nhật
SP_HP0365,3,3,96.1,2025-12-14,2025-12-08,Đã hoàn thành
SP_HP0366,3,3,96.3,2025-12-14,2025-12-14,Đã hoàn thành
SP_HP0367,3,2,91.5,2025-12-14,2025-12-10,Đang cập nhật
SP_HP0368,3,3,97.3,2025-12-14,2025-12-11,Đã hoàn thành
SP_HP0369,3,2,87.5,2025-12-14,2025-12-07,Đang cập nhật
SP_HP0370,3,2,92.7,2025-12-14,2025-12-07,Đang cập nhật
SP_HP0371,3,3,98.1,2025-12-14,2025-12-15,Đã hoàn thành
SP_HP0372,3,3,96.6,2025-12-14,2025-12-05,Đã hoàn thành
SP_HP0373,3,3,95.3,2025-12-14,2025-12-14,Đã hoàn thành
SP_HP0374,3,2,93.2,2025-12-14,2025-12-05,Đang cập nhật
SP_HP0375,3,2,91.5,2025-12-14,2025-12-17,Đang cập nhật
SP_HP0376,3,3,96.4,2025-12-14,2025-12-14,Đã hoàn thành
SP_HP0377,3,2,94.3,2025-12-14,2025-12-06,Đang cập nhật
SP_HP0378,3,2,94.7,2025-12-14,2025-12-08,Đang cập nhật
SP_HP0379,3,2,94.5,2025-12-14,2025-12-14,Đang cập nhật
SP_HP0380,3,2,92.0,2025-12-14,2025-12-08,Đang cập nhật
SP_HP0381,3,2,90.7,2025-12-14,2025-12-04,Đang cập nhật
SP_HP0382,3,3,95.2,2025-12-14,2025-12-17,Đã hoàn thành
SP_HP0383,3,2,90.1,2025-12-14,2025-12-15,Đang cập nhật
SP_HP0384,3,3,95.9,2025-12-14,2025-12-07,Đã hoàn thành
SP_HP0385,3,2,93.1,2025-12-14,2025-12-13,Đang cập nhật
SP_HP0386,3,2,93.8,2025-12-14,2025-12-08,Đang cập nhật
SP_HP0387,3,2,93.7,2025-12-14,2025-12-15,Đang cập nhật
SP_HP0388,3,2,87.6,2025-12-14,2025-12-04,Đang cập nhật
SP_HP0389,3,3,99.3,2025-12-14,2025-12-19,Đã hoàn thành
SP_HP0390,3,2,90.6,2025-12-14,2025-12-18,Đang cập nhật
SP_HP0391,3,2,89.4,2025-12-14,2025-12-18,Đang cập nhật
SP_HP0392,3,3,95.5,2025-12-14,2025-12-19,Đã hoàn thành
SP_HP0393,3,2,92.4,2025-12-14,2025-12-04,Đang cập nhật
SP_HP0394,3,3,95.7,2025-12-14,2025-12-14,Đã hoàn thành
SP_HP0395,3,2,93.9,2025-12-14,2025-12-10,Đang cập nhật
SP_HP0396,3,2,91.6,2025-12-14,2025-12-19,Đang cập nhật
SP_HP0397,3,2,90.4,2025-12-14,2025-12-08,Đang cập nhật
SP_HP0398,3,3,95.5,2025-12-14,2025-12-09,Đã hoàn thành
SP_HP0399,3,3,99.0,2025-12-14,2025-12-14,Đã hoàn thành
SP_HP0400,3,2,93.1,2025-12-14,2025-12-18,Đang cập nhật
SP_HP0401,3,2,94.3,2025-12-14,2025-12-16,Đang cập nhật
SP_HP0402,3,2,94.6,2025-12-14,2025-12-11,Đang cập nhật
SP_HP0403,3,2,91.4,2025-12-14,2025-12-18,Đang cập nhật
SP_HP0404,3,3,95.0,2025-12-14,2025-12-08,Đã hoàn thành
SP_HP0405,3,3,95.9,2025-12-14,2025-12-17,Đã hoàn thành
SP_HP0406,3,2,91.8,2025-12-14,2025-12-18,Đang cập nhật
SP_HP0407,3,3,97.5,2025-12-14,2025-12-13,Đã hoàn thành
SP_HP0408,3,3,95.4,2025-12-14,2025-12-19,Đã hoàn thành
SP_HP0409,3,3,97.0,2025-12-14,2025-12-14,Đã hoàn thành
SP_HP0410,3,3,100.0,2025-12-14,2025-12-13,Đã hoàn thành
SP_HP0411,3,3,96.1,2025-12-14,2025-12-13,Đã hoàn thành
SP_HP0412,3,2,92.5,2025-12-14,2025-12-08,Đang cập nhật
SP_HP0413,3,2,94.2,2025-12-14,2025-12-07,Đang cập nhật
SP_HP0414,3,3,97.1,2025-12-14,2025-12-12,Đã hoàn thành
SP_HP0415,3,3,95.6,2025-12-14,2025-12-05,Đã hoàn thành
SP_HP0416,3,3,97.4,2025-12-14,2025-12-12,Đã hoàn thành
SP_HP0417,3,2,92.4,2025-12-14,2025-12-05,Đang cập nhật
SP_HP0418,3,3,98.2,2025-12-14,2025-12-16,Đã hoàn thành
SP_HP0419,3,2,94.5,2025-12-14,2025-12-05,Đang cập nhật
SP_HP0420,3,2,93.0,2025-12-14,2025-12-15,Đang cập nhật
SP_HP0421,3,2,94.3,2025-12-14,2025-12-12,Đang cập nhật
SP_HP0422,3,3,97.5,2025-12-14,2025-12-08,Đã hoàn thành
SP_HP0423,3,3,98.4,2025-12-14,2025-12-09,Đã hoàn thành
SP_HP0424,3,2,91.9,2025-12-14,2025-12-18,Đang cập nhật
SP_HP0425,3,2,91.9,2025-12-14,2025-12-10,Đang cập nhật
SP_HP0426,3,3,96.0,2025-12-14,2025-12-05,Đã hoàn thành
SP_HP0427,3,2,92.3,2025-12-14,2025-12-13,Đang cập nhật
SP_HP0428,3,2,94.7,2025-12-14,2025-12-05,Đang cập nhật
SP_HP0429,3,2,94.0,2025-12-14,2025-12-18,Đang cập nhật
SP_HP0430,3,2,93.7,2025-12-14,2025-12-07,Đang cập nhật
SP_HP0431,3,2,93.1,2025-12-14,2025-12-09,Đang cập nhật
SP_HP0432,3,2,92.1,2025-12-14,2025-12-17,Đang cập nhật
SP_HP0433,3,3,95.9,2025-12-14,2025-12-18,Đã hoàn thành
SP_HP0434,3,3,99.5,2025-12-14,2025-12-15,Đã hoàn thành
SP_HP0435,3,2,93.8,2025-12-14,2025-12-15,Đang cập nhật
SP_HP0436,3,3,97.6,2025-12-14,2025-12-16,Đã hoàn thành
SP_HP0437,3,2,94.6,2025-12-14,2025-12-12,Đang cập nhật
SP_HP0438,3,3,98.0,2025-12-14,2025-12-08,Đã hoàn thành
TS_HP0001,3,3,99.9,2025-12-14,2025-12-18,Đã hoàn thành
TS_HP0002,3,2,93.0,2025-12-14,2025-12-04,Đang cập nhật
TS_HP0003,3,3,99.7,2025-12-14,2025-12-08,Đã hoàn thành
TS_HP0004,3,3,95.8,2025-12-14,2025-12-19,Đã hoàn thành
TS_HP0005,3,3,99.1,2025-12-14,2025-12-05,Đã hoàn thành
TS_HP0006,3,3,98.2,2025-12-14,2025-12-12,Đã hoàn thành
TS_HP0007,3,3,95.3,2025-12-14,2025-12-12,Đã hoàn thành
TS_HP0008,3,2,93.4,2025-12-14,2025-12-08,Đang cập nhật
TS_HP0009,3,3,98.6,2025-12-14,2025-12-11,Đã hoàn thành
TS_HP0010,3,2,90.3,2025-12-14,2025-12-07,Đang cập nhật
TS_HP0011,3,3,97.1,2025-12-14,2025-12-16,Đã hoàn thành
TS_HP0012,3,3,97.8,2025-12-14,2025-12-11,Đã hoàn thành
TS_HP0013,3,3,98.2,2025-12-14,2025-12-17,Đã hoàn thành
TS_HP0014,3,2,85.5,2025-12-14,2025-12-10,Đang cập nhật
TS_HP0015,3,3,97.7,2025-12-14,2025-12-05,Đã hoàn thành
TS_HP0016,3,3,97.9,2025-12-14,2025-12-10,Đã hoàn thành
TS_HP0017,3,2,89.9,2025-12-14,2025-12-05,Đang cập nhật
TS_HP0018,3,2,93.3,2025-12-14,2025-12-13,Đang cập nhật
TS_HP0019,3,2,87.8,2025-12-14,2025-12-08,Đang cập nhật
TS_HP0020,3,3,99.3,2025-12-14,2025-12-06,Đã hoàn thành
TS_HP0021,3,2,91.0,2025-12-14,2025-12-04,Đang cập nhật
TS_HP0022,3,3,97.2,2025-12-14,2025-12-14,Đã hoàn thành
TS_HP0023,3,3,97.7,2025-12-14,2025-12-09,Đã hoàn thành
TS_HP0024,3,3,95.0,2025-12-14,2025-12-07,Đã hoàn thành
TS_HP0025,3,3,98.9,2025-12-14,2025-12-10,Đã hoàn thành
TS_HP0026,3,3,95.2,2025-12-14,2025-12-19,Đã hoàn thành
TS_HP0027,3,2,94.2,2025-12-14,2025-12-10,Đang cập nhật
TS_HP0028,3,2,94.6,2025-12-14,2025-12-12,Đang cập nhật
TS_HP0029,3,3,97.0,2025-12-14,2025-12-06,Đã hoàn thành
TS_HP0030,3,3,96.8,2025-12-14,2025-12-09,Đã hoàn thành
TS_HP0031,3,3,97.2,2025-12-14,2025-12-10,Đã hoàn thành
TS_HP0032,3,2,94.5,2025-12-14,2025-12-15,Đang cập nhật
TS_HP0033,3,3,97.1,2025-12-14,2025-12-10,Đã hoàn thành
TS_HP0034,3,2,91.9,2025-12-14,2025-12-12,Đang cập nhật
TS_HP0035,3,3,97.5,2025-12-14,2025-12-13,Đã hoàn thành
TS_HP0036,3,2,94.7,2025-12-14,2025-12-18,Đang cập nhật
TS_HP0037,3,3,95.7,2025-12-14,2025-12-12,Đã hoàn thành
TS_HP0038,3,3,95.6,2025-12-14,2025-12-05,Đã hoàn thành
TS_HP0039,3,2,92.4,2025-12-14,2025-12-06,Đang cập nhật
TS_HP0040,3,3,98.8,2025-12-14,2025-12-18,Đã hoàn thành
TS_HP0041,3,2,92.3,2025-12-14,2025-12-13,Đang cập nhật
TS_HP0042,3,2,91.5,2025-12-14,2025-12-09,Đang cập nhật
TS_HP0043,3,2,90.7,2025-12-14,2025-12-08,Đang cập nhật
TS_HP0044,3,3,97.9,2025-12-14,2025-12-12,Đã hoàn thành
TS_HP0045,3,2,90.4,2025-12-14,2025-12-15,Đang cập nhật
TS_HP0046,3,2,94.3,2025-12-14,2025-12-09,Đang cập nhật
TS_HP0047,3,2,92.9,2025-12-14,2025-12-06,Đang cập nhật
TS_HP0048,3,2,93.9,2025-12-14,2025-12-04,Đang cập nhật
TS_HP0049,3,3,95.3,2025-12-14,2025-12-05,Đã hoàn thành
TS_HP0050,3,2,93.3,2025-12-14,2025-12-16,Đang cập nhật
TS_HP0051,3,3,99.1,2025-12-14,2025-12-07,Đã hoàn thành
TS_HP0052,3,3,98.4,2025-12-14,2025-12-12,Đã hoàn thành
TS_HP0053,3,3,96.7,2025-12-14,2025-12-08,Đã hoàn thành
TS_HP0054,3,3,98.0,2025-12-14,2025-12-17,Đã hoàn thành
TS_HP0055,3,2,93.1,2025-12-14,2025-12-09,Đang cập nhật
TS_HP0056,3,3,96.9,2025-12-14,2025-12-19,Đã hoàn thành
TS_HP0057,3,2,89.5,2025-12-14,2025-12-06,Đang cập nhật
TS_HP0058,3,3,97.6,2025-12-14,2025-12-17,Đã hoàn thành
TS_HP0059,3,3,99.0,2025-12-14,2025-12-17,Đã hoàn thành
TS_HP0060,3,3,98.3,2025-12-14,2025-12-05,Đã hoàn thành
TS_HP0061,3,3,95.1,2025-12-14,2025-12-10,Đã hoàn thành
TS_HP0062,3,2,92.5,2025-12-14,2025-12-13,Đang cập nhật
TS_HP0063,3,2,94.7,2025-12-14,2025-12-17,Đang cập nhật
TS_HP0064,3,2,90.8,2025-12-14,2025-12-09,Đang cập nhật
TS_HP0065,3,3,99.8,2025-12-14,2025-12-06,Đã hoàn thành
TS_HP0066,3,3,96.0,2025-12-14,2025-12-09,Đã hoàn thành
TS_HP0067,3,3,97.4,2025-12-14,2025-12-13,Đã hoàn thành
TS_HP0068,3,2,94.9,2025-12-14,2025-12-04,Đang cập nhật
TS_HP0069,3,3,99.0,2025-12-14,2025-12-11,Đã hoàn thành
TS_HP0070,3,3,96.2,2025-12-14,2025-12-14,Đã hoàn thành
TS_HP0071,3,3,95.9,2025-12-14,2025-12-14,Đã hoàn thành
TS_HP0072,3,2,92.3,2025-12-14,2025-12-04,Đang cập nhật
TS_HP0073,3,2,93.2,2025-12-14,2025-12-17,Đang cập nhật
TS_HP0074,3,2,90.6,2025-12-14,2025-12-13,Đang cập nhật
TS_HP0075,3,2,93.9,2025-12-14,2025-12-17,Đang cập nhật
TS_HP0076,3,3,98.3,2025-12-14,2025-12-07,Đã hoàn thành
TS_HP0077,3,2,92.4,2025-12-14,2025-12-07,Đang cập nhật
TS_HP0078,3,3,95.6,2025-12-14,2025-12-09,Đã hoàn thành
TS_HP0079,3,2,94.2,2025-12-14,2025-12-11,Đang cập nhật
TS_HP0080,3,3,99.0,2025-12-14,2025-12-10,Đã hoàn thành
TS_HP0081,3,2,92.3,2025-12-14,2025-12-05,Đang cập nhật
TS_HP0082,3,2,91.3,2025-12-14,2025-12-19,Đang cập nhật
TS_HP0083,3,3,95.7,2025-12-14,2025-12-17,Đã hoàn thành
TS_HP0084,3,3,95.3,2025-12-14,2025-12-12,Đã hoàn thành
TS_HP0085,3,3,95.9,2025-12-14,2025-12-15,Đã hoàn thành
TS_HP0086,3,3,95.7,2025-12-14,2025-12-10,Đã hoàn thành
TS_HP0087,3,2,92.0,2025-12-14,2025-12-16,Đang cập nhật
TS_HP0088,3,2,91.8,2025-12-14,2025-12-11,Đang cập nhật
TS_HP0089,3,2,92.5,2025-12-14,2025-12-17,Đang cập nhật
TS_HP0090,3,2,93.6,2025-12-14,2025-12-07,Đang cập nhật
TS_HP0091,3,3,95.7,2025-12-14,2025-12-06,Đã hoàn thành
TS_HP0092,3,2,91.0,2025-12-14,2025-12-06,Đang cập nhật
TS_HP0093,3,3,97.7,2025-12-14,2025-12-06,Đã hoàn thành
TS_HP0094,3,2,94.8,2025-12-14,2025-12-17,Đang cập nhật
TS_HP0095,3,3,100.0,2025-12-14,2025-12-14,Đã hoàn thành
TS_HP0096,3,3,98.5,2025-12-14,2025-12-08,Đã hoàn thành
TS_HP0097,3,2,92.1,2025-12-14,2025-12-07,Đang cập nhật
TS_HP0098,3,3,97.2,2025-12-14,2025-12-09,Đã hoàn thành
TS_HP0099,3,2,94.0,2025-12-14,2025-12-04,Đang cập nhật
TS_HP0100,3,3,96.3,2025-12-14,2025-12-04,Đã hoàn thành
TS_HP0101,3,3,98.0,2025-12-14,2025-12-17,Đã hoàn thành
TS_HP0102,3,3,96.1,2025-12-14,2025-12-06,Đã hoàn thành
TS_HP0103,3,3,95.4,2025-12-14,2025-12-19,Đã hoàn thành
TS_HP0104,3,3,95.1,2025-12-14,2025-12-04,Đã hoàn thành
TS_HP0105,3,3,99.8,2025-12-14,2025-12-16,Đã hoàn thành
TS_HP0106,3,3,98.3,2025-12-14,2025-12-09,Đã hoàn thành
TS_HP0107,3,2,94.3,2025-12-14,2025-12-08,Đang cập nhật
TS_HP0108,3,2,94.3,2025-12-14,2025-12-07,Đang cập nhật
TS_HP0109,3,3,98.4,2025-12-14,2025-12-14,Đã hoàn thành
TS_HP0110,3,3,98.8,2025-12-14,2025-12-05,Đã hoàn thành
TS_HP0111,3,3,96.5,2025-12-14,2025-12-08,Đã hoàn thành
TS_HP0112,3,3,95.9,2025-12-14,2025-12-10,Đã hoàn thành
TS_HP0113,3,3,99.2,2025-12-14,2025-12-10,Đã hoàn thành
TS_HP0114,3,3,95.5,2025-12-14,2025-12-06,Đã hoàn thành
TS_HP0115,3,3,97.2,2025-12-14,2025-12-16,Đã hoàn thành
TS_HP0116,3,3,97.0,2025-12-14,2025-12-10,Đã hoàn thành
TS_HP0117,3,2,94.6,2025-12-14,2025-12-08,Đang cập nhật
TS_HP0118,3,3,96.9,2025-12-14,2025-12-05,Đã hoàn thành
TS_HP0119,3,2,92.8,2025-12-14,2025-12-12,Đang cập nhật
TS_HP0120,3,3,97.4,2025-12-14,2025-12-04,Đã hoàn thành
TS_HP0121,3,2,94.4,2025-12-14,2025-12-13,Đang cập nhật
TS_HP0122,3,2,91.4,2025-12-14,2025-12-16,Đang cập nhật
TS_HP0123,3,2,92.8,2025-12-14,2025-12-17,Đang cập nhật
TS_HP0124,3,3,98.9,2025-12-14,2025-12-08,Đã hoàn thành
TS_HP0125,3,3,98.6,2025-12-14,2025-12-10,Đã hoàn thành
TS_HP0126,3,3,96.8,2025-12-14,2025-12-05,Đã hoàn thành
TS_HP0127,3,2,94.8,2025-12-14,2025-12-16,Đang cập nhật
TS_HP0128,3,2,90.6,2025-12-14,2025-12-17,Đang cập nhật
TS_HP0129,3,3,96.5,2025-12-14,2025-12-14,Đã hoàn thành
TS_HP0130,3,3,98.1,2025-12-14,2025-12-15,Đã hoàn thành
TS_HP0131,3,2,94.9,2025-12-14,2025-12-05,Đang cập nhật
TS_HP0132,3,2,92.1,2025-12-14,2025-12-14,Đang cập nhật
TS_HP0133,3,3,95.9,2025-12-14,2025-12-12,Đã hoàn thành
TS_HP0134,3,3,99.4,2025-12-14,2025-12-14,Đã hoàn thành
TS_HP0135,3,2,94.1,2025-12-14,2025-12-13,Đang cập nhật
TS_HP0136,3,3,100.0,2025-12-14,2025-12-10,Đã hoàn thành
TS_HP0137,3,3,96.2,2025-12-14,2025-12-17,Đã hoàn thành
TS_HP0138,3,3,98.1,2025-12-14,2025-12-10,Đã hoàn thành
TS_HP0139,3,3,99.9,2025-12-14,2025-12-13,Đã hoàn thành
TS_HP0140,3,2,94.7,2025-12-14,2025-12-06,Đang cập nhật
TS_HP0141,3,2,94.9,2025-12-14,2025-12-07,Đang cập nhật
TS_HP0142,3,3,99.8,2025-12-14,2025-12-10,Đã hoàn thành
TS_HP0143,3,3,97.6,2025-12-14,2025-12-06,Đã hoàn thành
TS_HP0144,3,2,88.2,2025-12-14,2025-12-10,Đang cập nhật
TS_HP0145,3,3,95.7,2025-12-14,2025-12-18,Đã hoàn thành
TS_HP0146,3,3,97.4,2025-12-14,2025-12-12,Đã hoàn thành
TS_HP0147,3,2,93.6,2025-12-14,2025-12-19,Đang cập nhật
TS_HP0148,3,2,94.3,2025-12-14,2025-12-15,Đang cập nhật
TS_HP0149,3,3,97.2,2025-12-14,2025-12-14,Đã hoàn thành
TS_HP0150,3,3,97.1,2025-12-14,2025-12-08,Đã hoàn thành
TS_HP0151,3,3,97.7,2025-12-14,2025-12-11,Đã hoàn thành
TS_HP0152,3,3,98.1,2025-12-14,2025-12-19,Đã hoàn thành
TS_HP0153,3,2,92.5,2025-12-14,2025-12-15,Đang cập nhật
TS_HP0154,3,2,94.9,2025-12-14,2025-12-13,Đang cập nhật
TS_HP0155,3,3,99.1,2025-12-14,2025-12-15,Đã hoàn thành
TS_HP0156,3,3,96.0,2025-12-14,2025-12-13,Đã hoàn thành
TS_HP0157,3,3,99.5,2025-12-14,2025-12-14,Đã hoàn thành
TS_HP0158,3,2,94.3,2025-12-14,2025-12-10,Đang cập nhật
TS_HP0159,3,3,99.0,2025-12-14,2025-12-13,Đã hoàn thành
TS_HP0160,3,2,89.3,2025-12-14,2025-12-15,Đang cập nhật
TS_HP0161,3,3,97.9,2025-12-14,2025-12-19,Đã hoàn thành
TS_HP0162,3,2,94.6,2025-12-14,2025-12-15,Đang cập nhật
TS_HP0163,3,3,97.5,2025-12-14,2025-12-17,Đã hoàn thành
TS_HP0164,3,3,98.5,2025-12-14,2025-12-05,Đã hoàn thành
TS_HP0165,3,3,98.2,2025-12-14,2025-12-05,Đã hoàn thành
TS_HP0166,3,2,93.3,2025-12-14,2025-12-05,Đang cập nhật
TS_HP0167,3,2,94.9,2025-12-14,2025-12-05,Đang cập nhật
TS_HP0168,3,3,99.9,2025-12-14,2025-12-05,Đã hoàn thành
TS_HP0169,3,3,99.1,2025-12-14,2025-12-15,Đã hoàn thành
TS_HP0170,3,3,99.0,2025-12-14,2025-12-16,Đã hoàn thành
TS_HP0171,3,3,100.0,2025-12-14,2025-12-06,Đã hoàn thành
TS_HP0172,3,3,96.2,2025-12-14,2025-12-17,Đã hoàn thành
TS_HP0173,3,3,97.9,2025-12-14,2025-12-05,Đã hoàn thành
TS_HP0174,3,2,93.4,2025-12-14,2025-12-04,Đang cập nhật
TS_HP0175,3,3,95.2,2025-12-14,2025-12-14,Đã hoàn thành
TS_HP0176,3,2,94.8,2025-12-14,2025-12-08,Đang cập nhật
TS_HP0177,3,3,99.4,2025-12-14,2025-12-17,Đã hoàn thành
TS_HP0178,3,3,97.2,2025-12-14,2025-12-06,Đã hoàn thành
TS_HP0179,3,3,97.9,2025-12-14,2025-12-04,Đã hoàn thành
TS_HP0180,3,3,97.3,2025-12-14,2025-12-14,Đã hoàn thành
TS_HP0181,3,2,93.1,2025-12-14,2025-12-16,Đang cập nhật
TS_HP0182,3,3,99.0,2025-12-14,2025-12-12,Đã hoàn thành
TS_HP0183,3,3,96.8,2025-12-14,2025-12-11,Đã hoàn thành
TS_HP0184,3,3,95.6,2025-12-14,2025-12-15,Đã hoàn thành
TS_HP0185,3,3,97.6,2025-12-14,2025-12-18,Đã hoàn thành
TS_HP0186,3,3,96.2,2025-12-14,2025-12-18,Đã hoàn thành
TS_HP0187,3,2,93.1,2025-12-14,2025-12-09,Đang cập nhật
TS_HP0188,3,2,93.4,2025-12-14,2025-12-05,Đang cập nhật
TS_HP0189,3,2,94.3,2025-12-14,2025-12-04,Đang cập nhật
TS_HP0190,3,2,92.5,2025-12-14,2025-12-09,Đang cập nhật
TS_HP0191,3,2,94.2,2025-12-14,2025-12-12,Đang cập nhật
TS_HP0192,3,2,92.5,2025-12-14,2025-12-12,Đang cập nhật
TS_HP0193,3,3,96.3,2025-12-14,2025-12-17,Đã hoàn thành
TS_HP0194,3,3,95.4,2025-12-14,2025-12-13,Đã hoàn thành
TS_HP0195,3,3,99.9,2025-12-14,2025-12-09,Đã hoàn thành
TS_HP0196,3,3,95.0,2025-12-14,2025-12-04,Đã hoàn thành
TS_HP0197,3,3,97.9,2025-12-14,2025-12-11,Đã hoàn thành
TS_HP0198,3,2,93.8,2025-12-14,2025-12-13,Đang cập nhật
TS_HP0199,3,3,96.2,2025-12-14,2025-12-19,Đã hoàn thành
TS_HP0200,3,2,94.8,2025-12-14,2025-12-14,Đang cập nhật
TS_HP0201,3,3,96.2,2025-12-14,2025-12-08,Đã hoàn thành
TS_HP0202,3,3,98.8,2025-12-14,2025-12-19,Đã hoàn thành
TS_HP0203,3,3,95.7,2025-12-14,2025-12-13,Đã hoàn thành
TS_HP0204,3,2,94.7,2025-12-14,2025-12-06,Đang cập nhật
TS_HP0205,3,3,98.2,2025-12-14,2025-12-07,Đã hoàn thành
TS_HP0206,3,3,95.0,2025-12-14,2025-12-06,Đã hoàn thành
TS_HP0207,3,3,95.0,2025-12-14,2025-12-09,Đã hoàn thành
TS_HP0208,3,2,89.7,2025-12-14,2025-12-18,Đang cập nhật
TS_HP0209,3,2,93.7,2025-12-14,2025-12-18,Đang cập nhật
TS_HP0210,3,3,97.1,2025-12-14,2025-12-12,Đã hoàn thành
TS_HP0211,3,3,99.2,2025-12-14,2025-12-08,Đã hoàn thành
TS_HP0212,3,3,95.8,2025-12-14,2025-12-14,Đã hoàn thành
TS_HP0213,3,2,94.5,2025-12-14,2025-12-12,Đang cập nhật
TS_HP0214,3,3,95.9,2025-12-14,2025-12-10,Đã hoàn thành
TS_HP0215,3,3,98.9,2025-12-14,2025-12-05,Đã hoàn thành
TS_HP0216,3,3,97.9,2025-12-14,2025-12-07,Đã hoàn thành
TS_HP0217,3,2,89.8,2025-12-14,2025-12-10,Đang cập nhật
TS_HP0218,3,2,93.9,2025-12-14,2025-12-05,Đang cập nhật
TS_HP0219,3,3,97.0,2025-12-14,2025-12-17,Đã hoàn thành
TS_HP0220,3,2,94.6,2025-12-14,2025-12-12,Đang cập nhật
TS_HP0221,3,3,98.6,2025-12-14,2025-12-11,Đã hoàn thành
TS_HP0222,3,2,94.3,2025-12-14,2025-12-13,Đang cập nhật
TS_HP0223,3,3,97.1,2025-12-14,2025-12-17,Đã hoàn thành
TS_HP0224,3,3,97.9,2025-12-14,2025-12-15,Đã hoàn thành
TS_HP0225,3,3,96.7,2025-12-14,2025-12-13,Đã hoàn thành
TS_HP0226,3,3,98.6,2025-12-14,2025-12-13,Đã hoàn thành
TS_HP0227,3,3,97.2,2025-12-14,2025-12-04,Đã hoàn thành
TS_HP0228,3,3,98.6,2025-12-14,2025-12-18,Đã hoàn thành
TS_HP0229,3,3,95.8,2025-12-14,2025-12-16,Đã hoàn thành
TS_HP0230,3,3,95.5,2025-12-14,2025-12-05,Đã hoàn thành
TS_HP0231,3,2,93.4,2025-12-14,2025-12-18,Đang cập nhật
TS_HP0232,3,2,94.8,2025-12-14,2025-12-10,Đang cập nhật
TS_HP0233,3,2,94.8,2025-12-14,2025-12-17,Đang cập nhật
TS_HP0234,3,3,95.1,2025-12-14,2025-12-07,Đã hoàn thành
TS_HP0235,3,3,99.9,2025-12-14,2025-12-14,Đã hoàn thành
TS_HP0236,3,3,98.1,2025-12-14,2025-12-08,Đã hoàn thành
TS_HP0237,3,3,96.2,2025-12-14,2025-12-15,Đã hoàn thành
TS_HP0238,3,3,95.0,2025-12-14,2025-12-06,Đã hoàn thành
TS_HP0239,3,2,93.5,2025-12-14,2025-12-06,Đang cập nhật
TS_HP0240,3,2,90.3,2025-12-14,2025-12-12,Đang cập nhật
TS_HP0241,3,3,97.8,2025-12-14,2025-12-18,Đã hoàn thành
TS_HP0242,3,3,96.8,2025-12-14,2025-12-10,Đã hoàn thành
TS_HP0243,3,3,97.1,2025-12-14,2025-12-04,Đã hoàn thành
TS_HP0244,3,3,98.0,2025-12-14,2025-12-17,Đã hoàn thành
TS_HP0245,3,3,96.6,2025-12-14,2025-12-04,Đã hoàn thành
TS_HP0246,3,2,94.8,2025-12-14,2025-12-14,Đang cập nhật
TS_HP0247,3,2,94.3,2025-12-14,2025-12-18,Đang cập nhật
TS_HP0248,3,2,93.2,2025-12-14,2025-12-13,Đang cập nhật
TS_HP0249,3,3,98.4,2025-12-14,2025-12-15,Đã hoàn thành
TS_HP0250,3,3,95.1,2025-12-14,2025-12-04,Đã hoàn thành
TS_HP0251,3,3,96.5,2025-12-14,2025-12-10,Đã hoàn thành
TS_HP0252,3,2,94.5,2025-12-14,2025-12-18,Đang cập nhật
TS_HP0253,3,2,92.4,2025-12-14,2025-12-16,Đang cập nhật
TS_HP0254,3,3,95.0,2025-12-14,2025-12-17,Đã hoàn thành
TS_HP0255,3,3,97.7,2025-12-14,2025-12-18,Đã hoàn thành
TS_HP0256,3,3,97.9,2025-12-14,2025-12-13,Đã hoàn thành
TS_HP0257,3,3,98.2,2025-12-14,2025-12-13,Đã hoàn thành
TS_HP0258,3,3,95.8,2025-12-14,2025-12-07,Đã hoàn thành
TS_HP0259,3,3,95.5,2025-12-14,2025-12-19,Đã hoàn thành
TS_HP0260,3,2,94.0,2025-12-14,2025-12-17,Đang cập nhật
TS_HP0261,3,2,93.1,2025-12-14,2025-12-16,Đang cập nhật
TS_HP0262,3,2,94.2,2025-12-14,2025-12-13,Đang cập nhật
TS_HP0263,3,3,96.0,2025-12-14,2025-12-14,Đã hoàn thành
TS_HP0264,3,3,97.2,2025-12-14,2025-12-18,Đã hoàn thành
TS_HP0265,3,3,97.1,2025-12-14,2025-12-06,Đã hoàn thành
TS_HP0266,3,3,96.0,2025-12-14,2025-12-11,Đã hoàn thành
TS_HP0267,3,3,96.1,2025-12-14,2025-12-06,Đã hoàn thành
TS_HP0268,3,3,97.7,2025-12-14,2025-12-14,Đã hoàn thành
TS_HP0269,3,3,97.2,2025-12-14,2025-12-19,Đã hoàn thành
TS_HP0270,3,3,99.0,2025-12-14,2025-12-11,Đã hoàn thành
TS_HP0271,3,2,91.2,2025-12-14,2025-12-15,Đang cập nhật
TS_HP0272,3,3,99.8,2025-12-14,2025-12-05,Đã hoàn thành
TS_HP0273,3,3,97.7,2025-12-14,2025-12-07,Đã hoàn thành
TS_HP0274,3,2,94.0,2025-12-14,2025-12-19,Đang cập nhật
TS_HP0275,3,3,99.2,2025-12-14,2025-12-10,Đã hoàn thành
TS_HP0276,3,3,99.6,2025-12-14,2025-12-15,Đã hoàn thành
TS_HP0277,3,3,97.9,2025-12-14,2025-12-13,Đã hoàn thành
TS_HP0278,3,3,97.9,2025-12-14,2025-12-07,Đã hoàn thành
TS_HP0279,3,2,94.8,2025-12-14,2025-12-04,Đang cập nhật
TS_HP0280,3,3,95.5,2025-12-14,2025-12-16,Đã hoàn thành
TS_HP0281,3,3,98.2,2025-12-14,2025-12-18,Đã hoàn thành
TS_HP0282,3,3,95.7,2025-12-14,2025-12-14,Đã hoàn thành
TS_HP0283,3,3,98.2,2025-12-14,2025-12-07,Đã hoàn thành
TS_HP0284,3,3,97.6,2025-12-14,2025-12-14,Đã hoàn thành
TS_HP0285,3,2,94.0,2025-12-14,2025-12-10,Đang cập nhật
TS_HP0286,3,3,95.5,2025-12-14,2025-12-11,Đã hoàn thành
TS_HP0287,3,3,95.3,2025-12-14,2025-12-13,Đã hoàn thành
TS_HP0288,3,2,93.2,2025-12-14,2025-12-17,Đang cập nhật
TS_HP0289,3,2,93.8,2025-12-14,2025-12-15,Đang cập nhật
TS_HP0290,3,3,98.3,2025-12-14,2025-12-14,Đã hoàn thành
TS_HP0291,3,3,100.0,2025-12-14,2025-12-13,Đã hoàn thành
TS_HP0292,3,2,93.9,2025-12-14,2025-12-06,Đang cập nhật
TS_HP0293,3,3,96.9,2025-12-14,2025-12-14,Đã hoàn thành
TS_HP0294,3,2,93.9,2025-12-14,2025-12-09,Đang cập nhật
TS_HP0295,3,3,97.3,2025-12-14,2025-12-17,Đã hoàn thành
TS_HP0296,3,2,94.9,2025-12-14,2025-12-19,Đang cập nhật
TS_HP0297,3,2,94.4,2025-12-14,2025-12-15,Đang cập nhật
TS_HP0298,3,3,100.0,2025-12-14,2025-12-09,Đã hoàn thành
TS_HP0299,3,3,95.8,2025-12-14,2025-12-13,Đã hoàn thành
TS_HP0300,3,3,98.4,2025-12-14,2025-12-13,Đã hoàn thành
TS_HP0301,3,3,95.2,2025-12-14,2025-12-09,Đã hoàn thành
TS_HP0302,3,3,95.8,2025-12-14,2025-12-14,Đã hoàn thành
TS_HP0303,3,3,96.2,2025-12-14,2025-12-04,Đã hoàn thành
TS_HP0304,3,3,95.7,2025-12-14,2025-12-17,Đã hoàn thành
TS_HP0305,3,2,94.6,2025-12-14,2025-12-14,Đang cập nhật
TS_HP0306,3,3,97.4,2025-12-14,2025-12-11,Đã hoàn thành
NNGU_HP0001,3,3,98.6,2025-12-14,2025-12-04,Đã hoàn thành
NNGU_HP0002,3,2,90.7,2025-12-14,2025-12-11,Đang cập nhật
NNGU_HP0003,3,3,97.5,2025-12-14,2025-12-15,Đã hoàn thành
NNGU_HP0004,3,2,92.2,2025-12-14,2025-12-05,Đang cập nhật
NNGU_HP0005,3,3,95.0,2025-12-14,2025-12-04,Đã hoàn thành
NNGU_HP0006,3,2,94.0,2025-12-14,2025-12-05,Đang cập nhật
NNGU_HP0007,3,3,96.0,2025-12-14,2025-12-11,Đã hoàn thành
NNGU_HP0008,3,3,96.4,2025-12-14,2025-12-04,Đã hoàn thành
NNGU_HP0009,3,2,89.7,2025-12-14,2025-12-17,Đang cập nhật
NNGU_HP0010,3,3,96.7,2025-12-14,2025-12-05,Đã hoàn thành
NNGU_HP0011,3,3,95.2,2025-12-14,2025-12-10,Đã hoàn thành
NNGU_HP0012,3,2,93.8,2025-12-14,2025-12-13,Đang cập nhật
NNGU_HP0013,3,3,99.4,2025-12-14,2025-12-09,Đã hoàn thành
NNGU_HP0014,3,2,92.3,2025-12-14,2025-12-15,Đang cập nhật
NNGU_HP0015,3,2,93.7,2025-12-14,2025-12-06,Đang cập nhật
NNGU_HP0016,3,3,96.1,2025-12-14,2025-12-08,Đã hoàn thành
NNGU_HP0017,3,3,95.1,2025-12-14,2025-12-14,Đã hoàn thành
NNGU_HP0018,3,3,95.3,2025-12-14,2025-12-08,Đã hoàn thành
NNGU_HP0019,3,3,96.2,2025-12-14,2025-12-05,Đã hoàn thành
NNGU_HP0020,3,3,95.3,2025-12-14,2025-12-07,Đã hoàn thành
NNGU_HP0021,3,3,96.7,2025-12-14,2025-12-16,Đã hoàn thành
NNGU_HP0022,3,2,93.4,2025-12-14,2025-12-12,Đang cập nhật
NNGU_HP0023,3,3,99.8,2025-12-14,2025-12-11,Đã hoàn thành
NNGU_HP0024,3,3,95.5,2025-12-14,2025-12-06,Đã hoàn thành
NNGU_HP0025,3,3,97.2,2025-12-14,2025-12-17,Đã hoàn thành
NNGU_HP0026,3,3,97.5,2025-12-14,2025-12-15,Đã hoàn thành
NNGU_HP0027,3,3,97.6,2025-12-14,2025-12-06,Đã hoàn thành
NNGU_HP0028,3,3,97.4,2025-12-14,2025-12-08,Đã hoàn thành
NNGU_HP0029,3,2,90.4,2025-12-14,2025-12-06,Đang cập nhật
NNGU_HP0030,3,3,97.5,2025-12-14,2025-12-05,Đã hoàn thành
NNGU_HP0031,3,3,96.6,2025-12-14,2025-12-04,Đã hoàn thành
NNGU_HP0032,3,2,94.5,2025-12-14,2025-12-06,Đang cập nhật
NNGU_HP0033,3,3,99.2,2025-12-14,2025-12-05,Đã hoàn thành
NNGU_HP0034,3,3,98.3,2025-12-14,2025-12-14,Đã hoàn thành
NNGU_HP0035,3,2,93.7,2025-12-14,2025-12-14,Đang cập nhật
NNGU_HP0036,3,3,97.0,2025-12-14,2025-12-04,Đã hoàn thành
NNGU_HP0037,3,3,98.9,2025-12-14,2025-12-19,Đã hoàn thành
NNGU_HP0038,3,3,99.0,2025-12-14,2025-12-15,Đã hoàn thành
NNGU_HP0039,3,3,95.7,2025-12-14,2025-12-05,Đã hoàn thành
NNGU_HP0040,3,3,100.0,2025-12-14,2025-12-15,Đã hoàn thành
NNGU_HP0041,3,3,96.5,2025-12-14,2025-12-18,Đã hoàn thành
NNGU_HP0042,3,3,96.8,2025-12-14,2025-12-14,Đã hoàn thành
NNGU_HP0043,3,3,98.4,2025-12-14,2025-12-11,Đã hoàn thành
NNGU_HP0044,3,3,96.4,2025-12-14,2025-12-08,Đã hoàn thành
NNGU_HP0045,3,3,99.0,2025-12-14,2025-12-05,Đã hoàn thành
NNGU_HP0046,3,3,97.5,2025-12-14,2025-12-15,Đã hoàn thành
NNGU_HP0047,3,3,97.4,2025-12-14,2025-12-08,Đã hoàn thành
NNGU_HP0048,3,3,98.9,2025-12-14,2025-12-07,Đã hoàn thành
NNGU_HP0049,3,3,98.8,2025-12-14,2025-12-14,Đã hoàn thành
NNGU_HP0050,3,3,97.1,2025-12-14,2025-12-14,Đã hoàn thành
NNGU_HP0051,3,3,99.3,2025-12-14,2025-12-07,Đã hoàn thành
NNGU_HP0052,3,2,94.8,2025-12-14,2025-12-13,Đang cập nhật
NNGU_HP0053,3,2,94.8,2025-12-14,2025-12-09,Đang cập nhật
NNGU_HP0054,3,3,98.4,2025-12-14,2025-12-04,Đã hoàn thành
NNGU_HP0055,3,3,96.4,2025-12-14,2025-12-16,Đã hoàn thành
NNGU_HP0056,3,3,99.8,2025-12-14,2025-12-14,Đã hoàn thành
NNGU_HP0057,3,3,99.0,2025-12-14,2025-12-08,Đã hoàn thành
NNGU_HP0058,3,3,96.2,2025-12-14,2025-12-19,Đã hoàn thành
NNGU_HP0059,3,3,99.8,2025-12-14,2025-12-14,Đã hoàn thành
NNGU_HP0060,3,3,98.3,2025-12-14,2025-12-04,Đã hoàn thành
NNGU_HP0061,3,3,96.2,2025-12-14,2025-12-10,Đã hoàn thành
NNGU_HP0062,3,3,96.6,2025-12-14,2025-12-05,Đã hoàn thành
NNGU_HP0063,3,3,97.2,2025-12-14,2025-12-15,Đã hoàn thành
NNGU_HP0064,3,3,95.3,2025-12-14,2025-12-19,Đã hoàn thành
NNGU_HP0065,3,3,96.4,2025-12-14,2025-12-12,Đã hoàn thành
NNGU_HP0066,3,2,91.5,2025-12-14,2025-12-19,Đang cập nhật
NNGU_HP0067,3,3,95.1,2025-12-14,2025-12-16,Đã hoàn thành
NNGU_HP0068,3,3,99.2,2025-12-14,2025-12-14,Đã hoàn thành
NNGU_HP0069,3,2,91.5,2025-12-14,2025-12-12,Đang cập nhật
NNGU_HP0070,3,3,97.1,2025-12-14,2025-12-11,Đã hoàn thành
NNGU_HP0071,3,3,96.6,2025-12-14,2025-12-06,Đã hoàn thành
NNGU_HP0072,3,3,95.1,2025-12-14,2025-12-19,Đã hoàn thành
NNGU_HP0073,3,2,92.4,2025-12-14,2025-12-05,Đang cập nhật
NNGU_HP0074,3,3,98.4,2025-12-14,2025-12-05,Đã hoàn thành
NNGU_HP0075,3,2,94.1,2025-12-14,2025-12-04,Đang cập nhật
NNGU_HP0076,3,3,99.2,2025-12-14,2025-12-06,Đã hoàn thành
NNGU_HP0077,3,3,98.3,2025-12-14,2025-12-08,Đã hoàn thành
NNGU_HP0078,3,3,95.2,2025-12-14,2025-12-09,Đã hoàn thành
NNGU_HP0079,3,3,97.9,2025-12-14,2025-12-17,Đã hoàn thành
NNGU_HP0080,3,3,99.3,2025-12-14,2025-12-18,Đã hoàn thành
NNGU_HP0081,3,3,95.6,2025-12-14,2025-12-17,Đã hoàn thành
NNGU_HP0082,3,3,97.9,2025-12-14,2025-12-15,Đã hoàn thành
NNGU_HP0083,3,2,94.7,2025-12-14,2025-12-17,Đang cập nhật
NNGU_HP0084,3,2,92.3,2025-12-14,2025-12-17,Đang cập nhật
NNGU_HP0085,3,3,99.9,2025-12-14,2025-12-13,Đã hoàn thành
NNGU_HP0086,3,3,97.9,2025-12-14,2025-12-11,Đã hoàn thành
NNGU_HP0087,3,2,94.3,2025-12-14,2025-12-10,Đang cập nhật
NNGU_HP0088,3,2,91.8,2025-12-14,2025-12-09,Đang cập nhật
NNGU_HP0089,3,2,93.1,2025-12-14,2025-12-14,Đang cập nhật
NNGU_HP0090,3,3,97.2,2025-12-14,2025-12-10,Đã hoàn thành
NNGU_HP0091,3,3,99.1,2025-12-14,2025-12-06,Đã hoàn thành
NNGU_HP0092,3,3,96.3,2025-12-14,2025-12-07,Đã hoàn thành
NNGU_HP0093,3,3,97.5,2025-12-14,2025-12-15,Đã hoàn thành
NNGU_HP0094,3,2,90.3,2025-12-14,2025-12-12,Đang cập nhật
NNGU_HP0095,3,2,94.5,2025-12-14,2025-12-07,Đang cập nhật
NNGU_HP0096,3,2,92.0,2025-12-14,2025-12-08,Đang cập nhật
NNGU_HP0097,3,3,98.8,2025-12-14,2025-12-05,Đã hoàn thành
NNGU_HP0098,3,3,99.3,2025-12-14,2025-12-13,Đã hoàn thành
NNGU_HP0099,3,3,97.6,2025-12-14,2025-12-11,Đã hoàn thành
NNGU_HP0100,3,3,97.7,2025-12-14,2025-12-13,Đã hoàn thành
NNGU_HP0101,3,3,97.7,2025-12-14,2025-12-05,Đã hoàn thành
NNGU_HP0102,3,3,100.0,2025-12-14,2025-12-16,Đã hoàn thành
NNGU_HP0103,3,3,97.8,2025-12-14,2025-12-18,Đã hoàn thành
NNGU_HP0104,3,3,99.2,2025-12-14,2025-12-11,Đã hoàn thành
NNGU_HP0105,3,2,94.7,2025-12-14,2025-12-04,Đang cập nhật
NNGU_HP0106,3,3,95.3,2025-12-14,2025-12-11,Đã hoàn thành
NNGU_HP0107,3,3,99.7,2025-12-14,2025-12-12,Đã hoàn thành
NNGU_HP0108,3,3,95.5,2025-12-14,2025-12-13,Đã hoàn thành
NNGU_HP0109,3,3,99.2,2025-12-14,2025-12-13,Đã hoàn thành
NNGU_HP0110,3,3,96.9,2025-12-14,2025-12-13,Đã hoàn thành
NNGU_HP0111,3,2,90.7,2025-12-14,2025-12-12,Đang cập nhật
NNGU_HP0112,3,2,94.1,2025-12-14,2025-12-11,Đang cập nhật
NNGU_HP0113,3,3,96.2,2025-12-14,2025-12-06,Đã hoàn thành
NNGU_HP0114,3,3,95.9,2025-12-14,2025-12-11,Đã hoàn thành
NNGU_HP0115,3,3,99.0,2025-12-14,2025-12-16,Đã hoàn thành
NNGU_HP0116,3,3,96.1,2025-12-14,2025-12-09,Đã hoàn thành
NNGU_HP0117,3,2,92.6,2025-12-14,2025-12-05,Đang cập nhật
NNGU_HP0118,3,3,98.4,2025-12-14,2025-12-12,Đã hoàn thành
NNGU_HP0119,3,3,95.4,2025-12-14,2025-12-14,Đã hoàn thành
NNGU_HP0120,3,2,94.0,2025-12-14,2025-12-18,Đang cập nhật
NNGU_HP0121,3,2,94.9,2025-12-14,2025-12-10,Đang cập nhật
NNGU_HP0122,3,3,98.1,2025-12-14,2025-12-06,Đã hoàn thành
NNGU_HP0123,3,3,99.5,2025-12-14,2025-12-05,Đã hoàn thành
NNGU_HP0124,3,3,99.0,2025-12-14,2025-12-09,Đã hoàn thành
NNGU_HP0125,3,3,96.5,2025-12-14,2025-12-11,Đã hoàn thành
NNGU_HP0126,3,3,95.5,2025-12-14,2025-12-07,Đã hoàn thành
NNGU_HP0127,3,3,96.2,2025-12-14,2025-12-04,Đã hoàn thành
NNGU_HP0128,3,2,91.3,2025-12-14,2025-12-10,Đang cập nhật
NNGU_HP0129,3,3,98.1,2025-12-14,2025-12-15,Đã hoàn thành
NNGU_HP0130,3,2,94.1,2025-12-14,2025-12-11,Đang cập nhật
NNGU_HP0131,3,3,99.0,2025-12-14,2025-12-16,Đã hoàn thành
NNGU_HP0132,3,3,97.9,2025-12-14,2025-12-17,Đã hoàn thành
NNGU_HP0133,3,3,98.6,2025-12-14,2025-12-13,Đã hoàn thành
NNGU_HP0134,3,3,98.4,2025-12-14,2025-12-09,Đã hoàn thành
NNGU_HP0135,3,3,96.1,2025-12-14,2025-12-13,Đã hoàn thành
NNGU_HP0136,3,3,97.4,2025-12-14,2025-12-09,Đã hoàn thành
NNGU_HP0137,3,3,97.7,2025-12-14,2025-12-19,Đã hoàn thành
NNGU_HP0138,3,3,98.2,2025-12-14,2025-12-15,Đã hoàn thành
NNGU_HP0139,3,3,97.2,2025-12-14,2025-12-15,Đã hoàn thành
NNGU_HP0140,3,3,98.6,2025-12-14,2025-12-11,Đã hoàn thành
NNGU_HP0141,3,2,90.9,2025-12-14,2025-12-19,Đang cập nhật
NNGU_HP0142,3,2,92.9,2025-12-14,2025-12-12,Đang cập nhật
NNGU_HP0143,3,3,99.8,2025-12-14,2025-12-08,Đã hoàn thành
NNGU_HP0144,3,3,96.2,2025-12-14,2025-12-05,Đã hoàn thành
NNGU_HP0145,3,3,97.2,2025-12-14,2025-12-07,Đã hoàn thành
NNGU_HP0146,3,3,97.1,2025-12-14,2025-12-12,Đã hoàn thành
NNGU_HP0147,3,3,99.8,2025-12-14,2025-12-05,Đã hoàn thành
NNGU_HP0148,3,3,95.8,2025-12-14,2025-12-10,Đã hoàn thành
NNGU_HP0149,3,3,99.3,2025-12-14,2025-12-11,Đã hoàn thành
NNGU_HP0150,3,3,99.5,2025-12-14,2025-12-19,Đã hoàn thành
NNGU_HP0151,3,3,95.9,2025-12-14,2025-12-16,Đã hoàn thành
NNGU_HP0152,3,3,95.3,2025-12-14,2025-12-12,Đã hoàn thành
NNGU_HP0153,3,2,93.5,2025-12-14,2025-12-12,Đang cập nhật
NNGU_HP0154,3,3,99.7,2025-12-14,2025-12-05,Đã hoàn thành
NNGU_HP0155,3,3,98.6,2025-12-14,2025-12-08,Đã hoàn thành
NNGU_HP0156,3,3,98.1,2025-12-14,2025-12-19,Đã hoàn thành
NNGU_HP0157,3,3,96.0,2025-12-14,2025-12-12,Đã hoàn thành
NNGU_HP0158,3,2,91.6,2025-12-14,2025-12-14,Đang cập nhật
NNGU_HP0159,3,3,96.1,2025-12-14,2025-12-11,Đã hoàn thành
NNGU_HP0160,3,3,98.3,2025-12-14,2025-12-07,Đã hoàn thành
NNGU_HP0161,3,3,95.1,2025-12-14,2025-12-05,Đã hoàn thành
NNGU_HP0162,3,3,95.5,2025-12-14,2025-12-14,Đã hoàn thành
NNGU_HP0163,3,2,93.6,2025-12-14,2025-12-14,Đang cập nhật
NNGU_HP0164,3,3,99.8,2025-12-14,2025-12-04,Đã hoàn thành
NNGU_HP0165,3,3,95.7,2025-12-14,2025-12-14,Đã hoàn thành
NNGU_HP0166,3,3,96.3,2025-12-14,2025-12-07,Đã hoàn thành
NNGU_HP0167,3,2,94.1,2025-12-14,2025-12-12,Đang cập nhật
NNGU_HP0168,3,3,98.7,2025-12-14,2025-12-13,Đã hoàn thành
NNGU_HP0169,3,3,95.6,2025-12-14,2025-12-05,Đã hoàn thành
NNGU_HP0170,3,3,96.4,2025-12-14,2025-12-07,Đã hoàn thành
NNGU_HP0171,3,3,97.6,2025-12-14,2025-12-15,Đã hoàn thành
NNGU_HP0172,3,3,95.0,2025-12-14,2025-12-07,Đã hoàn thành
NNGU_HP0173,3,2,93.4,2025-12-14,2025-12-05,Đang cập nhật
NNGU_HP0174,3,3,99.0,2025-12-14,2025-12-18,Đã hoàn thành
NNGU_HP0175,3,3,95.1,2025-12-14,2025-12-12,Đã hoàn thành
NNGU_HP0176,3,3,96.5,2025-12-14,2025-12-07,Đã hoàn thành
NNGU_HP0177,3,2,94.6,2025-12-14,2025-12-15,Đang cập nhật
NNGU_HP0178,3,3,97.5,2025-12-14,2025-12-14,Đã hoàn thành
NNGU_HP0179,3,2,92.2,2025-12-14,2025-12-15,Đang cập nhật
NNGU_HP0180,3,3,95.1,2025-12-14,2025-12-12,Đã hoàn thành
NNGU_HP0181,3,3,99.5,2025-12-14,2025-12-07,Đã hoàn thành
NNGU_HP0182,3,2,91.0,2025-12-14,2025-12-15,Đang cập nhật
NNGU_HP0183,3,3,99.9,2025-12-14,2025-12-04,Đã hoàn thành
NNGU_HP0184,3,3,99.5,2025-12-14,2025-12-18,Đã hoàn thành
NNGU_HP0185,3,3,97.7,2025-12-14,2025-12-09,Đã hoàn thành
NNGU_HP0186,3,3,98.5,2025-12-14,2025-12-05,Đã hoàn thành
NNGU_HP0187,3,3,96.7,2025-12-14,2025-12-15,Đã hoàn thành
NNGU_HP0188,3,2,91.5,2025-12-14,2025-12-12,Đang cập nhật
NNGU_HP0189,3,3,100.0,2025-12-14,2025-12-08,Đã hoàn thành
NNGU_HP0190,3,3,96.2,2025-12-14,2025-12-18,Đã hoàn thành
NNGU_HP0191,3,3,97.8,2025-12-14,2025-12-18,Đã hoàn thành
NNGU_HP0192,3,2,94.3,2025-12-14,2025-12-15,Đang cập nhật
NNGU_HP0193,3,2,92.2,2025-12-14,2025-12-13,Đang cập nhật
NNGU_HP0194,3,3,97.5,2025-12-14,2025-12-13,Đã hoàn thành
NNGU_HP0195,3,3,97.1,2025-12-14,2025-12-16,Đã hoàn thành
NNGU_HP0196,3,2,92.9,2025-12-14,2025-12-08,Đang cập nhật
NNGU_HP0197,3,3,98.5,2025-12-14,2025-12-05,Đã hoàn thành
NNGU_HP0198,3,2,92.7,2025-12-14,2025-12-12,Đang cập nhật
NNGU_HP0199,3,2,88.0,2025-12-14,2025-12-18,Đang cập nhật
NNGU_HP0200,3,2,92.8,2025-12-14,2025-12-19,Đang cập nhật
NNGU_HP0201,3,3,97.0,2025-12-14,2025-12-11,Đã hoàn thành
NNGU_HP0202,3,3,100.0,2025-12-14,2025-12-12,Đã hoàn thành
NNGU_HP0203,3,3,97.5,2025-12-14,2025-12-11,Đã hoàn thành
NNGU_HP0204,3,2,91.4,2025-12-14,2025-12-10,Đang cập nhật
NNGU_HP0205,3,3,97.9,2025-12-14,2025-12-15,Đã hoàn thành
NNGU_HP0206,3,3,96.4,2025-12-14,2025-12-08,Đã hoàn thành
NNGU_HP0207,3,3,96.9,2025-12-14,2025-12-08,Đã hoàn thành
NNGU_HP0208,3,3,95.2,2025-12-14,2025-12-14,Đã hoàn thành
NNGU_HP0209,3,2,92.0,2025-12-14,2025-12-18,Đang cập nhật
NNGU_HP0210,3,3,97.7,2025-12-14,2025-12-11,Đã hoàn thành
NNGU_HP0211,3,2,94.5,2025-12-14,2025-12-10,Đang cập nhật
NNGU_HP0212,3,3,95.8,2025-12-14,2025-12-18,Đã hoàn thành
NNGU_HP0213,3,3,99.7,2025-12-14,2025-12-16,Đã hoàn thành
NNGU_HP0214,3,3,96.9,2025-12-14,2025-12-04,Đã hoàn thành
NNGU_HP0215,3,2,87.0,2025-12-14,2025-12-18,Đang cập nhật
NNGU_HP0216,3,3,98.5,2025-12-14,2025-12-07,Đã hoàn thành
NNGU_HP0217,3,3,99.5,2025-12-14,2025-12-13,Đã hoàn thành
NNGU_HP0218,3,3,99.7,2025-12-14,2025-12-11,Đã hoàn thành
NNGU_HP0219,3,3,97.2,2025-12-14,2025-12-08,Đã hoàn thành
NNGU_HP0220,3,3,97.7,2025-12-14,2025-12-12,Đã hoàn thành
NNGU_HP0221,3,3,96.7,2025-12-14,2025-12-08,Đã hoàn thành
NNGU_HP0222,3,3,96.9,2025-12-14,2025-12-11,Đã hoàn thành
NNGU_HP0223,3,3,97.5,2025-12-14,2025-12-07,Đã hoàn thành
NNGU_HP0224,3,3,97.6,2025-12-14,2025-12-11,Đã hoàn thành
NNGU_HP0225,3,3,98.6,2025-12-14,2025-12-10,Đã hoàn thành
NNGU_HP0226,3,3,97.7,2025-12-14,2025-12-16,Đã hoàn thành
NNGU_HP0227,3,3,95.2,2025-12-14,2025-12-13,Đã hoàn thành
NNGU_HP0228,3,3,97.5,2025-12-14,2025-12-14,Đã hoàn thành
NNGU_HP0229,3,3,98.9,2025-12-14,2025-12-17,Đã hoàn thành
NNGU_HP0230,3,3,96.9,2025-12-14,2025-12-14,Đã hoàn thành
NNGU_HP0231,3,3,96.9,2025-12-14,2025-12-18,Đã hoàn thành
NNGU_HP0232,3,3,99.6,2025-12-14,2025-12-19,Đã hoàn thành
NNGU_HP0233,3,2,94.6,2025-12-14,2025-12-11,Đang cập nhật
NNGU_HP0234,3,3,98.4,2025-12-14,2025-12-04,Đã hoàn thành
NNGU_HP0235,3,2,94.4,2025-12-14,2025-12-17,Đang cập nhật
NNGU_HP0236,3,2,92.0,2025-12-14,2025-12-12,Đang cập nhật
NNGU_HP0237,3,3,96.0,2025-12-14,2025-12-10,Đã hoàn thành
NNGU_HP0238,3,3,99.1,2025-12-14,2025-12-15,Đã hoàn thành
NNGU_HP0239,3,2,94.0,2025-12-14,2025-12-16,Đang cập nhật
NNGU_HP0240,3,2,94.8,2025-12-14,2025-12-12,Đang cập nhật
NNGU_HP0241,3,2,90.8,2025-12-14,2025-12-04,Đang cập nhật
NNGU_HP0242,3,3,100.0,2025-12-14,2025-12-11,Đã hoàn thành
NNGU_HP0243,3,2,94.9,2025-12-14,2025-12-06,Đang cập nhật
NNGU_HP0244,3,2,93.0,2025-12-14,2025-12-07,Đang cập nhật
NNGU_HP0245,3,3,97.4,2025-12-14,2025-12-14,Đã hoàn thành
NNGU_HP0246,3,3,98.6,2025-12-14,2025-12-11,Đã hoàn thành
NNGU_HP0247,3,2,91.8,2025-12-14,2025-12-05,Đang cập nhật
NNGU_HP0248,3,3,96.7,2025-12-14,2025-12-09,Đã hoàn thành
NNGU_HP0249,3,3,97.4,2025-12-14,2025-12-10,Đã hoàn thành
NNGU_HP0250,3,2,92.6,2025-12-14,2025-12-04,Đang cập nhật
NNGU_HP0251,3,3,96.3,2025-12-14,2025-12-14,Đã hoàn thành
NNGU_HP0252,3,2,92.7,2025-12-14,2025-12-04,Đang cập nhật
NNGU_HP0253,3,3,98.7,2025-12-14,2025-12-11,Đã hoàn thành
NNGU_HP0254,3,3,96.0,2025-12-14,2025-12-08,Đã hoàn thành
NNGU_HP0255,3,3,96.8,2025-12-14,2025-12-17,Đã hoàn thành
NNGU_HP0256,3,3,97.0,2025-12-14,2025-12-13,Đã hoàn thành
NNGU_HP0257,3,2,90.9,2025-12-14,2025-12-17,Đang cập nhật
NNGU_HP0258,3,3,97.6,2025-12-14,2025-12-12,Đã hoàn thành
NNGU_HP0259,3,2,94.9,2025-12-14,2025-12-08,Đang cập nhật
NNGU_HP0260,3,3,97.2,2025-12-14,2025-12-15,Đã hoàn thành
NNGU_HP0261,3,3,97.6,2025-12-14,2025-12-05,Đã hoàn thành
NNGU_HP0262,3,2,90.9,2025-12-14,2025-12-16,Đang cập nhật
NNGU_HP0263,3,3,98.8,2025-12-14,2025-12-17,Đã hoàn thành
NNGU_HP0264,3,3,95.6,2025-12-14,2025-12-17,Đã hoàn thành
NNGU_HP0265,3,2,94.4,2025-12-14,2025-12-17,Đang cập nhật
NNGU_HP0266,3,3,99.4,2025-12-14,2025-12-06,Đã hoàn thành
NNGU_HP0267,3,3,98.4,2025-12-14,2025-12-06,Đã hoàn thành
NNGU_HP0268,3,3,99.0,2025-12-14,2025-12-10,Đã hoàn thành
NNGU_HP0269,3,3,99.9,2025-12-14,2025-12-11,Đã hoàn thành
NNGU_HP0270,3,3,99.4,2025-12-14,2025-12-15,Đã hoàn thành
NNGU_HP0271,3,3,95.3,2025-12-14,2025-12-10,Đã hoàn thành
NNGU_HP0272,3,3,98.8,2025-12-14,2025-12-07,Đã hoàn thành
NNGU_HP0273,3,2,94.0,2025-12-14,2025-12-10,Đang cập nhật
NNGU_HP0274,3,3,99.8,2025-12-14,2025-12-10,Đã hoàn thành
NNGU_HP0275,3,2,93.2,2025-12-14,2025-12-13,Đang cập nhật
NNGU_HP0276,3,3,99.6,2025-12-14,2025-12-05,Đã hoàn thành
NNGU_HP0277,3,3,96.9,2025-12-14,2025-12-08,Đã hoàn thành
NNGU_HP0278,3,3,97.7,2025-12-14,2025-12-19,Đã hoàn thành
NNGU_HP0279,3,3,98.1,2025-12-14,2025-12-16,Đã hoàn thành
NNGU_HP0280,3,3,97.3,2025-12-14,2025-12-08,Đã hoàn thành
NNGU_HP0281,3,3,99.8,2025-12-14,2025-12-08,Đã hoàn thành
NNGU_HP0282,3,3,96.9,2025-12-14,2025-12-05,Đã hoàn thành
NNGU_HP0283,3,3,95.9,2025-12-14,2025-12-12,Đã hoàn thành
NNGU_HP0284,3,3,97.0,2025-12-14,2025-12-14,Đã hoàn thành
NNGU_HP0285,3,3,98.6,2025-12-14,2025-12-05,Đã hoàn thành
NNGU_HP0286,3,3,98.1,2025-12-14,2025-12-14,Đã hoàn thành
NNGU_HP0287,3,3,97.1,2025-12-14,2025-12-10,Đã hoàn thành
NNGU_HP0288,3,2,89.6,2025-12-14,2025-12-12,Đang cập nhật
NNGU_HP0289,3,3,96.8,2025-12-14,2025-12-14,Đã hoàn thành
NNGU_HP0290,3,3,98.2,2025-12-14,2025-12-09,Đã hoàn thành
NNGU_HP0291,3,2,93.1,2025-12-14,2025-12-18,Đang cập nhật
NNGU_HP0292,3,3,98.2,2025-12-14,2025-12-11,Đã hoàn thành
NNGU_HP0293,3,2,91.7,2025-12-14,2025-12-11,Đang cập nhật
NNGU_HP0294,3,3,97.0,2025-12-14,2025-12-15,Đã hoàn thành
NNGU_HP0295,3,3,97.3,2025-12-14,2025-12-04,Đã hoàn thành
NNGU_HP0296,3,3,99.5,2025-12-14,2025-12-11,Đã hoàn thành
NNGU_HP0297,3,3,99.0,2025-12-14,2025-12-15,Đã hoàn thành
NNGU_HP0298,3,3,99.8,2025-12-14,2025-12-12,Đã hoàn thành
NNGU_HP0299,3,3,99.6,2025-12-14,2025-12-04,Đã hoàn thành
NNGU_HP0300,3,2,93.4,2025-12-14,2025-12-15,Đang cập nhật
NNGU_HP0301,3,2,92.6,2025-12-14,2025-12-08,Đang cập nhật
NNGU_HP0302,3,3,98.2,2025-12-14,2025-12-15,Đã hoàn thành
NNGU_HP0303,3,3,99.7,2025-12-14,2025-12-14,Đã hoàn thành
NNGU_HP0304,3,3,99.2,2025-12-14,2025-12-16,Đã hoàn thành
NNGU_HP0305,3,2,94.9,2025-12-14,2025-12-13,Đang cập nhật
NNGU_HP0306,3,3,98.4,2025-12-14,2025-12-04,Đã hoàn thành
NNGU_HP0307,3,3,98.3,2025-12-14,2025-12-16,Đã hoàn thành
NNGU_HP0308,3,2,92.1,2025-12-14,2025-12-17,Đang cập nhật
NNGU_HP0309,3,2,94.1,2025-12-14,2025-12-12,Đang cập nhật
NNGU_HP0310,3,2,91.3,2025-12-14,2025-12-19,Đang cập nhật
NNGU_HP0311,3,3,99.1,2025-12-14,2025-12-13,Đã hoàn thành
NNGU_HP0312,3,3,100.0,2025-12-14,2025-12-04,Đã hoàn thành
NNGU_HP0313,3,3,99.2,2025-12-14,2025-12-05,Đã hoàn thành
NNGU_HP0314,3,2,94.4,2025-12-14,2025-12-17,Đang cập nhật
NNGU_HP0315,3,3,98.4,2025-12-14,2025-12-15,Đã hoàn thành
NNGU_HP0316,3,2,90.4,2025-12-14,2025-12-19,Đang cập nhật
NNGU_HP0317,3,3,96.7,2025-12-14,2025-12-12,Đã hoàn thành
NNGU_HP0318,3,2,93.0,2025-12-14,2025-12-05,Đang cập nhật
NNGU_HP0319,3,3,95.7,2025-12-14,2025-12-05,Đã hoàn thành
NNGU_HP0320,3,2,94.5,2025-12-14,2025-12-07,Đang cập nhật
NNGU_HP0321,3,3,98.0,2025-12-14,2025-12-11,Đã hoàn thành
NNGU_HP0322,3,3,99.3,2025-12-14,2025-12-16,Đã hoàn thành
NNGU_HP0323,3,3,96.3,2025-12-14,2025-12-12,Đã hoàn thành
NNGU_HP0324,3,3,97.0,2025-12-14,2025-12-06,Đã hoàn thành
NNGU_HP0325,3,3,97.6,2025-12-14,2025-12-11,Đã hoàn thành
NNGU_HP0326,3,3,99.0,2025-12-14,2025-12-12,Đã hoàn thành
NNGU_HP0327,3,3,98.6,2025-12-14,2025-12-14,Đã hoàn thành
NNGU_HP0328,3,2,93.9,2025-12-14,2025-12-12,Đang cập nhật
NNGU_HP0329,3,3,95.2,2025-12-14,2025-12-18,Đã hoàn thành
NNGU_HP0330,3,3,95.7,2025-12-14,2025-12-17,Đã hoàn thành
NNGU_HP0331,3,3,98.9,2025-12-14,2025-12-17,Đã hoàn thành
NNGU_HP0332,3,3,99.0,2025-12-14,2025-12-17,Đã hoàn thành
NNGU_HP0333,3,3,96.9,2025-12-14,2025-12-11,Đã hoàn thành
NNGU_HP0334,3,3,99.0,2025-12-14,2025-12-09,Đã hoàn thành
NNGU_HP0335,3,3,99.6,2025-12-14,2025-12-08,Đã hoàn thành
NNGU_HP0336,3,3,96.9,2025-12-14,2025-12-16,Đã hoàn thành
NNGU_HP0337,3,3,100.0,2025-12-14,2025-12-18,Đã hoàn thành
NNGU_HP0338,3,2,93.6,2025-12-14,2025-12-13,Đang cập nhật
NNGU_HP0339,3,2,91.5,2025-12-14,2025-12-16,Đang cập nhật
NNGU_HP0340,3,3,98.2,2025-12-14,2025-12-17,Đã hoàn thành
NNGU_HP0341,3,3,97.2,2025-12-14,2025-12-07,Đã hoàn thành
NNGU_HP0342,3,3,95.9,2025-12-14,2025-12-14,Đã hoàn thành
NNGU_HP0343,3,3,98.9,2025-12-14,2025-12-15,Đã hoàn thành
NNGU_HP0344,3,2,90.7,2025-12-14,2025-12-05,Đang cập nhật
NNGU_HP0345,3,3,98.8,2025-12-14,2025-12-09,Đã hoàn thành
NNGU_HP0346,3,2,93.1,2025-12-14,2025-12-18,Đang cập nhật
NNGU_HP0347,3,3,98.2,2025-12-14,2025-12-05,Đã hoàn thành
NNGU_HP0348,3,2,93.7,2025-12-14,2025-12-15,Đang cập nhật
KHXHNV_HP0001,3,2,91.6,2025-12-14,2025-12-18,Đang cập nhật
KHXHNV_HP0002,3,3,99.7,2025-12-14,2025-12-07,Đã hoàn thành
KHXHNV_HP0003,3,3,99.6,2025-12-14,2025-12-17,Đã hoàn thành
KHXHNV_HP0004,3,2,94.0,2025-12-14,2025-12-16,Đang cập nhật
KHXHNV_HP0005,3,3,97.7,2025-12-14,2025-12-06,Đã hoàn thành
KHXHNV_HP0006,3,3,99.0,2025-12-14,2025-12-17,Đã hoàn thành
KHXHNV_HP0007,3,3,95.3,2025-12-14,2025-12-16,Đã hoàn thành
KHXHNV_HP0008,3,3,98.0,2025-12-14,2025-12-06,Đã hoàn thành
KHXHNV_HP0009,3,3,99.1,2025-12-14,2025-12-07,Đã hoàn thành
KHXHNV_HP0010,3,3,99.2,2025-12-14,2025-12-04,Đã hoàn thành
KHXHNV_HP0011,3,3,99.6,2025-12-14,2025-12-06,Đã hoàn thành
KHXHNV_HP0012,3,3,97.0,2025-12-14,2025-12-11,Đã hoàn thành
KHXHNV_HP0013,3,3,95.4,2025-12-14,2025-12-14,Đã hoàn thành
KHXHNV_HP0014,3,3,98.7,2025-12-14,2025-12-16,Đã hoàn thành
KHXHNV_HP0015,3,3,97.4,2025-12-14,2025-12-12,Đã hoàn thành
KHXHNV_HP0016,3,3,99.1,2025-12-14,2025-12-13,Đã hoàn thành
KHXHNV_HP0017,3,2,94.5,2025-12-14,2025-12-15,Đang cập nhật
KHXHNV_HP0018,3,3,97.1,2025-12-14,2025-12-06,Đã hoàn thành
KHXHNV_HP0019,3,3,98.6,2025-12-14,2025-12-18,Đã hoàn thành
KHXHNV_HP0020,3,3,98.7,2025-12-14,2025-12-13,Đã hoàn thành
KHXHNV_HP0021,3,3,99.4,2025-12-14,2025-12-13,Đã hoàn thành
KHXHNV_HP0022,3,3,96.1,2025-12-14,2025-12-11,Đã hoàn thành
KHXHNV_HP0023,3,2,94.9,2025-12-14,2025-12-05,Đang cập nhật
KHXHNV_HP0024,3,3,99.2,2025-12-14,2025-12-13,Đã hoàn thành
KHXHNV_HP0025,3,3,95.4,2025-12-14,2025-12-04,Đã hoàn thành
KHXHNV_HP0026,3,2,94.7,2025-12-14,2025-12-15,Đang cập nhật
KHXHNV_HP0027,3,3,99.2,2025-12-14,2025-12-04,Đã hoàn thành
KHXHNV_HP0028,3,3,99.1,2025-12-14,2025-12-11,Đã hoàn thành
KHXHNV_HP0029,3,3,96.5,2025-12-14,2025-12-19,Đã hoàn thành
KHXHNV_HP0030,3,2,94.4,2025-12-14,2025-12-09,Đang cập nhật
KHXHNV_HP0031,3,3,99.9,2025-12-14,2025-12-06,Đã hoàn thành
KHXHNV_HP0032,3,3,98.7,2025-12-14,2025-12-18,Đã hoàn thành
KHXHNV_HP0033,3,3,95.0,2025-12-14,2025-12-09,Đã hoàn thành
KHXHNV_HP0034,3,3,99.1,2025-12-14,2025-12-07,Đã hoàn thành
KHXHNV_HP0035,3,3,98.7,2025-12-14,2025-12-15,Đã hoàn thành
KHXHNV_HP0036,3,3,99.9,2025-12-14,2025-12-08,Đã hoàn thành
KHXHNV_HP0037,3,3,97.5,2025-12-14,2025-12-19,Đã hoàn thành
KHXHNV_HP0038,3,3,98.7,2025-12-14,2025-12-04,Đã hoàn thành
KHXHNV_HP0039,3,2,93.9,2025-12-14,2025-12-05,Đang cập nhật
KHXHNV_HP0040,3,2,94.4,2025-12-14,2025-12-12,Đang cập nhật
KHXHNV_HP0041,3,3,97.0,2025-12-14,2025-12-09,Đã hoàn thành
KHXHNV_HP0042,3,3,97.8,2025-12-14,2025-12-15,Đã hoàn thành
KHXHNV_HP0043,3,2,93.9,2025-12-14,2025-12-10,Đang cập nhật
KHXHNV_HP0044,3,3,98.9,2025-12-14,2025-12-12,Đã hoàn thành
KHXHNV_HP0045,3,3,96.4,2025-12-14,2025-12-09,Đã hoàn thành
KHXHNV_HP0046,3,2,91.4,2025-12-14,2025-12-16,Đang cập nhật
KHXHNV_HP0047,3,2,94.6,2025-12-14,2025-12-10,Đang cập nhật
KHXHNV_HP0048,3,3,95.3,2025-12-14,2025-12-04,Đã hoàn thành
KHXHNV_HP0049,3,3,95.0,2025-12-14,2025-12-10,Đã hoàn thành
KHXHNV_HP0050,3,3,98.4,2025-12-14,2025-12-09,Đã hoàn thành
KHXHNV_HP0051,3,2,94.3,2025-12-14,2025-12-10,Đang cập nhật
KHXHNV_HP0052,3,3,98.4,2025-12-14,2025-12-10,Đã hoàn thành
KHXHNV_HP0053,3,3,99.0,2025-12-14,2025-12-10,Đã hoàn thành
KHXHNV_HP0054,3,3,99.0,2025-12-14,2025-12-10,Đã hoàn thành
KHXHNV_HP0055,3,3,98.0,2025-12-14,2025-12-06,Đã hoàn thành
KHXHNV_HP0056,3,3,98.3,2025-12-14,2025-12-04,Đã hoàn thành
KHXHNV_HP0057,3,3,97.4,2025-12-14,2025-12-14,Đã hoàn thành
KHXHNV_HP0058,3,3,99.1,2025-12-14,2025-12-13,Đã hoàn thành
KHXHNV_HP0059,3,3,97.5,2025-12-14,2025-12-16,Đã hoàn thành
KHXHNV_HP0060,3,3,97.6,2025-12-14,2025-12-19,Đã hoàn thành
KHXHNV_HP0061,3,3,97.6,2025-12-14,2025-12-09,Đã hoàn thành
KHXHNV_HP0062,3,3,99.9,2025-12-14,2025-12-12,Đã hoàn thành
KHXHNV_HP0063,3,3,98.3,2025-12-14,2025-12-06,Đã hoàn thành
KHXHNV_HP0064,3,3,98.3,2025-12-14,2025-12-16,Đã hoàn thành
KHXHNV_HP0065,3,3,98.6,2025-12-14,2025-12-15,Đã hoàn thành
KHXHNV_HP0066,3,3,96.2,2025-12-14,2025-12-08,Đã hoàn thành
KHXHNV_HP0067,3,3,98.7,2025-12-14,2025-12-15,Đã hoàn thành
KHXHNV_HP0068,3,3,99.1,2025-12-14,2025-12-12,Đã hoàn thành
KHXHNV_HP0069,3,3,95.8,2025-12-14,2025-12-16,Đã hoàn thành
KHXHNV_HP0070,3,2,91.8,2025-12-14,2025-12-09,Đang cập nhật
KHXHNV_HP0071,3,2,94.6,2025-12-14,2025-12-13,Đang cập nhật
KHXHNV_HP0072,3,3,95.9,2025-12-14,2025-12-04,Đã hoàn thành
KHXHNV_HP0073,3,3,98.6,2025-12-14,2025-12-04,Đã hoàn thành
KHXHNV_HP0074,3,3,99.1,2025-12-14,2025-12-14,Đã hoàn thành
KHXHNV_HP0075,3,3,95.6,2025-12-14,2025-12-05,Đã hoàn thành
KHXHNV_HP0076,3,2,92.5,2025-12-14,2025-12-09,Đang cập nhật
KHXHNV_HP0077,3,2,94.4,2025-12-14,2025-12-09,Đang cập nhật
KHXHNV_HP0078,3,3,98.2,2025-12-14,2025-12-19,Đã hoàn thành
KHXHNV_HP0079,3,3,97.5,2025-12-14,2025-12-19,Đã hoàn thành
KHXHNV_HP0080,3,3,99.7,2025-12-14,2025-12-07,Đã hoàn thành
KHXHNV_HP0081,3,3,99.7,2025-12-14,2025-12-10,Đã hoàn thành
KHXHNV_HP0082,3,3,97.6,2025-12-14,2025-12-10,Đã hoàn thành
KHXHNV_HP0083,3,2,91.0,2025-12-14,2025-12-10,Đang cập nhật
KHXHNV_HP0084,3,3,99.6,2025-12-14,2025-12-11,Đã hoàn thành
KHXHNV_HP0085,3,3,99.3,2025-12-14,2025-12-06,Đã hoàn thành
KHXHNV_HP0086,3,3,98.6,2025-12-14,2025-12-07,Đã hoàn thành
KHXHNV_HP0087,3,3,95.5,2025-12-14,2025-12-09,Đã hoàn thành
KHXHNV_HP0088,3,3,95.9,2025-12-14,2025-12-13,Đã hoàn thành
KHXHNV_HP0089,3,3,99.4,2025-12-14,2025-12-06,Đã hoàn thành
KHXHNV_HP0090,3,3,99.6,2025-12-14,2025-12-15,Đã hoàn thành
KHXHNV_HP0091,3,3,99.7,2025-12-14,2025-12-09,Đã hoàn thành
KHXHNV_HP0092,3,2,90.3,2025-12-14,2025-12-04,Đang cập nhật
KHXHNV_HP0093,3,3,99.9,2025-12-14,2025-12-04,Đã hoàn thành
KHXHNV_HP0094,3,3,97.5,2025-12-14,2025-12-12,Đã hoàn thành
KHXHNV_HP0095,3,2,94.7,2025-12-14,2025-12-19,Đang cập nhật
KHXHNV_HP0096,3,3,99.8,2025-12-14,2025-12-14,Đã hoàn thành
KHXHNV_HP0097,3,3,100.0,2025-12-14,2025-12-05,Đã hoàn thành
KHXHNV_HP0098,3,3,99.8,2025-12-14,2025-12-17,Đã hoàn thành
KHXHNV_HP0099,3,3,97.3,2025-12-14,2025-12-04,Đã hoàn thành
KHXHNV_HP0100,3,3,96.4,2025-12-14,2025-12-10,Đã hoàn thành
KHXHNV_HP0101,3,2,91.4,2025-12-14,2025-12-18,Đang cập nhật
KHXHNV_HP0102,3,2,92.6,2025-12-14,2025-12-12,Đang cập nhật
KHXHNV_HP0103,3,3,95.4,2025-12-14,2025-12-06,Đã hoàn thành
KHXHNV_HP0104,3,3,95.9,2025-12-14,2025-12-10,Đã hoàn thành
KHXHNV_HP0105,3,3,99.9,2025-12-14,2025-12-12,Đã hoàn thành
KHXHNV_HP0106,3,3,98.4,2025-12-14,2025-12-19,Đã hoàn thành
KHXHNV_HP0107,3,3,97.9,2025-12-14,2025-12-13,Đã hoàn thành
KHXHNV_HP0108,3,2,91.0,2025-12-14,2025-12-19,Đang cập nhật
KHXHNV_HP0109,3,3,96.5,2025-12-14,2025-12-05,Đã hoàn thành
KHXHNV_HP0110,3,3,99.7,2025-12-14,2025-12-09,Đã hoàn thành
KHXHNV_HP0111,3,3,99.7,2025-12-14,2025-12-06,Đã hoàn thành
KHXHNV_HP0112,3,2,93.7,2025-12-14,2025-12-06,Đang cập nhật
KHXHNV_HP0113,3,3,99.8,2025-12-14,2025-12-19,Đã hoàn thành
KHXHNV_HP0114,3,3,100.0,2025-12-14,2025-12-09,Đã hoàn thành
KHXHNV_HP0115,3,3,95.8,2025-12-14,2025-12-05,Đã hoàn thành
KHXHNV_HP0116,3,2,94.2,2025-12-14,2025-12-17,Đang cập nhật
KHXHNV_HP0117,3,3,97.8,2025-12-14,2025-12-16,Đã hoàn thành
KHXHNV_HP0118,3,3,97.2,2025-12-14,2025-12-13,Đã hoàn thành
KHXHNV_HP0119,3,3,97.0,2025-12-14,2025-12-15,Đã hoàn thành
KHXHNV_HP0120,3,3,98.4,2025-12-14,2025-12-18,Đã hoàn thành
KHXHNV_HP0121,3,2,91.2,2025-12-14,2025-12-14,Đang cập nhật
KHXHNV_HP0122,3,3,98.0,2025-12-14,2025-12-17,Đã hoàn thành
KHXHNV_HP0123,3,3,99.5,2025-12-14,2025-12-15,Đã hoàn thành
KHXHNV_HP0124,3,3,98.6,2025-12-14,2025-12-15,Đã hoàn thành
KHXHNV_HP0125,3,3,96.3,2025-12-14,2025-12-04,Đã hoàn thành
KHXHNV_HP0126,3,3,99.2,2025-12-14,2025-12-12,Đã hoàn thành
KHXHNV_HP0127,3,2,94.0,2025-12-14,2025-12-15,Đang cập nhật
KHXHNV_HP0128,3,3,98.6,2025-12-14,2025-12-07,Đã hoàn thành
KHXHNV_HP0129,3,2,92.1,2025-12-14,2025-12-11,Đang cập nhật
KHXHNV_HP0130,3,3,96.0,2025-12-14,2025-12-04,Đã hoàn thành
KHXHNV_HP0131,3,3,100.0,2025-12-14,2025-12-08,Đã hoàn thành
KHXHNV_HP0132,3,3,96.1,2025-12-14,2025-12-06,Đã hoàn thành
KHXHNV_HP0133,3,3,100.0,2025-12-14,2025-12-16,Đã hoàn thành
KHXHNV_HP0134,3,3,99.5,2025-12-14,2025-12-07,Đã hoàn thành
KHXHNV_HP0135,3,3,99.7,2025-12-14,2025-12-13,Đã hoàn thành
KHXHNV_HP0136,3,3,95.5,2025-12-14,2025-12-09,Đã hoàn thành
KHXHNV_HP0137,3,3,98.0,2025-12-14,2025-12-07,Đã hoàn thành
KHXHNV_HP0138,3,3,98.6,2025-12-14,2025-12-19,Đã hoàn thành
KHXHNV_HP0139,3,3,99.4,2025-12-14,2025-12-07,Đã hoàn thành
KHXHNV_HP0140,3,3,97.4,2025-12-14,2025-12-05,Đã hoàn thành
KHXHNV_HP0141,3,3,96.1,2025-12-14,2025-12-12,Đã hoàn thành
KHXHNV_HP0142,3,3,98.5,2025-12-14,2025-12-13,Đã hoàn thành
KHXHNV_HP0143,3,3,97.2,2025-12-14,2025-12-05,Đã hoàn thành
KHXHNV_HP0144,3,2,93.9,2025-12-14,2025-12-16,Đang cập nhật
KHXHNV_HP0145,3,2,93.3,2025-12-14,2025-12-17,Đang cập nhật
KHXHNV_HP0146,3,3,99.8,2025-12-14,2025-12-15,Đã hoàn thành
KHXHNV_HP0147,3,3,100.0,2025-12-14,2025-12-11,Đã hoàn thành
KHXHNV_HP0148,3,3,98.0,2025-12-14,2025-12-06,Đã hoàn thành
KHXHNV_HP0149,3,2,92.9,2025-12-14,2025-12-18,Đang cập nhật
KHXHNV_HP0150,3,3,95.9,2025-12-14,2025-12-12,Đã hoàn thành
KHXHNV_HP0151,3,3,98.0,2025-12-14,2025-12-05,Đã hoàn thành
KHXHNV_HP0152,3,3,96.1,2025-12-14,2025-12-08,Đã hoàn thành
KHXHNV_HP0153,3,2,94.6,2025-12-14,2025-12-05,Đang cập nhật
KHXHNV_HP0154,3,3,99.3,2025-12-14,2025-12-09,Đã hoàn thành
KHXHNV_HP0155,3,3,98.5,2025-12-14,2025-12-19,Đã hoàn thành
KHXHNV_HP0156,3,3,95.7,2025-12-14,2025-12-10,Đã hoàn thành
KHXHNV_HP0157,3,3,99.1,2025-12-14,2025-12-14,Đã hoàn thành
KHXHNV_HP0158,3,2,94.6,2025-12-14,2025-12-19,Đang cập nhật
KHXHNV_HP0159,3,3,99.0,2025-12-14,2025-12-16,Đã hoàn thành
KHXHNV_HP0160,3,3,97.3,2025-12-14,2025-12-05,Đã hoàn thành
KHXHNV_HP0161,3,3,95.4,2025-12-14,2025-12-11,Đã hoàn thành
KHXHNV_HP0162,3,3,97.3,2025-12-14,2025-12-13,Đã hoàn thành
KHXHNV_HP0163,3,2,93.8,2025-12-14,2025-12-04,Đang cập nhật
KHXHNV_HP0164,3,3,96.4,2025-12-14,2025-12-11,Đã hoàn thành
KHXHNV_HP0165,3,3,99.2,2025-12-14,2025-12-09,Đã hoàn thành
KHXHNV_HP0166,3,3,98.7,2025-12-14,2025-12-06,Đã hoàn thành
KHXHNV_HP0167,3,3,95.8,2025-12-14,2025-12-05,Đã hoàn thành
KHXHNV_HP0168,3,3,95.7,2025-12-14,2025-12-14,Đã hoàn thành
KHXHNV_HP0169,3,3,96.6,2025-12-14,2025-12-15,Đã hoàn thành
KHXHNV_HP0170,3,2,93.3,2025-12-14,2025-12-13,Đang cập nhật
KHXHNV_HP0171,3,3,98.3,2025-12-14,2025-12-07,Đã hoàn thành
KHXHNV_HP0172,3,3,98.8,2025-12-14,2025-12-14,Đã hoàn thành
KHXHNV_HP0173,3,3,96.2,2025-12-14,2025-12-18,Đã hoàn thành
KHXHNV_HP0174,3,3,97.7,2025-12-14,2025-12-05,Đã hoàn thành
KHXHNV_HP0175,3,3,95.6,2025-12-14,2025-12-08,Đã hoàn thành
KHXHNV_HP0176,3,3,97.2,2025-12-14,2025-12-19,Đã hoàn thành
KHXHNV_HP0177,3,3,99.0,2025-12-14,2025-12-14,Đã hoàn thành
KHXHNV_HP0178,3,3,97.2,2025-12-14,2025-12-15,Đã hoàn thành
KHXHNV_HP0179,3,3,98.2,2025-12-14,2025-12-19,Đã hoàn thành
KHXHNV_HP0180,3,3,99.5,2025-12-14,2025-12-10,Đã hoàn thành
KHXHNV_HP0181,3,3,98.3,2025-12-14,2025-12-05,Đã hoàn thành
KHXHNV_HP0182,3,3,99.2,2025-12-14,2025-12-10,Đã hoàn thành
KHXHNV_HP0183,3,3,98.8,2025-12-14,2025-12-10,Đã hoàn thành
KHXHNV_HP0184,3,3,99.7,2025-12-14,2025-12-11,Đã hoàn thành
KHXHNV_HP0185,3,3,98.6,2025-12-14,2025-12-07,Đã hoàn thành
KHXHNV_HP0186,3,3,98.6,2025-12-14,2025-12-13,Đã hoàn thành
KHXHNV_HP0187,3,3,98.7,2025-12-14,2025-12-18,Đã hoàn thành
KHXHNV_HP0188,3,2,93.2,2025-12-14,2025-12-08,Đang cập nhật
KHXHNV_HP0189,3,3,96.9,2025-12-14,2025-12-15,Đã hoàn thành
KHXHNV_HP0190,3,3,99.6,2025-12-14,2025-12-09,Đã hoàn thành
KHXHNV_HP0191,3,3,99.6,2025-12-14,2025-12-09,Đã hoàn thành
KHXHNV_HP0192,3,2,94.2,2025-12-14,2025-12-06,Đang cập nhật
KHXHNV_HP0193,3,3,97.8,2025-12-14,2025-12-09,Đã hoàn thành
KHXHNV_HP0194,3,2,89.9,2025-12-14,2025-12-16,Đang cập nhật
KHXHNV_HP0195,3,2,93.6,2025-12-14,2025-12-18,Đang cập nhật
KHXHNV_HP0196,3,3,99.4,2025-12-14,2025-12-12,Đã hoàn thành
KHXHNV_HP0197,3,3,97.0,2025-12-14,2025-12-07,Đã hoàn thành
KHXHNV_HP0198,3,3,99.2,2025-12-14,2025-12-11,Đã hoàn thành
KHXHNV_HP0199,3,3,95.5,2025-12-14,2025-12-13,Đã hoàn thành
KHXHNV_HP0200,3,3,97.7,2025-12-14,2025-12-11,Đã hoàn thành
KHXHNV_HP0201,3,3,99.2,2025-12-14,2025-12-15,Đã hoàn thành
KHXHNV_HP0202,3,2,94.7,2025-12-14,2025-12-09,Đang cập nhật
KHXHNV_HP0203,3,3,96.2,2025-12-14,2025-12-04,Đã hoàn thành
KHXHNV_HP0204,3,3,99.5,2025-12-14,2025-12-19,Đã hoàn thành
KHXHNV_HP0205,3,2,93.5,2025-12-14,2025-12-10,Đang cập nhật
KHXHNV_HP0206,3,2,94.2,2025-12-14,2025-12-11,Đang cập nhật
KHXHNV_HP0207,3,3,96.6,2025-12-14,2025-12-17,Đã hoàn thành
KHXHNV_HP0208,3,3,97.7,2025-12-14,2025-12-13,Đã hoàn thành
KHXHNV_HP0209,3,3,97.4,2025-12-14,2025-12-18,Đã hoàn thành
KHXHNV_HP0210,3,3,99.0,2025-12-14,2025-12-10,Đã hoàn thành
KHXHNV_HP0211,3,3,100.0,2025-12-14,2025-12-18,Đã hoàn thành
KHXHNV_HP0212,3,3,99.8,2025-12-14,2025-12-07,Đã hoàn thành
KHXHNV_HP0213,3,3,96.8,2025-12-14,2025-12-19,Đã hoàn thành
KHXHNV_HP0214,3,3,99.5,2025-12-14,2025-12-17,Đã hoàn thành
KHXHNV_HP0215,3,3,95.4,2025-12-14,2025-12-05,Đã hoàn thành
KHXHNV_HP0216,3,2,93.7,2025-12-14,2025-12-05,Đang cập nhật
KHXHNV_HP0217,3,3,97.5,2025-12-14,2025-12-14,Đã hoàn thành
KHXHNV_HP0218,3,3,98.2,2025-12-14,2025-12-12,Đã hoàn thành
KHXHNV_HP0219,3,2,94.2,2025-12-14,2025-12-08,Đang cập nhật
KHXHNV_HP0220,3,3,99.6,2025-12-14,2025-12-18,Đã hoàn thành
KHXHNV_HP0221,3,3,99.5,2025-12-14,2025-12-05,Đã hoàn thành
KHXHNV_HP0222,3,3,98.9,2025-12-14,2025-12-18,Đã hoàn thành
KHXHNV_HP0223,3,2,94.6,2025-12-14,2025-12-04,Đang cập nhật
KHXHNV_HP0224,3,3,99.4,2025-12-14,2025-12-10,Đã hoàn thành
KHXHNV_HP0225,3,3,98.0,2025-12-14,2025-12-06,Đã hoàn thành
KHXHNV_HP0226,3,3,98.8,2025-12-14,2025-12-04,Đã hoàn thành
KHXHNV_HP0227,3,3,99.4,2025-12-14,2025-12-16,Đã hoàn thành
KHXHNV_HP0228,3,3,99.8,2025-12-14,2025-12-10,Đã hoàn thành
KHXHNV_HP0229,3,2,94.7,2025-12-14,2025-12-19,Đang cập nhật
KHXHNV_HP0230,3,2,94.1,2025-12-14,2025-12-12,Đang cập nhật
KHXHNV_HP0231,3,3,99.1,2025-12-14,2025-12-19,Đã hoàn thành
KHXHNV_HP0232,3,3,96.2,2025-12-14,2025-12-14,Đã hoàn thành
KHXHNV_HP0233,3,2,88.5,2025-12-14,2025-12-15,Đang cập nhật
KHXHNV_HP0234,3,3,98.6,2025-12-14,2025-12-06,Đã hoàn thành
KHXHNV_HP0235,3,2,93.9,2025-12-14,2025-12-15,Đang cập nhật
KHXHNV_HP0236,3,3,97.9,2025-12-14,2025-12-07,Đã hoàn thành
KHXHNV_HP0237,3,2,93.5,2025-12-14,2025-12-18,Đang cập nhật
KHXHNV_HP0238,3,3,96.0,2025-12-14,2025-12-18,Đã hoàn thành
KHXHNV_HP0239,3,3,99.5,2025-12-14,2025-12-12,Đã hoàn thành
KHXHNV_HP0240,3,3,95.5,2025-12-14,2025-12-08,Đã hoàn thành
KHXHNV_HP0241,3,3,99.8,2025-12-14,2025-12-15,Đã hoàn thành
KHXHNV_HP0242,3,2,92.6,2025-12-14,2025-12-10,Đang cập nhật
KHXHNV_HP0243,3,3,97.8,2025-12-14,2025-12-19,Đã hoàn thành
KHXHNV_HP0244,3,3,95.2,2025-12-14,2025-12-17,Đã hoàn thành
KHXHNV_HP0245,3,2,92.7,2025-12-14,2025-12-04,Đang cập nhật
KHXHNV_HP0246,3,3,95.0,2025-12-14,2025-12-15,Đã hoàn thành
KHXHNV_HP0247,3,3,95.6,2025-12-14,2025-12-14,Đã hoàn thành
KHXHNV_HP0248,3,3,96.6,2025-12-14,2025-12-06,Đã hoàn thành
KHXHNV_HP0249,3,3,99.5,2025-12-14,2025-12-17,Đã hoàn thành
KHXHNV_HP0250,3,3,99.0,2025-12-14,2025-12-15,Đã hoàn thành
KHXHNV_HP0251,3,3,98.7,2025-12-14,2025-12-17,Đã hoàn thành
KHXHNV_HP0252,3,3,99.6,2025-12-14,2025-12-18,Đã hoàn thành
KHXHNV_HP0253,3,3,97.1,2025-12-14,2025-12-19,Đã hoàn thành
KHXHNV_HP0254,3,3,99.0,2025-12-14,2025-12-08,Đã hoàn thành
KHXHNV_HP0255,3,3,96.7,2025-12-14,2025-12-05,Đã hoàn thành
KHXHNV_HP0256,3,2,94.5,2025-12-14,2025-12-07,Đang cập nhật
KHXHNV_HP0257,3,3,99.2,2025-12-14,2025-12-07,Đã hoàn thành
KHXHNV_HP0258,3,3,97.8,2025-12-14,2025-12-17,Đã hoàn thành
KHXHNV_HP0259,3,3,98.7,2025-12-14,2025-12-15,Đã hoàn thành
KHXHNV_HP0260,3,3,99.2,2025-12-14,2025-12-09,Đã hoàn thành
KHXHNV_HP0261,3,3,95.7,2025-12-14,2025-12-10,Đã hoàn thành
KHXHNV_HP0262,3,3,99.4,2025-12-14,2025-12-16,Đã hoàn thành
KHXHNV_HP0263,3,2,88.3,2025-12-14,2025-12-05,Đang cập nhật
KHXHNV_HP0264,3,3,98.1,2025-12-14,2025-12-05,Đã hoàn thành
KHXHNV_HP0265,3,3,96.7,2025-12-14,2025-12-15,Đã hoàn thành
KHXHNV_HP0266,3,3,99.2,2025-12-14,2025-12-18,Đã hoàn thành
KHXHNV_HP0267,3,2,94.2,2025-12-14,2025-12-04,Đang cập nhật
KHXHNV_HP0268,3,3,95.3,2025-12-14,2025-12-08,Đã hoàn thành
KHXHNV_HP0269,3,3,95.4,2025-12-14,2025-12-16,Đã hoàn thành
KHXHNV_HP0270,3,3,99.2,2025-12-14,2025-12-05,Đã hoàn thành
KHXHNV_HP0271,3,3,96.8,2025-12-14,2025-12-19,Đã hoàn thành
KHXHNV_HP0272,3,3,99.9,2025-12-14,2025-12-18,Đã hoàn thành
KHXHNV_HP0273,3,3,99.3,2025-12-14,2025-12-16,Đã hoàn thành
KHXHNV_HP0274,3,3,98.5,2025-12-14,2025-12-08,Đã hoàn thành
CNSHTP_HP0001,3,3,96.1,2025-12-14,2025-12-14,Đã hoàn thành
CNSHTP_HP0002,3,3,99.3,2025-12-14,2025-12-07,Đã hoàn thành
CNSHTP_HP0003,3,3,97.6,2025-12-14,2025-12-09,Đã hoàn thành
CNSHTP_HP0004,3,3,98.3,2025-12-14,2025-12-12,Đã hoàn thành
CNSHTP_HP0005,3,3,99.4,2025-12-14,2025-12-05,Đã hoàn thành
CNSHTP_HP0006,3,3,95.7,2025-12-14,2025-12-09,Đã hoàn thành
CNSHTP_HP0007,3,3,99.0,2025-12-14,2025-12-09,Đã hoàn thành
CNSHTP_HP0008,3,3,99.3,2025-12-14,2025-12-09,Đã hoàn thành
CNSHTP_HP0009,3,3,99.9,2025-12-14,2025-12-05,Đã hoàn thành
CNSHTP_HP0010,3,3,99.5,2025-12-14,2025-12-11,Đã hoàn thành
CNSHTP_HP0011,3,3,98.0,2025-12-14,2025-12-05,Đã hoàn thành
CNSHTP_HP0012,3,3,99.0,2025-12-14,2025-12-07,Đã hoàn thành
CNSHTP_HP0013,3,3,99.7,2025-12-14,2025-12-18,Đã hoàn thành
CNSHTP_HP0014,3,3,99.8,2025-12-14,2025-12-08,Đã hoàn thành
CNSHTP_HP0015,3,3,99.1,2025-12-14,2025-12-05,Đã hoàn thành
CNSHTP_HP0016,3,3,98.7,2025-12-14,2025-12-06,Đã hoàn thành
CNSHTP_HP0017,3,3,98.1,2025-12-14,2025-12-04,Đã hoàn thành
CNSHTP_HP0018,3,3,98.2,2025-12-14,2025-12-15,Đã hoàn thành
CNSHTP_HP0019,3,3,100.0,2025-12-14,2025-12-09,Đã hoàn thành
CNSHTP_HP0020,3,3,95.1,2025-12-14,2025-12-14,Đã hoàn thành
CNSHTP_HP0021,3,3,99.2,2025-12-14,2025-12-06,Đã hoàn thành
CNSHTP_HP0022,3,3,98.7,2025-12-14,2025-12-19,Đã hoàn thành
CNSHTP_HP0023,3,3,95.7,2025-12-14,2025-12-16,Đã hoàn thành
CNSHTP_HP0024,3,3,97.6,2025-12-14,2025-12-16,Đã hoàn thành
CNSHTP_HP0025,3,3,98.0,2025-12-14,2025-12-04,Đã hoàn thành
CNSHTP_HP0026,3,3,98.8,2025-12-14,2025-12-16,Đã hoàn thành
CNSHTP_HP0027,3,3,99.5,2025-12-14,2025-12-06,Đã hoàn thành
CNSHTP_HP0028,3,3,99.8,2025-12-14,2025-12-12,Đã hoàn thành
CNSHTP_HP0029,3,2,93.6,2025-12-14,2025-12-09,Đang cập nhật
CNSHTP_HP0030,3,3,95.8,2025-12-14,2025-12-19,Đã hoàn thành
CNSHTP_HP0031,3,3,96.1,2025-12-14,2025-12-16,Đã hoàn thành
CNSHTP_HP0032,3,2,94.3,2025-12-14,2025-12-17,Đang cập nhật
CNSHTP_HP0033,3,3,98.6,2025-12-14,2025-12-14,Đã hoàn thành
CNSHTP_HP0034,3,3,99.3,2025-12-14,2025-12-12,Đã hoàn thành
CNSHTP_HP0035,3,3,97.9,2025-12-14,2025-12-08,Đã hoàn thành
CNSHTP_HP0036,3,3,99.2,2025-12-14,2025-12-19,Đã hoàn thành
CNSHTP_HP0037,3,3,95.7,2025-12-14,2025-12-14,Đã hoàn thành
CNSHTP_HP0038,3,2,92.7,2025-12-14,2025-12-07,Đang cập nhật
CNSHTP_HP0039,3,3,98.8,2025-12-14,2025-12-10,Đã hoàn thành
CNSHTP_HP0040,3,3,98.4,2025-12-14,2025-12-17,Đã hoàn thành
CNSHTP_HP0041,3,3,96.1,2025-12-14,2025-12-10,Đã hoàn thành
CNSHTP_HP0042,3,3,96.3,2025-12-14,2025-12-19,Đã hoàn thành
CNSHTP_HP0043,3,3,98.8,2025-12-14,2025-12-15,Đã hoàn thành
CNSHTP_HP0044,3,3,99.2,2025-12-14,2025-12-08,Đã hoàn thành
CNSHTP_HP0045,3,3,96.7,2025-12-14,2025-12-05,Đã hoàn thành
CNSHTP_HP0046,3,3,99.1,2025-12-14,2025-12-06,Đã hoàn thành
CNSHTP_HP0047,3,3,99.4,2025-12-14,2025-12-14,Đã hoàn thành
CNSHTP_HP0048,3,3,98.0,2025-12-14,2025-12-07,Đã hoàn thành
CNSHTP_HP0049,3,3,99.9,2025-12-14,2025-12-04,Đã hoàn thành
CNSHTP_HP0050,3,3,96.7,2025-12-14,2025-12-04,Đã hoàn thành
CNSHTP_HP0051,3,2,93.9,2025-12-14,2025-12-04,Đang cập nhật
CNSHTP_HP0052,3,3,99.7,2025-12-14,2025-12-04,Đã hoàn thành
CNSHTP_HP0053,3,3,98.0,2025-12-14,2025-12-09,Đã hoàn thành
CNSHTP_HP0054,3,3,97.8,2025-12-14,2025-12-05,Đã hoàn thành
CNSHTP_HP0055,3,3,98.9,2025-12-14,2025-12-12,Đã hoàn thành
CNSHTP_HP0056,3,3,100.0,2025-12-14,2025-12-14,Đã hoàn thành
CNSHTP_HP0057,3,3,97.3,2025-12-14,2025-12-10,Đã hoàn thành
CNSHTP_HP0058,3,3,95.3,2025-12-14,2025-12-16,Đã hoàn thành
CNSHTP_HP0059,3,3,96.9,2025-12-14,2025-12-06,Đã hoàn thành
CNSHTP_HP0060,3,2,94.6,2025-12-14,2025-12-07,Đang cập nhật
CNSHTP_HP0061,3,2,93.3,2025-12-14,2025-12-14,Đang cập nhật
CNSHTP_HP0062,3,2,91.9,2025-12-14,2025-12-19,Đang cập nhật
CNSHTP_HP0063,3,3,98.3,2025-12-14,2025-12-12,Đã hoàn thành
CNSHTP_HP0064,3,3,95.8,2025-12-14,2025-12-06,Đã hoàn thành
CNSHTP_HP0065,3,3,98.2,2025-12-14,2025-12-16,Đã hoàn thành
CNSHTP_HP0066,3,3,97.8,2025-12-14,2025-12-04,Đã hoàn thành
CNSHTP_HP0067,3,3,99.9,2025-12-14,2025-12-07,Đã hoàn thành
CNSHTP_HP0068,3,3,99.7,2025-12-14,2025-12-05,Đã hoàn thành
CNSHTP_HP0069,3,3,97.3,2025-12-14,2025-12-15,Đã hoàn thành
CNSHTP_HP0070,3,3,98.8,2025-12-14,2025-12-06,Đã hoàn thành
CNSHTP_HP0071,3,3,95.1,2025-12-14,2025-12-14,Đã hoàn thành
CNSHTP_HP0072,3,3,98.4,2025-12-14,2025-12-19,Đã hoàn thành
CNSHTP_HP0073,3,3,96.8,2025-12-14,2025-12-15,Đã hoàn thành
CNSHTP_HP0074,3,3,98.6,2025-12-14,2025-12-07,Đã hoàn thành
CNSHTP_HP0075,3,3,99.5,2025-12-14,2025-12-19,Đã hoàn thành
CNSHTP_HP0076,3,3,98.7,2025-12-14,2025-12-19,Đã hoàn thành
CNSHTP_HP0077,3,3,99.0,2025-12-14,2025-12-14,Đã hoàn thành
CNSHTP_HP0078,3,3,98.9,2025-12-14,2025-12-10,Đã hoàn thành
CNSHTP_HP0079,3,3,96.3,2025-12-14,2025-12-10,Đã hoàn thành
CNSHTP_HP0080,3,3,96.8,2025-12-14,2025-12-19,Đã hoàn thành
CNSHTP_HP0081,3,3,99.2,2025-12-14,2025-12-11,Đã hoàn thành
CNSHTP_HP0082,3,3,98.4,2025-12-14,2025-12-09,Đã hoàn thành
CNSHTP_HP0083,3,3,98.1,2025-12-14,2025-12-10,Đã hoàn thành
CNSHTP_HP0084,3,3,97.0,2025-12-14,2025-12-13,Đã hoàn thành
CNSHTP_HP0085,3,3,98.0,2025-12-14,2025-12-05,Đã hoàn thành
CNSHTP_HP0086,3,3,97.6,2025-12-14,2025-12-14,Đã hoàn thành
CNSHTP_HP0087,3,3,98.5,2025-12-14,2025-12-09,Đã hoàn thành
CNSHTP_HP0088,3,2,94.9,2025-12-14,2025-12-13,Đang cập nhật
CNSHTP_HP0089,3,3,97.6,2025-12-14,2025-12-18,Đã hoàn thành
CNSHTP_HP0090,3,3,98.8,2025-12-14,2025-12-13,Đã hoàn thành
CNSHTP_HP0091,3,3,97.4,2025-12-14,2025-12-04,Đã hoàn thành
CNSHTP_HP0092,3,3,96.0,2025-12-14,2025-12-14,Đã hoàn thành
CNSHTP_HP0093,3,2,92.5,2025-12-14,2025-12-05,Đang cập nhật
CNSHTP_HP0094,3,3,96.0,2025-12-14,2025-12-15,Đã hoàn thành
CNSHTP_HP0095,3,3,99.7,2025-12-14,2025-12-05,Đã hoàn thành
CNSHTP_HP0096,3,3,96.0,2025-12-14,2025-12-14,Đã hoàn thành
CNSHTP_HP0097,3,3,95.8,2025-12-14,2025-12-19,Đã hoàn thành
CNSHTP_HP0098,3,3,96.2,2025-12-14,2025-12-08,Đã hoàn thành
CNSHTP_HP0099,3,3,99.9,2025-12-14,2025-12-16,Đã hoàn thành
CNSHTP_HP0100,3,3,96.0,2025-12-14,2025-12-07,Đã hoàn thành
CNSHTP_HP0101,3,3,99.4,2025-12-14,2025-12-11,Đã hoàn thành
CNSHTP_HP0102,3,3,99.6,2025-12-14,2025-12-15,Đã hoàn thành
CNSHTP_HP0103,3,3,99.9,2025-12-14,2025-12-11,Đã hoàn thành
CNSHTP_HP0104,3,3,98.2,2025-12-14,2025-12-14,Đã hoàn thành
CNSHTP_HP0105,3,2,93.8,2025-12-14,2025-12-18,Đang cập nhật
CNSHTP_HP0106,3,3,99.4,2025-12-14,2025-12-15,Đã hoàn thành
CNSHTP_HP0107,3,3,100.0,2025-12-14,2025-12-10,Đã hoàn thành
CNSHTP_HP0108,3,3,96.4,2025-12-14,2025-12-15,Đã hoàn thành
CNSHTP_HP0109,3,2,93.8,2025-12-14,2025-12-19,Đang cập nhật
CNSHTP_HP0110,3,3,99.7,2025-12-14,2025-12-13,Đã hoàn thành
CNSHTP_HP0111,3,3,99.3,2025-12-14,2025-12-08,Đã hoàn thành
CNSHTP_HP0112,3,3,99.3,2025-12-14,2025-12-08,Đã hoàn thành
CNSHTP_HP0113,3,3,99.6,2025-12-14,2025-12-10,Đã hoàn thành
CNSHTP_HP0114,3,2,92.2,2025-12-14,2025-12-17,Đang cập nhật
CNSHTP_HP0115,3,3,99.7,2025-12-14,2025-12-10,Đã hoàn thành
CNSHTP_HP0116,3,3,95.6,2025-12-14,2025-12-09,Đã hoàn thành
CNSHTP_HP0117,3,3,98.2,2025-12-14,2025-12-06,Đã hoàn thành
CNSHTP_HP0118,3,3,97.6,2025-12-14,2025-12-08,Đã hoàn thành
CNSHTP_HP0119,3,3,98.0,2025-12-14,2025-12-04,Đã hoàn thành
CNSHTP_HP0120,3,3,98.7,2025-12-14,2025-12-19,Đã hoàn thành
CNSHTP_HP0121,3,3,98.6,2025-12-14,2025-12-09,Đã hoàn thành
CNSHTP_HP0122,3,3,98.8,2025-12-14,2025-12-17,Đã hoàn thành
CNSHTP_HP0123,3,3,97.4,2025-12-14,2025-12-15,Đã hoàn thành
CNSHTP_HP0124,3,3,95.4,2025-12-14,2025-12-12,Đã hoàn thành
CNSHTP_HP0125,3,3,98.3,2025-12-14,2025-12-16,Đã hoàn thành
CNSHTP_HP0126,3,3,97.6,2025-12-14,2025-12-08,Đã hoàn thành
CNSHTP_HP0127,3,3,97.7,2025-12-14,2025-12-12,Đã hoàn thành
CNSHTP_HP0128,3,3,99.7,2025-12-14,2025-12-16,Đã hoàn thành
CNSHTP_HP0129,3,3,96.5,2025-12-14,2025-12-08,Đã hoàn thành
CNSHTP_HP0130,3,3,99.5,2025-12-14,2025-12-06,Đã hoàn thành
CNSHTP_HP0131,3,3,97.5,2025-12-14,2025-12-11,Đã hoàn thành
CNSHTP_HP0132,3,3,97.7,2025-12-14,2025-12-13,Đã hoàn thành
CNSHTP_HP0133,3,3,99.2,2025-12-14,2025-12-14,Đã hoàn thành
CNSHTP_HP0134,3,3,97.6,2025-12-14,2025-12-15,Đã hoàn thành
CNSHTP_HP0135,3,3,95.2,2025-12-14,2025-12-10,Đã hoàn thành
CNSHTP_HP0136,3,2,93.8,2025-12-14,2025-12-14,Đang cập nhật
CNSHTP_HP0137,3,3,99.3,2025-12-14,2025-12-09,Đã hoàn thành
CNSHTP_HP0138,3,3,98.6,2025-12-14,2025-12-15,Đã hoàn thành
CNSHTP_HP0139,3,3,99.2,2025-12-14,2025-12-10,Đã hoàn thành
CNSHTP_HP0140,3,3,99.0,2025-12-14,2025-12-13,Đã hoàn thành
CNSHTP_HP0141,3,3,99.1,2025-12-14,2025-12-10,Đã hoàn thành
CNSHTP_HP0142,3,3,99.7,2025-12-14,2025-12-11,Đã hoàn thành
CNSHTP_HP0143,3,3,99.9,2025-12-14,2025-12-16,Đã hoàn thành
CNSHTP_HP0144,3,3,98.5,2025-12-14,2025-12-17,Đã hoàn thành
CNSHTP_HP0145,3,3,99.0,2025-12-14,2025-12-08,Đã hoàn thành
CNSHTP_HP0146,3,3,95.5,2025-12-14,2025-12-08,Đã hoàn thành
CNSHTP_HP0147,3,3,97.5,2025-12-14,2025-12-09,Đã hoàn thành
CNSHTP_HP0148,3,3,97.9,2025-12-14,2025-12-18,Đã hoàn thành
CNSHTP_HP0149,3,2,90.8,2025-12-14,2025-12-11,Đang cập nhật
CNSHTP_HP0150,3,3,99.5,2025-12-14,2025-12-14,Đã hoàn thành
CNSHTP_HP0151,3,3,99.2,2025-12-14,2025-12-14,Đã hoàn thành
CNSHTP_HP0152,3,2,94.1,2025-12-14,2025-12-05,Đang cập nhật
CNSHTP_HP0153,3,3,98.6,2025-12-14,2025-12-08,Đã hoàn thành
CNSHTP_HP0154,3,3,96.0,2025-12-14,2025-12-09,Đã hoàn thành
CNSHTP_HP0155,3,3,96.9,2025-12-14,2025-12-04,Đã hoàn thành
CNSHTP_HP0156,3,2,93.6,2025-12-14,2025-12-19,Đang cập nhật
CNSHTP_HP0157,3,3,97.5,2025-12-14,2025-12-14,Đã hoàn thành
CNSHTP_HP0158,3,2,94.1,2025-12-14,2025-12-13,Đang cập nhật
CNSHTP_HP0159,3,3,98.5,2025-12-14,2025-12-13,Đã hoàn thành
CNSHTP_HP0160,3,3,97.1,2025-12-14,2025-12-12,Đã hoàn thành
CNSHTP_HP0161,3,3,98.7,2025-12-14,2025-12-06,Đã hoàn thành
CNSHTP_HP0162,3,3,95.9,2025-12-14,2025-12-11,Đã hoàn thành
CNSHTP_HP0163,3,3,100.0,2025-12-14,2025-12-13,Đã hoàn thành
CNSHTP_HP0164,3,3,97.3,2025-12-14,2025-12-17,Đã hoàn thành
CNSHTP_HP0165,3,3,98.5,2025-12-14,2025-12-19,Đã hoàn thành
CNSHTP_HP0166,3,3,97.9,2025-12-14,2025-12-11,Đã hoàn thành
CNSHTP_HP0167,3,3,98.6,2025-12-14,2025-12-16,Đã hoàn thành
CNSHTP_HP0168,3,2,94.7,2025-12-14,2025-12-07,Đang cập nhật
CNSHTP_HP0169,3,3,98.6,2025-12-14,2025-12-16,Đã hoàn thành
CNSHTP_HP0170,3,3,97.6,2025-12-14,2025-12-06,Đã hoàn thành
CNSHTP_HP0171,3,3,96.1,2025-12-14,2025-12-08,Đã hoàn thành
CNSHTP_HP0172,3,3,96.9,2025-12-14,2025-12-10,Đã hoàn thành
CNSHTP_HP0173,3,3,98.8,2025-12-14,2025-12-13,Đã hoàn thành
CNSHTP_HP0174,3,3,98.9,2025-12-14,2025-12-07,Đã hoàn thành
CNSHTP_HP0175,3,3,99.3,2025-12-14,2025-12-14,Đã hoàn thành
CNSHTP_HP0176,3,3,96.2,2025-12-14,2025-12-09,Đã hoàn thành
CNSHTP_HP0177,3,3,97.7,2025-12-14,2025-12-19,Đã hoàn thành
CNSHTP_HP0178,3,3,96.4,2025-12-14,2025-12-06,Đã hoàn thành
CNSHTP_HP0179,3,3,99.2,2025-12-14,2025-12-10,Đã hoàn thành
CNSHTP_HP0180,3,3,95.0,2025-12-14,2025-12-17,Đã hoàn thành
CNSHTP_HP0181,3,3,97.6,2025-12-14,2025-12-11,Đã hoàn thành
CNSHTP_HP0182,3,3,96.9,2025-12-14,2025-12-13,Đã hoàn thành
CNSHTP_HP0183,3,3,97.0,2025-12-14,2025-12-05,Đã hoàn thành
CNSHTP_HP0184,3,2,93.8,2025-12-14,2025-12-13,Đang cập nhật
